{
   "a": [
      {
         "0": [
            0.7099398970603943,
            0.6945294737815857,
            0
         ],
         "1": [
            0.6787194609642029,
            0.5713306069374084,
            -0.0038191049825400114
         ],
         "2": [
            0.6375077366828918,
            0.5175502896308899,
            0.008348295465111732
         ],
         "3": [
            0.5943896770477295,
            0.5311688780784607,
            0.018411027267575264
         ],
         "4": [
            0.5865825414657593,
            0.5838622450828552,
            0.02998989075422287
         ],
         "5": [
            0.6373856067657471,
            0.5337337851524353,
            0.0498722642660141
         ],
         "6": [
            0.5964723825454712,
            0.5386454463005066,
            0.05028168484568596
         ],
         "7": [
            0.6070570349693298,
            0.5597275495529175,
            0.04649456590414047
         ],
         "8": [
            0.6233678460121155,
            0.5658633708953857,
            0.045752495527267456
         ],
         "9": [
            0.6336538195610046,
            0.5981735587120056,
            0.051791414618492126
         ],
         "10": [
            0.5975202322006226,
            0.5957859754562378,
            0.04485689103603363
         ],
         "11": [
            0.6201093196868896,
            0.6105886697769165,
            0.02668895572423935
         ],
         "12": [
            0.6483814120292664,
            0.6191052198410034,
            0.018462205305695534
         ],
         "13": [
            0.6328123807907104,
            0.6529968976974487,
            0.04897666350007057
         ],
         "14": [
            0.6023542284965515,
            0.6541202068328857,
            0.03654058277606964
         ],
         "15": [
            0.6303746700286865,
            0.6603062152862549,
            0.014649498276412487
         ],
         "16": [
            0.6521674990653992,
            0.6520808339118958,
            0.005683877971023321
         ],
         "17": [
            0.6316065788269043,
            0.6935359239578247,
            0.046238675713539124
         ],
         "18": [
            0.6071168780326843,
            0.6974679827690125,
            0.03932974115014076
         ],
         "19": [
            0.6278955936431885,
            0.6960738301277161,
            0.02704719640314579
         ],
         "20": [
            0.6437763571739197,
            0.6878383755683899,
            0.021353723481297493
         ]
      }
   ]
}