{
   "a": [
      {
         "0": [
            0.5415040254592896,
            0.45729607343673706,
            0
         ],
         "1": [
            0.6232693791389465,
            0.5392736196517944,
            0.02572813630104065
         ],
         "2": [
            0.6477514505386353,
            0.6399957537651062,
            0.03936135768890381
         ],
         "3": [
            0.6372572183609009,
            0.7271816730499268,
            0.056917253881692886
         ],
         "4": [
            0.6107128858566284,
            0.751947283744812,
            0.07768436521291733
         ],
         "5": [
            0.6168018579483032,
            0.7563127875328064,
            -0.019709521904587746
         ],
         "6": [
            0.627375066280365,
            0.8305981159210205,
            0.011037332005798817
         ],
         "7": [
            0.6286256313323975,
            0.7786508202552795,
            0.046302955597639084
         ],
         "8": [
            0.6201181411743164,
            0.7335017919540405,
            0.06930059939622879
         ],
         "9": [
            0.5638870000839233,
            0.764815628528595,
            -0.022324638441205025
         ],
         "10": [
            0.5820302963256836,
            0.8388644456863403,
            0.021440114825963974
         ],
         "11": [
            0.5876627564430237,
            0.785754382610321,
            0.06141678988933563
         ],
         "12": [
            0.5832445621490479,
            0.740406334400177,
            0.08122245967388153
         ],
         "13": [
            0.5195926427841187,
            0.7544165849685669,
            -0.017536668106913567
         ],
         "14": [
            0.5405349135398865,
            0.8173109292984009,
            0.02774715982377529
         ],
         "15": [
            0.5479937791824341,
            0.7741279602050781,
            0.05487900227308273
         ],
         "16": [
            0.5446944832801819,
            0.7302552461624146,
            0.061724454164505005
         ],
         "17": [
            0.4822486639022827,
            0.7304323315620422,
            -0.009960519149899483
         ],
         "18": [
            0.5015231370925903,
            0.7942123413085938,
            0.02090170793235302
         ],
         "19": [
            0.5106245875358582,
            0.763220489025116,
            0.03868835046887398
         ],
         "20": [
            0.5092991590499878,
            0.7265774011611938,
            0.046764444559812546
         ]
      }
   ]
}