{
   "a": [
      {
         "0": [
            0.4411085247993469,
            0.622742235660553,
            0
         ],
         "1": [
            0.4540371894836426,
            0.5171763896942139,
            0.04042314365506172
         ],
         "2": [
            0.4298764169216156,
            0.4464324116706848,
            0.05962183326482773
         ],
         "3": [
            0.40910857915878296,
            0.39731574058532715,
            0.06882983446121216
         ],
         "4": [
            0.3971101939678192,
            0.38353341817855835,
            0.08061607927083969
         ],
         "5": [
            0.345737099647522,
            0.517194390296936,
            0.06956648081541061
         ],
         "6": [
            0.36159971356391907,
            0.41863587498664856,
            0.07610415667295456
         ],
         "7": [
            0.3912007808685303,
            0.43867892026901245,
            0.07891260832548141
         ],
         "8": [
            0.39728397130966187,
            0.4795079529285431,
            0.07983340322971344
         ],
         "9": [
            0.331868439912796,
            0.5277019739151001,
            0.04594794288277626
         ],
         "10": [
            0.35720309615135193,
            0.4166308641433716,
            0.04903262481093407
         ],
         "11": [
            0.3928189277648926,
            0.44905030727386475,
            0.05142670497298241
         ],
         "12": [
            0.38339918851852417,
            0.49177491664886475,
            0.053498510271310806
         ],
         "13": [
            0.3270886242389679,
            0.5315519571304321,
            0.021742403507232666
         ],
         "14": [
            0.3513724207878113,
            0.4200982451438904,
            0.024769533425569534
         ],
         "15": [
            0.3891929090023041,
            0.4492381811141968,
            0.0327574796974659
         ],
         "16": [
            0.38344472646713257,
            0.49758368730545044,
            0.036716923117637634
         ],
         "17": [
            0.32451075315475464,
            0.5324155688285828,
            -0.000449609593488276
         ],
         "18": [
            0.352518767118454,
            0.4352074861526489,
            0.006094548385590315
         ],
         "19": [
            0.3836745619773865,
            0.4581701457500458,
            0.013478217646479607
         ],
         "20": [
            0.38003072142601013,
            0.506987452507019,
            0.01797862909734249
         ]
      }
   ]
}