{
   "a": [
      {
         "0": [
            0.5448670983314514,
            0.8206667900085449,
            0
         ],
         "1": [
            0.5866729021072388,
            0.7383416891098022,
            -0.03385745361447334
         ],
         "2": [
            0.6072734594345093,
            0.6297144293785095,
            -0.04899115860462189
         ],
         "3": [
            0.617455780506134,
            0.5435793995857239,
            -0.06243893504142761
         ],
         "4": [
            0.6385194063186646,
            0.4766910672187805,
            -0.07648173719644547
         ],
         "5": [
            0.5245980024337769,
            0.5358675122261047,
            -0.022254282608628273
         ],
         "6": [
            0.5076016187667847,
            0.4310833215713501,
            -0.042485449463129044
         ],
         "7": [
            0.4918389618396759,
            0.3710227310657501,
            -0.05787700042128563
         ],
         "8": [
            0.4755229651927948,
            0.32112303376197815,
            -0.06834959983825684
         ],
         "9": [
            0.4859448969364166,
            0.5551649332046509,
            -0.022313784807920456
         ],
         "10": [
            0.4523364007472992,
            0.44949883222579956,
            -0.03847888112068176
         ],
         "11": [
            0.4278486371040344,
            0.38734644651412964,
            -0.052839044481515884
         ],
         "12": [
            0.40497666597366333,
            0.3353423476219177,
            -0.06438270956277847
         ],
         "13": [
            0.4589177072048187,
            0.5946569442749023,
            -0.028283962979912758
         ],
         "14": [
            0.4214867949485779,
            0.5029270052909851,
            -0.049744863063097
         ],
         "15": [
            0.3978252410888672,
            0.4497636556625366,
            -0.06688185781240463
         ],
         "16": [
            0.3767446279525757,
            0.4023517966270447,
            -0.07775114476680756
         ],
         "17": [
            0.43953970074653625,
            0.6490499377250671,
            -0.03830037638545036
         ],
         "18": [
            0.40224823355674744,
            0.5927520394325256,
            -0.05930507928133011
         ],
         "19": [
            0.3765988051891327,
            0.5573629140853882,
            -0.07239583879709244
         ],
         "20": [
            0.35313111543655396,
            0.520744264125824,
            -0.08056763559579849
         ]
      }
   ]
}