{
   "a": [
      {
         "0": [
            0.44454264640808105,
            0.5776680111885071,
            0
         ],
         "1": [
            0.47101789712905884,
            0.6864901781082153,
            -0.043724991381168365
         ],
         "2": [
            0.47894176840782166,
            0.734376072883606,
            -0.08712800592184067
         ],
         "3": [
            0.4886413812637329,
            0.6781957745552063,
            -0.12209512293338776
         ],
         "4": [
            0.49199381470680237,
            0.568816602230072,
            -0.15145976841449738
         ],
         "5": [
            0.3902215361595154,
            0.7436782121658325,
            -0.11456076055765152
         ],
         "6": [
            0.417147159576416,
            0.679092526435852,
            -0.15828575193881989
         ],
         "7": [
            0.46811380982398987,
            0.6714136600494385,
            -0.1688467264175415
         ],
         "8": [
            0.4601690471172333,
            0.6856459379196167,
            -0.17386962473392487
         ],
         "9": [
            0.3655833601951599,
            0.6356785297393799,
            -0.11385240405797958
         ],
         "10": [
            0.4153851866722107,
            0.579862654209137,
            -0.16743001341819763
         ],
         "11": [
            0.4725177586078644,
            0.5966118574142456,
            -0.15545232594013214
         ],
         "12": [
            0.46060314774513245,
            0.6261870861053467,
            -0.14360344409942627
         ],
         "13": [
            0.3581441640853882,
            0.543135941028595,
            -0.11159853637218475
         ],
         "14": [
            0.41593894362449646,
            0.5025346875190735,
            -0.1421867161989212
         ],
         "15": [
            0.4657638669013977,
            0.5321963429450989,
            -0.11108337342739105
         ],
         "16": [
            0.45296016335487366,
            0.5691311955451965,
            -0.0893818736076355
         ],
         "17": [
            0.36270594596862793,
            0.4698759913444519,
            -0.11372362077236176
         ],
         "18": [
            0.4307771921157837,
            0.4623643457889557,
            -0.12035641819238663
         ],
         "19": [
            0.4643304944038391,
            0.48862046003341675,
            -0.10174593329429626
         ],
         "20": [
            0.45093008875846863,
            0.520205557346344,
            -0.08867350965738297
         ]
      }
   ]
}