{
   "a": [
      {
         "0": [
            0.5878726840019226,
            0.817657470703125,
            0
         ],
         "1": [
            0.5352253317832947,
            0.9040036201477051,
            -0.14030256867408752
         ],
         "2": [
            0.4420315623283386,
            0.8337363600730896,
            -0.2076946198940277
         ],
         "3": [
            0.38802242279052734,
            0.7373842597007751,
            -0.24632380902767181
         ],
         "4": [
            0.3617004156112671,
            0.650879442691803,
            -0.27374887466430664
         ],
         "5": [
            0.4249872863292694,
            0.6563546657562256,
            -0.18261073529720306
         ],
         "6": [
            0.3954014778137207,
            0.6098663806915283,
            -0.25953465700149536
         ],
         "7": [
            0.41462191939353943,
            0.6952961683273315,
            -0.2807723581790924
         ],
         "8": [
            0.43381640315055847,
            0.7240132689476013,
            -0.2854546904563904
         ],
         "9": [
            0.4598582088947296,
            0.5890387892723083,
            -0.12951649725437164
         ],
         "10": [
            0.4208735227584839,
            0.5535230040550232,
            -0.22090546786785126
         ],
         "11": [
            0.4656819999217987,
            0.6985973119735718,
            -0.22274495661258698
         ],
         "12": [
            0.4890991151332855,
            0.6982902884483337,
            -0.20602236688137054
         ],
         "13": [
            0.4945274591445923,
            0.5365263819694519,
            -0.08787722885608673
         ],
         "14": [
            0.47702616453170776,
            0.5208243131637573,
            -0.17190827429294586
         ],
         "15": [
            0.5117186903953552,
            0.6740500926971436,
            -0.16363058984279633
         ],
         "16": [
            0.5233056545257568,
            0.6919034719467163,
            -0.1396336555480957
         ],
         "17": [
            0.531278669834137,
            0.49566999077796936,
            -0.05581165850162506
         ],
         "18": [
            0.5193188190460205,
            0.5225626230239868,
            -0.10894769430160522
         ],
         "19": [
            0.5393006205558777,
            0.6473799347877502,
            -0.11304473131895065
         ],
         "20": [
            0.538512647151947,
            0.661609947681427,
            -0.1025094985961914
         ]
      }
   ]
}