{
   "a": [
      {
         "0": [
            0.7105281949043274,
            0.8164028525352478,
            0
         ],
         "1": [
            0.6550061702728271,
            0.7828931212425232,
            -0.006893698126077652
         ],
         "2": [
            0.6133145689964294,
            0.712600827217102,
            -0.012939219363033772
         ],
         "3": [
            0.5882749557495117,
            0.6496484279632568,
            -0.022305263206362724
         ],
         "4": [
            0.564704179763794,
            0.6100037097930908,
            -0.03246534988284111
         ],
         "5": [
            0.640884518623352,
            0.586469829082489,
            -0.0008487414452247322
         ],
         "6": [
            0.6149648427963257,
            0.5005805492401123,
            -0.014689711853861809
         ],
         "7": [
            0.5997586846351624,
            0.4464516341686249,
            -0.025030259042978287
         ],
         "8": [
            0.5886090397834778,
            0.3973875641822815,
            -0.03291650861501694
         ],
         "9": [
            0.675722599029541,
            0.5650328993797302,
            -0.013255029916763306
         ],
         "10": [
            0.6623147130012512,
            0.45738011598587036,
            -0.02494002878665924
         ],
         "11": [
            0.6540750861167908,
            0.3902459740638733,
            -0.036182891577482224
         ],
         "12": [
            0.6479605436325073,
            0.3330249786376953,
            -0.046234697103500366
         ],
         "13": [
            0.7101597189903259,
            0.5709286332130432,
            -0.02871171198785305
         ],
         "14": [
            0.7132546305656433,
            0.46537983417510986,
            -0.045873768627643585
         ],
         "15": [
            0.7129080295562744,
            0.4026411771774292,
            -0.0594446137547493
         ],
         "16": [
            0.7113915085792542,
            0.3517787456512451,
            -0.06886480003595352
         ],
         "17": [
            0.745590329170227,
            0.6005586385726929,
            -0.04569330811500549
         ],
         "18": [
            0.7709864974021912,
            0.5294996500015259,
            -0.06222374737262726
         ],
         "19": [
            0.7907063961029053,
            0.4805157780647278,
            -0.07175221294164658
         ],
         "20": [
            0.8064298629760742,
            0.43694007396698,
            -0.07810451835393906
         ]
      }
   ]
}