{
   "a": [
      {
         "0": [
            0.6862205266952515,
            0.5142552852630615,
            0
         ],
         "1": [
            0.7242186069488525,
            0.51979660987854,
            -0.030900591984391212
         ],
         "2": [
            0.7624859809875488,
            0.4337494671344757,
            -0.04072612524032593
         ],
         "3": [
            0.7740920782089233,
            0.3527730405330658,
            -0.047235794365406036
         ],
         "4": [
            0.7690067291259766,
            0.3018283545970917,
            -0.052280787378549576
         ],
         "5": [
            0.7379007339477539,
            0.3691089451313019,
            -0.024655375629663467
         ],
         "6": [
            0.7431535720825195,
            0.32913655042648315,
            -0.044062331318855286
         ],
         "7": [
            0.7379339933395386,
            0.3884529173374176,
            -0.04772401973605156
         ],
         "8": [
            0.7323392629623413,
            0.43690451979637146,
            -0.04670688509941101
         ],
         "9": [
            0.7058988213539124,
            0.36849096417427063,
            -0.0169353149831295
         ],
         "10": [
            0.7153767943382263,
            0.3246672749519348,
            -0.041743259876966476
         ],
         "11": [
            0.7114699482917786,
            0.40778428316116333,
            -0.04119400680065155
         ],
         "12": [
            0.708674430847168,
            0.45734140276908875,
            -0.0337689146399498
         ],
         "13": [
            0.6772848963737488,
            0.37754499912261963,
            -0.014219560660421848
         ],
         "14": [
            0.6878154873847961,
            0.34323105216026306,
            -0.03987172991037369
         ],
         "15": [
            0.6882494688034058,
            0.4235127568244934,
            -0.03448090702295303
         ],
         "16": [
            0.6883662343025208,
            0.46942782402038574,
            -0.023699268698692322
         ],
         "17": [
            0.6487545371055603,
            0.3891602158546448,
            -0.014656930230557919
         ],
         "18": [
            0.6620358824729919,
            0.3620510697364807,
            -0.03301623463630676
         ],
         "19": [
            0.6668792963027954,
            0.41948217153549194,
            -0.03203978389501572
         ],
         "20": [
            0.6691139936447144,
            0.45320993661880493,
            -0.024858802556991577
         ]
      }
   ]
}