{
   "a": [
      {
         "0": [
            0.5693443417549133,
            0.4758540093898773,
            0
         ],
         "1": [
            0.6138694882392883,
            0.49127572774887085,
            -0.048513710498809814
         ],
         "2": [
            0.6579334735870361,
            0.3837208151817322,
            -0.06877646595239639
         ],
         "3": [
            0.6713027358055115,
            0.28293782472610474,
            -0.08275581896305084
         ],
         "4": [
            0.6667463779449463,
            0.21618586778640747,
            -0.09546874463558197
         ],
         "5": [
            0.6330236792564392,
            0.3016693592071533,
            -0.05581999197602272
         ],
         "6": [
            0.6358956694602966,
            0.2698567807674408,
            -0.08806504309177399
         ],
         "7": [
            0.6283379793167114,
            0.3478337228298187,
            -0.0971735492348671
         ],
         "8": [
            0.6206324100494385,
            0.4132916033267975,
            -0.09873222559690475
         ],
         "9": [
            0.5915225148200989,
            0.2924520969390869,
            -0.04364285618066788
         ],
         "10": [
            0.5983096957206726,
            0.2598039507865906,
            -0.0843144953250885
         ],
         "11": [
            0.5942396521568298,
            0.3744671940803528,
            -0.08718829602003098
         ],
         "12": [
            0.5919849276542664,
            0.4526822865009308,
            -0.08017425984144211
         ],
         "13": [
            0.5549511313438416,
            0.30189236998558044,
            -0.037335097789764404
         ],
         "14": [
            0.5607446432113647,
            0.28545382618904114,
            -0.07783625274896622
         ],
         "15": [
            0.5623480677604675,
            0.3936915695667267,
            -0.07462149113416672
         ],
         "16": [
            0.5681630373001099,
            0.46125757694244385,
            -0.06302885711193085
         ],
         "17": [
            0.520992636680603,
            0.3169618844985962,
            -0.035313691943883896
         ],
         "18": [
            0.5269312262535095,
            0.3113415241241455,
            -0.06531815975904465
         ],
         "19": [
            0.5306926369667053,
            0.3943048417568207,
            -0.06721778959035873
         ],
         "20": [
            0.5380280017852783,
            0.4431625008583069,
            -0.060057632625103
         ]
      }
   ]
}