{
   "d": [
      {
         "0": [
            0.6146106123924255,
            0.7518235445022583,
            0
         ],
         "1": [
            0.6471434831619263,
            0.7311158180236816,
            -0.06082901358604431
         ],
         "2": [
            0.6685202717781067,
            0.6808867454528809,
            -0.09251409769058228
         ],
         "3": [
            0.642116904258728,
            0.6391421556472778,
            -0.11673452705144882
         ],
         "4": [
            0.6078036427497864,
            0.5969229340553284,
            -0.1387314349412918
         ],
         "5": [
            0.6767569780349731,
            0.4991488456726074,
            -0.060709889978170395
         ],
         "6": [
            0.6841443777084351,
            0.3603326678276062,
            -0.0933082103729248
         ],
         "7": [
            0.6829100847244263,
            0.2725510001182556,
            -0.11673452705144882
         ],
         "8": [
            0.6796156167984009,
            0.19187504053115845,
            -0.13221971690654755
         ],
         "9": [
            0.632529616355896,
            0.49591341614723206,
            -0.045145291835069656
         ],
         "10": [
            0.6176589131355286,
            0.42628517746925354,
            -0.08584355562925339
         ],
         "11": [
            0.60635906457901,
            0.5276861786842346,
            -0.0902111753821373
         ],
         "12": [
            0.6087871789932251,
            0.5852885246276855,
            -0.082270048558712
         ],
         "13": [
            0.5963637232780457,
            0.49980419874191284,
            -0.036668140441179276
         ],
         "14": [
            0.5806757807731628,
            0.43432027101516724,
            -0.06845249235630035
         ],
         "15": [
            0.5787027478218079,
            0.5221529603004456,
            -0.06106724217534065
         ],
         "16": [
            0.588890552520752,
            0.5683314204216003,
            -0.04994966834783554
         ],
         "17": [
            0.5679163336753845,
            0.5242018699645996,
            -0.0355762355029583
         ],
         "18": [
            0.5539848208427429,
            0.4661998748779297,
            -0.05344376713037491
         ],
         "19": [
            0.5569769144058228,
            0.5248463153839111,
            -0.050227608531713486
         ],
         "20": [
            0.5675934553146362,
            0.5651929378509521,
            -0.04367617890238762
         ]
      }
   ]
}