{
   "e": [
      {
         "0": [
            0.6811630129814148,
            0.6087331771850586,
            0
         ],
         "1": [
            0.7186004519462585,
            0.5652369856834412,
            -0.0359802208840847
         ],
         "2": [
            0.7398730516433716,
            0.49424463510513306,
            -0.0539703294634819
         ],
         "3": [
            0.7185282111167908,
            0.45768681168556213,
            -0.07074186205863953
         ],
         "4": [
            0.6792327761650085,
            0.47463828325271606,
            -0.08369731158018112
         ],
         "5": [
            0.7023321986198425,
            0.37659797072410583,
            -0.019433166831731796
         ],
         "6": [
            0.6857510805130005,
            0.28895753622055054,
            -0.041560038924217224
         ],
         "7": [
            0.6882819533348083,
            0.33629655838012695,
            -0.05162937194108963
         ],
         "8": [
            0.6939502954483032,
            0.3893991708755493,
            -0.05502857267856598
         ],
         "9": [
            0.6700212955474854,
            0.3859914243221283,
            -0.01510399580001831
         ],
         "10": [
            0.6532648801803589,
            0.28446435928344727,
            -0.037455346435308456
         ],
         "11": [
            0.6582533717155457,
            0.34274783730506897,
            -0.04287482798099518
         ],
         "12": [
            0.6679838299751282,
            0.3828759789466858,
            -0.040694206953048706
         ],
         "13": [
            0.6450127363204956,
            0.40316444635391235,
            -0.017316684126853943
         ],
         "14": [
            0.6259641647338867,
            0.3117142617702484,
            -0.03309410810470581
         ],
         "15": [
            0.633632242679596,
            0.3553141951560974,
            -0.029999548569321632
         ],
         "16": [
            0.6446951031684875,
            0.39532655477523804,
            -0.02430749125778675
         ],
         "17": [
            0.6213769912719727,
            0.4366808831691742,
            -0.024676276370882988
         ],
         "18": [
            0.6059086322784424,
            0.3633943498134613,
            -0.029245955869555473
         ],
         "19": [
            0.6142886877059937,
            0.3842504322528839,
            -0.025590211153030396
         ],
         "20": [
            0.6269462704658508,
            0.4149782359600067,
            -0.02111673355102539
         ]
      }
   ]
}