{
   "i": [
      {
         "0": [
            0.7242233157157898,
            0.7553645968437195,
            0
         ],
         "1": [
            0.7754740715026855,
            0.7380123138427734,
            -0.02760957181453705
         ],
         "2": [
            0.8240343332290649,
            0.6779609322547913,
            -0.045231107622385025
         ],
         "3": [
            0.8399133086204529,
            0.6097580194473267,
            -0.0635875016450882
         ],
         "4": [
            0.8204579949378967,
            0.5464189648628235,
            -0.07720482349395752
         ],
         "5": [
            0.8062562346458435,
            0.5433494448661804,
            -0.009583115577697754
         ],
         "6": [
            0.8087311387062073,
            0.49472182989120483,
            -0.03524307161569595
         ],
         "7": [
            0.7984417080879211,
            0.5579701662063599,
            -0.04526109993457794
         ],
         "8": [
            0.7921868562698364,
            0.6234464645385742,
            -0.048410478979349136
         ],
         "9": [
            0.7675418853759766,
            0.527992308139801,
            -0.011967646889388561
         ],
         "10": [
            0.7763633728027344,
            0.4763038158416748,
            -0.05015014484524727
         ],
         "11": [
            0.7695302963256836,
            0.574958324432373,
            -0.061127979308366776
         ],
         "12": [
            0.7676824331283569,
            0.6342335343360901,
            -0.05788861960172653
         ],
         "13": [
            0.7302464246749878,
            0.5206912755966187,
            -0.020365996286273003
         ],
         "14": [
            0.7381020188331604,
            0.463379830121994,
            -0.05069003254175186
         ],
         "15": [
            0.739605188369751,
            0.5414168238639832,
            -0.048800405114889145
         ],
         "16": [
            0.7383592128753662,
            0.6060977578163147,
            -0.038962338119745255
         ],
         "17": [
            0.693276047706604,
            0.5224158763885498,
            -0.033143483102321625
         ],
         "18": [
            0.6923773884773254,
            0.43122217059135437,
            -0.051139943301677704
         ],
         "19": [
            0.696441113948822,
            0.371737539768219,
            -0.05617895722389221
         ],
         "20": [
            0.701856791973114,
            0.3187822997570038,
            -0.05431932210922241
         ]
      }
   ]
}