{
   "l": [
      {
         "0": [
            0.5566468834877014,
            0.7336119413375854,
            0
         ],
         "1": [
            0.6159480810165405,
            0.7187609076499939,
            -0.02767455019056797
         ],
         "2": [
            0.6801486611366272,
            0.6569314002990723,
            -0.0538703054189682
         ],
         "3": [
            0.7356554865837097,
            0.6211745738983154,
            -0.08015057444572449
         ],
         "4": [
            0.7867259979248047,
            0.606247067451477,
            -0.10351549834012985
         ],
         "5": [
            0.6394937038421631,
            0.4712420105934143,
            -0.04622283950448036
         ],
         "6": [
            0.6478528380393982,
            0.3258824348449707,
            -0.08492495864629745
         ],
         "7": [
            0.6477739810943604,
            0.23643463850021362,
            -0.1093461662530899
         ],
         "8": [
            0.6466444730758667,
            0.1599312424659729,
            -0.12464110553264618
         ],
         "9": [
            0.5955331325531006,
            0.45563364028930664,
            -0.05108172819018364
         ],
         "10": [
            0.5936369299888611,
            0.4418236017227173,
            -0.09312169998884201
         ],
         "11": [
            0.5866857171058655,
            0.5622172355651855,
            -0.09126264601945877
         ],
         "12": [
            0.5901222229003906,
            0.6142950057983398,
            -0.08167161047458649
         ],
         "13": [
            0.5539647340774536,
            0.46575403213500977,
            -0.060799505561590195
         ],
         "14": [
            0.5515547394752502,
            0.46886736154556274,
            -0.09557226300239563
         ],
         "15": [
            0.5525627732276917,
            0.572050929069519,
            -0.08162936568260193
         ],
         "16": [
            0.5601463913917542,
            0.6148549318313599,
            -0.06679918617010117
         ],
         "17": [
            0.5169802904129028,
            0.4899328052997589,
            -0.0752071812748909
         ],
         "18": [
            0.5144997239112854,
            0.494008332490921,
            -0.09371321648359299
         ],
         "19": [
            0.522796094417572,
            0.5702204704284668,
            -0.08606573939323425
         ],
         "20": [
            0.5337704420089722,
            0.6041470766067505,
            -0.07655922323465347
         ]
      }
   ]
}