{
   "m-DGS": [
      {
         "0": [
            0.4813308119773865,
            0.42116081714630127,
            0
         ],
         "1": [
            0.5199565291404724,
            0.44101500511169434,
            -0.017655832692980766
         ],
         "2": [
            0.5499729514122009,
            0.4681258201599121,
            -0.0458773635327816
         ],
         "3": [
            0.56219881772995,
            0.5019394159317017,
            -0.07159648835659027
         ],
         "4": [
            0.5700056552886963,
            0.5247288942337036,
            -0.09662050753831863
         ],
         "5": [
            0.5530527234077454,
            0.40131455659866333,
            -0.08313534408807755
         ],
         "6": [
            0.5619243383407593,
            0.5213558077812195,
            -0.1209494024515152
         ],
         "7": [
            0.5561760067939758,
            0.591473400592804,
            -0.1368674635887146
         ],
         "8": [
            0.5498575568199158,
            0.6376567482948303,
            -0.14430516958236694
         ],
         "9": [
            0.5167982578277588,
            0.3964122533798218,
            -0.0921717956662178
         ],
         "10": [
            0.5267149209976196,
            0.5176241397857666,
            -0.13339190185070038
         ],
         "11": [
            0.5249961614608765,
            0.5946681499481201,
            -0.1361028403043747
         ],
         "12": [
            0.5221100449562073,
            0.6543999910354614,
            -0.1361723691225052
         ],
         "13": [
            0.48677825927734375,
            0.40710151195526123,
            -0.09884486347436905
         ],
         "14": [
            0.4978053867816925,
            0.5313589572906494,
            -0.12991635501384735
         ],
         "15": [
            0.502659261226654,
            0.5998343229293823,
            -0.11858603358268738
         ],
         "16": [
            0.5057430267333984,
            0.6488683819770813,
            -0.10927153378725052
         ],
         "17": [
            0.4611722230911255,
            0.43170133233070374,
            -0.1068386435508728
         ],
         "18": [
            0.4747030436992645,
            0.5357941389083862,
            -0.12623225152492523
         ],
         "19": [
            0.4805610775947571,
            0.5885995626449585,
            -0.11705677956342697
         ],
         "20": [
            0.4828222095966339,
            0.6281883120536804,
            -0.10857642441987991
         ]
      }
   ]
}