{
   "m-DGS": [
      {
         "0": [
            0.7185425162315369,
            0.5382346510887146,
            0
         ],
         "1": [
            0.7528430819511414,
            0.5313684940338135,
            -0.013000810518860817
         ],
         "2": [
            0.776371419429779,
            0.5439352989196777,
            -0.0366516038775444
         ],
         "3": [
            0.7856345772743225,
            0.5701339840888977,
            -0.06019553914666176
         ],
         "4": [
            0.7920933961868286,
            0.5905112624168396,
            -0.08313395828008652
         ],
         "5": [
            0.7634631395339966,
            0.45860108733177185,
            -0.06646442413330078
         ],
         "6": [
            0.7870154976844788,
            0.5558241605758667,
            -0.09923359751701355
         ],
         "7": [
            0.7968621850013733,
            0.6234102249145508,
            -0.11590312421321869
         ],
         "8": [
            0.8033495545387268,
            0.672685980796814,
            -0.1250927448272705
         ],
         "9": [
            0.7325485944747925,
            0.471960186958313,
            -0.07771991938352585
         ],
         "10": [
            0.7544177174568176,
            0.5819314122200012,
            -0.11141517758369446
         ],
         "11": [
            0.7680091857910156,
            0.6484327912330627,
            -0.11547569930553436
         ],
         "12": [
            0.7786321043968201,
            0.6960411071777344,
            -0.11861015111207962
         ],
         "13": [
            0.7043022513389587,
            0.4967884421348572,
            -0.08676706254482269
         ],
         "14": [
            0.7323359251022339,
            0.599581778049469,
            -0.1112014651298523
         ],
         "15": [
            0.7468312382698059,
            0.6537274122238159,
            -0.10201185196638107
         ],
         "16": [
            0.7563359141349792,
            0.6947171688079834,
            -0.09609915316104889
         ],
         "17": [
            0.6818462014198303,
            0.5299702882766724,
            -0.09752389788627625
         ],
         "18": [
            0.7060948610305786,
            0.5960898995399475,
            -0.11355229467153549
         ],
         "19": [
            0.7199463248252869,
            0.6322565078735352,
            -0.10671351104974747
         ],
         "20": [
            0.7301709651947021,
            0.6649525165557861,
            -0.10101452469825745
         ]
      }
   ]
}