{
   "n": [
      {
         "0": [
            0.6702263951301575,
            0.7050766348838806,
            0
         ],
         "1": [
            0.6932920217514038,
            0.6855932474136353,
            -0.03221767768263817
         ],
         "2": [
            0.705676257610321,
            0.6388593912124634,
            -0.0482892245054245
         ],
         "3": [
            0.6976020932197571,
            0.6056962013244629,
            -0.06025898829102516
         ],
         "4": [
            0.6832286715507507,
            0.5841932892799377,
            -0.06905918568372726
         ],
         "5": [
            0.6909597516059875,
            0.5378025770187378,
            -0.03320583328604698
         ],
         "6": [
            0.6852313876152039,
            0.5328641533851624,
            -0.05753688886761665
         ],
         "7": [
            0.6801313757896423,
            0.5871919989585876,
            -0.06618792563676834
         ],
         "8": [
            0.6773055195808411,
            0.6335233449935913,
            -0.06838798522949219
         ],
         "9": [
            0.6617897748947144,
            0.5386544466018677,
            -0.02809724397957325
         ],
         "10": [
            0.6528045535087585,
            0.5185152292251587,
            -0.057909782975912094
         ],
         "11": [
            0.6571369171142578,
            0.5816228985786438,
            -0.06350312381982803
         ],
         "12": [
            0.6649923324584961,
            0.631227970123291,
            -0.061153922230005264
         ],
         "13": [
            0.6374300122261047,
            0.5559778213500977,
            -0.02729552984237671
         ],
         "14": [
            0.6324700713157654,
            0.5668078660964966,
            -0.053957149386405945
         ],
         "15": [
            0.647593080997467,
            0.630296528339386,
            -0.053957149386405945
         ],
         "16": [
            0.6634557843208313,
            0.6689571142196655,
            -0.04687224328517914
         ],
         "17": [
            0.6180778741836548,
            0.5848425626754761,
            -0.030073558911681175
         ],
         "18": [
            0.617181122303009,
            0.5928559899330139,
            -0.04731971025466919
         ],
         "19": [
            0.6298037767410278,
            0.6366669535636902,
            -0.04966891556978226
         ],
         "20": [
            0.6440463662147522,
            0.6619182229042053,
            -0.046126462519168854
         ]
      }
   ]
}