{
   "q": [
      {
         "0": [
            0.6994873881340027,
            0.43502989411354065,
            0
         ],
         "1": [
            0.7279135584831238,
            0.4417541027069092,
            -0.017457256093621254
         ],
         "2": [
            0.7468505501747131,
            0.48557430505752563,
            -0.04600667953491211
         ],
         "3": [
            0.7485895156860352,
            0.5511935353279114,
            -0.07100412249565125
         ],
         "4": [
            0.7446564435958862,
            0.6062549352645874,
            -0.09429232776165009
         ],
         "5": [
            0.7338665127754211,
            0.4055243730545044,
            -0.07499232143163681
         ],
         "6": [
            0.7437704801559448,
            0.5223342180252075,
            -0.10654179006814957
         ],
         "7": [
            0.7532690167427063,
            0.5767039060592651,
            -0.12192482501268387
         ],
         "8": [
            0.7598952054977417,
            0.6148123741149902,
            -0.1301860809326172
         ],
         "9": [
            0.7025631666183472,
            0.4157343804836273,
            -0.08247018605470657
         ],
         "10": [
            0.7184462547302246,
            0.5336536169052124,
            -0.112808957695961
         ],
         "11": [
            0.7325682640075684,
            0.5405887365341187,
            -0.1128801703453064
         ],
         "12": [
            0.7392330169677734,
            0.5299015641212463,
            -0.11565766483545303
         ],
         "13": [
            0.6751535534858704,
            0.43855586647987366,
            -0.0872417762875557
         ],
         "14": [
            0.6904424428939819,
            0.5320968627929688,
            -0.10525986552238464
         ],
         "15": [
            0.6991833448410034,
            0.5110948085784912,
            -0.09158605337142944
         ],
         "16": [
            0.700628399848938,
            0.47800418734550476,
            -0.0854613333940506
         ],
         "17": [
            0.6549867391586304,
            0.46713751554489136,
            -0.09372258931398392
         ],
         "18": [
            0.6714909076690674,
            0.5320978760719299,
            -0.10305211693048477
         ],
         "19": [
            0.6807350516319275,
            0.5127376914024353,
            -0.09379380196332932
         ],
         "20": [
            0.6816546320915222,
            0.48211297392845154,
            -0.08902221918106079
         ]
      }
   ]
}