{
   "s": [
      {
         "0": [
            0.6751651763916016,
            0.6993109583854675,
            0
         ],
         "1": [
            0.7348107099533081,
            0.6383926868438721,
            -0.013493366539478302
         ],
         "2": [
            0.7738511562347412,
            0.5521653890609741,
            -0.0212025698274374
         ],
         "3": [
            0.7595298886299133,
            0.46057194471359253,
            -0.03161406144499779
         ],
         "4": [
            0.7152530550956726,
            0.44303879141807556,
            -0.03716324269771576
         ],
         "5": [
            0.7630528807640076,
            0.4604171812534332,
            0.002343037398532033
         ],
         "6": [
            0.7815150022506714,
            0.382614403963089,
            -0.017081353813409805
         ],
         "7": [
            0.7743946313858032,
            0.45651039481163025,
            -0.020678380504250526
         ],
         "8": [
            0.7621988654136658,
            0.4941893517971039,
            -0.019883057102560997
         ],
         "9": [
            0.7281649708747864,
            0.4515613317489624,
            -0.00437201326712966
         ],
         "10": [
            0.7404210567474365,
            0.3875304162502289,
            -0.023371629416942596
         ],
         "11": [
            0.73753422498703,
            0.47198036313056946,
            -0.019702302291989326
         ],
         "12": [
            0.7304486036300659,
            0.4935549795627594,
            -0.012399797327816486
         ],
         "13": [
            0.6928285956382751,
            0.4596872329711914,
            -0.016900599002838135
         ],
         "14": [
            0.700037956237793,
            0.4053734540939331,
            -0.036024484783411026
         ],
         "15": [
            0.7056571245193481,
            0.4841203987598419,
            -0.025829898193478584
         ],
         "16": [
            0.7013437747955322,
            0.5127692818641663,
            -0.013972367160022259
         ],
         "17": [
            0.6553450226783752,
            0.474048376083374,
            -0.03262628987431526
         ],
         "18": [
            0.666508674621582,
            0.4298679828643799,
            -0.04124830663204193
         ],
         "19": [
            0.6769787669181824,
            0.4836757183074951,
            -0.03320470452308655
         ],
         "20": [
            0.6762099862098694,
            0.5126287937164307,
            -0.023263176903128624
         ]
      }
   ]
}