{
   "t-DGS": [
      {
         "0": [
            0.615095317363739,
            0.6518584489822388,
            0
         ],
         "1": [
            0.6288961172103882,
            0.5875430107116699,
            -0.0026490779127925634
         ],
         "2": [
            0.6737439632415771,
            0.5473718643188477,
            -0.013384263031184673
         ],
         "3": [
            0.7110512256622314,
            0.525615930557251,
            -0.020354140549898148
         ],
         "4": [
            0.728384256362915,
            0.49216556549072266,
            -0.02777470462024212
         ],
         "5": [
            0.6684324741363525,
            0.5595347881317139,
            -0.056849051266908646
         ],
         "6": [
            0.7280116081237793,
            0.5689443349838257,
            -0.075589120388031
         ],
         "7": [
            0.7665783762931824,
            0.5743061304092407,
            -0.07999114692211151
         ],
         "8": [
            0.7951400876045227,
            0.5810037851333618,
            -0.08041038364171982
         ],
         "9": [
            0.667097806930542,
            0.6230946779251099,
            -0.058526016771793365
         ],
         "10": [
            0.732195258140564,
            0.6072616577148438,
            -0.07047437876462936
         ],
         "11": [
            0.7180148363113403,
            0.5988346338272095,
            -0.05466900393366814
         ],
         "12": [
            0.6988157033920288,
            0.5959093570709229,
            -0.041420988738536835
         ],
         "13": [
            0.6672044992446899,
            0.6754491329193115,
            -0.05810677632689476
         ],
         "14": [
            0.7284343242645264,
            0.6560025215148926,
            -0.06485655158758163
         ],
         "15": [
            0.7130749225616455,
            0.6435078382492065,
            -0.04209177941083908
         ],
         "16": [
            0.6909120082855225,
            0.6442593336105347,
            -0.026370245963335037
         ],
         "17": [
            0.668714702129364,
            0.7153531908988953,
            -0.057561758905649185
         ],
         "18": [
            0.7132875323295593,
            0.6910979151725769,
            -0.06158647686243057
         ],
         "19": [
            0.7020835280418396,
            0.6815246343612671,
            -0.04859000816941261
         ],
         "20": [
            0.6864112615585327,
            0.683700680732727,
            -0.03794129565358162
         ]
      }
   ]
}