{
   "v": [
      {
         "0": [
            0.5107066631317139,
            0.8167039155960083,
            0
         ],
         "1": [
            0.5459601879119873,
            0.7189331650733948,
            -0.029145952314138412
         ],
         "2": [
            0.5480600595474243,
            0.6186860799789429,
            -0.052997224032878876
         ],
         "3": [
            0.501193642616272,
            0.6167235970497131,
            -0.07841169089078903
         ],
         "4": [
            0.4535693824291229,
            0.6622874736785889,
            -0.10054849833250046
         ],
         "5": [
            0.46634653210639954,
            0.4637707769870758,
            -0.025628773495554924
         ],
         "6": [
            0.4542582929134369,
            0.29732152819633484,
            -0.05501424893736839
         ],
         "7": [
            0.4451960027217865,
            0.1957009732723236,
            -0.0725623220205307
         ],
         "8": [
            0.4334326982498169,
            0.11135110259056091,
            -0.08471488207578659
         ],
         "9": [
            0.4184024930000305,
            0.5136062502861023,
            -0.034667547792196274
         ],
         "10": [
            0.36055564880371094,
            0.3786720335483551,
            -0.06525062769651413
         ],
         "11": [
            0.3197188675403595,
            0.2924662232398987,
            -0.08219361305236816
         ],
         "12": [
            0.28717631101608276,
            0.22202453017234802,
            -0.09338807314634323
         ],
         "13": [
            0.39112210273742676,
            0.5879377126693726,
            -0.04898839816451073
         ],
         "14": [
            0.3962444067001343,
            0.5795308351516724,
            -0.07775615900754929
         ],
         "15": [
            0.4432511031627655,
            0.6383335590362549,
            -0.07725191116333008
         ],
         "16": [
            0.4750751256942749,
            0.6777086853981018,
            -0.06953679770231247
         ],
         "17": [
            0.37831178307533264,
            0.6712096333503723,
            -0.06973849982023239
         ],
         "18": [
            0.3893178105354309,
            0.6585761904716492,
            -0.08980786055326462
         ],
         "19": [
            0.4286439120769501,
            0.6812403202056885,
            -0.09137105196714401
         ],
         "20": [
            0.4583219289779663,
            0.6997021436691284,
            -0.08713531494140625
         ]
      }
   ]
}