{
   "w": [
      {
         "0": [
            0.6350589394569397,
            0.7805091738700867,
            0
         ],
         "1": [
            0.67295902967453,
            0.7617026567459106,
            -0.03503696620464325
         ],
         "2": [
            0.6913617253303528,
            0.7333902716636658,
            -0.06223589554429054
         ],
         "3": [
            0.6544559001922607,
            0.7383767366409302,
            -0.08693664520978928
         ],
         "4": [
            0.6149008870124817,
            0.7456770539283752,
            -0.11366716772317886
         ],
         "5": [
            0.6798871755599976,
            0.5866231322288513,
            -0.054116807878017426
         ],
         "6": [
            0.709920346736908,
            0.5005207657814026,
            -0.08012910932302475
         ],
         "7": [
            0.7281261682510376,
            0.44388675689697266,
            -0.09824090451002121
         ],
         "8": [
            0.740658700466156,
            0.3906976282596588,
            -0.11235561966896057
         ],
         "9": [
            0.6379398107528687,
            0.5700826048851013,
            -0.05839494243264198
         ],
         "10": [
            0.6396893262863159,
            0.4644451141357422,
            -0.0781305581331253
         ],
         "11": [
            0.6390323638916016,
            0.4013747274875641,
            -0.09230772405862808
         ],
         "12": [
            0.6367805600166321,
            0.3474547564983368,
            -0.10648488998413086
         ],
         "13": [
            0.6040694713592529,
            0.5921878218650818,
            -0.06570211797952652
         ],
         "14": [
            0.5855398178100586,
            0.5325400233268738,
            -0.08656191825866699
         ],
         "15": [
            0.5760483145713806,
            0.4898819923400879,
            -0.1013011783361435
         ],
         "16": [
            0.5682010650634766,
            0.44279491901397705,
            -0.1137920692563057
         ],
         "17": [
            0.5793285369873047,
            0.6410810947418213,
            -0.07700637727975845
         ],
         "18": [
            0.5845300555229187,
            0.6457051038742065,
            -0.09324455261230469
         ],
         "19": [
            0.6001595854759216,
            0.6912700533866882,
            -0.09924017637968063
         ],
         "20": [
            0.613572895526886,
            0.7235104441642761,
            -0.1053607165813446
         ]
      }
   ]
}