{
   "x": [
      {
         "0": [
            0.5451948642730713,
            0.7027609944343567,
            0
         ],
         "1": [
            0.573392391204834,
            0.6527273058891296,
            -0.031750068068504333
         ],
         "2": [
            0.578412652015686,
            0.5862581133842468,
            -0.05417141318321228
         ],
         "3": [
            0.5368412733078003,
            0.5698840022087097,
            -0.07470179349184036
         ],
         "4": [
            0.500950813293457,
            0.5679206848144531,
            -0.09047778695821762
         ],
         "5": [
            0.5510718822479248,
            0.4389066696166992,
            -0.03088562749326229
         ],
         "6": [
            0.5470288991928101,
            0.3208320736885071,
            -0.05842155963182449
         ],
         "7": [
            0.5287158489227295,
            0.2949634790420532,
            -0.07196441292762756
         ],
         "8": [
            0.5103605389595032,
            0.30642247200012207,
            -0.0787358358502388
         ],
         "9": [
            0.5126789808273315,
            0.465101420879364,
            -0.028706524521112442
         ],
         "10": [
            0.4970422387123108,
            0.45338037610054016,
            -0.05910590663552284
         ],
         "11": [
            0.5146501064300537,
            0.5297625064849854,
            -0.05953812226653099
         ],
         "12": [
            0.5256826877593994,
            0.5545013546943665,
            -0.05323493480682373
         ],
         "13": [
            0.4841611087322235,
            0.5051297545433044,
            -0.031876131892204285
         ],
         "14": [
            0.4726613759994507,
            0.5120924115180969,
            -0.056044358760118484
         ],
         "15": [
            0.49899208545684814,
            0.5692053437232971,
            -0.04866062104701996
         ],
         "16": [
            0.5130096077919006,
            0.5795250535011292,
            -0.0393679179251194
         ],
         "17": [
            0.46377089619636536,
            0.5498255491256714,
            -0.039548009634017944
         ],
         "18": [
            0.45245110988616943,
            0.5486764907836914,
            -0.05165013670921326
         ],
         "19": [
            0.47493410110473633,
            0.5806370377540588,
            -0.04801229387521744
         ],
         "20": [
            0.49080613255500793,
            0.5846447944641113,
            -0.04221336171030998
         ]
      }
   ]
}