{
   "x": [
      {
         "0": [
            0.6817628145217896,
            0.7525923252105713,
            0
         ],
         "1": [
            0.728795051574707,
            0.6966249942779541,
            -0.009227558970451355
         ],
         "2": [
            0.7591612339019775,
            0.6300358772277832,
            -0.03855914995074272
         ],
         "3": [
            0.772673487663269,
            0.594150722026825,
            -0.07193600386381149
         ],
         "4": [
            0.7755392789840698,
            0.5857250094413757,
            -0.0997319296002388
         ],
         "5": [
            0.6989619135856628,
            0.4756312668323517,
            -0.03997249901294708
         ],
         "6": [
            0.7101011276245117,
            0.37852805852890015,
            -0.08509105443954468
         ],
         "7": [
            0.7415520548820496,
            0.34658199548721313,
            -0.10995155572891235
         ],
         "8": [
            0.7726802229881287,
            0.34842926263809204,
            -0.123360276222229
         ],
         "9": [
            0.6669585704803467,
            0.5026509165763855,
            -0.05903463438153267
         ],
         "10": [
            0.7405984997749329,
            0.5135488510131836,
            -0.10393575578927994
         ],
         "11": [
            0.7461428642272949,
            0.5898733139038086,
            -0.10473302006721497
         ],
         "12": [
            0.7253952622413635,
            0.5910515785217285,
            -0.10081912577152252
         ],
         "13": [
            0.6499429941177368,
            0.5567070841789246,
            -0.08117715269327164
         ],
         "14": [
            0.7277406454086304,
            0.5859606266021729,
            -0.1144452840089798
         ],
         "15": [
            0.7283467650413513,
            0.6392225623130798,
            -0.09748505800962448
         ],
         "16": [
            0.7048223614692688,
            0.6343612670898438,
            -0.08422129601240158
         ],
         "17": [
            0.6448609232902527,
            0.6162827610969543,
            -0.10647254437208176
         ],
         "18": [
            0.710997462272644,
            0.6422736048698425,
            -0.1236502006649971
         ],
         "19": [
            0.7155594825744629,
            0.6767191290855408,
            -0.11198098212480545
         ],
         "20": [
            0.6958822011947632,
            0.6728788614273071,
            -0.10226871818304062
         ]
      }
   ]
}