{
   "x": [
      {
         "0": [
            0.5484534502029419,
            0.791535496711731,
            0
         ],
         "1": [
            0.5894612073898315,
            0.7035974264144897,
            -0.03073684126138687
         ],
         "2": [
            0.6028171181678772,
            0.5938299894332886,
            -0.06105005368590355
         ],
         "3": [
            0.554450273513794,
            0.5821987390518188,
            -0.09145740419626236
         ],
         "4": [
            0.4965808689594269,
            0.6213544607162476,
            -0.11579269170761108
         ],
         "5": [
            0.5253603458404541,
            0.4061484932899475,
            -0.03365519642829895
         ],
         "6": [
            0.5158334374427795,
            0.2965705990791321,
            -0.07187619805335999
         ],
         "7": [
            0.5152153968811035,
            0.24899539351463318,
            -0.09244588017463684
         ],
         "8": [
            0.5129351615905762,
            0.2190881371498108,
            -0.1039310023188591
         ],
         "9": [
            0.4679107367992401,
            0.4412795603275299,
            -0.04095107316970825
         ],
         "10": [
            0.4821793735027313,
            0.47287216782569885,
            -0.0783248171210289
         ],
         "11": [
            0.5192975401878357,
            0.5689681172370911,
            -0.07441799342632294
         ],
         "12": [
            0.5280181765556335,
            0.5779268145561218,
            -0.06589828431606293
         ],
         "13": [
            0.4290882647037506,
            0.508747398853302,
            -0.055260416120290756
         ],
         "14": [
            0.4507235288619995,
            0.5668988823890686,
            -0.08030176162719727
         ],
         "15": [
            0.48858216404914856,
            0.6291453838348389,
            -0.0673103928565979
         ],
         "16": [
            0.4969583749771118,
            0.619370698928833,
            -0.056390099227428436
         ],
         "17": [
            0.4038427472114563,
            0.5867259502410889,
            -0.07578302174806595
         ],
         "18": [
            0.4312722384929657,
            0.6403244733810425,
            -0.08110195398330688
         ],
         "19": [
            0.4675721526145935,
            0.6774858236312866,
            -0.07286466658115387
         ],
         "20": [
            0.4790402054786682,
            0.6655884385108948,
            -0.06622777134180069
         ]
      }
   ]
}