{
   "y": [
      {
         "0": [
            0.5242347717285156,
            0.8456772565841675,
            0
         ],
         "1": [
            0.5990523099899292,
            0.7117777466773987,
            -0.05181020125746727
         ],
         "2": [
            0.6451436877250671,
            0.5116056203842163,
            -0.08383328467607498
         ],
         "3": [
            0.6668695211410522,
            0.34597048163414,
            -0.11601047217845917
         ],
         "4": [
            0.7025399208068848,
            0.2234545350074768,
            -0.13758522272109985
         ],
         "5": [
            0.5347568988800049,
            0.37088191509246826,
            -0.02302333153784275
         ],
         "6": [
            0.5061936378479004,
            0.32637572288513184,
            -0.07563488185405731
         ],
         "7": [
            0.526087760925293,
            0.4572342038154602,
            -0.0967164859175682
         ],
         "8": [
            0.5488818883895874,
            0.5520308017730713,
            -0.10485325008630753
         ],
         "9": [
            0.46580398082733154,
            0.40007978677749634,
            -0.024117477238178253
         ],
         "10": [
            0.440414160490036,
            0.35519230365753174,
            -0.09918217360973358
         ],
         "11": [
            0.48788851499557495,
            0.5233839154243469,
            -0.11884600669145584
         ],
         "12": [
            0.5160951614379883,
            0.5461905598640442,
            -0.11422284692525864
         ],
         "13": [
            0.40330278873443604,
            0.4442198872566223,
            -0.035659968852996826
         ],
         "14": [
            0.3698688745498657,
            0.38637158274650574,
            -0.09677813202142715
         ],
         "15": [
            0.42041972279548645,
            0.5238065123558044,
            -0.09092212468385696
         ],
         "16": [
            0.4589782953262329,
            0.5881119966506958,
            -0.07095008343458176
         ],
         "17": [
            0.35304540395736694,
            0.5066666603088379,
            -0.054152604192495346
         ],
         "18": [
            0.3063662648200989,
            0.37433308362960815,
            -0.08894957602024078
         ],
         "19": [
            0.27353543043136597,
            0.29713666439056396,
            -0.09622334688901901
         ],
         "20": [
            0.24227586388587952,
            0.20025739073753357,
            -0.09110704809427261
         ]
      }
   ]
}