{
   "a": [
      {
         "0": [
            0.19984713196754456,
            0.718599259853363,
            -4.6256579366854567e-7
         ],
         "1": [
            0.2617879807949066,
            0.7107341289520264,
            -0.01778986304998398
         ],
         "2": [
            0.3162396550178528,
            0.6298399567604065,
            -0.019948191940784454
         ],
         "3": [
            0.33968424797058105,
            0.5347943902015686,
            -0.021305320784449577
         ],
         "4": [
            0.3476440906524658,
            0.46133965253829956,
            -0.01707041822373867
         ],
         "5": [
            0.29631105065345764,
            0.5218167304992676,
            -0.00526092667132616
         ],
         "6": [
            0.31517112255096436,
            0.44898298382759094,
            -0.02946445904672146
         ],
         "7": [
            0.29767945408821106,
            0.537352442741394,
            -0.034598663449287415
         ],
         "8": [
            0.2843679189682007,
            0.5790000557899475,
            -0.03204791247844696
         ],
         "9": [
            0.26273414492607117,
            0.5015144348144531,
            -0.005036100745201111
         ],
         "10": [
            0.2813633382320404,
            0.43392449617385864,
            -0.030739836394786835
         ],
         "11": [
            0.264455646276474,
            0.536475658416748,
            -0.029726075008511543
         ],
         "12": [
            0.25305476784706116,
            0.5622574090957642,
            -0.021158162504434586
         ],
         "13": [
            0.22771486639976501,
            0.4914238452911377,
            -0.009459040127694607
         ],
         "14": [
            0.2461821734905243,
            0.4264128804206848,
            -0.03813047707080841
         ],
         "15": [
            0.23532342910766602,
            0.52762371301651,
            -0.023594457656145096
         ],
         "16": [
            0.22587332129478455,
            0.5552069544792175,
            -0.004987047985196114
         ],
         "17": [
            0.18897907435894012,
            0.48923492431640625,
            -0.01497749425470829
         ],
         "18": [
            0.2069472372531891,
            0.42796069383621216,
            -0.03067443147301674
         ],
         "19": [
            0.2074037790298462,
            0.4968043267726898,
            -0.01687420904636383
         ],
         "20": [
            0.20283931493759155,
            0.5278497338294983,
            -0.0010597475338727236
         ]
      }
   ]
}