{
   "a": [
      {
         "0": [
            0.3533444404602051,
            0.8380037546157837,
            0
         ],
         "1": [
            0.42289644479751587,
            0.7703530788421631,
            0.007672011852264404
         ],
         "2": [
            0.4571859836578369,
            0.6964123249053955,
            -0.0025553579907864332
         ],
         "3": [
            0.47820982336997986,
            0.6410996317863464,
            -0.01824181154370308
         ],
         "4": [
            0.48084723949432373,
            0.5921616554260254,
            -0.027552733197808266
         ],
         "5": [
            0.3715038001537323,
            0.514918327331543,
            0.008986308239400387
         ],
         "6": [
            0.44952312111854553,
            0.5279912948608398,
            -0.011725747026503086
         ],
         "7": [
            0.44815897941589355,
            0.6035547256469727,
            -0.023340648040175438
         ],
         "8": [
            0.4251226782798767,
            0.6287627816200256,
            -0.031115589663386345
         ],
         "9": [
            0.3575245141983032,
            0.5190550088882446,
            -0.011892013251781464
         ],
         "10": [
            0.4541306495666504,
            0.5503219962120056,
            -0.03879551962018013
         ],
         "11": [
            0.44381701946258545,
            0.6271026730537415,
            -0.04183581843972206
         ],
         "12": [
            0.4128158390522003,
            0.6256065964698792,
            -0.043039269745349884
         ],
         "13": [
            0.35166341066360474,
            0.5425031781196594,
            -0.0347101129591465
         ],
         "14": [
            0.44592219591140747,
            0.5842686891555786,
            -0.053363632410764694
         ],
         "15": [
            0.43438172340393066,
            0.6566354036331177,
            -0.043292634189128876
         ],
         "16": [
            0.4037145972251892,
            0.6585918068885803,
            -0.03648362308740616
         ],
         "17": [
            0.3542729318141937,
            0.5829387903213501,
            -0.059159208089113235
         ],
         "18": [
            0.4265548586845398,
            0.6183846592903137,
            -0.064986452460289
         ],
         "19": [
            0.4168737530708313,
            0.6744429469108582,
            -0.05615057796239853
         ],
         "20": [
            0.38804107904434204,
            0.6808532476425171,
            -0.05038667097687721
         ]
      }
   ]
}