{
   "a": [
      {
         "0": [
            0.5967521667480469,
            0.4063706398010254,
            0
         ],
         "1": [
            0.5904060006141663,
            0.5039333701133728,
            -0.04407711327075958
         ],
         "2": [
            0.6597544550895691,
            0.6050020456314087,
            -0.05996336042881012
         ],
         "3": [
            0.7236505746841431,
            0.6208082437515259,
            -0.07001501321792603
         ],
         "4": [
            0.7513065338134766,
            0.5455783605575562,
            -0.0766005888581276
         ],
         "5": [
            0.7084292769432068,
            0.507716178894043,
            -0.030328286811709404
         ],
         "6": [
            0.7431322336196899,
            0.5623020529747009,
            -0.0497095100581646
         ],
         "7": [
            0.699457585811615,
            0.5583091378211975,
            -0.05103817582130432
         ],
         "8": [
            0.6892049908638,
            0.529788613319397,
            -0.04976727440953255
         ],
         "9": [
            0.7133793830871582,
            0.4419407546520233,
            -0.015684057027101517
         ],
         "10": [
            0.7533523440361023,
            0.5014143586158752,
            -0.036538366228342056
         ],
         "11": [
            0.6861380934715271,
            0.500494658946991,
            -0.02972172200679779
         ],
         "12": [
            0.686474621295929,
            0.46964696049690247,
            -0.019540082663297653
         ],
         "13": [
            0.7126983404159546,
            0.3859539031982422,
            -0.0077842604368925095
         ],
         "14": [
            0.7502831816673279,
            0.4448462724685669,
            -0.029144037514925003
         ],
         "15": [
            0.6875658631324768,
            0.45440950989723206,
            -0.01981448195874691
         ],
         "16": [
            0.6788594126701355,
            0.4146984815597534,
            -0.00907682254910469
         ],
         "17": [
            0.7139206528663635,
            0.3236278295516968,
            -0.00412320252507925
         ],
         "18": [
            0.7325049042701721,
            0.3848128318786621,
            -0.014875302091240883
         ],
         "19": [
            0.6907676458358765,
            0.40227210521698,
            -0.01153919193893671
         ],
         "20": [
            0.6810294389724731,
            0.3687303066253662,
            -0.005061935633420944
         ]
      }
   ]
}