{
   "a": [
      {
         "0": [
            0.14354921877384186,
            0.849797248840332,
            0
         ],
         "1": [
            0.22616088390350342,
            0.7795994281768799,
            -0.014821873977780342
         ],
         "2": [
            0.278916597366333,
            0.6391825079917908,
            -0.022002525627613068
         ],
         "3": [
            0.29904037714004517,
            0.5047913789749146,
            -0.030878903344273567
         ],
         "4": [
            0.30063968896865845,
            0.40366455912590027,
            -0.03401913121342659
         ],
         "5": [
            0.23867066204547882,
            0.5291244983673096,
            0.013649522326886654
         ],
         "6": [
            0.2510915994644165,
            0.4589281678199768,
            0.000487062381580472
         ],
         "7": [
            0.23534005880355835,
            0.576092541217804,
            0.0018030139617621899
         ],
         "8": [
            0.22103841602802277,
            0.5795170664787292,
            0.0035092041362076998
         ],
         "9": [
            0.1825227439403534,
            0.5246013402938843,
            0.009687601588666439
         ],
         "10": [
            0.20246292650699615,
            0.4735220670700073,
            -0.0070184082724153996
         ],
         "11": [
            0.19917480647563934,
            0.6051334142684937,
            0.0009911343222483993
         ],
         "12": [
            0.18886679410934448,
            0.5803373456001282,
            0.0117025813087821
         ],
         "13": [
            0.13895800709724426,
            0.5444188714027405,
            -0.00011955762602156028
         ],
         "14": [
            0.15170343220233917,
            0.5061022043228149,
            -0.015439451672136784
         ],
         "15": [
            0.1599946916103363,
            0.627163827419281,
            -0.0004909876734018326
         ],
         "16": [
            0.15061768889427185,
            0.6133633852005005,
            0.01316802017390728
         ],
         "17": [
            0.0976029559969902,
            0.5642436742782593,
            -0.013021476566791534
         ],
         "18": [
            0.11320791393518448,
            0.5574678182601929,
            -0.018265657126903534
         ],
         "19": [
            0.12284515798091888,
            0.6338691115379333,
            -0.008960115723311901
         ],
         "20": [
            0.11657818406820297,
            0.6293358206748962,
            0.0018749774899333715
         ]
      }
   ]
}