{
   "d": [
      {
         "0": [
            0.27715906500816345,
            0.9157741069793701,
            0
         ],
         "1": [
            0.3233267068862915,
            0.8820763826370239,
            -0.05845183879137039
         ],
         "2": [
            0.35173285007476807,
            0.8359287977218628,
            -0.09452195465564728
         ],
         "3": [
            0.33516839146614075,
            0.7961310148239136,
            -0.12516473233699799
         ],
         "4": [
            0.30294185876846313,
            0.7466525435447693,
            -0.15359817445278168
         ],
         "5": [
            0.34943369030952454,
            0.5993374586105347,
            -0.05922030657529831
         ],
         "6": [
            0.3435910940170288,
            0.4367799460887909,
            -0.09745175391435623
         ],
         "7": [
            0.3342112898826599,
            0.3463212847709656,
            -0.1240120381116867
         ],
         "8": [
            0.3250778019428253,
            0.260354220867157,
            -0.14159080386161804
         ],
         "9": [
            0.30056583881378174,
            0.6076983213424683,
            -0.05091121792793274
         ],
         "10": [
            0.2890639901161194,
            0.5147411227226257,
            -0.1016303077340126
         ],
         "11": [
            0.2899838089942932,
            0.6469467282295227,
            -0.10806625336408615
         ],
         "12": [
            0.29553139209747314,
            0.7125986814498901,
            -0.0984603762626648
         ],
         "13": [
            0.25782546401023865,
            0.6301310658454895,
            -0.049902599304914474
         ],
         "14": [
            0.24503856897354126,
            0.5581356287002563,
            -0.08986309170722961
         ],
         "15": [
            0.2576424777507782,
            0.6732400059700012,
            -0.07963282614946365
         ],
         "16": [
            0.2695962190628052,
            0.7273091673851013,
            -0.06421536952257156
         ],
         "17": [
            0.22081947326660156,
            0.6806408166885376,
            -0.05648263171315193
         ],
         "18": [
            0.2113683521747589,
            0.6189348101615906,
            -0.07838405668735504
         ],
         "19": [
            0.22883905470371246,
            0.6943838596343994,
            -0.07314884662628174
         ],
         "20": [
            0.24273253977298737,
            0.7401139736175537,
            -0.06373507529497147
         ]
      }
   ]
}