{
   "m-DGS": [
      {
         "0": [
            0.31015896797180176,
            0.2134789526462555,
            0
         ],
         "1": [
            0.3658544421195984,
            0.24322280287742615,
            -0.02174455113708973
         ],
         "2": [
            0.40133005380630493,
            0.30978015065193176,
            -0.05968606472015381
         ],
         "3": [
            0.40119627118110657,
            0.3962169587612152,
            -0.09133701771497726
         ],
         "4": [
            0.39626824855804443,
            0.46045106649398804,
            -0.12194780260324478
         ],
         "5": [
            0.41065067052841187,
            0.27366042137145996,
            -0.1285851001739502
         ],
         "6": [
            0.41990160942077637,
            0.4235105514526367,
            -0.17455078661441803
         ],
         "7": [
            0.4154966473579407,
            0.5191478729248047,
            -0.18960851430892944
         ],
         "8": [
            0.40964019298553467,
            0.5851722955703735,
            -0.19584955275058746
         ],
         "9": [
            0.36868658661842346,
            0.2562735378742218,
            -0.1361139565706253
         ],
         "10": [
            0.3803841173648834,
            0.4302220940589905,
            -0.1927785724401474
         ],
         "11": [
            0.38003990054130554,
            0.5300848484039307,
            -0.19684019684791565
         ],
         "12": [
            0.3762447237968445,
            0.5917608737945557,
            -0.19475986063480377
         ],
         "13": [
            0.32824212312698364,
            0.2617615759372711,
            -0.13829337060451508
         ],
         "14": [
            0.3361091911792755,
            0.4153584837913513,
            -0.18217872083187103
         ],
         "15": [
            0.3436926007270813,
            0.5021371841430664,
            -0.17167791724205017
         ],
         "16": [
            0.3499026894569397,
            0.55091392993927,
            -0.15959212183952332
         ],
         "17": [
            0.2959553897380829,
            0.2775339186191559,
            -0.13997745513916016
         ],
         "18": [
            0.3004117012023926,
            0.3863382935523987,
            -0.16385188698768616
         ],
         "19": [
            0.3079754710197449,
            0.4363226294517517,
            -0.15493610501289368
         ],
         "20": [
            0.31504979729652405,
            0.46216198801994324,
            -0.14641660451889038
         ]
      }
   ]
}