{
   "n": [
      {
         "0": [
            0.3249073624610901,
            0.6696745157241821,
            0
         ],
         "1": [
            0.37793779373168945,
            0.647728443145752,
            -0.008992309682071209
         ],
         "2": [
            0.4125855565071106,
            0.5629342198371887,
            -0.018744075670838356
         ],
         "3": [
            0.403461754322052,
            0.4721355140209198,
            -0.030362172052264214
         ],
         "4": [
            0.37784343957901,
            0.41037148237228394,
            -0.03771437332034111
         ],
         "5": [
            0.416972815990448,
            0.43192416429519653,
            -0.014801356941461563
         ],
         "6": [
            0.4478045403957367,
            0.4008254408836365,
            -0.037649743258953094
         ],
         "7": [
            0.43676066398620605,
            0.48131707310676575,
            -0.040590621531009674
         ],
         "8": [
            0.41880708932876587,
            0.5437414646148682,
            -0.039007071405649185
         ],
         "9": [
            0.38050276041030884,
            0.407875657081604,
            -0.024286506697535515
         ],
         "10": [
            0.4102567434310913,
            0.38571470975875854,
            -0.04938094690442085
         ],
         "11": [
            0.40362292528152466,
            0.4835192561149597,
            -0.0451473705470562
         ],
         "12": [
            0.39176467061042786,
            0.552567183971405,
            -0.037326566874980927
         ],
         "13": [
            0.343009352684021,
            0.4157409965991974,
            -0.03729424998164177
         ],
         "14": [
            0.3616054356098175,
            0.4791335463523865,
            -0.05746028944849968
         ],
         "15": [
            0.3534012734889984,
            0.5780181288719177,
            -0.05096450075507164
         ],
         "16": [
            0.3430975675582886,
            0.6182910203933716,
            -0.041301604360342026
         ],
         "17": [
            0.30727553367614746,
            0.4408505856990814,
            -0.05329134687781334
         ],
         "18": [
            0.3262951970100403,
            0.5235217809677124,
            -0.06327741593122482
         ],
         "19": [
            0.32353898882865906,
            0.5971373915672302,
            -0.06192008778452873
         ],
         "20": [
            0.31678545475006104,
            0.6177388429641724,
            -0.056975532323122025
         ]
      }
   ]
}