{
   "n": [
      {
         "0": [
            0.3086935579776764,
            0.6868656277656555,
            0
         ],
         "1": [
            0.3497004210948944,
            0.6247739195823669,
            -0.0230142530053854
         ],
         "2": [
            0.3569309413433075,
            0.514718234539032,
            -0.033237289637327194
         ],
         "3": [
            0.32286736369132996,
            0.43634745478630066,
            -0.04258216544985771
         ],
         "4": [
            0.28639355301856995,
            0.39466190338134766,
            -0.047354020178318024
         ],
         "5": [
            0.3389652371406555,
            0.4230666160583496,
            -0.01910398341715336
         ],
         "6": [
            0.3248456120491028,
            0.3480982780456543,
            -0.04317864775657654
         ],
         "7": [
            0.3258832097053528,
            0.4340110719203949,
            -0.04685695469379425
         ],
         "8": [
            0.3284975290298462,
            0.5075035095214844,
            -0.04470299184322357
         ],
         "9": [
            0.30000200867652893,
            0.42695674300193787,
            -0.019932430237531662
         ],
         "10": [
            0.2887479066848755,
            0.3559022843837738,
            -0.047884225845336914
         ],
         "11": [
            0.3000311553478241,
            0.4517150819301605,
            -0.04824874550104141
         ],
         "12": [
            0.31093767285346985,
            0.5256344079971313,
            -0.041621170938014984
         ],
         "13": [
            0.26660048961639404,
            0.45210909843444824,
            -0.02564871311187744
         ],
         "14": [
            0.2638922333717346,
            0.45404118299484253,
            -0.050700943917036057
         ],
         "15": [
            0.2877653241157532,
            0.5521824359893799,
            -0.04808305576443672
         ],
         "16": [
            0.30555853247642517,
            0.6058570146560669,
            -0.03887072578072548
         ],
         "17": [
            0.23876449465751648,
            0.4907738268375397,
            -0.03499359264969826
         ],
         "18": [
            0.24756914377212524,
            0.5102473497390747,
            -0.0487789511680603
         ],
         "19": [
            0.2701414227485657,
            0.579769492149353,
            -0.049607399851083755
         ],
         "20": [
            0.28756359219551086,
            0.6157083511352539,
            -0.04470299184322357
         ]
      }
   ]
}