{
   "n-DGS": [
      {
         "0": [
            0.29889044165611267,
            0.5413501858711243,
            0
         ],
         "1": [
            0.35707706212997437,
            0.5577104687690735,
            -0.039475422352552414
         ],
         "2": [
            0.40278303623199463,
            0.5901894569396973,
            -0.08854523301124573
         ],
         "3": [
            0.4076656997203827,
            0.648067057132721,
            -0.12916626036167145
         ],
         "4": [
            0.3935246467590332,
            0.6941500902175903,
            -0.16802114248275757
         ],
         "5": [
            0.4056144952774048,
            0.49960750341415405,
            -0.1426270306110382
         ],
         "6": [
            0.4215662181377411,
            0.6598132252693176,
            -0.19742484390735626
         ],
         "7": [
            0.41486912965774536,
            0.752426266670227,
            -0.21919122338294983
         ],
         "8": [
            0.410990446805954,
            0.8161806464195251,
            -0.2295016050338745
         ],
         "9": [
            0.3478318452835083,
            0.4966903328895569,
            -0.1462547779083252
         ],
         "10": [
            0.3736036419868469,
            0.662522554397583,
            -0.20582590997219086
         ],
         "11": [
            0.38255101442337036,
            0.754736065864563,
            -0.2073533535003662
         ],
         "12": [
            0.3898145258426666,
            0.8159806728363037,
            -0.20658963918685913
         ],
         "13": [
            0.3023723363876343,
            0.5133491158485413,
            -0.14673209190368652
         ],
         "14": [
            0.3323799669742584,
            0.673261821269989,
            -0.18931017816066742
         ],
         "15": [
            0.3429708778858185,
            0.71824049949646,
            -0.1702168732881546
         ],
         "16": [
            0.34719011187553406,
            0.723631739616394,
            -0.1558014154434204
         ],
         "17": [
            0.2691402733325958,
            0.5415558218955994,
            -0.14950063824653625
         ],
         "18": [
            0.3004670739173889,
            0.6656632423400879,
            -0.1749902069568634
         ],
         "19": [
            0.3148958683013916,
            0.6949887871742249,
            -0.16172035038471222
         ],
         "20": [
            0.3199056386947632,
            0.6872522830963135,
            -0.15074168145656586
         ]
      }
   ]
}