{
   "r": [
      {
         "0": [
            0.29642102122306824,
            0.7982035279273987,
            0
         ],
         "1": [
            0.3487735390663147,
            0.717881441116333,
            -0.0066525605507195
         ],
         "2": [
            0.36477118730545044,
            0.6005473732948303,
            -0.010243430733680725
         ],
         "3": [
            0.3375956118106842,
            0.510450005531311,
            -0.018380936235189438
         ],
         "4": [
            0.2977317273616791,
            0.4659259021282196,
            -0.02542228251695633
         ],
         "5": [
            0.33945387601852417,
            0.4930395185947418,
            0.012030765414237976
         ],
         "6": [
            0.33004435896873474,
            0.38487744331359863,
            -0.0011400339426472783
         ],
         "7": [
            0.3212973475456238,
            0.3155106008052826,
            -0.006587762851268053
         ],
         "8": [
            0.31189200282096863,
            0.255351185798645,
            -0.010076037608087063
         ],
         "9": [
            0.3006913661956787,
            0.49729636311531067,
            -0.0006449392531067133
         ],
         "10": [
            0.29744666814804077,
            0.3578483462333679,
            -0.01370470691472292
         ],
         "11": [
            0.3070892095565796,
            0.27634742856025696,
            -0.017862556502223015
         ],
         "12": [
            0.3107420802116394,
            0.21081483364105225,
            -0.019655292853713036
         ],
         "13": [
            0.26740995049476624,
            0.5300610065460205,
            -0.01848893240094185
         ],
         "14": [
            0.2744533121585846,
            0.4461272954940796,
            -0.03639468923211098
         ],
         "15": [
            0.29921430349349976,
            0.5297368168830872,
            -0.027171820402145386
         ],
         "16": [
            0.3067695200443268,
            0.5945063829421997,
            -0.015076257288455963
         ],
         "17": [
            0.23963744938373566,
            0.5768107175827026,
            -0.040239349007606506
         ],
         "18": [
            0.26094555854797363,
            0.5391810536384583,
            -0.05538040027022362
         ],
         "19": [
            0.2827332019805908,
            0.6047126650810242,
            -0.050628576427698135
         ],
         "20": [
            0.2887762188911438,
            0.6566267609596252,
            -0.04155690595507622
         ]
      }
   ]
}