{
   "t": [
      {
         "0": [
            0.266841322183609,
            0.7149695158004761,
            0
         ],
         "1": [
            0.30157381296157837,
            0.7000913619995117,
            -0.026847761124372482
         ],
         "2": [
            0.31654873490333557,
            0.5947450399398804,
            -0.035623714327812195
         ],
         "3": [
            0.29878419637680054,
            0.5085700750350952,
            -0.04329747334122658
         ],
         "4": [
            0.2746029794216156,
            0.46174436807632446,
            -0.05240616202354431
         ],
         "5": [
            0.2952408194541931,
            0.5578017830848694,
            -0.013870996423065662
         ],
         "6": [
            0.2851337194442749,
            0.5037482976913452,
            -0.03641396388411522
         ],
         "7": [
            0.2742350101470947,
            0.4593316614627838,
            -0.05315482243895531
         ],
         "8": [
            0.2622249722480774,
            0.4254555106163025,
            -0.0635528713464737
         ],
         "9": [
            0.26297861337661743,
            0.564032256603241,
            -0.011895367875695229
         ],
         "10": [
            0.2654154300689697,
            0.507384717464447,
            -0.04346384108066559
         ],
         "11": [
            0.2705441415309906,
            0.5350006222724915,
            -0.05831225588917732
         ],
         "12": [
            0.27150264382362366,
            0.5551050901412964,
            -0.06213873624801636
         ],
         "13": [
            0.2340286374092102,
            0.5782877802848816,
            -0.014858810231089592
         ],
         "14": [
            0.2383892983198166,
            0.5303220748901367,
            -0.04957789555191994
         ],
         "15": [
            0.25903111696243286,
            0.603800892829895,
            -0.053196415305137634
         ],
         "16": [
            0.27150875329971313,
            0.6652117967605591,
            -0.04733191430568695
         ],
         "17": [
            0.20548325777053833,
            0.5997545123100281,
            -0.02101445570588112
         ],
         "18": [
            0.2123347520828247,
            0.569689154624939,
            -0.048787642270326614
         ],
         "19": [
            0.2309129685163498,
            0.6248922944068909,
            -0.05307164043188095
         ],
         "20": [
            0.2443310171365738,
            0.6686000227928162,
            -0.04899560287594795
         ]
      }
   ]
}