{
   "t-DGS": [
      {
         "0": [
            0.3358650207519531,
            0.8769823312759399,
            0
         ],
         "1": [
            0.35747915506362915,
            0.6999090909957886,
            -0.01775996945798397
         ],
         "2": [
            0.35393866896629333,
            0.5453172326087952,
            -0.05313128978013992
         ],
         "3": [
            0.3472224473953247,
            0.4439094066619873,
            -0.08753658831119537
         ],
         "4": [
            0.34885770082473755,
            0.3363288938999176,
            -0.11674021184444427
         ],
         "5": [
            0.23549401760101318,
            0.5616667866706848,
            -0.08055149018764496
         ],
         "6": [
            0.3442809283733368,
            0.5116690397262573,
            -0.13279107213020325
         ],
         "7": [
            0.40528082847595215,
            0.5255202054977417,
            -0.1553068459033966
         ],
         "8": [
            0.4389541745185852,
            0.537907063961029,
            -0.16734498739242554
         ],
         "9": [
            0.2250382900238037,
            0.6533182263374329,
            -0.10120952874422073
         ],
         "10": [
            0.35419535636901855,
            0.6201907992362976,
            -0.15619854629039764
         ],
         "11": [
            0.37346187233924866,
            0.6771323084831238,
            -0.15292894840240479
         ],
         "12": [
            0.3527975082397461,
            0.7106246948242188,
            -0.15055103600025177
         ],
         "13": [
            0.23727113008499146,
            0.7489051818847656,
            -0.12238774448633194
         ],
         "14": [
            0.3624802231788635,
            0.7084283828735352,
            -0.16348087787628174
         ],
         "15": [
            0.36538565158843994,
            0.7518062591552734,
            -0.13747255504131317
         ],
         "16": [
            0.3385281562805176,
            0.7724437117576599,
            -0.12008415162563324
         ],
         "17": [
            0.263578325510025,
            0.839646577835083,
            -0.14705848693847656
         ],
         "18": [
            0.3555382788181305,
            0.7937307357788086,
            -0.17403283715248108
         ],
         "19": [
            0.36120912432670593,
            0.8164253830909729,
            -0.1587250828742981
         ],
         "20": [
            0.3385010361671448,
            0.8294363617897034,
            -0.14616677165031433
         ]
      }
   ]
}