{
   "u": [
      {
         "0": [
            0.22609582543373108,
            0.8228667974472046,
            0
         ],
         "1": [
            0.2887226641178131,
            0.7224334478378296,
            -0.022986866533756256
         ],
         "2": [
            0.31589698791503906,
            0.5838097333908081,
            -0.019784176722168922
         ],
         "3": [
            0.28845536708831787,
            0.46782004833221436,
            -0.01769336126744747
         ],
         "4": [
            0.24951748549938202,
            0.39959168434143066,
            -0.014007244259119034
         ],
         "5": [
            0.32053226232528687,
            0.5009031295776367,
            0.032679539173841476
         ],
         "6": [
            0.3295214772224426,
            0.3635435998439789,
            0.023881202563643456
         ],
         "7": [
            0.3324517607688904,
            0.27921855449676514,
            0.015844261273741722
         ],
         "8": [
            0.33328285813331604,
            0.20214325189590454,
            0.00973497424274683
         ],
         "9": [
            0.27966025471687317,
            0.49833691120147705,
            0.03113258071243763
         ],
         "10": [
            0.28935888409614563,
            0.3513219356536865,
            0.01858769729733467
         ],
         "11": [
            0.29981088638305664,
            0.25486233830451965,
            -0.0011655078269541264
         ],
         "12": [
            0.30698972940444946,
            0.17314720153808594,
            -0.015300407074391842
         ],
         "13": [
            0.2404712736606598,
            0.5209106206893921,
            0.021077336743474007
         ],
         "14": [
            0.2460617870092392,
            0.4616389572620392,
            -0.007003622129559517
         ],
         "15": [
            0.25517815351486206,
            0.5633828043937683,
            -0.02326483651995659
         ],
         "16": [
            0.257523775100708,
            0.6314559578895569,
            -0.024678854271769524
         ],
         "17": [
            0.20424529910087585,
            0.5460993647575378,
            0.007058007642626762
         ],
         "18": [
            0.22398105263710022,
            0.5267335176467896,
            -0.0202313419431448
         ],
         "19": [
            0.2367858588695526,
            0.6080060005187988,
            -0.03478243947029114
         ],
         "20": [
            0.2424500286579132,
            0.665145754814148,
            -0.037537965923547745
         ]
      }
   ]
}