{
   "v": [
      {
         "0": [
            0.24064043164253235,
            0.9063302874565125,
            0
         ],
         "1": [
            0.2952699363231659,
            0.8157374262809753,
            -0.028553467243909836
         ],
         "2": [
            0.30872786045074463,
            0.6790629029273987,
            -0.04226451367139816
         ],
         "3": [
            0.26236069202423096,
            0.567724347114563,
            -0.05743018165230751
         ],
         "4": [
            0.22286105155944824,
            0.48689067363739014,
            -0.06955193728208542
         ],
         "5": [
            0.33453667163848877,
            0.5256990194320679,
            -0.0035052073653787374
         ],
         "6": [
            0.3633042871952057,
            0.38711124658584595,
            -0.024943877011537552
         ],
         "7": [
            0.3806479871273041,
            0.2986723482608795,
            -0.03798149898648262
         ],
         "8": [
            0.39345410466194153,
            0.22289443016052246,
            -0.047436460852622986
         ],
         "9": [
            0.279751718044281,
            0.5321379899978638,
            -0.00889602117240429
         ],
         "10": [
            0.2590755224227905,
            0.360561728477478,
            -0.032728735357522964
         ],
         "11": [
            0.2449541687965393,
            0.2611202299594879,
            -0.046062666922807693
         ],
         "12": [
            0.22906309366226196,
            0.1827971339225769,
            -0.053578153252601624
         ],
         "13": [
            0.23556840419769287,
            0.5831873416900635,
            -0.02132081799209118
         ],
         "14": [
            0.22246107459068298,
            0.5277087092399597,
            -0.05258147791028023
         ],
         "15": [
            0.25068551301956177,
            0.623414158821106,
            -0.05101911723613739
         ],
         "16": [
            0.26424044370651245,
            0.6812355518341064,
            -0.04013647884130478
         ],
         "17": [
            0.19914275407791138,
            0.6581704616546631,
            -0.03951691463589668
         ],
         "18": [
            0.19932448863983154,
            0.6129001975059509,
            -0.06728921085596085
         ],
         "19": [
            0.2235911786556244,
            0.6884828805923462,
            -0.06782794743776321
         ],
         "20": [
            0.23973970115184784,
            0.7434466481208801,
            -0.059261906892061234
         ]
      }
   ]
}