{
   "w": [
      {
         "0": [
            0.29791879653930664,
            0.9390043020248413,
            0
         ],
         "1": [
            0.3585638105869293,
            0.8670423030853271,
            -0.020012350752949715
         ],
         "2": [
            0.39178672432899475,
            0.7370579242706299,
            -0.030474018305540085
         ],
         "3": [
            0.35297736525535583,
            0.6235237717628479,
            -0.0451086051762104
         ],
         "4": [
            0.3010499179363251,
            0.559857964515686,
            -0.062123507261276245
         ],
         "5": [
            0.3896551728248596,
            0.5495373010635376,
            0.0014583156444132328
         ],
         "6": [
            0.4257640242576599,
            0.3997582197189331,
            -0.010086988098919392
         ],
         "7": [
            0.4458111822605133,
            0.3069666922092438,
            -0.01816098764538765
         ],
         "8": [
            0.4594208300113678,
            0.22325125336647034,
            -0.02709454856812954
         ],
         "9": [
            0.34086427092552185,
            0.5297815799713135,
            -0.017073679715394974
         ],
         "10": [
            0.34807151556015015,
            0.34947699308395386,
            -0.018616482615470886
         ],
         "11": [
            0.35309016704559326,
            0.23402702808380127,
            -0.026565585285425186
         ],
         "12": [
            0.3571503758430481,
            0.1383151113986969,
            -0.03999531641602516
         ],
         "13": [
            0.29636716842651367,
            0.5506020188331604,
            -0.04258134588599205
         ],
         "14": [
            0.28683242201805115,
            0.3870192766189575,
            -0.06347529590129852
         ],
         "15": [
            0.2857675552368164,
            0.28419628739356995,
            -0.0889829620718956
         ],
         "16": [
            0.28698182106018066,
            0.18324223160743713,
            -0.10861328989267349
         ],
         "17": [
            0.25980594754219055,
            0.6054795980453491,
            -0.07140970975160599
         ],
         "18": [
            0.29004403948783875,
            0.5455273389816284,
            -0.09615331888198853
         ],
         "19": [
            0.31127989292144775,
            0.6187036633491516,
            -0.10732027888298035
         ],
         "20": [
            0.32863450050354004,
            0.6938644647598267,
            -0.11548977345228195
         ]
      }
   ]
}