{
   "x": [
      {
         "0": [
            0.3025878369808197,
            0.7892850637435913,
            0
         ],
         "1": [
            0.3632510006427765,
            0.750382661819458,
            -0.032688695937395096
         ],
         "2": [
            0.4092356860637665,
            0.6322519183158875,
            -0.04541417211294174
         ],
         "3": [
            0.40837955474853516,
            0.5123790502548218,
            -0.05902545899152756
         ],
         "4": [
            0.3699599504470825,
            0.4430748522281647,
            -0.07073549926280975
         ],
         "5": [
            0.3817014694213867,
            0.47517091035842896,
            0.011418359354138374
         ],
         "6": [
            0.38808953762054443,
            0.3690584897994995,
            -0.00808035209774971
         ],
         "7": [
            0.3959334194660187,
            0.29641032218933105,
            -0.022426219657063484
         ],
         "8": [
            0.4013230800628662,
            0.23345118761062622,
            -0.03221338242292404
         ],
         "9": [
            0.3358789086341858,
            0.4705183506011963,
            0.00990059319883585
         ],
         "10": [
            0.33882591128349304,
            0.3780190348625183,
            -0.025148477405309677
         ],
         "11": [
            0.345489501953125,
            0.49887675046920776,
            -0.02771949954330921
         ],
         "12": [
            0.34506842494010925,
            0.5471161007881165,
            -0.015782613307237625
         ],
         "13": [
            0.29284095764160156,
            0.4896317720413208,
            -0.0009492794051766396
         ],
         "14": [
            0.29097843170166016,
            0.4077702760696411,
            -0.03487082198262215
         ],
         "15": [
            0.3070366680622101,
            0.5120387077331543,
            -0.025213291868567467
         ],
         "16": [
            0.30414503812789917,
            0.5531652569770813,
            -0.007653649430721998
         ],
         "17": [
            0.24871721863746643,
            0.5214095115661621,
            -0.017759492620825768
         ],
         "18": [
            0.25390613079071045,
            0.46552640199661255,
            -0.036966532468795776
         ],
         "19": [
            0.2688503861427307,
            0.5305564403533936,
            -0.03221338242292404
         ],
         "20": [
            0.2670706510543823,
            0.5587767958641052,
            -0.020762616768479347
         ]
      }
   ]
}