{
   "a": [
      {
         "0": [
            0.49734118580818176,
            0.19170044362545013,
            0
         ],
         "1": [
            0.48008039593696594,
            0.2753753662109375,
            0.013578128069639206
         ],
         "2": [
            0.4843820631504059,
            0.35031574964523315,
            0.011834989301860332
         ],
         "3": [
            0.4889973998069763,
            0.4043687582015991,
            0.006611692253500223
         ],
         "4": [
            0.4975277781486511,
            0.4005352258682251,
            0.004498519469052553
         ],
         "5": [
            0.5719759464263916,
            0.34018900990486145,
            0.001801242702640593
         ],
         "6": [
            0.5490257143974304,
            0.4413403868675232,
            -0.0018639343325048685
         ],
         "7": [
            0.523381769657135,
            0.42316120862960815,
            0.001079522306099534
         ],
         "8": [
            0.5141718983650208,
            0.3874254822731018,
            0.0026881021913141012
         ],
         "9": [
            0.5716871023178101,
            0.32992130517959595,
            -0.01269738469272852
         ],
         "10": [
            0.544570803642273,
            0.454044371843338,
            -0.01532738283276558
         ],
         "11": [
            0.5178964734077454,
            0.42704111337661743,
            -0.006391506176441908
         ],
         "12": [
            0.5151975750923157,
            0.3855023980140686,
            -0.0014296789886429906
         ],
         "13": [
            0.5643931031227112,
            0.32148924469947815,
            -0.02693607099354267
         ],
         "14": [
            0.5410799980163574,
            0.43573659658432007,
            -0.027107326313853264
         ],
         "15": [
            0.5162611603736877,
            0.4142444133758545,
            -0.014104126952588558
         ],
         "16": [
            0.5128390192985535,
            0.37661510705947876,
            -0.008281434886157513
         ],
         "17": [
            0.5509644746780396,
            0.31592023372650146,
            -0.04078331217169762
         ],
         "18": [
            0.5359947681427002,
            0.3982253074645996,
            -0.039242010563611984
         ],
         "19": [
            0.5187221169471741,
            0.39050137996673584,
            -0.030312253162264824
         ],
         "20": [
            0.5152698159217834,
            0.36963191628456116,
            -0.025321373715996742
         ]
      }
   ]
}