{
   "a": [
      {
         "0": [
            0.4357678294181824,
            0.5974023342132568,
            0
         ],
         "1": [
            0.47478237748146057,
            0.6135979294776917,
            0.011022049002349377
         ],
         "2": [
            0.5038379430770874,
            0.6132273077964783,
            0.009276595897972584
         ],
         "3": [
            0.526089608669281,
            0.622204601764679,
            0.003995935898274183
         ],
         "4": [
            0.5418167114257812,
            0.6291681528091431,
            0.0013279176782816648
         ],
         "5": [
            0.5172680020332336,
            0.502558708190918,
            0.005519884638488293
         ],
         "6": [
            0.5467771291732788,
            0.5697211027145386,
            -0.00162694847676903
         ],
         "7": [
            0.5312818288803101,
            0.5917773842811584,
            -0.0045452662743628025
         ],
         "8": [
            0.5178170204162598,
            0.5884656310081482,
            -0.0063172997906804085
         ],
         "9": [
            0.5140619874000549,
            0.503947913646698,
            -0.007256477605551481
         ],
         "10": [
            0.5422117114067078,
            0.5886289477348328,
            -0.01411424670368433
         ],
         "11": [
            0.5232003331184387,
            0.6048679947853088,
            -0.012058689258992672
         ],
         "12": [
            0.5114424228668213,
            0.5922812223434448,
            -0.01147391740232706
         ],
         "13": [
            0.5096328258514404,
            0.5183790326118469,
            -0.02000625990331173
         ],
         "14": [
            0.5330944657325745,
            0.6031450629234314,
            -0.023780690506100655
         ],
         "15": [
            0.5141307711601257,
            0.6159690022468567,
            -0.017162146046757698
         ],
         "16": [
            0.5021036863327026,
            0.601889967918396,
            -0.014140828512609005
         ],
         "17": [
            0.5042293667793274,
            0.5444872379302979,
            -0.033012986183166504
         ],
         "18": [
            0.5201612114906311,
            0.6085865497589111,
            -0.0329066626727581
         ],
         "19": [
            0.5033916234970093,
            0.6172187924385071,
            -0.027058951556682587
         ],
         "20": [
            0.4910443127155304,
            0.6037464141845703,
            -0.023780690506100655
         ]
      }
   ]
}