{
   "a": [
      {
         "0": [
            0.49658963084220886,
            0.7283328175544739,
            0
         ],
         "1": [
            0.5529488921165466,
            0.7312629818916321,
            -0.049378663301467896
         ],
         "2": [
            0.6150814890861511,
            0.6016128063201904,
            -0.06242208182811737
         ],
         "3": [
            0.6350812315940857,
            0.47764045000076294,
            -0.06845931708812714
         ],
         "4": [
            0.623679518699646,
            0.39825114607810974,
            -0.06901832669973373
         ],
         "5": [
            0.5889876484870911,
            0.4761447310447693,
            -0.026962611824274063
         ],
         "6": [
            0.5895335078239441,
            0.3813328742980957,
            -0.05377615615725517
         ],
         "7": [
            0.5802658796310425,
            0.48829424381256104,
            -0.05575130134820938
         ],
         "8": [
            0.5777591466903687,
            0.520049512386322,
            -0.052583616226911545
         ],
         "9": [
            0.5420191884040833,
            0.4732559621334076,
            -0.011208024807274342
         ],
         "10": [
            0.548366367816925,
            0.3982580304145813,
            -0.04252154752612114
         ],
         "11": [
            0.5452759861946106,
            0.538838267326355,
            -0.034695498645305634
         ],
         "12": [
            0.5457960367202759,
            0.5373544692993164,
            -0.019211094826459885
         ],
         "13": [
            0.5020571351051331,
            0.48285263776779175,
            -0.004357899539172649
         ],
         "14": [
            0.5020177364349365,
            0.4264678955078125,
            -0.03724828362464905
         ],
         "15": [
            0.5065395832061768,
            0.5589402914047241,
            -0.024186227470636368
         ],
         "16": [
            0.5104931592941284,
            0.5647730827331543,
            -0.005781030282378197
         ],
         "17": [
            0.46124184131622314,
            0.49507856369018555,
            -0.0027181555051356554
         ],
         "18": [
            0.4647880494594574,
            0.46726134419441223,
            -0.02344088815152645
         ],
         "19": [
            0.468885600566864,
            0.5489203333854675,
            -0.019211094826459885
         ],
         "20": [
            0.4705982208251953,
            0.5588139891624451,
            -0.007294998504221439
         ]
      }
   ]
}