{
   "b": [
      {
         "0": [
            0.5829564332962036,
            0.7830138206481934,
            0
         ],
         "1": [
            0.6426780819892883,
            0.6907978057861328,
            -0.036729130893945694
         ],
         "2": [
            0.668989896774292,
            0.5490861535072327,
            -0.05211782827973366
         ],
         "3": [
            0.6624127626419067,
            0.41096067428588867,
            -0.06546900421380997
         ],
         "4": [
            0.6618903279304504,
            0.2974330186843872,
            -0.07989256083965302
         ],
         "5": [
            0.6178033351898193,
            0.41264212131500244,
            -0.02655489183962345
         ],
         "6": [
            0.6132500171661377,
            0.25025373697280884,
            -0.04914196953177452
         ],
         "7": [
            0.6050928831100464,
            0.1558973789215088,
            -0.06450385600328445
         ],
         "8": [
            0.5934622883796692,
            0.07491788268089294,
            -0.07490597665309906
         ],
         "9": [
            0.5731385350227356,
            0.41188526153564453,
            -0.029115207493305206
         ],
         "10": [
            0.5659075975418091,
            0.2374781221151352,
            -0.046085670590400696
         ],
         "11": [
            0.5593311786651611,
            0.12957561016082764,
            -0.061447568237781525
         ],
         "12": [
            0.552420973777771,
            0.03719019889831543,
            -0.07463788241147995
         ],
         "13": [
            0.5332817435264587,
            0.44131097197532654,
            -0.03798918053507805
         ],
         "14": [
            0.5241965651512146,
            0.28352242708206177,
            -0.06048242002725601
         ],
         "15": [
            0.5191650390625,
            0.18314087390899658,
            -0.07930275052785873
         ],
         "16": [
            0.5148836374282837,
            0.09308505058288574,
            -0.09302926063537598
         ],
         "17": [
            0.49366453289985657,
            0.49636316299438477,
            -0.05112587288022041
         ],
         "18": [
            0.4837872385978699,
            0.379234254360199,
            -0.07383359223604202
         ],
         "19": [
            0.4789537787437439,
            0.3026505410671234,
            -0.08798904716968536
         ],
         "20": [
            0.4736579954624176,
            0.2283896803855896,
            -0.09774773567914963
         ]
      }
   ]
}