{
   "c": [
      {
         "0": [
            0.583259105682373,
            0.4771832227706909,
            0
         ],
         "1": [
            0.5998965501785278,
            0.4955950081348419,
            -0.0972520262002945
         ],
         "2": [
            0.6033883690834045,
            0.47123056650161743,
            -0.15193884074687958
         ],
         "3": [
            0.5689908862113953,
            0.45925605297088623,
            -0.19081729650497437
         ],
         "4": [
            0.5325609445571899,
            0.4592013955116272,
            -0.22790823876857758
         ],
         "5": [
            0.6076070070266724,
            0.31080830097198486,
            -0.13104723393917084
         ],
         "6": [
            0.5751143097877502,
            0.24376742541790009,
            -0.18534302711486816
         ],
         "7": [
            0.5359789729118347,
            0.2535289525985718,
            -0.2201995998620987
         ],
         "8": [
            0.5041670203208923,
            0.28516775369644165,
            -0.24019740521907806
         ],
         "9": [
            0.571990966796875,
            0.2938013970851898,
            -0.10216768831014633
         ],
         "10": [
            0.5367899537086487,
            0.2223464846611023,
            -0.16121156513690948
         ],
         "11": [
            0.4934994578361511,
            0.24317409098148346,
            -0.19852596521377563
         ],
         "12": [
            0.46344757080078125,
            0.2784576117992401,
            -0.21986442804336548
         ],
         "13": [
            0.5414453148841858,
            0.2957654595375061,
            -0.07898584753274918
         ],
         "14": [
            0.5081136226654053,
            0.23960581421852112,
            -0.12937144935131073
         ],
         "15": [
            0.4716321527957916,
            0.2536323666572571,
            -0.161993607878685
         ],
         "16": [
            0.44790399074554443,
            0.2801334857940674,
            -0.1793101727962494
         ],
         "17": [
            0.5128664970397949,
            0.31172609329223633,
            -0.062283750623464584
         ],
         "18": [
            0.4825524687767029,
            0.27478885650634766,
            -0.09820163995027542
         ],
         "19": [
            0.4571361839771271,
            0.2789229154586792,
            -0.12244482338428497
         ],
         "20": [
            0.4408741593360901,
            0.2884178161621094,
            -0.13786214590072632
         ]
      }
   ]
}