{
   "f": [
      {
         "0": [
            0.6726301312446594,
            0.5598837733268738,
            0
         ],
         "1": [
            0.6987393498420715,
            0.5210408568382263,
            -0.05296924710273743
         ],
         "2": [
            0.7106513977050781,
            0.4615514278411865,
            -0.08142257481813431
         ],
         "3": [
            0.6710622310638428,
            0.42872995138168335,
            -0.10363548994064331
         ],
         "4": [
            0.6272578239440918,
            0.4059775471687317,
            -0.12287677079439163
         ],
         "5": [
            0.6879033446311951,
            0.32267749309539795,
            -0.0548265166580677
         ],
         "6": [
            0.6550273299217224,
            0.2765728235244751,
            -0.08446849882602692
         ],
         "7": [
            0.635231077671051,
            0.3278660178184509,
            -0.09836084395647049
         ],
         "8": [
            0.6228564977645874,
            0.38320448994636536,
            -0.10445268452167511
         ],
         "9": [
            0.6513168811798096,
            0.30295562744140625,
            -0.047620318830013275
         ],
         "10": [
            0.6237592101097107,
            0.1873338520526886,
            -0.06578438729047775
         ],
         "11": [
            0.5994428992271423,
            0.12265917658805847,
            -0.08149686455726624
         ],
         "12": [
            0.5812440514564514,
            0.05932629108428955,
            -0.09717220067977905
         ],
         "13": [
            0.6215150952339172,
            0.3203358054161072,
            -0.04713743180036545
         ],
         "14": [
            0.5956367254257202,
            0.211964949965477,
            -0.0612526535987854
         ],
         "15": [
            0.5755528211593628,
            0.13743028044700623,
            -0.07637081295251846
         ],
         "16": [
            0.5625169277191162,
            0.07114964723587036,
            -0.09093178063631058
         ],
         "17": [
            0.5954214334487915,
            0.36664989590644836,
            -0.05237492546439171
         ],
         "18": [
            0.5672360062599182,
            0.2885674834251404,
            -0.06310992687940598
         ],
         "19": [
            0.5475413799285889,
            0.24351157248020172,
            -0.07247054576873779
         ],
         "20": [
            0.5323862433433533,
            0.20688308775424957,
            -0.08201690018177032
         ]
      }
   ]
}