{
   "h": [
      {
         "0": [
            0.5457881093025208,
            0.5217571258544922,
            0
         ],
         "1": [
            0.5434850454330444,
            0.4562380611896515,
            -0.01526278629899025
         ],
         "2": [
            0.5464426875114441,
            0.4059246778488159,
            -0.04187656566500664
         ],
         "3": [
            0.564659833908081,
            0.3861294388771057,
            -0.06674925237894058
         ],
         "4": [
            0.5852334499359131,
            0.37035876512527466,
            -0.09026525914669037
         ],
         "5": [
            0.5052561163902283,
            0.3938642740249634,
            -0.06801549345254898
         ],
         "6": [
            0.5446708798408508,
            0.36535006761550903,
            -0.10099820047616959
         ],
         "7": [
            0.5744861960411072,
            0.356831431388855,
            -0.1169770136475563
         ],
         "8": [
            0.5970811247825623,
            0.3516117036342621,
            -0.12565983831882477
         ],
         "9": [
            0.5064933896064758,
            0.44513824582099915,
            -0.07639684528112411
         ],
         "10": [
            0.5564721822738647,
            0.41274571418762207,
            -0.11233410984277725
         ],
         "11": [
            0.5874910950660706,
            0.3952094316482544,
            -0.1169167160987854
         ],
         "12": [
            0.6058179140090942,
            0.3795967996120453,
            -0.11860504746437073
         ],
         "13": [
            0.5162864923477173,
            0.4948558807373047,
            -0.08357223868370056
         ],
         "14": [
            0.5629728436470032,
            0.46589747071266174,
            -0.1090177446603775
         ],
         "15": [
            0.575882077217102,
            0.4633510112762451,
            -0.09888778626918793
         ],
         "16": [
            0.5767861604690552,
            0.4679601192474365,
            -0.09092852473258972
         ],
         "17": [
            0.5307762026786804,
            0.534338116645813,
            -0.09213447570800781
         ],
         "18": [
            0.569430410861969,
            0.4973347783088684,
            -0.1090177446603775
         ],
         "19": [
            0.5826242566108704,
            0.48421511054039,
            -0.10208355635404587
         ],
         "20": [
            0.5842978358268738,
            0.4810522198677063,
            -0.09551113098859787
         ]
      }
   ]
}