{
   "h": [
      {
         "0": [
            0.5844827890396118,
            0.6773086786270142,
            0
         ],
         "1": [
            0.578061044216156,
            0.5534402132034302,
            -0.013869592919945717
         ],
         "2": [
            0.6047888398170471,
            0.4642902612686157,
            -0.0591626912355423
         ],
         "3": [
            0.6512777209281921,
            0.4379737675189972,
            -0.10033094882965088
         ],
         "4": [
            0.6715892553329468,
            0.418251633644104,
            -0.1379750818014145
         ],
         "5": [
            0.5680192708969116,
            0.45222944021224976,
            -0.13124719262123108
         ],
         "6": [
            0.6509978771209717,
            0.3931984603404999,
            -0.17300280928611755
         ],
         "7": [
            0.7006434798240662,
            0.3736402988433838,
            -0.18261408805847168
         ],
         "8": [
            0.7390369176864624,
            0.3519154489040375,
            -0.18613821268081665
         ],
         "9": [
            0.5760328769683838,
            0.5398780703544617,
            -0.14502334594726562
         ],
         "10": [
            0.6778714656829834,
            0.44884663820266724,
            -0.19681738317012787
         ],
         "11": [
            0.7304642200469971,
            0.41931015253067017,
            -0.18966233730316162
         ],
         "12": [
            0.7673767805099487,
            0.3988788425922394,
            -0.1802646517753601
         ],
         "13": [
            0.5937821269035339,
            0.6142998933792114,
            -0.151324063539505
         ],
         "14": [
            0.6890885233879089,
            0.5247246623039246,
            -0.17524543404579163
         ],
         "15": [
            0.681911051273346,
            0.5358834266662598,
            -0.13338303565979004
         ],
         "16": [
            0.6556631326675415,
            0.5569705963134766,
            -0.10508318245410919
         ],
         "17": [
            0.6173517107963562,
            0.6619165539741516,
            -0.15879948437213898
         ],
         "18": [
            0.6900712847709656,
            0.5840269923210144,
            -0.1602945774793625
         ],
         "19": [
            0.6821616291999817,
            0.5800533890724182,
            -0.1261211782693863
         ],
         "20": [
            0.6586503982543945,
            0.5903560519218445,
            -0.10209301114082336
         ]
      }
   ]
}