{
   "i": [
      {
         "0": [
            0.5551537275314331,
            0.5958728790283203,
            0
         ],
         "1": [
            0.5779947638511658,
            0.5318610668182373,
            -0.016388101503252983
         ],
         "2": [
            0.5807264447212219,
            0.43568694591522217,
            -0.025362536311149597
         ],
         "3": [
            0.5702241659164429,
            0.36280012130737305,
            -0.03536123037338257
         ],
         "4": [
            0.5514351725578308,
            0.31684520840644836,
            -0.0413360595703125
         ],
         "5": [
            0.5410317778587341,
            0.37931615114212036,
            -0.001520380494184792
         ],
         "6": [
            0.5313873887062073,
            0.3457529544830322,
            -0.019851062446832657
         ],
         "7": [
            0.5404231548309326,
            0.3984149098396301,
            -0.024728475138545036
         ],
         "8": [
            0.5505124926567078,
            0.44740182161331177,
            -0.025264989584684372
         ],
         "9": [
            0.5157111883163452,
            0.4065781831741333,
            -0.00429212162271142
         ],
         "10": [
            0.5087753534317017,
            0.3704518675804138,
            -0.03343465179204941
         ],
         "11": [
            0.5282571315765381,
            0.4439750611782074,
            -0.04148238152265549
         ],
         "12": [
            0.5402312278747559,
            0.4778999090194702,
            -0.03862909600138664
         ],
         "13": [
            0.4936669170856476,
            0.43786677718162537,
            -0.011358270421624184
         ],
         "14": [
            0.4934907555580139,
            0.4135109782218933,
            -0.036556195467710495
         ],
         "15": [
            0.5172399878501892,
            0.4768963158130646,
            -0.03541000559926033
         ],
         "16": [
            0.5338490605354309,
            0.5247621536254883,
            -0.02667943947017193
         ],
         "17": [
            0.47210755944252014,
            0.47535574436187744,
            -0.02119235135614872
         ],
         "18": [
            0.4434228539466858,
            0.40994951128959656,
            -0.03897051513195038
         ],
         "19": [
            0.4251464307308197,
            0.3703247308731079,
            -0.04518921300768852
         ],
         "20": [
            0.4098535180091858,
            0.3329581022262573,
            -0.043921083211898804
         ]
      }
   ]
}