{
   "i": [
      {
         "0": [
            0.7099718451499939,
            0.6262578368186951,
            0
         ],
         "1": [
            0.747475266456604,
            0.5827555060386658,
            -0.021321097388863564
         ],
         "2": [
            0.7702997326850891,
            0.4872147738933563,
            -0.03472734987735748
         ],
         "3": [
            0.7728135585784912,
            0.40780162811279297,
            -0.04831406846642494
         ],
         "4": [
            0.7633763551712036,
            0.3577747642993927,
            -0.057440631091594696
         ],
         "5": [
            0.7382776141166687,
            0.3982788920402527,
            -0.014205471612513065
         ],
         "6": [
            0.736104428768158,
            0.37258827686309814,
            -0.04034765809774399
         ],
         "7": [
            0.7346237897872925,
            0.4378458857536316,
            -0.04653516411781311
         ],
         "8": [
            0.7331632375717163,
            0.4878389239311218,
            -0.047540631145238876
         ],
         "9": [
            0.7056248784065247,
            0.40830135345458984,
            -0.017930861562490463
         ],
         "10": [
            0.703092098236084,
            0.3811662197113037,
            -0.058007821440696716
         ],
         "11": [
            0.7115981578826904,
            0.47880393266677856,
            -0.06326720118522644
         ],
         "12": [
            0.7170304656028748,
            0.5023772716522217,
            -0.05666719749569893
         ],
         "13": [
            0.6747819185256958,
            0.4261327385902405,
            -0.026915626600384712
         ],
         "14": [
            0.6738860607147217,
            0.41048669815063477,
            -0.0616687573492527
         ],
         "15": [
            0.6932531595230103,
            0.5022901296615601,
            -0.055429693311452866
         ],
         "16": [
            0.7057676911354065,
            0.5534402132034302,
            -0.04130157083272934
         ],
         "17": [
            0.6445915102958679,
            0.4517006278038025,
            -0.03921328857541084
         ],
         "18": [
            0.6241320967674255,
            0.3731760084629059,
            -0.06393750756978989
         ],
         "19": [
            0.6082779169082642,
            0.33236706256866455,
            -0.06997032463550568
         ],
         "20": [
            0.5931864976882935,
            0.2823731303215027,
            -0.06703125685453415
         ]
      }
   ]
}