{
   "l": [
      {
         "0": [
            0.5288779139518738,
            0.6429342031478882,
            0
         ],
         "1": [
            0.5690265893936157,
            0.5828577280044556,
            -0.020238766446709633
         ],
         "2": [
            0.5923970341682434,
            0.5177077651023865,
            -0.03173220157623291
         ],
         "3": [
            0.615116536617279,
            0.4549270570278168,
            -0.04460727795958519
         ],
         "4": [
            0.6393221616744995,
            0.40855106711387634,
            -0.05663210526108742
         ],
         "5": [
            0.5455690026283264,
            0.41873979568481445,
            0.0006239211070351303
         ],
         "6": [
            0.5397630929946899,
            0.3289710283279419,
            -0.01682262122631073
         ],
         "7": [
            0.5337098836898804,
            0.2756075859069824,
            -0.0306845810264349
         ],
         "8": [
            0.5287700891494751,
            0.22474129498004913,
            -0.039779119193553925
         ],
         "9": [
            0.5177682042121887,
            0.42807522416114807,
            -0.0016350053483620286
         ],
         "10": [
            0.5016781091690063,
            0.36438995599746704,
            -0.027799837291240692
         ],
         "11": [
            0.5073635578155518,
            0.4359550178050995,
            -0.03306829184293747
         ],
         "12": [
            0.5143884420394897,
            0.4750041365623474,
            -0.027723923325538635
         ],
         "13": [
            0.4923003315925598,
            0.44967642426490784,
            -0.00925395917147398
         ],
         "14": [
            0.47778835892677307,
            0.3916186988353729,
            -0.031671468168497086
         ],
         "15": [
            0.48785877227783203,
            0.4594724476337433,
            -0.02676740288734436
         ],
         "16": [
            0.49609601497650146,
            0.48859143257141113,
            -0.017095912247896194
         ],
         "17": [
            0.47373446822166443,
            0.4867428243160248,
            -0.020679069682955742
         ],
         "18": [
            0.45814454555511475,
            0.4321698546409607,
            -0.03115524910390377
         ],
         "19": [
            0.4697125554084778,
            0.4721665382385254,
            -0.0267370343208313
         ],
         "20": [
            0.47742611169815063,
            0.4953015148639679,
            -0.019570719450712204
         ]
      }
   ]
}