{
   "l": [
      {
         "0": [
            0.6308852434158325,
            0.8285855054855347,
            0
         ],
         "1": [
            0.6774534583091736,
            0.739153265953064,
            -0.04112035036087036
         ],
         "2": [
            0.7167436480522156,
            0.6392738819122314,
            -0.0675618052482605
         ],
         "3": [
            0.7648276686668396,
            0.5569990277290344,
            -0.09361441433429718
         ],
         "4": [
            0.8180084228515625,
            0.4991297423839569,
            -0.11752837896347046
         ],
         "5": [
            0.6447082757949829,
            0.4636721611022949,
            -0.01650160737335682
         ],
         "6": [
            0.6335038542747498,
            0.3296509385108948,
            -0.043429117649793625
         ],
         "7": [
            0.6226919889450073,
            0.2495749294757843,
            -0.06216658279299736
         ],
         "8": [
            0.6127382516860962,
            0.16844382882118225,
            -0.07509567588567734
         ],
         "9": [
            0.6024662256240845,
            0.49726659059524536,
            -0.015079892240464687
         ],
         "10": [
            0.5812366604804993,
            0.42639097571372986,
            -0.050841476768255234
         ],
         "11": [
            0.6018378138542175,
            0.5443481206893921,
            -0.05152195319533348
         ],
         "12": [
            0.6152021288871765,
            0.5797882676124573,
            -0.040609993040561676
         ],
         "13": [
            0.5645995140075684,
            0.5384119153022766,
            -0.02228567562997341
         ],
         "14": [
            0.5409468412399292,
            0.48043882846832275,
            -0.05716020613908768
         ],
         "15": [
            0.5658846497535706,
            0.585847020149231,
            -0.050112392753362656
         ],
         "16": [
            0.5783302783966064,
            0.6019686460494995,
            -0.036429908126592636
         ],
         "17": [
            0.5387388467788696,
            0.5941143035888672,
            -0.03540918976068497
         ],
         "18": [
            0.5104538798332214,
            0.5440168976783752,
            -0.056042272597551346
         ],
         "19": [
            0.5371953845024109,
            0.6081907153129578,
            -0.05176497623324394
         ],
         "20": [
            0.5536206364631653,
            0.6308461427688599,
            -0.04235979542136192
         ]
      }
   ]
}