{
   "m-DGS": [
      {
         "0": [
            0.626009464263916,
            0.5643566846847534,
            0
         ],
         "1": [
            0.6634266972541809,
            0.5435561537742615,
            -0.04354841262102127
         ],
         "2": [
            0.6861165761947632,
            0.5130085349082947,
            -0.08108547329902649
         ],
         "3": [
            0.6704040765762329,
            0.510948896408081,
            -0.11236260086297989
         ],
         "4": [
            0.6443048119544983,
            0.5149123072624207,
            -0.13930068910121918
         ],
         "5": [
            0.6496330499649048,
            0.3380545377731323,
            -0.07756002247333527
         ],
         "6": [
            0.6561923027038574,
            0.37964922189712524,
            -0.11706320941448212
         ],
         "7": [
            0.6587685346603394,
            0.4516153633594513,
            -0.1331537514925003
         ],
         "8": [
            0.658111035823822,
            0.4906439781188965,
            -0.14137980341911316
         ],
         "9": [
            0.6028507947921753,
            0.3476096987724304,
            -0.07588769495487213
         ],
         "10": [
            0.6083500385284424,
            0.43453529477119446,
            -0.11787677556276321
         ],
         "11": [
            0.6243531107902527,
            0.5112022757530212,
            -0.11823835968971252
         ],
         "12": [
            0.6338335275650024,
            0.5201787352561951,
            -0.11534567922353745
         ],
         "13": [
            0.5675554275512695,
            0.39138540625572205,
            -0.07778602093458176
         ],
         "14": [
            0.5831098556518555,
            0.49507999420166016,
            -0.11100666224956512
         ],
         "15": [
            0.6069877743721008,
            0.5511437058448792,
            -0.10377494990825653
         ],
         "16": [
            0.6241088509559631,
            0.5479879975318909,
            -0.09563928097486496
         ],
         "17": [
            0.5441123247146606,
            0.4485437572002411,
            -0.08415895700454712
         ],
         "18": [
            0.5591290593147278,
            0.5342092514038086,
            -0.10196702182292938
         ],
         "19": [
            0.5844172239303589,
            0.5748336315155029,
            -0.0998879075050354
         ],
         "20": [
            0.6047741770744324,
            0.5689636468887329,
            -0.09618166089057922
         ]
      }
   ]
}