{
   "n": [
      {
         "0": [
            0.6469300985336304,
            0.7381168603897095,
            0
         ],
         "1": [
            0.6811052560806274,
            0.6921105980873108,
            -0.02419450506567955
         ],
         "2": [
            0.6890984177589417,
            0.6042282581329346,
            -0.031710121780633926
         ],
         "3": [
            0.6630270481109619,
            0.5433394908905029,
            -0.03783824294805527
         ],
         "4": [
            0.6409241557121277,
            0.5118486881256104,
            -0.03965933620929718
         ],
         "5": [
            0.6687635779380798,
            0.5182672739028931,
            -0.012812682427465916
         ],
         "6": [
            0.6574809551239014,
            0.4418613612651825,
            -0.03332887217402458
         ],
         "7": [
            0.6582292914390564,
            0.5087945461273193,
            -0.035959336906671524
         ],
         "8": [
            0.6582373976707458,
            0.5687490701675415,
            -0.03321324661374092
         ],
         "9": [
            0.6345883011817932,
            0.5290929079055786,
            -0.010391785763204098
         ],
         "10": [
            0.6202288269996643,
            0.4507230818271637,
            -0.034600745886564255
         ],
         "11": [
            0.6309040188789368,
            0.5244225859642029,
            -0.03419606015086174
         ],
         "12": [
            0.6392287015914917,
            0.5747303366661072,
            -0.02643473632633686
         ],
         "13": [
            0.607114315032959,
            0.5559771656990051,
            -0.013455845415592194
         ],
         "14": [
            0.6009365320205688,
            0.5375186800956726,
            -0.036508556455373764
         ],
         "15": [
            0.6206771731376648,
            0.6087137460708618,
            -0.03341558948159218
         ],
         "16": [
            0.6317313313484192,
            0.6385805606842041,
            -0.023283960297703743
         ],
         "17": [
            0.5817711353302002,
            0.5950584411621094,
            -0.019916385412216187
         ],
         "18": [
            0.5810935497283936,
            0.5804716348648071,
            -0.03384918347001076
         ],
         "19": [
            0.5996865630149841,
            0.6264224648475647,
            -0.034224964678287506
         ],
         "20": [
            0.6127602458000183,
            0.6470330357551575,
            -0.028284737840294838
         ]
      }
   ]
}