{
   "n-DGS": [
      {
         "0": [
            0.6168251037597656,
            0.22773019969463348,
            0
         ],
         "1": [
            0.66266268491745,
            0.30335867404937744,
            -0.029307475313544273
         ],
         "2": [
            0.6723667979240417,
            0.41548675298690796,
            -0.05693191662430763
         ],
         "3": [
            0.6452996134757996,
            0.4941008687019348,
            -0.07314731925725937
         ],
         "4": [
            0.6187286376953125,
            0.5428647994995117,
            -0.08874776214361191
         ],
         "5": [
            0.6467460989952087,
            0.35765472054481506,
            -0.1314709633588791
         ],
         "6": [
            0.6458498239517212,
            0.5362915992736816,
            -0.16286605596542358
         ],
         "7": [
            0.6442305445671082,
            0.6292851567268372,
            -0.1642901599407196
         ],
         "8": [
            0.639812171459198,
            0.7025988101959229,
            -0.16170088946819305
         ],
         "9": [
            0.5946588516235352,
            0.35430043935775757,
            -0.12266739457845688
         ],
         "10": [
            0.603935718536377,
            0.5486671328544617,
            -0.1532856971025467
         ],
         "11": [
            0.6079126596450806,
            0.6582421064376831,
            -0.14292855560779572
         ],
         "12": [
            0.6086723804473877,
            0.7338349223136902,
            -0.13451337814331055
         ],
         "13": [
            0.5542311668395996,
            0.36180779337882996,
            -0.10803793370723724
         ],
         "14": [
            0.5634704828262329,
            0.5442504286766052,
            -0.12519194185733795
         ],
         "15": [
            0.5842317342758179,
            0.5505520105361938,
            -0.09748659282922745
         ],
         "16": [
            0.5984811186790466,
            0.524488627910614,
            -0.07852008193731308
         ],
         "17": [
            0.5234867930412292,
            0.37576961517333984,
            -0.094638392329216
         ],
         "18": [
            0.5367985963821411,
            0.5213321447372437,
            -0.10370089113712311
         ],
         "19": [
            0.5579884648323059,
            0.5357497334480286,
            -0.08822990208864212
         ],
         "20": [
            0.5718483924865723,
            0.5216231942176819,
            -0.07567186653614044
         ]
      }
   ]
}