{
   "n-DGS": [
      {
         "0": [
            0.5325824022293091,
            0.24114318192005157,
            0
         ],
         "1": [
            0.5851974487304688,
            0.32682663202285767,
            -0.0604349747300148
         ],
         "2": [
            0.5800478458404541,
            0.43609559535980225,
            -0.10195519775152206
         ],
         "3": [
            0.5304281711578369,
            0.5092874765396118,
            -0.12386862933635712
         ],
         "4": [
            0.48902323842048645,
            0.5485119223594666,
            -0.14339850842952728
         ],
         "5": [
            0.5133042335510254,
            0.34406018257141113,
            -0.16900265216827393
         ],
         "6": [
            0.5114580988883972,
            0.5585905313491821,
            -0.20283393561840057
         ],
         "7": [
            0.513443112373352,
            0.6808916330337524,
            -0.2069859653711319
         ],
         "8": [
            0.5094104409217834,
            0.7800725698471069,
            -0.2088312953710556
         ],
         "9": [
            0.4563468098640442,
            0.3482127785682678,
            -0.1473967581987381
         ],
         "10": [
            0.4646127223968506,
            0.5922935009002686,
            -0.1868409514427185
         ],
         "11": [
            0.4796409010887146,
            0.7376291751861572,
            -0.18530316650867462
         ],
         "12": [
            0.4885234534740448,
            0.839823842048645,
            -0.18576450645923615
         ],
         "13": [
            0.4209415316581726,
            0.36899614334106445,
            -0.11871704459190369
         ],
         "14": [
            0.43096843361854553,
            0.5895822644233704,
            -0.14624342322349548
         ],
         "15": [
            0.4554899334907532,
            0.6995676755905151,
            -0.1391696035861969
         ],
         "16": [
            0.46889108419418335,
            0.7717289924621582,
            -0.1364784687757492
         ],
         "17": [
            0.3997940421104431,
            0.40142080187797546,
            -0.09172891825437546
         ],
         "18": [
            0.41023746132850647,
            0.5615841150283813,
            -0.10918278247117996
         ],
         "19": [
            0.4351998567581177,
            0.6137085556983948,
            -0.10579965263605118
         ],
         "20": [
            0.44952040910720825,
            0.6385390758514404,
            -0.10403120517730713
         ]
      }
   ]
}