{
   "n-DGS": [
      {
         "0": [
            0.6606927514076233,
            0.3089393973350525,
            0
         ],
         "1": [
            0.710940420627594,
            0.3495482802391052,
            -0.004714563023298979
         ],
         "2": [
            0.7350819706916809,
            0.4307590126991272,
            -0.028859451413154602
         ],
         "3": [
            0.7224437594413757,
            0.5162924528121948,
            -0.05225391313433647
         ],
         "4": [
            0.7140716314315796,
            0.567744791507721,
            -0.07457153499126434
         ],
         "5": [
            0.7521091103553772,
            0.4017716646194458,
            -0.07306394726037979
         ],
         "6": [
            0.7495794296264648,
            0.5433645248413086,
            -0.09987739473581314
         ],
         "7": [
            0.7405652403831482,
            0.6241985559463501,
            -0.10994590073823929
         ],
         "8": [
            0.7353007793426514,
            0.6868787407875061,
            -0.1159762367606163
         ],
         "9": [
            0.7110964059829712,
            0.38704776763916016,
            -0.08636298775672913
         ],
         "10": [
            0.7159701585769653,
            0.5521878004074097,
            -0.11952982097864151
         ],
         "11": [
            0.7147979736328125,
            0.6434131860733032,
            -0.12512941658496857
         ],
         "12": [
            0.7128109335899353,
            0.7089043259620667,
            -0.1277138590812683
         ],
         "13": [
            0.6696509718894958,
            0.3856961131095886,
            -0.0946008563041687
         ],
         "14": [
            0.6764941215515137,
            0.5447055697441101,
            -0.11048431694507599
         ],
         "15": [
            0.6786023378372192,
            0.53693687915802,
            -0.09163952618837357
         ],
         "16": [
            0.6820278763771057,
            0.5010841488838196,
            -0.08065570890903473
         ],
         "17": [
            0.6339674592018127,
            0.3967559039592743,
            -0.10348483175039291
         ],
         "18": [
            0.6457718014717102,
            0.5203239917755127,
            -0.1061769425868988
         ],
         "19": [
            0.6516117453575134,
            0.5107198357582092,
            -0.08830131590366364
         ],
         "20": [
            0.655430793762207,
            0.47136422991752625,
            -0.07726364582777023
         ]
      }
   ]
}