{
   "q": [
      {
         "0": [
            0.5998647809028625,
            0.5474870204925537,
            0
         ],
         "1": [
            0.6310802102088928,
            0.563346803188324,
            -0.02752257138490677
         ],
         "2": [
            0.6579037308692932,
            0.5721433758735657,
            -0.06149536743760109
         ],
         "3": [
            0.6673105359077454,
            0.6099728345870972,
            -0.09350399672985077
         ],
         "4": [
            0.6880128383636475,
            0.6524068117141724,
            -0.12260275334119797
         ],
         "5": [
            0.6710609197616577,
            0.40805989503860474,
            -0.07512328773736954
         ],
         "6": [
            0.6882379055023193,
            0.5039950609207153,
            -0.11697699874639511
         ],
         "7": [
            0.6863933205604553,
            0.590307354927063,
            -0.13530921936035156
         ],
         "8": [
            0.681261420249939,
            0.6419974565505981,
            -0.14471781253814697
         ],
         "9": [
            0.6295481324195862,
            0.38914722204208374,
            -0.08336792886257172
         ],
         "10": [
            0.6392796635627747,
            0.48187291622161865,
            -0.12667657434940338
         ],
         "11": [
            0.6359695196151733,
            0.5574780106544495,
            -0.12822851538658142
         ],
         "12": [
            0.6324743628501892,
            0.571648120880127,
            -0.12687057256698608
         ],
         "13": [
            0.5887793302536011,
            0.4055143892765045,
            -0.0928250327706337
         ],
         "14": [
            0.594068706035614,
            0.4831846356391907,
            -0.12628860771656036
         ],
         "15": [
            0.595724880695343,
            0.5447190403938293,
            -0.11532806605100632
         ],
         "16": [
            0.5970637798309326,
            0.5544572472572327,
            -0.10514350235462189
         ],
         "17": [
            0.5549287796020508,
            0.4428666830062866,
            -0.10524050146341324
         ],
         "18": [
            0.5552595853805542,
            0.5032202005386353,
            -0.12357271462678909
         ],
         "19": [
            0.56092369556427,
            0.5426740050315857,
            -0.11765597015619278
         ],
         "20": [
            0.5654968619346619,
            0.5504478812217712,
            -0.11164223402738571
         ]
      }
   ]
}