{
   "r": [
      {
         "0": [
            0.5782235264778137,
            0.5856371521949768,
            0
         ],
         "1": [
            0.5962713956832886,
            0.5315333008766174,
            -0.011442997492849827
         ],
         "2": [
            0.5933451056480408,
            0.467887818813324,
            -0.01485371869057417
         ],
         "3": [
            0.564676821231842,
            0.43307897448539734,
            -0.019948819652199745
         ],
         "4": [
            0.5403052568435669,
            0.43821898102760315,
            -0.02424069307744503
         ],
         "5": [
            0.5685669779777527,
            0.4099527597427368,
            0.0064857639372348785
         ],
         "6": [
            0.5466586351394653,
            0.34737592935562134,
            -0.0010370028903707862
         ],
         "7": [
            0.5300882458686829,
            0.3086148500442505,
            -0.007408876437693834
         ],
         "8": [
            0.5145241618156433,
            0.275439590215683,
            -0.012156311422586441
         ],
         "9": [
            0.5480138063430786,
            0.42108258605003357,
            0.0028742365539073944
         ],
         "10": [
            0.5354030132293701,
            0.3542144298553467,
            -0.003308818442746997
         ],
         "11": [
            0.5269085168838501,
            0.31243056058883667,
            -0.010286109521985054
         ],
         "12": [
            0.5192712545394897,
            0.275851845741272,
            -0.015848761424422264
         ],
         "13": [
            0.5324141979217529,
            0.4462927281856537,
            -0.004387781023979187
         ],
         "14": [
            0.5176640748977661,
            0.4019835591316223,
            -0.014290260151028633
         ],
         "15": [
            0.5320907831192017,
            0.4328702986240387,
            -0.014649913646280766
         ],
         "16": [
            0.5467366576194763,
            0.46363216638565063,
            -0.012444035150110722
         ],
         "17": [
            0.5171958804130554,
            0.4798794686794281,
            -0.014374179765582085
         ],
         "18": [
            0.5040360689163208,
            0.43724286556243896,
            -0.02367723360657692
         ],
         "19": [
            0.5150545239448547,
            0.4478699266910553,
            -0.024036888033151627
         ],
         "20": [
            0.5289567708969116,
            0.4700319468975067,
            -0.02171112410724163
         ]
      }
   ]
}