{
   "r": [
      {
         "0": [
            0.5563422441482544,
            0.7985081672668457,
            0
         ],
         "1": [
            0.5753335952758789,
            0.7542070746421814,
            -0.02747655287384987
         ],
         "2": [
            0.5850265622138977,
            0.6875137090682983,
            -0.034629665315151215
         ],
         "3": [
            0.5690509676933289,
            0.614618718624115,
            -0.04027847945690155
         ],
         "4": [
            0.549860417842865,
            0.5587258338928223,
            -0.04454578831791878
         ],
         "5": [
            0.6051891446113586,
            0.5984983444213867,
            -0.005433910526335239
         ],
         "6": [
            0.6032813191413879,
            0.5076599717140198,
            -0.01409900188446045
         ],
         "7": [
            0.6028098464012146,
            0.44287899136543274,
            -0.02201194316148758
         ],
         "8": [
            0.6023961305618286,
            0.3903445601463318,
            -0.02773750200867653
         ],
         "9": [
            0.5800203680992126,
            0.5855233073234558,
            -0.00012327992590144277
         ],
         "10": [
            0.5936552882194519,
            0.4922838807106018,
            -0.00896441750228405
         ],
         "11": [
            0.5988779664039612,
            0.43962496519088745,
            -0.01904938742518425
         ],
         "12": [
            0.605343222618103,
            0.4044739305973053,
            -0.02531219646334648
         ],
         "13": [
            0.5566406846046448,
            0.5905280709266663,
            0.0005684308125637472
         ],
         "14": [
            0.55046147108078,
            0.5230787396430969,
            -0.01166602224111557
         ],
         "15": [
            0.5395166277885437,
            0.5477216243743896,
            -0.017376234754920006
         ],
         "16": [
            0.5366033315658569,
            0.5833969712257385,
            -0.017176683992147446
         ],
         "17": [
            0.5338499546051025,
            0.607531726360321,
            -0.0026709050871431828
         ],
         "18": [
            0.5245659947395325,
            0.5510578155517578,
            -0.013070550747215748
         ],
         "19": [
            0.5194980502128601,
            0.5616565346717834,
            -0.017652535811066628
         ],
         "20": [
            0.5208835601806641,
            0.5864457488059998,
            -0.017422283068299294
         ]
      }
   ]
}