{
   "s": [
      {
         "0": [
            0.639449954032898,
            0.8620690107345581,
            0
         ],
         "1": [
            0.6838957071304321,
            0.7951390743255615,
            -0.016445323824882507
         ],
         "2": [
            0.708389401435852,
            0.7002362012863159,
            -0.020675053820014
         ],
         "3": [
            0.6869762539863586,
            0.6171162128448486,
            -0.025786656886339188
         ],
         "4": [
            0.6478146314620972,
            0.6100970506668091,
            -0.02648889273405075
         ],
         "5": [
            0.6913676857948303,
            0.6224845051765442,
            0.006128210108727217
         ],
         "6": [
            0.6963788866996765,
            0.5420634746551514,
            -0.007524510379880667
         ],
         "7": [
            0.6947464942932129,
            0.6177878379821777,
            -0.007932786829769611
         ],
         "8": [
            0.6883732080459595,
            0.6491087675094604,
            -0.005609700921922922
         ],
         "9": [
            0.6588312387466431,
            0.6242809295654297,
            0.004413454793393612
         ],
         "10": [
            0.6604862213134766,
            0.5530773401260376,
            -0.00863910187035799
         ],
         "11": [
            0.6661742329597473,
            0.6357428431510925,
            -0.00342542864382267
         ],
         "12": [
            0.6636990308761597,
            0.649345338344574,
            0.004752323031425476
         ],
         "13": [
            0.6291834115982056,
            0.6436275839805603,
            -0.003133511869236827
         ],
         "14": [
            0.6277492642402649,
            0.5869832038879395,
            -0.017261873930692673
         ],
         "15": [
            0.6407119035720825,
            0.6639741063117981,
            -0.006981505546718836
         ],
         "16": [
            0.6413522958755493,
            0.6889830231666565,
            0.00475640594959259
         ],
         "17": [
            0.599249005317688,
            0.6709824204444885,
            -0.014020169153809547
         ],
         "18": [
            0.6045109033584595,
            0.6235495805740356,
            -0.020773040130734444
         ],
         "19": [
            0.6176478266716003,
            0.673502504825592,
            -0.013824197463691235
         ],
         "20": [
            0.6189189553260803,
            0.7009453773498535,
            -0.004319550935178995
         ]
      }
   ]
}