{
   "sch": [
      {
         "0": [
            0.5927954912185669,
            0.865746259689331,
            0
         ],
         "1": [
            0.6440239548683167,
            0.8000990152359009,
            -0.02153029851615429
         ],
         "2": [
            0.6847633719444275,
            0.7086171507835388,
            -0.03271101042628288
         ],
         "3": [
            0.7174240350723267,
            0.6386277675628662,
            -0.04444582015275955
         ],
         "4": [
            0.7554012537002563,
            0.6020816564559937,
            -0.05639829859137535
         ],
         "5": [
            0.618746280670166,
            0.5864688158035278,
            -0.009785600006580353
         ],
         "6": [
            0.6252478957176208,
            0.47557884454727173,
            -0.026754559949040413
         ],
         "7": [
            0.6265355348587036,
            0.40502220392227173,
            -0.04096297547221184
         ],
         "8": [
            0.627001941204071,
            0.34302493929862976,
            -0.051253192126750946
         ],
         "9": [
            0.5841971635818481,
            0.5858268737792969,
            -0.015920152887701988
         ],
         "10": [
            0.582636296749115,
            0.46303069591522217,
            -0.029247958213090897
         ],
         "11": [
            0.5809540748596191,
            0.38436418771743774,
            -0.04369384050369263
         ],
         "12": [
            0.5776208639144897,
            0.31582218408584595,
            -0.05592336505651474
         ],
         "13": [
            0.5540292263031006,
            0.6072307825088501,
            -0.02679413929581642
         ],
         "14": [
            0.5443136692047119,
            0.49713557958602905,
            -0.044841594994068146
         ],
         "15": [
            0.5394303202629089,
            0.4278748333454132,
            -0.06134551391005516
         ],
         "16": [
            0.5358613729476929,
            0.3665817081928253,
            -0.07278348505496979
         ],
         "17": [
            0.5269703269004822,
            0.6472209692001343,
            -0.0408046655356884
         ],
         "18": [
            0.5071164965629578,
            0.5730786323547363,
            -0.05750647187232971
         ],
         "19": [
            0.49441975355148315,
            0.5256173014640808,
            -0.06890486925840378
         ],
         "20": [
            0.48424625396728516,
            0.47943639755249023,
            -0.07705788314342499
         ]
      }
   ]
}