{
   "t": [
      {
         "0": [
            0.46951961517333984,
            0.7549287676811218,
            0
         ],
         "1": [
            0.501274824142456,
            0.7120600938796997,
            -0.0363253653049469
         ],
         "2": [
            0.509010374546051,
            0.6025530695915222,
            -0.041378576308488846
         ],
         "3": [
            0.48478877544403076,
            0.5115782022476196,
            -0.043255485594272614
         ],
         "4": [
            0.4709375500679016,
            0.4601554870605469,
            -0.0423603393137455
         ],
         "5": [
            0.5077236890792847,
            0.5415024161338806,
            0.0003424452734179795
         ],
         "6": [
            0.500166118144989,
            0.4593803286552429,
            -0.019909650087356567
         ],
         "7": [
            0.4812277555465698,
            0.45861390233039856,
            -0.029279746115207672
         ],
         "8": [
            0.4674595892429352,
            0.48855239152908325,
            -0.03135877847671509
         ],
         "9": [
            0.4733593761920929,
            0.560224175453186,
            0.012409240938723087
         ],
         "10": [
            0.4552697241306305,
            0.5029682517051697,
            -0.016054771840572357
         ],
         "11": [
            0.4583801329135895,
            0.5805599689483643,
            -0.023490210995078087
         ],
         "12": [
            0.46925055980682373,
            0.6230994462966919,
            -0.01816268265247345
         ],
         "13": [
            0.4467136561870575,
            0.581528902053833,
            0.016401277855038643
         ],
         "14": [
            0.4260658621788025,
            0.5377666354179382,
            -0.012293740175664425
         ],
         "15": [
            0.4411858916282654,
            0.61079341173172,
            -0.013239412568509579
         ],
         "16": [
            0.4557301700115204,
            0.6496007442474365,
            -0.003941504284739494
         ],
         "17": [
            0.4250541925430298,
            0.6082170009613037,
            0.0159970223903656
         ],
         "18": [
            0.40914788842201233,
            0.5731111168861389,
            -0.0025284099392592907
         ],
         "19": [
            0.4200468063354492,
            0.6241987347602844,
            -0.0046236878260970116
         ],
         "20": [
            0.43080317974090576,
            0.6527613401412964,
            0.0019364625914022326
         ]
      }
   ]
}