{
   "w": [
      {
         "0": [
            0.5747137069702148,
            0.8509291410446167,
            0
         ],
         "1": [
            0.6162387728691101,
            0.7648754119873047,
            -0.02867690846323967
         ],
         "2": [
            0.6245431900024414,
            0.6372266411781311,
            -0.03468675538897514
         ],
         "3": [
            0.5724180936813354,
            0.5514660477638245,
            -0.04126446321606636
         ],
         "4": [
            0.5224916338920593,
            0.5531005859375,
            -0.048977889120578766
         ],
         "5": [
            0.5920068621635437,
            0.5146611332893372,
            0.004516257904469967
         ],
         "6": [
            0.6007838249206543,
            0.38501107692718506,
            -0.004519216250628233
         ],
         "7": [
            0.6021709442138672,
            0.29873472452163696,
            -0.01352215651422739
         ],
         "8": [
            0.6023977994918823,
            0.22220316529273987,
            -0.0209516528993845
         ],
         "9": [
            0.5498348474502563,
            0.5181353688240051,
            0.00131761166267097
         ],
         "10": [
            0.5377112030982971,
            0.37296003103256226,
            0.0036023592110723257
         ],
         "11": [
            0.525574803352356,
            0.2741650342941284,
            -0.004885958507657051
         ],
         "12": [
            0.518012285232544,
            0.19085177779197693,
            -0.017307886853814125
         ],
         "13": [
            0.5162370204925537,
            0.5531045198440552,
            -0.009133074432611465
         ],
         "14": [
            0.4994647204875946,
            0.4268400967121124,
            -0.02147218957543373
         ],
         "15": [
            0.5007983446121216,
            0.3575262427330017,
            -0.03958454728126526
         ],
         "16": [
            0.5051776766777039,
            0.292567640542984,
            -0.05333147943019867
         ],
         "17": [
            0.48844408988952637,
            0.6125767827033997,
            -0.023802781477570534
         ],
         "18": [
            0.4819609820842743,
            0.5139086246490479,
            -0.04010508209466934
         ],
         "19": [
            0.49919798970222473,
            0.542706310749054,
            -0.04784217104315758
         ],
         "20": [
            0.5174850821495056,
            0.5978546142578125,
            -0.052810944616794586
         ]
      }
   ]
}