{
   "a": [
      {
         "0": [
            0.7693515419960022,
            0.702709436416626,
            -4.6547506826755125e-7
         ],
         "1": [
            0.7143970131874084,
            0.6525068283081055,
            -0.013834424316883087
         ],
         "2": [
            0.6707250475883484,
            0.5559723377227783,
            -0.01890449970960617
         ],
         "3": [
            0.6463916897773743,
            0.46984702348709106,
            -0.027227235957980156
         ],
         "4": [
            0.6279845833778381,
            0.3963199257850647,
            -0.032543595880270004
         ],
         "5": [
            0.6824658513069153,
            0.4852065145969391,
            0.011218708008527756
         ],
         "6": [
            0.6713364124298096,
            0.3985968828201294,
            -0.018564794212579727
         ],
         "7": [
            0.6850649118423462,
            0.4397379755973816,
            -0.03835252672433853
         ],
         "8": [
            0.6962437629699707,
            0.5032385587692261,
            -0.04521453380584717
         ],
         "9": [
            0.7202622294425964,
            0.47816041111946106,
            0.007312117610126734
         ],
         "10": [
            0.7126903533935547,
            0.4214969873428345,
            -0.0252399705350399
         ],
         "11": [
            0.7269216179847717,
            0.5046945214271545,
            -0.0373334139585495
         ],
         "12": [
            0.7358715534210205,
            0.5755713582038879,
            -0.03631430119276047
         ],
         "13": [
            0.7576966285705566,
            0.4811371862888336,
            -0.0023078606463968754
         ],
         "14": [
            0.7511004209518433,
            0.4331474006175995,
            -0.03580474853515625
         ],
         "15": [
            0.7575743794441223,
            0.52300626039505,
            -0.032594550400972366
         ],
         "16": [
            0.7610137462615967,
            0.5937792658805847,
            -0.019380085170269012
         ],
         "17": [
            0.7956880927085876,
            0.4914167523384094,
            -0.013095569796860218
         ],
         "18": [
            0.786702573299408,
            0.44530239701271057,
            -0.03420814126729965
         ],
         "19": [
            0.7854160070419312,
            0.5062773823738098,
            -0.027617894113063812
         ],
         "20": [
            0.7852969765663147,
            0.5577065944671631,
            -0.015456508845090866
         ]
      }
   ]
}