{
   "b": [
      {
         "0": [
            0.5778845548629761,
            0.7823101282119751,
            4.0716861349210376e-7
         ],
         "1": [
            0.524320125579834,
            0.7415952682495117,
            -0.021955618634819984
         ],
         "2": [
            0.49079379439353943,
            0.6606883406639099,
            -0.037120409309864044
         ],
         "3": [
            0.497306764125824,
            0.5731498599052429,
            -0.05128532648086548
         ],
         "4": [
            0.5137749910354614,
            0.5004361271858215,
            -0.06486698240041733
         ],
         "5": [
            0.4959835410118103,
            0.5147081017494202,
            -0.018851837143301964
         ],
         "6": [
            0.4864526689052582,
            0.394009530544281,
            -0.03995339572429657
         ],
         "7": [
            0.4869445562362671,
            0.3196471631526947,
            -0.057534556835889816
         ],
         "8": [
            0.49138373136520386,
            0.2557114362716675,
            -0.07032463699579239
         ],
         "9": [
            0.5285583734512329,
            0.49739012122154236,
            -0.02403869479894638
         ],
         "10": [
            0.519447386264801,
            0.3641000986099243,
            -0.04070330038666725
         ],
         "11": [
            0.5188964009284973,
            0.28174805641174316,
            -0.055243175476789474
         ],
         "12": [
            0.5211155414581299,
            0.21278995275497437,
            -0.0660335049033165
         ],
         "13": [
            0.5620390176773071,
            0.5065670609474182,
            -0.03287093713879585
         ],
         "14": [
            0.5522967576980591,
            0.3795461654663086,
            -0.048244040459394455
         ],
         "15": [
            0.5486053824424744,
            0.3034171760082245,
            -0.057617876678705215
         ],
         "16": [
            0.5474129319190979,
            0.23736032843589783,
            -0.06507528573274612
         ],
         "17": [
            0.5982005000114441,
            0.5378447771072388,
            -0.04436951130628586
         ],
         "18": [
            0.5922838449478149,
            0.4432114362716675,
            -0.05857609212398529
         ],
         "19": [
            0.5878980159759521,
            0.3796941041946411,
            -0.06370045989751816
         ],
         "20": [
            0.5830613374710083,
            0.32185637950897217,
            -0.06732501834630966
         ]
      }
   ]
}