{
   "b": [
      {
         "0": [
            0.7376470565795898,
            0.7831341028213501,
            4.408794609389588e-7
         ],
         "1": [
            0.6895874738693237,
            0.7346518039703369,
            -0.026794539764523506
         ],
         "2": [
            0.6696838736534119,
            0.6398528814315796,
            -0.042546022683382034
         ],
         "3": [
            0.6974080204963684,
            0.5521280169487,
            -0.055517829954624176
         ],
         "4": [
            0.7296172976493835,
            0.49377956986427307,
            -0.06837618350982666
         ],
         "5": [
            0.6768440008163452,
            0.5182681679725647,
            -0.028893476352095604
         ],
         "6": [
            0.6772757768630981,
            0.3918752670288086,
            -0.0499584823846817
         ],
         "7": [
            0.6821945309638977,
            0.3153109550476074,
            -0.06674998253583908
         ],
         "8": [
            0.6885434985160828,
            0.25120145082473755,
            -0.07896541059017181
         ],
         "9": [
            0.7157123684883118,
            0.504999041557312,
            -0.030803319066762924
         ],
         "10": [
            0.7154116034507751,
            0.37007588148117065,
            -0.0473489947617054
         ],
         "11": [
            0.7178030014038086,
            0.28871363401412964,
            -0.06262774020433426
         ],
         "12": [
            0.7197222113609314,
            0.21829938888549805,
            -0.07412462681531906
         ],
         "13": [
            0.7522216439247131,
            0.5174400210380554,
            -0.03585211560130119
         ],
         "14": [
            0.7534834146499634,
            0.3907449543476105,
            -0.05147123336791992
         ],
         "15": [
            0.7537537813186646,
            0.31565284729003906,
            -0.06300593167543411
         ],
         "16": [
            0.7530535459518433,
            0.25147032737731934,
            -0.07170423120260239
         ],
         "17": [
            0.7890399098396301,
            0.5497815012931824,
            -0.04352930933237076
         ],
         "18": [
            0.7903271913528442,
            0.4534265100955963,
            -0.05808950215578079
         ],
         "19": [
            0.7884950637817383,
            0.39229509234428406,
            -0.06414049118757248
         ],
         "20": [
            0.7849218249320984,
            0.3375154733657837,
            -0.06822490692138672
         ]
      }
   ]
}