{
   "b": [
      {
         "0": [
            0.7309132814407349,
            0.7468284368515015,
            9.446869597695695e-8
         ],
         "1": [
            0.6785774827003479,
            0.7075536251068115,
            -0.030513281002640724
         ],
         "2": [
            0.6521109938621521,
            0.6200509071350098,
            -0.0467146672308445
         ],
         "3": [
            0.6719218492507935,
            0.5296999216079712,
            -0.05941848084330559
         ],
         "4": [
            0.699692964553833,
            0.4646385908126831,
            -0.0702328011393547
         ],
         "5": [
            0.6620141267776489,
            0.480900377035141,
            -0.028684090822935104
         ],
         "6": [
            0.6582416892051697,
            0.3552705645561218,
            -0.04707648605108261
         ],
         "7": [
            0.6601199507713318,
            0.2909896671772003,
            -0.06054413318634033
         ],
         "8": [
            0.6634947061538696,
            0.23506082594394684,
            -0.07087603956460953
         ],
         "9": [
            0.6997827291488647,
            0.46647828817367554,
            -0.027598638087511063
         ],
         "10": [
            0.6955108046531677,
            0.3279792368412018,
            -0.041689418256282806
         ],
         "11": [
            0.6960211992263794,
            0.25535494089126587,
            -0.05306657403707504
         ],
         "12": [
            0.6969946622848511,
            0.19731640815734863,
            -0.062192417681217194
         ],
         "13": [
            0.7359500527381897,
            0.4789949059486389,
            -0.030292170122265816
         ],
         "14": [
            0.7334026098251343,
            0.35023853182792664,
            -0.044583965092897415
         ],
         "15": [
            0.7310071587562561,
            0.28108614683151245,
            -0.0544736422598362
         ],
         "16": [
            0.7281215786933899,
            0.2229028046131134,
            -0.062232617288827896
         ],
         "17": [
            0.7729952335357666,
            0.5108239650726318,
            -0.036000847816467285
         ],
         "18": [
            0.7714199423789978,
            0.41513875126838684,
            -0.04993082210421562
         ],
         "19": [
            0.7669917345046997,
            0.35685163736343384,
            -0.05660434439778328
         ],
         "20": [
            0.7621510028839111,
            0.30587145686149597,
            -0.06130797788500786
         ]
      }
   ]
}