{
   "c": [
      {
         "0": [
            0.6577416658401489,
            0.7613634467124939,
            4.7158874849628774e-7
         ],
         "1": [
            0.6190289855003357,
            0.7585049867630005,
            -0.030858928337693214
         ],
         "2": [
            0.5881779193878174,
            0.7317277193069458,
            -0.055624593049287796
         ],
         "3": [
            0.5627754330635071,
            0.7215774059295654,
            -0.07783045619726181
         ],
         "4": [
            0.528937578201294,
            0.732657790184021,
            -0.10151252895593643
         ],
         "5": [
            0.5911685824394226,
            0.556856095790863,
            -0.0416477769613266
         ],
         "6": [
            0.5879703760147095,
            0.465046226978302,
            -0.06507857143878937
         ],
         "7": [
            0.5843622088432312,
            0.4149315357208252,
            -0.08543133735656738
         ],
         "8": [
            0.5778428316116333,
            0.3729328513145447,
            -0.10031899809837341
         ],
         "9": [
            0.6278197169303894,
            0.5464335680007935,
            -0.04365792125463486
         ],
         "10": [
            0.6267284750938416,
            0.45005959272384644,
            -0.06727717816829681
         ],
         "11": [
            0.6215142607688904,
            0.4037055969238281,
            -0.08756711333990097
         ],
         "12": [
            0.611849844455719,
            0.36965951323509216,
            -0.10201506316661835
         ],
         "13": [
            0.6633141040802002,
            0.55811607837677,
            -0.048180755227804184
         ],
         "14": [
            0.6652541756629944,
            0.4658200740814209,
            -0.06878478825092316
         ],
         "15": [
            0.6618277430534363,
            0.4209071099758148,
            -0.0832955539226532
         ],
         "16": [
            0.6540078520774841,
            0.38799557089805603,
            -0.09265530109405518
         ],
         "17": [
            0.6970981359481812,
            0.5836358070373535,
            -0.05524769052863121
         ],
         "18": [
            0.7000760436058044,
            0.49936920404434204,
            -0.07211409509181976
         ],
         "19": [
            0.6978107690811157,
            0.44850093126296997,
            -0.08103413134813309
         ],
         "20": [
            0.6932014226913452,
            0.4026848077774048,
            -0.08693893998861313
         ]
      }
   ]
}