{
   "d": [
      {
         "0": [
            0.7154795527458191,
            0.8095400929450989,
            4.9762299170197366e-8
         ],
         "1": [
            0.675906240940094,
            0.7846744060516357,
            -0.03468221798539162
         ],
         "2": [
            0.6494780778884888,
            0.7307561635971069,
            -0.05983463674783707
         ],
         "3": [
            0.6609632968902588,
            0.6809537410736084,
            -0.0831904485821724
         ],
         "4": [
            0.6851142644882202,
            0.6369832754135132,
            -0.10521835088729858
         ],
         "5": [
            0.6653018593788147,
            0.5509005784988403,
            -0.0447978638112545
         ],
         "6": [
            0.6623730063438416,
            0.41806110739707947,
            -0.0740121603012085
         ],
         "7": [
            0.6631686091423035,
            0.3388291299343109,
            -0.09498552978038788
         ],
         "8": [
            0.6654617190361023,
            0.26803815364837646,
            -0.1109987199306488
         ],
         "9": [
            0.7052557468414307,
            0.5529478788375854,
            -0.04487597197294235
         ],
         "10": [
            0.7108221054077148,
            0.4595511257648468,
            -0.08803346753120422
         ],
         "11": [
            0.7035650610923767,
            0.5286312103271484,
            -0.10451532155275345
         ],
         "12": [
            0.6955572366714478,
            0.5920124650001526,
            -0.10834286361932755
         ],
         "13": [
            0.7414907813072205,
            0.5731431245803833,
            -0.04784427583217621
         ],
         "14": [
            0.7494439482688904,
            0.47986167669296265,
            -0.08295611292123795
         ],
         "15": [
            0.7416402101516724,
            0.530715823173523,
            -0.08373723924160004
         ],
         "16": [
            0.733350932598114,
            0.5876635313034058,
            -0.07678518444299698
         ],
         "17": [
            0.7740522623062134,
            0.6067929267883301,
            -0.054015208035707474
         ],
         "18": [
            0.785406768321991,
            0.5282168388366699,
            -0.07897234708070755
         ],
         "19": [
            0.778390109539032,
            0.5282972455024719,
            -0.08131573349237442
         ],
         "20": [
            0.7680171132087708,
            0.5433506369590759,
            -0.07776159048080444
         ]
      }
   ]
}