{
   "g": [
      {
         "0": [
            0.7301749587059021,
            0.7921319603919983,
            1.4140901782866422e-8
         ],
         "1": [
            0.7023131847381592,
            0.6956924796104431,
            -0.006049540359526873
         ],
         "2": [
            0.6393860578536987,
            0.6416327953338623,
            -0.012287860736250877
         ],
         "3": [
            0.581519603729248,
            0.6191257834434509,
            -0.015694480389356613
         ],
         "4": [
            0.5427068471908569,
            0.5912463068962097,
            -0.020611342042684555
         ],
         "5": [
            0.6274464726448059,
            0.6435023546218872,
            -0.041119709610939026
         ],
         "6": [
            0.5505927205085754,
            0.6412922739982605,
            -0.05179435759782791
         ],
         "7": [
            0.5080463886260986,
            0.6374664306640625,
            -0.054334308952093124
         ],
         "8": [
            0.47380831837654114,
            0.6380819082260132,
            -0.05615346506237984
         ],
         "9": [
            0.6225021481513977,
            0.7191163301467896,
            -0.04259562864899635
         ],
         "10": [
            0.560044527053833,
            0.7020522356033325,
            -0.05182868614792824
         ],
         "11": [
            0.5781219601631165,
            0.6913998126983643,
            -0.04479234293103218
         ],
         "12": [
            0.6033554077148438,
            0.6944573521614075,
            -0.04005568102002144
         ],
         "13": [
            0.6227010488510132,
            0.7894563674926758,
            -0.04197780415415764
         ],
         "14": [
            0.5684554576873779,
            0.762726902961731,
            -0.04702337831258774
         ],
         "15": [
            0.5878964066505432,
            0.7544766664505005,
            -0.032350022345781326
         ],
         "16": [
            0.6102507710456848,
            0.7599602937698364,
            -0.023614659905433655
         ],
         "17": [
            0.6239273548126221,
            0.8523282408714294,
            -0.04163456708192825
         ],
         "18": [
            0.5763236880302429,
            0.8188381195068359,
            -0.04403722286224365
         ],
         "19": [
            0.5945506691932678,
            0.8091264963150024,
            -0.032504480332136154
         ],
         "20": [
            0.6147518157958984,
            0.8158575892448425,
            -0.024541398510336876
         ]
      }
   ]
}