{
   "h": [
      {
         "0": [
            0.6699771285057068,
            0.6609340310096741,
            1.931988720116351e-7
         ],
         "1": [
            0.6392878890037537,
            0.572341799736023,
            0.005345647688955069
         ],
         "2": [
            0.5874378681182861,
            0.5422570705413818,
            -0.0009687527199275792
         ],
         "3": [
            0.5445457100868225,
            0.576442301273346,
            -0.008011468686163425
         ],
         "4": [
            0.5212253332138062,
            0.6281089186668396,
            -0.015854863449931145
         ],
         "5": [
            0.5638793706893921,
            0.5305655598640442,
            -0.03283021226525307
         ],
         "6": [
            0.4809132218360901,
            0.5312218070030212,
            -0.04332542419433594
         ],
         "7": [
            0.4445159435272217,
            0.537461519241333,
            -0.046388085931539536
         ],
         "8": [
            0.41457343101501465,
            0.5420076847076416,
            -0.04709772393107414
         ],
         "9": [
            0.5566127300262451,
            0.6069409847259521,
            -0.04082300513982773
         ],
         "10": [
            0.4682027995586395,
            0.5956762433052063,
            -0.050421830266714096
         ],
         "11": [
            0.4213274121284485,
            0.5903465747833252,
            -0.05180376023054123
         ],
         "12": [
            0.38723284006118774,
            0.5897014737129211,
            -0.052886899560689926
         ],
         "13": [
            0.5564567446708679,
            0.6784247756004333,
            -0.04481940716505051
         ],
         "14": [
            0.4994255006313324,
            0.6673985719680786,
            -0.04810616001486778
         ],
         "15": [
            0.5249844789505005,
            0.653206467628479,
            -0.037872396409511566
         ],
         "16": [
            0.5502099394798279,
            0.6480854153633118,
            -0.029282011091709137
         ],
         "17": [
            0.563538134098053,
            0.7394359111785889,
            -0.04810616001486778
         ],
         "18": [
            0.5197518467903137,
            0.7134609818458557,
            -0.043474823236465454
         ],
         "19": [
            0.5387135744094849,
            0.700416624546051,
            -0.027713332325220108
         ],
         "20": [
            0.5598115921020508,
            0.6980490684509277,
            -0.015434682369232178
         ]
      }
   ]
}