{
   "l": [
      {
         "0": [
            0.7357550859451294,
            0.7892873883247375,
            -6.797483109721725e-8
         ],
         "1": [
            0.69524747133255,
            0.7346142530441284,
            -0.023978915065526962
         ],
         "2": [
            0.6547858715057373,
            0.6368587017059326,
            -0.03897490352392197
         ],
         "3": [
            0.6158257722854614,
            0.5793963074684143,
            -0.0540442168712616
         ],
         "4": [
            0.5784439444541931,
            0.559515118598938,
            -0.0695168599486351
         ],
         "5": [
            0.7066123485565186,
            0.5325424075126648,
            -0.02924034558236599
         ],
         "6": [
            0.7072229385375977,
            0.41149458289146423,
            -0.05367757007479668
         ],
         "7": [
            0.7069780230522156,
            0.3372213542461395,
            -0.06764694303274155
         ],
         "8": [
            0.7082528471946716,
            0.2715033292770386,
            -0.07794980704784393
         ],
         "9": [
            0.7433738112449646,
            0.5494396686553955,
            -0.03334682807326317
         ],
         "10": [
            0.7520055770874023,
            0.4977162778377533,
            -0.07992971688508987
         ],
         "11": [
            0.7444769740104675,
            0.5892788767814636,
            -0.08953595161437988
         ],
         "12": [
            0.7382377982139587,
            0.656067430973053,
            -0.0840361937880516
         ],
         "13": [
            0.777090311050415,
            0.5825870037078857,
            -0.03989152982831001
         ],
         "14": [
            0.7833356857299805,
            0.5611863732337952,
            -0.0827895924448967
         ],
         "15": [
            0.7658951878547668,
            0.6460021734237671,
            -0.0753832533955574
         ],
         "16": [
            0.751539409160614,
            0.6965839862823486,
            -0.058150697499513626
         ],
         "17": [
            0.8066916465759277,
            0.6241493225097656,
            -0.04810449108481407
         ],
         "18": [
            0.8157691359519958,
            0.5940092206001282,
            -0.07274337112903595
         ],
         "19": [
            0.7963854074478149,
            0.6479042768478394,
            -0.06354045122861862
         ],
         "20": [
            0.7789398431777954,
            0.6831490993499756,
            -0.05012106895446777
         ]
      }
   ]
}