{
   "l": [
      {
         "0": [
            0.7528846859931946,
            0.7880384922027588,
            -6.427366372463439e-8
         ],
         "1": [
            0.7105714082717896,
            0.7247062921524048,
            -0.026513487100601196
         ],
         "2": [
            0.6700671911239624,
            0.6175179481506348,
            -0.04239795729517937
         ],
         "3": [
            0.6291019916534424,
            0.5556477904319763,
            -0.058262746781110764
         ],
         "4": [
            0.5881013870239258,
            0.5373356342315674,
            -0.0742456391453743
         ],
         "5": [
            0.7216895222663879,
            0.5080723762512207,
            -0.028363725170493126
         ],
         "6": [
            0.7229040861129761,
            0.37839072942733765,
            -0.052987609058618546
         ],
         "7": [
            0.7215624451637268,
            0.3015954792499542,
            -0.06649039685726166
         ],
         "8": [
            0.7215321660041809,
            0.23232176899909973,
            -0.07672573626041412
         ],
         "9": [
            0.7616233229637146,
            0.5285390019416809,
            -0.032713744789361954
         ],
         "10": [
            0.7739381790161133,
            0.4691862463951111,
            -0.0829850435256958
         ],
         "11": [
            0.7666391730308533,
            0.571853756904602,
            -0.0927480012178421
         ],
         "12": [
            0.759433388710022,
            0.6475841403007507,
            -0.08597692102193832
         ],
         "13": [
            0.7975643277168274,
            0.5661798119544983,
            -0.03999658674001694
         ],
         "14": [
            0.8092043995857239,
            0.5366336107254028,
            -0.08755158632993698
         ],
         "15": [
            0.7907432317733765,
            0.6322876811027527,
            -0.07983571290969849
         ],
         "16": [
            0.7737786769866943,
            0.6910198926925659,
            -0.060742851346731186
         ],
         "17": [
            0.8293939232826233,
            0.6113293766975403,
            -0.048972200602293015
         ],
         "18": [
            0.8417720794677734,
            0.5730888843536377,
            -0.0774737074971199
         ],
         "19": [
            0.8221765756607056,
            0.6358632445335388,
            -0.06826189160346985
         ],
         "20": [
            0.8028771877288818,
            0.678229570388794,
            -0.05385367572307587
         ]
      }
   ]
}