{
   "m DGS": [
      {
         "0": [
            0.6947001814842224,
            0.49577242136001587,
            1.0295541841287559e-7
         ],
         "1": [
            0.6437249779701233,
            0.5403163433074951,
            0.0016544582322239876
         ],
         "2": [
            0.6220179796218872,
            0.6304450035095215,
            -0.004617183469235897
         ],
         "3": [
            0.6266974210739136,
            0.7158829569816589,
            -0.009752182289958
         ],
         "4": [
            0.6366441249847412,
            0.7766980528831482,
            -0.01713497005403042
         ],
         "5": [
            0.6110485792160034,
            0.643816351890564,
            -0.03627843037247658
         ],
         "6": [
            0.6139444708824158,
            0.7813076972961426,
            -0.05014960095286369
         ],
         "7": [
            0.6211857795715332,
            0.8535494804382324,
            -0.05579848960042
         ],
         "8": [
            0.628217339515686,
            0.9085745811462402,
            -0.05830910801887512
         ],
         "9": [
            0.6482521295547485,
            0.6463879942893982,
            -0.04349645972251892
         ],
         "10": [
            0.6476022005081177,
            0.7924509644508362,
            -0.05884261801838875
         ],
         "11": [
            0.6477715969085693,
            0.8720756769180298,
            -0.06489948183298111
         ],
         "12": [
            0.6486465334892273,
            0.9303823709487915,
            -0.06872817873954773
         ],
         "13": [
            0.6842446327209473,
            0.6510414481163025,
            -0.04789004102349281
         ],
         "14": [
            0.6784268617630005,
            0.79268878698349,
            -0.06107078865170479
         ],
         "15": [
            0.6705038547515869,
            0.8658678531646729,
            -0.06590373069047928
         ],
         "16": [
            0.6664767265319824,
            0.9166556000709534,
            -0.06828881800174713
         ],
         "17": [
            0.7138338088989258,
            0.6545597314834595,
            -0.05040065944194794
         ],
         "18": [
            0.6988520622253418,
            0.7630473971366882,
            -0.05965856835246086
         ],
         "19": [
            0.6848512887954712,
            0.8015866875648499,
            -0.05962718278169632
         ],
         "20": [
            0.6741191148757935,
            0.8231348395347595,
            -0.05852878466248512
         ]
      }
   ]
}