{
   "m DGS": [
      {
         "0": [
            0.6720602512359619,
            0.4636160135269165,
            9.486414853654423e-8
         ],
         "1": [
            0.6259382367134094,
            0.5040715932846069,
            0.0021019778214395046
         ],
         "2": [
            0.6057007908821106,
            0.5867313146591187,
            -0.0032365478109568357
         ],
         "3": [
            0.6084566712379456,
            0.6644042730331421,
            -0.00791709404438734
         ],
         "4": [
            0.617028534412384,
            0.7203617095947266,
            -0.01451822929084301
         ],
         "5": [
            0.5940460562705994,
            0.5995194315910339,
            -0.02878037840127945
         ],
         "6": [
            0.5964971780776978,
            0.7209450602531433,
            -0.04071648418903351
         ],
         "7": [
            0.601545512676239,
            0.7859204411506653,
            -0.0460372231900692
         ],
         "8": [
            0.6067180633544922,
            0.8364590406417847,
            -0.04862646013498306
         ],
         "9": [
            0.6276326179504395,
            0.6053098440170288,
            -0.03585099056363106
         ],
         "10": [
            0.6258825659751892,
            0.7345972657203674,
            -0.04831347614526749
         ],
         "11": [
            0.6254197955131531,
            0.8056349754333496,
            -0.05363421514630318
         ],
         "12": [
            0.6261202096939087,
            0.8580185174942017,
            -0.057276226580142975
         ],
         "13": [
            0.660383403301239,
            0.6104366779327393,
            -0.040688030421733856
         ],
         "14": [
            0.6538336873054504,
            0.7354012131690979,
            -0.05161404237151146
         ],
         "15": [
            0.6466739177703857,
            0.8021461963653564,
            -0.056337274610996246
         ],
         "16": [
            0.6429698467254639,
            0.8489751815795898,
            -0.05906877666711807
         ],
         "17": [
            0.6878489255905151,
            0.6137339472770691,
            -0.04390323534607887
         ],
         "18": [
            0.6729193925857544,
            0.7079551219940186,
            -0.052069295197725296
         ],
         "19": [
            0.660429060459137,
            0.7422978281974792,
            -0.05252454802393913
         ],
         "20": [
            0.6509878635406494,
            0.7625656723976135,
            -0.051955487579107285
         ]
      }
   ]
}