{
   "m": [
      {
         "0": [
            0.6963983178138733,
            0.8276683688163757,
            -4.743852741739829e-7
         ],
         "1": [
            0.656769335269928,
            0.7954027056694031,
            -0.026582106947898865
         ],
         "2": [
            0.6473366022109985,
            0.6871888637542725,
            -0.038378193974494934
         ],
         "3": [
            0.683899998664856,
            0.6189021468162537,
            -0.04855287820100784
         ],
         "4": [
            0.712942898273468,
            0.568739652633667,
            -0.054740991443395615
         ],
         "5": [
            0.63652104139328,
            0.5699057579040527,
            -0.01164733525365591
         ],
         "6": [
            0.6234274506568909,
            0.5524473786354065,
            -0.04373329132795334
         ],
         "7": [
            0.6298726797103882,
            0.6458290219306946,
            -0.06420166045427322
         ],
         "8": [
            0.6386668682098389,
            0.7078231573104858,
            -0.0737813338637352
         ],
         "9": [
            0.6747503280639648,
            0.5597344636917114,
            -0.012703480198979378
         ],
         "10": [
            0.6643398404121399,
            0.5262079238891602,
            -0.047928113490343094
         ],
         "11": [
            0.667204737663269,
            0.6401588320732117,
            -0.05607976019382477
         ],
         "12": [
            0.6703592538833618,
            0.7013276815414429,
            -0.05230144411325455
         ],
         "13": [
            0.7129113674163818,
            0.5781600475311279,
            -0.019739482551813126
         ],
         "14": [
            0.715915322303772,
            0.5281270742416382,
            -0.05432448536157608
         ],
         "15": [
            0.7101085186004639,
            0.6356730461120605,
            -0.046470340341329575
         ],
         "16": [
            0.703029990196228,
            0.6901398301124573,
            -0.032338835299015045
         ],
         "17": [
            0.7489967346191406,
            0.6118184328079224,
            -0.029438156634569168
         ],
         "18": [
            0.7548085451126099,
            0.6001080274581909,
            -0.053848475217819214
         ],
         "19": [
            0.7411278486251831,
            0.6782897710800171,
            -0.04783886671066284
         ],
         "20": [
            0.7278149724006653,
            0.7120558619499207,
            -0.03733692690730095
         ]
      }
   ]
}