{
   "m": [
      {
         "0": [
            0.6261528730392456,
            0.7799371480941772,
            -5.064337074145442e-7
         ],
         "1": [
            0.5859280824661255,
            0.7381060719490051,
            -0.027219096198678017
         ],
         "2": [
            0.5725826025009155,
            0.6346531510353088,
            -0.041180290281772614
         ],
         "3": [
            0.6053568124771118,
            0.5717537999153137,
            -0.05383963882923126
         ],
         "4": [
            0.6371696591377258,
            0.525151252746582,
            -0.06236898526549339
         ],
         "5": [
            0.5715270042419434,
            0.5110634565353394,
            -0.012966103851795197
         ],
         "6": [
            0.5478606224060059,
            0.49030035734176636,
            -0.051445432007312775
         ],
         "7": [
            0.5533506870269775,
            0.5863116979598999,
            -0.07667434960603714
         ],
         "8": [
            0.5653852820396423,
            0.6497195363044739,
            -0.08846579492092133
         ],
         "9": [
            0.6098338961601257,
            0.5042193531990051,
            -0.014320326037704945
         ],
         "10": [
            0.5905577540397644,
            0.4697737395763397,
            -0.05401920527219772
         ],
         "11": [
            0.5901340842247009,
            0.5862685441970825,
            -0.06398507207632065
         ],
         "12": [
            0.5968146920204163,
            0.6438228487968445,
            -0.060902535915374756
         ],
         "13": [
            0.6483781933784485,
            0.525791585445404,
            -0.022176304832100868
         ],
         "14": [
            0.6408258676528931,
            0.4762875437736511,
            -0.059825148433446884
         ],
         "15": [
            0.6304514408111572,
            0.5857338309288025,
            -0.052193623036146164
         ],
         "16": [
            0.628474771976471,
            0.6385686993598938,
            -0.03740942105650902
         ],
         "17": [
            0.6854745745658875,
            0.5603228807449341,
            -0.0328005775809288
         ],
         "18": [
            0.6797396540641785,
            0.5545408129692078,
            -0.058837540447711945
         ],
         "19": [
            0.6621900200843811,
            0.6322431564331055,
            -0.053031593561172485
         ],
         "20": [
            0.6547932624816895,
            0.6634634733200073,
            -0.04186862334609032
         ]
      }
   ]
}