{
   "n DGS": [
      {
         "0": [
            0.6941033601760864,
            0.44582295417785645,
            2.48777382694243e-7
         ],
         "1": [
            0.6455811262130737,
            0.4833123981952667,
            -0.008383048698306084
         ],
         "2": [
            0.6277575492858887,
            0.5777382254600525,
            -0.02036583423614502
         ],
         "3": [
            0.6372911334037781,
            0.6614251732826233,
            -0.029526257887482643
         ],
         "4": [
            0.6526346206665039,
            0.7183743119239807,
            -0.03952708840370178
         ],
         "5": [
            0.6215177774429321,
            0.5735766291618347,
            -0.052161190658807755
         ],
         "6": [
            0.6183921694755554,
            0.6981250643730164,
            -0.0685771182179451
         ],
         "7": [
            0.6178642511367798,
            0.7624492049217224,
            -0.07474008947610855
         ],
         "8": [
            0.6174973249435425,
            0.8170624375343323,
            -0.0772613137960434
         ],
         "9": [
            0.6575682759284973,
            0.5813705921173096,
            -0.0545143261551857
         ],
         "10": [
            0.6507630348205566,
            0.7139136791229248,
            -0.06902533024549484
         ],
         "11": [
            0.6445164680480957,
            0.7904123067855835,
            -0.07025792449712753
         ],
         "12": [
            0.6431016325950623,
            0.8474014401435852,
            -0.07165860384702682
         ],
         "13": [
            0.6910391449928284,
            0.5869304537773132,
            -0.05401008203625679
         ],
         "14": [
            0.6782900094985962,
            0.6981748938560486,
            -0.06448714435100555
         ],
         "15": [
            0.6680389046669006,
            0.6740332841873169,
            -0.055634867399930954
         ],
         "16": [
            0.6679400205612183,
            0.6382735371589661,
            -0.04770703986287117
         ],
         "17": [
            0.7182397246360779,
            0.5898997187614441,
            -0.05372994765639305
         ],
         "18": [
            0.7008212804794312,
            0.6784644722938538,
            -0.05916457250714302
         ],
         "19": [
            0.6914918422698975,
            0.6608005166053772,
            -0.050116200000047684
         ],
         "20": [
            0.6911076903343201,
            0.6308282017707825,
            -0.04224440082907677
         ]
      }
   ]
}