{
   "n DGS": [
      {
         "0": [
            0.6617170572280884,
            0.45923858880996704,
            1.5285969823253254e-7
         ],
         "1": [
            0.6150741577148438,
            0.49373728036880493,
            -0.004323659930378199
         ],
         "2": [
            0.595553457736969,
            0.5811225771903992,
            -0.01409450639039278
         ],
         "3": [
            0.6009719371795654,
            0.6597785353660583,
            -0.022456595674157143
         ],
         "4": [
            0.6143332123756409,
            0.7123536467552185,
            -0.031973518431186676
         ],
         "5": [
            0.5849334597587585,
            0.588172435760498,
            -0.041740886867046356
         ],
         "6": [
            0.5847842693328857,
            0.7084901928901672,
            -0.056183233857154846
         ],
         "7": [
            0.5863443613052368,
            0.773226261138916,
            -0.06266698241233826
         ],
         "8": [
            0.5883631110191345,
            0.8281757235527039,
            -0.06611756235361099
         ],
         "9": [
            0.6187255382537842,
            0.5957688093185425,
            -0.04669414088129997
         ],
         "10": [
            0.6151456236839294,
            0.7220516204833984,
            -0.05971729755401611
         ],
         "11": [
            0.6126636862754822,
            0.7970826625823975,
            -0.06255567818880081
         ],
         "12": [
            0.6144140958786011,
            0.8550190925598145,
            -0.06528274714946747
         ],
         "13": [
            0.6519403457641602,
            0.5998096466064453,
            -0.04889249429106712
         ],
         "14": [
            0.6445974111557007,
            0.702233612537384,
            -0.05882682278752327
         ],
         "15": [
            0.6367790102958679,
            0.6759449243545532,
            -0.05125780776143074
         ],
         "16": [
            0.6371455192565918,
            0.6405937671661377,
            -0.04438447952270508
         ],
         "17": [
            0.6813749670982361,
            0.6015263795852661,
            -0.05103519186377525
         ],
         "18": [
            0.6676231622695923,
            0.6833832859992981,
            -0.05629454553127289
         ],
         "19": [
            0.6611267924308777,
            0.6640135645866394,
            -0.04700024053454399
         ],
         "20": [
            0.6616625189781189,
            0.6334460377693176,
            -0.03895816206932068
         ]
      }
   ]
}