{
   "p": [
      {
         "0": [
            0.675033450126648,
            0.7251477241516113,
            -3.3227362905563496e-7
         ],
         "1": [
            0.6513327956199646,
            0.7107007503509521,
            -0.022433346137404442
         ],
         "2": [
            0.6293588876724243,
            0.6821374297142029,
            -0.03839170187711716
         ],
         "3": [
            0.6217513084411621,
            0.6547499299049377,
            -0.05168037489056587
         ],
         "4": [
            0.6154237389564514,
            0.6155781745910645,
            -0.06319588422775269
         ],
         "5": [
            0.648117184638977,
            0.5655217170715332,
            -0.035562630742788315
         ],
         "6": [
            0.6355084776878357,
            0.5580862760543823,
            -0.06068558245897293
         ],
         "7": [
            0.6268283128738403,
            0.5381851196289062,
            -0.07929370552301407
         ],
         "8": [
            0.6205551624298096,
            0.5188229084014893,
            -0.09244291484355927
         ],
         "9": [
            0.6833326816558838,
            0.546860933303833,
            -0.03641932085156441
         ],
         "10": [
            0.6668313145637512,
            0.6708247065544128,
            -0.07311756163835526
         ],
         "11": [
            0.6510509848594666,
            0.7504968643188477,
            -0.08287985622882843
         ],
         "12": [
            0.6437658667564392,
            0.8021334409713745,
            -0.08311893790960312
         ],
         "13": [
            0.7132894396781921,
            0.5724737048149109,
            -0.03940777853131294
         ],
         "14": [
            0.692243754863739,
            0.7059784531593323,
            -0.06765864789485931
         ],
         "15": [
            0.670509397983551,
            0.7514209747314453,
            -0.06112389266490936
         ],
         "16": [
            0.658722460269928,
            0.770836591720581,
            -0.05172022059559822
         ],
         "17": [
            0.7371529340744019,
            0.6142555475234985,
            -0.045305002480745316
         ],
         "18": [
            0.7194101810455322,
            0.7138177156448364,
            -0.0681368038058281
         ],
         "19": [
            0.7040812969207764,
            0.7448387145996094,
            -0.06634373217821121
         ],
         "20": [
            0.697038471698761,
            0.748252272605896,
            -0.05968943610787392
         ]
      }
   ]
}