{
   "p": [
      {
         "0": [
            0.6507170796394348,
            0.7393428087234497,
            -3.7120213391972356e-7
         ],
         "1": [
            0.6303600072860718,
            0.7267188429832458,
            -0.018200477585196495
         ],
         "2": [
            0.6053770780563354,
            0.7094972133636475,
            -0.03344079479575157
         ],
         "3": [
            0.5941492319107056,
            0.700960099697113,
            -0.04696781560778618
         ],
         "4": [
            0.5982187390327454,
            0.6838995218276978,
            -0.05816258490085602
         ],
         "5": [
            0.619566798210144,
            0.6060361862182617,
            -0.03301022946834564
         ],
         "6": [
            0.6111159920692444,
            0.6044895052909851,
            -0.05690675973892212
         ],
         "7": [
            0.5976955890655518,
            0.6185926198959351,
            -0.0720125287771225
         ],
         "8": [
            0.5841363072395325,
            0.6413875818252563,
            -0.08044448494911194
         ],
         "9": [
            0.6496655344963074,
            0.599938154220581,
            -0.03451721742749214
         ],
         "10": [
            0.6295015215873718,
            0.7109962701797485,
            -0.06451347470283508
         ],
         "11": [
            0.6159082651138306,
            0.777337908744812,
            -0.07011085003614426
         ],
         "12": [
            0.6086987853050232,
            0.8210467100143433,
            -0.0674915611743927
         ],
         "13": [
            0.6765576004981995,
            0.6272363662719727,
            -0.03796175867319107
         ],
         "14": [
            0.6577603220939636,
            0.7367303371429443,
            -0.05992073565721512
         ],
         "15": [
            0.6480506062507629,
            0.7518739700317383,
            -0.05069940537214279
         ],
         "16": [
            0.6428477168083191,
            0.7468805909156799,
            -0.03975579887628555
         ],
         "17": [
            0.6973897218704224,
            0.6662224531173706,
            -0.04381031543016434
         ],
         "18": [
            0.6840612292289734,
            0.7455400228500366,
            -0.061427727341651917
         ],
         "19": [
            0.6779431700706482,
            0.757127046585083,
            -0.056189149618148804
         ],
         "20": [
            0.6778586506843567,
            0.7452713847160339,
            -0.04686016961932182
         ]
      }
   ]
}