{
   "q": [
      {
         "0": [
            0.7072250843048096,
            0.5441706776618958,
            -1.242830620640234e-7
         ],
         "1": [
            0.6607223153114319,
            0.5680243968963623,
            -0.008407053537666798
         ],
         "2": [
            0.6262164115905762,
            0.6357053518295288,
            -0.025941764935851097
         ],
         "3": [
            0.6059436798095703,
            0.7106317281723022,
            -0.042712196707725525
         ],
         "4": [
            0.5807819962501526,
            0.7638653516769409,
            -0.06144791841506958
         ],
         "5": [
            0.6169054508209229,
            0.5643224716186523,
            -0.045507270842790604
         ],
         "6": [
            0.6082562804222107,
            0.6709427237510681,
            -0.06760580837726593
         ],
         "7": [
            0.6012056469917297,
            0.7386975288391113,
            -0.0809260755777359
         ],
         "8": [
            0.5974794030189514,
            0.7932198643684387,
            -0.0917133092880249
         ],
         "9": [
            0.6509571075439453,
            0.5692064166069031,
            -0.05472227558493614
         ],
         "10": [
            0.6416720151901245,
            0.7036417126655579,
            -0.07363268733024597
         ],
         "11": [
            0.6485186815261841,
            0.6791397929191589,
            -0.0735890120267868
         ],
         "12": [
            0.6506096124649048,
            0.6399316191673279,
            -0.07699551433324814
         ],
         "13": [
            0.6861774325370789,
            0.5804975628852844,
            -0.0635005459189415
         ],
         "14": [
            0.6734563112258911,
            0.7072083950042725,
            -0.08214892446994781
         ],
         "15": [
            0.677528977394104,
            0.6745653748512268,
            -0.07061924785375595
         ],
         "16": [
            0.6779994964599609,
            0.6329894661903381,
            -0.0644613578915596
         ],
         "17": [
            0.7181840538978577,
            0.5956228971481323,
            -0.07245351374149323
         ],
         "18": [
            0.7023103833198547,
            0.6978349685668945,
            -0.09040311723947525
         ],
         "19": [
            0.7040237784385681,
            0.6726242899894714,
            -0.08385216444730759
         ],
         "20": [
            0.7063473463058472,
            0.6351079940795898,
            -0.07917916029691696
         ]
      }
   ]
}