{
   "q": [
      {
         "0": [
            0.7064467668533325,
            0.4513370394706726,
            -1.2603567256519455e-7
         ],
         "1": [
            0.6564121246337891,
            0.4753945767879486,
            -0.007016041316092014
         ],
         "2": [
            0.6200214624404907,
            0.5727027654647827,
            -0.019402386620640755
         ],
         "3": [
            0.5990023612976074,
            0.6660213470458984,
            -0.029380759224295616
         ],
         "4": [
            0.5718709826469421,
            0.719718337059021,
            -0.041410237550735474
         ],
         "5": [
            0.609721839427948,
            0.5300954580307007,
            -0.04767443612217903
         ],
         "6": [
            0.6058215498924255,
            0.6605209708213806,
            -0.06668877601623535
         ],
         "7": [
            0.6024938225746155,
            0.7389902472496033,
            -0.0756693109869957
         ],
         "8": [
            0.6010712385177612,
            0.801561176776886,
            -0.08309764415025711
         ],
         "9": [
            0.6486238241195679,
            0.53681480884552,
            -0.05568484961986542
         ],
         "10": [
            0.6415839791297913,
            0.6882712244987488,
            -0.0761127844452858
         ],
         "11": [
            0.6436171531677246,
            0.6547405123710632,
            -0.07494864612817764
         ],
         "12": [
            0.6462195515632629,
            0.6063725352287292,
            -0.07461603730916977
         ],
         "13": [
            0.6882844567298889,
            0.5416734218597412,
            -0.061810463666915894
         ],
         "14": [
            0.6766724586486816,
            0.6786437630653381,
            -0.08082479983568192
         ],
         "15": [
            0.6771343350410461,
            0.6412864923477173,
            -0.06713225692510605
         ],
         "16": [
            0.6787326335906982,
            0.596526026725769,
            -0.05698757991194725
         ],
         "17": [
            0.7251487374305725,
            0.5486273765563965,
            -0.06768661737442017
         ],
         "18": [
            0.7104976773262024,
            0.6597446203231812,
            -0.0834856927394867
         ],
         "19": [
            0.7093228101730347,
            0.6324946880340576,
            -0.07444973289966583
         ],
         "20": [
            0.71161288022995,
            0.5951950550079346,
            -0.06707682460546494
         ]
      }
   ]
}