{
   "r": [
      {
         "0": [
            0.7068053483963013,
            0.8284344673156738,
            4.843599299420021e-7
         ],
         "1": [
            0.675736665725708,
            0.7719219923019409,
            -0.026980740949511528
         ],
         "2": [
            0.6682947874069214,
            0.6932861804962158,
            -0.03793397173285484
         ],
         "3": [
            0.6961405277252197,
            0.630248486995697,
            -0.04745851457118988
         ],
         "4": [
            0.7237961292266846,
            0.5823729038238525,
            -0.055702175945043564
         ],
         "5": [
            0.6640616655349731,
            0.5987375974655151,
            -0.011618304066359997
         ],
         "6": [
            0.6741746664047241,
            0.5193264484405518,
            -0.030330756679177284
         ],
         "7": [
            0.6862694025039673,
            0.4624725580215454,
            -0.04420703649520874
         ],
         "8": [
            0.6971833109855652,
            0.41356414556503296,
            -0.05228647589683533
         ],
         "9": [
            0.6887916326522827,
            0.6001458168029785,
            -0.010698692873120308
         ],
         "10": [
            0.6827861070632935,
            0.4992363452911377,
            -0.029197663068771362
         ],
         "11": [
            0.682992696762085,
            0.4409930109977722,
            -0.03967466205358505
         ],
         "12": [
            0.6856338381767273,
            0.39078807830810547,
            -0.04292614758014679
         ],
         "13": [
            0.7144914865493774,
            0.624740719795227,
            -0.014204711653292179
         ],
         "14": [
            0.7267617583274841,
            0.5863588452339172,
            -0.044896744191646576
         ],
         "15": [
            0.7186084389686584,
            0.6501679420471191,
            -0.049724701792001724
         ],
         "16": [
            0.7106738090515137,
            0.6910615563392639,
            -0.04282761737704277
         ],
         "17": [
            0.7379216551780701,
            0.6636922955513,
            -0.019705958664417267
         ],
         "18": [
            0.7402971386909485,
            0.6398626565933228,
            -0.043845757842063904
         ],
         "19": [
            0.7293590903282166,
            0.6898161768913269,
            -0.043878600001335144
         ],
         "20": [
            0.7203731536865234,
            0.7200130224227905,
            -0.03737563267350197
         ]
      }
   ]
}