{
   "s": [
      {
         "0": [
            0.7261826395988464,
            0.7271329164505005,
            -3.9756977798788284e-7
         ],
         "1": [
            0.6886753439903259,
            0.6888666152954102,
            -0.021590154618024826
         ],
         "2": [
            0.6682766675949097,
            0.598760724067688,
            -0.026888785883784294
         ],
         "3": [
            0.6786165833473206,
            0.5145270228385925,
            -0.03252653032541275
         ],
         "4": [
            0.7040179371833801,
            0.46870169043540955,
            -0.03182004392147064
         ],
         "5": [
            0.6628856062889099,
            0.536713182926178,
            0.008838116191327572
         ],
         "6": [
            0.660948634147644,
            0.45802146196365356,
            -0.02024783380329609
         ],
         "7": [
            0.6669163703918457,
            0.5289829969406128,
            -0.03001144528388977
         ],
         "8": [
            0.6698294878005981,
            0.551946222782135,
            -0.02987014874815941
         ],
         "9": [
            0.6942615509033203,
            0.5377436280250549,
            0.009876647964119911
         ],
         "10": [
            0.6993601322174072,
            0.46838030219078064,
            -0.019216367974877357
         ],
         "11": [
            0.6990774273872375,
            0.557902991771698,
            -0.01972503773868084
         ],
         "12": [
            0.6964953541755676,
            0.5558618307113647,
            -0.009869582951068878
         ],
         "13": [
            0.7263524532318115,
            0.5456095337867737,
            0.0034935639705508947
         ],
         "14": [
            0.7333231568336487,
            0.4962212145328522,
            -0.02838653139770031
         ],
         "15": [
            0.7280384302139282,
            0.5809100866317749,
            -0.018608789891004562
         ],
         "16": [
            0.7245489954948425,
            0.5796627998352051,
            -0.0014129681512713432
         ],
         "17": [
            0.7573977112770081,
            0.5563477873802185,
            -0.00501603726297617
         ],
         "18": [
            0.7608595490455627,
            0.5144256353378296,
            -0.019739165902137756
         ],
         "19": [
            0.7551229596138,
            0.5739017724990845,
            -0.009163099341094494
         ],
         "20": [
            0.753496527671814,
            0.5884495973587036,
            0.0045003038831055164
         ]
      }
   ]
}