{
   "s": [
      {
         "0": [
            0.7450268864631653,
            0.6607334613800049,
            -3.5955531529907603e-7
         ],
         "1": [
            0.7126812934875488,
            0.6249887347221375,
            -0.028786513954401016
         ],
         "2": [
            0.6999067068099976,
            0.5345218777656555,
            -0.03816269338130951
         ],
         "3": [
            0.7196385860443115,
            0.4521090090274811,
            -0.04578426107764244
         ],
         "4": [
            0.7469227910041809,
            0.40723997354507446,
            -0.04693572223186493
         ],
         "5": [
            0.6965909600257874,
            0.46127596497535706,
            -0.0007183777051977813
         ],
         "6": [
            0.704443097114563,
            0.394205778837204,
            -0.03169257938861847
         ],
         "7": [
            0.7034238576889038,
            0.46522384881973267,
            -0.04309752210974693
         ],
         "8": [
            0.7024679780006409,
            0.49126991629600525,
            -0.04419415444135666
         ],
         "9": [
            0.7284111380577087,
            0.46701428294181824,
            0.0031665165442973375
         ],
         "10": [
            0.7414916157722473,
            0.4064844846725464,
            -0.027141571044921875
         ],
         "11": [
            0.7344964146614075,
            0.49471598863601685,
            -0.02815595082938671
         ],
         "12": [
            0.7299372553825378,
            0.4946267604827881,
            -0.019177302718162537
         ],
         "13": [
            0.7591843605041504,
            0.48072105646133423,
            -0.0006853931699879467
         ],
         "14": [
            0.7737921476364136,
            0.44351476430892944,
            -0.033529434353113174
         ],
         "15": [
            0.7608146667480469,
            0.524818480014801,
            -0.024687860161066055
         ],
         "16": [
            0.7530964612960815,
            0.5217970609664917,
            -0.008759325370192528
         ],
         "17": [
            0.7873430848121643,
            0.49846431612968445,
            -0.007244606036692858
         ],
         "18": [
            0.7954331040382385,
            0.4732491374015808,
            -0.02335819974541664
         ],
         "19": [
            0.785353422164917,
            0.530886173248291,
            -0.014461795799434185
         ],
         "20": [
            0.7795297503471375,
            0.5401076674461365,
            -0.0023611795622855425
         ]
      }
   ]
}