{
   "sch": [
      {
         "0": [
            0.704308032989502,
            0.7681881785392761,
            4.4007913402310805e-7
         ],
         "1": [
            0.6406953930854797,
            0.7070354223251343,
            -0.03043549135327339
         ],
         "2": [
            0.5884022116661072,
            0.6069819927215576,
            -0.04701321944594383
         ],
         "3": [
            0.5505711436271667,
            0.5231363773345947,
            -0.061105456203222275
         ],
         "4": [
            0.5158513784408569,
            0.46685341000556946,
            -0.07484598457813263
         ],
         "5": [
            0.6495630145072937,
            0.44393453001976013,
            -0.02757483534514904
         ],
         "6": [
            0.6265735030174255,
            0.31501734256744385,
            -0.049006298184394836
         ],
         "7": [
            0.6136760115623474,
            0.23395659029483795,
            -0.06692056357860565
         ],
         "8": [
            0.606173574924469,
            0.1640912890434265,
            -0.08028590679168701
         ],
         "9": [
            0.6981400847434998,
            0.43436405062675476,
            -0.03024790622293949
         ],
         "10": [
            0.6958219408988953,
            0.2855769991874695,
            -0.046942874789237976
         ],
         "11": [
            0.69554603099823,
            0.19292426109313965,
            -0.061902690678834915
         ],
         "12": [
            0.6961464285850525,
            0.1168496310710907,
            -0.07311083376407623
         ],
         "13": [
            0.7427628636360168,
            0.458013117313385,
            -0.03732919692993164
         ],
         "14": [
            0.7542793154716492,
            0.32147306203842163,
            -0.057306885719299316
         ],
         "15": [
            0.7614629864692688,
            0.238510400056839,
            -0.0705784484744072
         ],
         "16": [
            0.7653332352638245,
            0.16691705584526062,
            -0.07981695234775543
         ],
         "17": [
            0.7833552360534668,
            0.5060616731643677,
            -0.04715390503406525
         ],
         "18": [
            0.8119889497756958,
            0.41600391268730164,
            -0.06485714018344879
         ],
         "19": [
            0.8297041058540344,
            0.35705792903900146,
            -0.07165705412626266
         ],
         "20": [
            0.8426905870437622,
            0.3011714220046997,
            -0.07606527954339981
         ]
      }
   ]
}