{
   "t DGS": [
      {
         "0": [
            0.7329466342926025,
            0.7733439803123474,
            -3.284139893366955e-7
         ],
         "1": [
            0.7138969302177429,
            0.664111852645874,
            -0.01485607773065567
         ],
         "2": [
            0.7047537565231323,
            0.5707074999809265,
            -0.034804169088602066
         ],
         "3": [
            0.7031418085098267,
            0.5013289451599121,
            -0.05215375870466232
         ],
         "4": [
            0.7096437215805054,
            0.4294130504131317,
            -0.06966082751750946
         ],
         "5": [
            0.7467257380485535,
            0.5718516707420349,
            -0.06231153383851051
         ],
         "6": [
            0.66158127784729,
            0.5595981478691101,
            -0.08771909773349762
         ],
         "7": [
            0.6170586347579956,
            0.5596029758453369,
            -0.0969582200050354
         ],
         "8": [
            0.5873000621795654,
            0.5586186647415161,
            -0.10173526406288147
         ],
         "9": [
            0.7509972453117371,
            0.6402685046195984,
            -0.06808598339557648
         ],
         "10": [
            0.6613969802856445,
            0.6340183019638062,
            -0.08409695327281952
         ],
         "11": [
            0.6758638620376587,
            0.6478287577629089,
            -0.07533028721809387
         ],
         "12": [
            0.6982426047325134,
            0.6535643339157104,
            -0.07233807444572449
         ],
         "13": [
            0.7498289346694946,
            0.7134576439857483,
            -0.07386042922735214
         ],
         "14": [
            0.6615064740180969,
            0.7030616998672485,
            -0.08635423332452774
         ],
         "15": [
            0.6790690422058105,
            0.7133158445358276,
            -0.06425384432077408
         ],
         "16": [
            0.7032142281532288,
            0.7126321792602539,
            -0.05157631263136864
         ],
         "17": [
            0.7459419369697571,
            0.7815093398094177,
            -0.08157718926668167
         ],
         "18": [
            0.6747490167617798,
            0.7638992071151733,
            -0.09648576378822327
         ],
         "19": [
            0.6873102784156799,
            0.761283814907074,
            -0.08609175682067871
         ],
         "20": [
            0.7108326554298401,
            0.7558382749557495,
            -0.07727260142564774
         ]
      }
   ]
}