{
   "u": [
      {
         "0": [
            0.727344810962677,
            0.877448320388794,
            4.3527199977688724e-7
         ],
         "1": [
            0.6903979182243347,
            0.8203682899475098,
            -0.02593790553510189
         ],
         "2": [
            0.6854218244552612,
            0.722287654876709,
            -0.03632828965783119
         ],
         "3": [
            0.7231788635253906,
            0.6554257273674011,
            -0.04647129029035568
         ],
         "4": [
            0.756696343421936,
            0.609903872013092,
            -0.05545344948768616
         ],
         "5": [
            0.6867021918296814,
            0.6080700755119324,
            -0.013720638118684292
         ],
         "6": [
            0.6882638931274414,
            0.5051190853118896,
            -0.03179914876818657
         ],
         "7": [
            0.6915809512138367,
            0.440970778465271,
            -0.04418768733739853
         ],
         "8": [
            0.6961028575897217,
            0.3832041323184967,
            -0.05179969221353531
         ],
         "9": [
            0.7195581793785095,
            0.6054275631904602,
            -0.014986134134232998
         ],
         "10": [
            0.7190284132957458,
            0.48837345838546753,
            -0.03328349068760872
         ],
         "11": [
            0.7192773222923279,
            0.42033636569976807,
            -0.04449216648936272
         ],
         "12": [
            0.7229092121124268,
            0.35816219449043274,
            -0.04955415055155754
         ],
         "13": [
            0.7490690350532532,
            0.6320630311965942,
            -0.020305022597312927
         ],
         "14": [
            0.7626099586486816,
            0.5705568194389343,
            -0.05096236988902092
         ],
         "15": [
            0.749029815196991,
            0.6411932706832886,
            -0.05549151450395584
         ],
         "16": [
            0.7383754253387451,
            0.6912906169891357,
            -0.049135491251945496
         ],
         "17": [
            0.7746042013168335,
            0.677183985710144,
            -0.027631575241684914
         ],
         "18": [
            0.7810998558998108,
            0.6336424946784973,
            -0.051381029188632965
         ],
         "19": [
            0.7665172815322876,
            0.6830992698669434,
            -0.05058176815509796
         ],
         "20": [
            0.7542523741722107,
            0.7222980856895447,
            -0.044035445898771286
         ]
      }
   ]
}