{
   "v": [
      {
         "0": [
            0.7505655288696289,
            0.8165155649185181,
            5.748557327933668e-7
         ],
         "1": [
            0.7174844145774841,
            0.7566098570823669,
            -0.03517966344952583
         ],
         "2": [
            0.7189891338348389,
            0.6672957539558411,
            -0.04560604691505432
         ],
         "3": [
            0.7629601359367371,
            0.6047886610031128,
            -0.05306953564286232
         ],
         "4": [
            0.7951575517654419,
            0.5589215755462646,
            -0.05809520557522774
         ],
         "5": [
            0.7154727578163147,
            0.550832986831665,
            -0.016764722764492035
         ],
         "6": [
            0.6965835690498352,
            0.44929254055023193,
            -0.03238554298877716
         ],
         "7": [
            0.6853505969047546,
            0.3821718096733093,
            -0.04279317334294319
         ],
         "8": [
            0.6780721545219421,
            0.323286771774292,
            -0.04905650392174721
         ],
         "9": [
            0.751960039138794,
            0.5474976897239685,
            -0.012301631271839142
         ],
         "10": [
            0.7644064426422119,
            0.43021678924560547,
            -0.028710056096315384
         ],
         "11": [
            0.7763389945030212,
            0.35962343215942383,
            -0.039717767387628555
         ],
         "12": [
            0.7891020774841309,
            0.3023868501186371,
            -0.04373079910874367
         ],
         "13": [
            0.7797819375991821,
            0.577690064907074,
            -0.013089235872030258
         ],
         "14": [
            0.8035725355148315,
            0.5397098064422607,
            -0.04523099958896637
         ],
         "15": [
            0.7883997559547424,
            0.6099752187728882,
            -0.05336957797408104
         ],
         "16": [
            0.7756448984146118,
            0.6558868885040283,
            -0.047781337052583694
         ],
         "17": [
            0.8008704781532288,
            0.6251749396324158,
            -0.01641780138015747
         ],
         "18": [
            0.818178653717041,
            0.5893166065216064,
            -0.04286818578839302
         ],
         "19": [
            0.8039791584014893,
            0.6414216160774231,
            -0.04410585016012192
         ],
         "20": [
            0.7893075942993164,
            0.6824142932891846,
            -0.037898775190114975
         ]
      }
   ]
}