{
   "v": [
      {
         "0": [
            0.7110446095466614,
            0.7763509750366211,
            5.763335479969101e-7
         ],
         "1": [
            0.6728976964950562,
            0.7278928756713867,
            -0.031015701591968536
         ],
         "2": [
            0.6646141409873962,
            0.6384177803993225,
            -0.04482975974678993
         ],
         "3": [
            0.7009517550468445,
            0.564308226108551,
            -0.05805555358529091
         ],
         "4": [
            0.7299776673316956,
            0.5074056386947632,
            -0.06945569813251495
         ],
         "5": [
            0.6541672945022583,
            0.50633305311203,
            -0.021907756105065346
         ],
         "6": [
            0.6264321208000183,
            0.4003971219062805,
            -0.0427606925368309
         ],
         "7": [
            0.6085613369941711,
            0.3330530524253845,
            -0.055215660482645035
         ],
         "8": [
            0.5956745743751526,
            0.2734655439853668,
            -0.06304565072059631
         ],
         "9": [
            0.6930855512619019,
            0.4922081530094147,
            -0.02302342653274536
         ],
         "10": [
            0.6984657049179077,
            0.36200860142707825,
            -0.04523545876145363
         ],
         "11": [
            0.704862117767334,
            0.2861981987953186,
            -0.05890752002596855
         ],
         "12": [
            0.7122244238853455,
            0.21867641806602478,
            -0.0650741457939148
         ],
         "13": [
            0.7248777747154236,
            0.518771231174469,
            -0.02841922640800476
         ],
         "14": [
            0.7480400204658508,
            0.46408626437187195,
            -0.06414104253053665
         ],
         "15": [
            0.7408924698829651,
            0.5422738194465637,
            -0.07002367079257965
         ],
         "16": [
            0.7340269088745117,
            0.5961792469024658,
            -0.06328907608985901
         ],
         "17": [
            0.7488353252410889,
            0.5701084733009338,
            -0.03612751141190529
         ],
         "18": [
            0.7651199698448181,
            0.5332340002059937,
            -0.06397876143455505
         ],
         "19": [
            0.7547754645347595,
            0.5879024267196655,
            -0.06397876143455505
         ],
         "20": [
            0.743074357509613,
            0.6305253505706787,
            -0.05724415183067322
         ]
      }
   ]
}