{
   "x": [
      {
         "0": [
            0.660988450050354,
            0.774779200553894,
            -1.8113034627731395e-7
         ],
         "1": [
            0.6310977935791016,
            0.7372026443481445,
            -0.01231800764799118
         ],
         "2": [
            0.6107035279273987,
            0.6579736471176147,
            -0.018832338973879814
         ],
         "3": [
            0.6298877596855164,
            0.5968596935272217,
            -0.02674165554344654
         ],
         "4": [
            0.6619198322296143,
            0.5799369812011719,
            -0.03337442874908447
         ],
         "5": [
            0.6299529671669006,
            0.5751116275787354,
            -0.0031189830042421818
         ],
         "6": [
            0.6259948015213013,
            0.5068314671516418,
            -0.023096265271306038
         ],
         "7": [
            0.6201424598693848,
            0.47287222743034363,
            -0.033427074551582336
         ],
         "8": [
            0.617565929889679,
            0.4475969970226288,
            -0.039559755474328995
         ],
         "9": [
            0.6595708727836609,
            0.5810509920120239,
            -0.008008020929992199
         ],
         "10": [
            0.6557456851005554,
            0.5379629135131836,
            -0.03429564833641052
         ],
         "11": [
            0.646851122379303,
            0.6103436946868896,
            -0.03479573875665665
         ],
         "12": [
            0.6512674689292908,
            0.6340689063072205,
            -0.02711014449596405
         ],
         "13": [
            0.6865350604057312,
            0.6016104221343994,
            -0.01685830019414425
         ],
         "14": [
            0.6817700266838074,
            0.5862932801246643,
            -0.041849639266729355
         ],
         "15": [
            0.6664065718650818,
            0.6509022116661072,
            -0.030900301411747932
         ],
         "16": [
            0.6685985922813416,
            0.6608905792236328,
            -0.01626608707010746
         ],
         "17": [
            0.712066113948822,
            0.6318073868751526,
            -0.027610234916210175
         ],
         "18": [
            0.705194354057312,
            0.6163978576660156,
            -0.040586259216070175
         ],
         "19": [
            0.6904104351997375,
            0.6602944135665894,
            -0.03132142871618271
         ],
         "20": [
            0.6910036206245422,
            0.670476496219635,
            -0.020885340869426727
         ]
      }
   ]
}