{
   "x": [
      {
         "0": [
            0.7477970123291016,
            0.8114361763000488,
            -8.761454495243015e-8
         ],
         "1": [
            0.7135869264602661,
            0.7515171766281128,
            -0.01880800724029541
         ],
         "2": [
            0.7002311944961548,
            0.649819552898407,
            -0.02623007446527481
         ],
         "3": [
            0.7324181795120239,
            0.5806062817573547,
            -0.03490818291902542
         ],
         "4": [
            0.7694024443626404,
            0.558230459690094,
            -0.041987694799900055
         ],
         "5": [
            0.7115045785903931,
            0.5627057552337646,
            -0.00001275986505788751
         ],
         "6": [
            0.7135136723518372,
            0.4778401255607605,
            -0.02148321270942688
         ],
         "7": [
            0.7158589959144592,
            0.43414247035980225,
            -0.03254291042685509
         ],
         "8": [
            0.7221888303756714,
            0.3916720747947693,
            -0.039149366319179535
         ],
         "9": [
            0.7460438013076782,
            0.5765018463134766,
            -0.0037579310592263937
         ],
         "10": [
            0.7573018074035645,
            0.5118855237960815,
            -0.03702877089381218
         ],
         "11": [
            0.7446298003196716,
            0.5958972573280334,
            -0.04094371199607849
         ],
         "12": [
            0.7418579459190369,
            0.6231585144996643,
            -0.032559219747781754
         ],
         "13": [
            0.7784370183944702,
            0.6017293334007263,
            -0.012462547980248928
         ],
         "14": [
            0.7879338264465332,
            0.5697236657142639,
            -0.045282766222953796
         ],
         "15": [
            0.7676414251327515,
            0.6460605263710022,
            -0.036539409309625626
         ],
         "16": [
            0.7619591355323792,
            0.6585699915885925,
            -0.01999880000948906
         ],
         "17": [
            0.806780993938446,
            0.636608898639679,
            -0.02345699444413185
         ],
         "18": [
            0.8126740455627441,
            0.608473002910614,
            -0.04055221751332283
         ],
         "19": [
            0.7941418290138245,
            0.6600080728530884,
            -0.03084643743932247
         ],
         "20": [
            0.7868289947509766,
            0.6755608320236206,
            -0.018204456195235252
         ]
      }
   ]
}