{
   "d": [
      {
         "0": [
            0.7446280717849731,
            0.7323150038719177,
            7.258666556708704e-8
         ],
         "1": [
            0.7082558870315552,
            0.6841726303100586,
            -0.02471795305609703
         ],
         "2": [
            0.6965044140815735,
            0.6067648530006409,
            -0.04051878675818443
         ],
         "3": [
            0.7106438279151917,
            0.5489859580993652,
            -0.05641289800405502
         ],
         "4": [
            0.7302641868591309,
            0.5037638545036316,
            -0.07234431803226471
         ],
         "5": [
            0.7130974531173706,
            0.4745938777923584,
            -0.026770010590553284
         ],
         "6": [
            0.7111752033233643,
            0.3529994487762451,
            -0.0491001158952713
         ],
         "7": [
            0.7113632559776306,
            0.2753062844276428,
            -0.06671048700809479
         ],
         "8": [
            0.7136890292167664,
            0.21047943830490112,
            -0.07976903021335602
         ],
         "9": [
            0.7472392916679382,
            0.4795786142349243,
            -0.03012792021036148
         ],
         "10": [
            0.7613124251365662,
            0.36164265871047974,
            -0.06290486454963684
         ],
         "11": [
            0.7499361634254456,
            0.4000856280326843,
            -0.07976903021335602
         ],
         "12": [
            0.7390250563621521,
            0.4525594115257263,
            -0.084843210875988
         ],
         "13": [
            0.7764714360237122,
            0.5011299252510071,
            -0.03561250865459442
         ],
         "14": [
            0.7951924204826355,
            0.39277252554893494,
            -0.06126320734620094
         ],
         "15": [
            0.7796469926834106,
            0.4203628599643707,
            -0.06719551980495453
         ],
         "16": [
            0.7673054337501526,
            0.47028183937072754,
            -0.06555387377738953
         ],
         "17": [
            0.800795316696167,
            0.53754723072052,
            -0.043578218668699265
         ],
         "18": [
            0.8154358863830566,
            0.45298609137535095,
            -0.059173841029405594
         ],
         "19": [
            0.8039767146110535,
            0.45019057393074036,
            -0.061412449926137924
         ],
         "20": [
            0.7920160293579102,
            0.47438985109329224,
            -0.060143910348415375
         ]
      }
   ]
}