{
   "d": [
      {
         "0": [
            0.6948883533477783,
            0.6631270051002502,
            -4.975108325311339e-8
         ],
         "1": [
            0.6630980372428894,
            0.6297163963317871,
            -0.015064372681081295
         ],
         "2": [
            0.6412977576255798,
            0.5707372426986694,
            -0.027498822659254074
         ],
         "3": [
            0.6319605708122253,
            0.5266318321228027,
            -0.04223253205418587
         ],
         "4": [
            0.6484110355377197,
            0.5021438598632812,
            -0.056381817907094955
         ],
         "5": [
            0.6642247438430786,
            0.45050233602523804,
            -0.011473222635686398
         ],
         "6": [
            0.6618520617485046,
            0.3508269786834717,
            -0.029221344739198685
         ],
         "7": [
            0.6572881937026978,
            0.29572391510009766,
            -0.04164810851216316
         ],
         "8": [
            0.6596266031265259,
            0.24757374823093414,
            -0.05087590217590332
         ],
         "9": [
            0.6875072121620178,
            0.45973098278045654,
            -0.017209835350513458
         ],
         "10": [
            0.6891703605651855,
            0.37164825201034546,
            -0.0469694659113884
         ],
         "11": [
            0.6652636528015137,
            0.41381412744522095,
            -0.05693548172712326
         ],
         "12": [
            0.6547651290893555,
            0.46036115288734436,
            -0.056597135961055756
         ],
         "13": [
            0.7094520330429077,
            0.4795039892196655,
            -0.025530226528644562
         ],
         "14": [
            0.713892936706543,
            0.3965022563934326,
            -0.04927641898393631
         ],
         "15": [
            0.6874592304229736,
            0.42775505781173706,
            -0.05029147118330002
         ],
         "16": [
            0.6753172874450684,
            0.4680171012878418,
            -0.04444720596075058
         ],
         "17": [
            0.7306336760520935,
            0.5093941688537598,
            -0.035773079842329025
         ],
         "18": [
            0.7333587408065796,
            0.43733811378479004,
            -0.04924565553665161
         ],
         "19": [
            0.7113054394721985,
            0.4434112310409546,
            -0.04869198799133301
         ],
         "20": [
            0.6975416541099548,
            0.4684233069419861,
            -0.04481631517410278
         ]
      }
   ]
}