{
   "d": [
      {
         "0": [
            0.7366588115692139,
            0.7220612168312073,
            -6.368998839434425e-8
         ],
         "1": [
            0.7003684639930725,
            0.6656856536865234,
            -0.021595844998955727
         ],
         "2": [
            0.689406156539917,
            0.6019558906555176,
            -0.03333745151758194
         ],
         "3": [
            0.715247631072998,
            0.5511780977249146,
            -0.043445758521556854
         ],
         "4": [
            0.7448923587799072,
            0.526675820350647,
            -0.0523744598031044
         ],
         "5": [
            0.7036123871803284,
            0.4661467671394348,
            -0.024644671007990837
         ],
         "6": [
            0.7010717988014221,
            0.34971606731414795,
            -0.04518794268369675
         ],
         "7": [
            0.7013770341873169,
            0.2847856879234314,
            -0.06388014554977417
         ],
         "8": [
            0.7026016712188721,
            0.22849199175834656,
            -0.07876131683588028
         ],
         "9": [
            0.7389103770256042,
            0.4753711223602295,
            -0.025715388357639313
         ],
         "10": [
            0.7528348565101624,
            0.38360679149627686,
            -0.050196725875139236
         ],
         "11": [
            0.7485811114311218,
            0.44810950756073,
            -0.061049096286296844
         ],
         "12": [
            0.7410927414894104,
            0.4970915913581848,
            -0.06525938212871552
         ],
         "13": [
            0.7681546807289124,
            0.49718794226646423,
            -0.02905457839369774
         ],
         "14": [
            0.7841599583625793,
            0.41411614418029785,
            -0.04536942020058632
         ],
         "15": [
            0.7742334604263306,
            0.46226242184638977,
            -0.04264725744724274
         ],
         "16": [
            0.7632644772529602,
            0.5079235434532166,
            -0.038182906806468964
         ],
         "17": [
            0.7912237048149109,
            0.5363529920578003,
            -0.03547888621687889
         ],
         "18": [
            0.8061702251434326,
            0.4652711749076843,
            -0.04388130456209183
         ],
         "19": [
            0.7984879016876221,
            0.4801325500011444,
            -0.03945324942469597
         ],
         "20": [
            0.7882348299026489,
            0.5088395476341248,
            -0.034934453666210175
         ]
      }
   ]
}