{
   "e": [
      {
         "0": [
            0.6808587908744812,
            0.709541380405426,
            -3.0479969836960663e-7
         ],
         "1": [
            0.6520196795463562,
            0.6615798473358154,
            -0.00933550950139761
         ],
         "2": [
            0.6517975926399231,
            0.569606602191925,
            -0.010947606526315212
         ],
         "3": [
            0.6855024099349976,
            0.5215193629264832,
            -0.015226993709802628
         ],
         "4": [
            0.7209033370018005,
            0.5215616226196289,
            -0.01798221468925476
         ],
         "5": [
            0.6604841351509094,
            0.5091641545295715,
            0.0049865106120705605
         ],
         "6": [
            0.6549248099327087,
            0.43044036626815796,
            -0.01091096829622984
         ],
         "7": [
            0.650959312915802,
            0.4588550925254822,
            -0.02261332981288433
         ],
         "8": [
            0.6536769270896912,
            0.507407009601593,
            -0.027654798701405525
         ],
         "9": [
            0.6875956058502197,
            0.4997979998588562,
            0.001570879016071558
         ],
         "10": [
            0.6901160478591919,
            0.4105690121650696,
            -0.012801518663764
         ],
         "11": [
            0.6803722381591797,
            0.44082629680633545,
            -0.020092595368623734
         ],
         "12": [
            0.6787530779838562,
            0.49000751972198486,
            -0.020415015518665314
         ],
         "13": [
            0.7145026922225952,
            0.5083034634590149,
            -0.005477467086166143
         ],
         "14": [
            0.7214322686195374,
            0.426142156124115,
            -0.016428736969828606
         ],
         "15": [
            0.7072733044624329,
            0.45300939679145813,
            -0.020033974200487137
         ],
         "16": [
            0.703020453453064,
            0.4954432547092438,
            -0.019052060320973396
         ],
         "17": [
            0.741039514541626,
            0.5269755721092224,
            -0.014420944266021252
         ],
         "18": [
            0.7439931035041809,
            0.46670767664909363,
            -0.01949172280728817
         ],
         "19": [
            0.7308981418609619,
            0.47861960530281067,
            -0.019887419417500496
         ],
         "20": [
            0.7249410152435303,
            0.5112095475196838,
            -0.01881757378578186
         ]
      }
   ]
}