{
   "g": [
      {
         "0": [
            0.7581606507301331,
            0.7600980997085571,
            -1.087064234184254e-7
         ],
         "1": [
            0.734416127204895,
            0.6573341488838196,
            -0.006007527932524681
         ],
         "2": [
            0.6681122779846191,
            0.5978193283081055,
            -0.017578324303030968
         ],
         "3": [
            0.6056692600250244,
            0.5811083912849426,
            -0.026239410042762756
         ],
         "4": [
            0.5654182434082031,
            0.5436797738075256,
            -0.036533456295728683
         ],
         "5": [
            0.6915758848190308,
            0.5811927914619446,
            -0.04597900062799454
         ],
         "6": [
            0.6164880990982056,
            0.595632016658783,
            -0.06320512294769287
         ],
         "7": [
            0.5704748034477234,
            0.6019721031188965,
            -0.07133789360523224
         ],
         "8": [
            0.5307565927505493,
            0.6126028299331665,
            -0.07799781113862991
         ],
         "9": [
            0.6896876096725464,
            0.6598706245422363,
            -0.05375957489013672
         ],
         "10": [
            0.5989304780960083,
            0.6552923917770386,
            -0.0723625048995018
         ],
         "11": [
            0.6207253336906433,
            0.6469228863716125,
            -0.07024925947189331
         ],
         "12": [
            0.6524342894554138,
            0.6490636467933655,
            -0.06858427822589874
         ],
         "13": [
            0.688960611820221,
            0.7335975170135498,
            -0.05920276790857315
         ],
         "14": [
            0.6071459650993347,
            0.7159872651100159,
            -0.07453978061676025
         ],
         "15": [
            0.6301231384277344,
            0.7113333344459534,
            -0.05875450372695923
         ],
         "16": [
            0.6569758653640747,
            0.7137686610221863,
            -0.04725975915789604
         ],
         "17": [
            0.6876804232597351,
            0.7997680902481079,
            -0.06451789289712906
         ],
         "18": [
            0.6209456920623779,
            0.7813314199447632,
            -0.07524418830871582
         ],
         "19": [
            0.6391046047210693,
            0.7712734937667847,
            -0.06304502487182617
         ],
         "20": [
            0.6618214249610901,
            0.7722200751304626,
            -0.0539516843855381
         ]
      }
   ]
}