{
   "h": [
      {
         "0": [
            0.7540769577026367,
            0.6539464592933655,
            2.5441906359446875e-7
         ],
         "1": [
            0.7308154106140137,
            0.5638022422790527,
            -0.0016664046561345458
         ],
         "2": [
            0.6840004920959473,
            0.525553286075592,
            -0.009231671690940857
         ],
         "3": [
            0.643539309501648,
            0.546897828578949,
            -0.016505340114235878
         ],
         "4": [
            0.6207513213157654,
            0.587631106376648,
            -0.024811550974845886
         ],
         "5": [
            0.6652606725692749,
            0.5108620524406433,
            -0.03062436915934086
         ],
         "6": [
            0.5958650708198547,
            0.5113935470581055,
            -0.042831286787986755
         ],
         "7": [
            0.5576678514480591,
            0.5158960223197937,
            -0.0478486642241478
         ],
         "8": [
            0.526748776435852,
            0.5220538973808289,
            -0.04943954199552536
         ],
         "9": [
            0.656926155090332,
            0.5743969082832336,
            -0.03600887209177017
         ],
         "10": [
            0.5843361616134644,
            0.5678948163986206,
            -0.047695696353912354
         ],
         "11": [
            0.539220929145813,
            0.5650443434715271,
            -0.050816260278224945
         ],
         "12": [
            0.5057548880577087,
            0.566280722618103,
            -0.05204001069068909
         ],
         "13": [
            0.6539761424064636,
            0.6377520561218262,
            -0.03876231238245964
         ],
         "14": [
            0.6042303442955017,
            0.6293373107910156,
            -0.04745094105601311
         ],
         "15": [
            0.6236010789871216,
            0.6249956488609314,
            -0.04007784277200699
         ],
         "16": [
            0.6449409127235413,
            0.6277886033058167,
            -0.03172574192285538
         ],
         "17": [
            0.6553147435188293,
            0.6933866739273071,
            -0.041393376886844635
         ],
         "18": [
            0.6180911064147949,
            0.6702356338500977,
            -0.04194406419992447
         ],
         "19": [
            0.6332506537437439,
            0.6645703315734863,
            -0.02969125658273697
         ],
         "20": [
            0.6502912044525146,
            0.6659634113311768,
            -0.01887635886669159
         ]
      }
   ]
}