{
   "i": [
      {
         "0": [
            0.679182767868042,
            0.6861276030540466,
            -3.8975062466306554e-7
         ],
         "1": [
            0.6432003974914551,
            0.6603882312774658,
            -0.02055252529680729
         ],
         "2": [
            0.6091992259025574,
            0.5949146747589111,
            -0.03271187096834183
         ],
         "3": [
            0.5952202081680298,
            0.5298796892166138,
            -0.04597416892647743
         ],
         "4": [
            0.6162859797477722,
            0.4864193797111511,
            -0.05458255857229233
         ],
         "5": [
            0.6196677088737488,
            0.48776260018348694,
            -0.009597007185220718
         ],
         "6": [
            0.613534688949585,
            0.4318836033344269,
            -0.03392242640256882
         ],
         "7": [
            0.6206881999969482,
            0.4931540787220001,
            -0.043848976492881775
         ],
         "8": [
            0.6295782923698425,
            0.5465465784072876,
            -0.04446769878268242
         ],
         "9": [
            0.6504882574081421,
            0.47914716601371765,
            -0.008258672431111336
         ],
         "10": [
            0.6484839916229248,
            0.43438878655433655,
            -0.04048632085323334
         ],
         "11": [
            0.6514089703559875,
            0.519331693649292,
            -0.04887950047850609
         ],
         "12": [
            0.654052734375,
            0.5807070136070251,
            -0.04465600848197937
         ],
         "13": [
            0.6822023987770081,
            0.4794543981552124,
            -0.011217805556952953
         ],
         "14": [
            0.6815566420555115,
            0.4317242503166199,
            -0.04215420037508011
         ],
         "15": [
            0.6790152192115784,
            0.5086670517921448,
            -0.042799826711416245
         ],
         "16": [
            0.6776084303855896,
            0.5702593922615051,
            -0.031501319259405136
         ],
         "17": [
            0.7123271226882935,
            0.48552095890045166,
            -0.015616152435541153
         ],
         "18": [
            0.7116764783859253,
            0.4035179913043976,
            -0.03109779767692089
         ],
         "19": [
            0.7073062658309937,
            0.3507269322872162,
            -0.03421834111213684
         ],
         "20": [
            0.702431321144104,
            0.3057413101196289,
            -0.03090948984026909
         ]
      }
   ]
}