{
   "i": [
      {
         "0": [
            0.6884633898735046,
            0.6814553737640381,
            -3.6338127529234043e-7
         ],
         "1": [
            0.6498056054115295,
            0.6449143886566162,
            -0.015371453948318958
         ],
         "2": [
            0.6215770244598389,
            0.5709133148193359,
            -0.024328257888555527
         ],
         "3": [
            0.6123316884040833,
            0.5030263662338257,
            -0.03516862168908119
         ],
         "4": [
            0.6342108845710754,
            0.4672932028770447,
            -0.042017944157123566
         ],
         "5": [
            0.6487414240837097,
            0.4831017851829529,
            -0.00041285264887847006
         ],
         "6": [
            0.6470710635185242,
            0.41884031891822815,
            -0.023669667541980743
         ],
         "7": [
            0.648429811000824,
            0.4745595455169678,
            -0.03659117594361305
         ],
         "8": [
            0.6501907110214233,
            0.5268884897232056,
            -0.0398050881922245
         ],
         "9": [
            0.6776295900344849,
            0.4800565242767334,
            -0.0006746415165252984
         ],
         "10": [
            0.6789806485176086,
            0.4273229241371155,
            -0.02879348397254944
         ],
         "11": [
            0.674310564994812,
            0.4978448450565338,
            -0.03869865834712982
         ],
         "12": [
            0.6699150800704956,
            0.553686261177063,
            -0.036828264594078064
         ],
         "13": [
            0.7068880200386047,
            0.48509055376052856,
            -0.005061251576989889
         ],
         "14": [
            0.7104528546333313,
            0.42803987860679626,
            -0.03021603636443615
         ],
         "15": [
            0.7005136609077454,
            0.48924529552459717,
            -0.031111717224121094
         ],
         "16": [
            0.6920663714408875,
            0.5423406958580017,
            -0.021970510482788086
         ],
         "17": [
            0.7343188524246216,
            0.4967861473560333,
            -0.010827193967998028
         ],
         "18": [
            0.7422431111335754,
            0.4238731861114502,
            -0.022115400061011314
         ],
         "19": [
            0.7429747581481934,
            0.37969720363616943,
            -0.0235642921179533
         ],
         "20": [
            0.7422100305557251,
            0.34204819798469543,
            -0.020086947828531265
         ]
      }
   ]
}