{
   "k": [
      {
         "0": [
            0.7113858461380005,
            0.6583006978034973,
            -1.3435121104521386e-7
         ],
         "1": [
            0.6763848662376404,
            0.5837620496749878,
            -0.006150673609226942
         ],
         "2": [
            0.6719347238540649,
            0.49890121817588806,
            -0.010513361543416977
         ],
         "3": [
            0.6758928894996643,
            0.4324764311313629,
            -0.018563274294137955
         ],
         "4": [
            0.6809208393096924,
            0.3803587853908539,
            -0.02596951089799404
         ],
         "5": [
            0.7147129774093628,
            0.41682907938957214,
            -0.0006153653957881033
         ],
         "6": [
            0.7000889778137207,
            0.3262190818786621,
            -0.01646536961197853
         ],
         "7": [
            0.6936287879943848,
            0.2722627520561218,
            -0.026923103258013725
         ],
         "8": [
            0.6904329061508179,
            0.22291043400764465,
            -0.03343932330608368
         ],
         "9": [
            0.7347331643104553,
            0.4232610762119293,
            -0.008693588897585869
         ],
         "10": [
            0.6951459646224976,
            0.3638383746147156,
            -0.032517511397600174
         ],
         "11": [
            0.6625788807868958,
            0.32646334171295166,
            -0.04510493949055672
         ],
         "12": [
            0.6377608180046082,
            0.2948162257671356,
            -0.0495232492685318
         ],
         "13": [
            0.7504202127456665,
            0.4443364441394806,
            -0.018499702215194702
         ],
         "14": [
            0.6909335851669312,
            0.4380897581577301,
            -0.04599495977163315
         ],
         "15": [
            0.678266167640686,
            0.503818929195404,
            -0.04510493949055672
         ],
         "16": [
            0.6770908832550049,
            0.5545649528503418,
            -0.03598223626613617
         ],
         "17": [
            0.7582725882530212,
            0.4778592884540558,
            -0.029497802257537842
         ],
         "18": [
            0.7056382894515991,
            0.46180030703544617,
            -0.0473935641348362
         ],
         "19": [
            0.6912400722503662,
            0.5115451216697693,
            -0.042339522391557693
         ],
         "20": [
            0.6900555491447449,
            0.5571402311325073,
            -0.03274001553654671
         ]
      }
   ]
}