{
   "l": [
      {
         "0": [
            0.7390936613082886,
            0.6540911197662354,
            -1.1256769028022973e-7
         ],
         "1": [
            0.7002962827682495,
            0.6088480353355408,
            -0.014786338433623314
         ],
         "2": [
            0.6612047553062439,
            0.5432116985321045,
            -0.026481566950678825
         ],
         "3": [
            0.6230107545852661,
            0.508078932762146,
            -0.03983388468623161
         ],
         "4": [
            0.5935940742492676,
            0.4962990880012512,
            -0.053249940276145935
         ],
         "5": [
            0.696483314037323,
            0.43155437707901,
            -0.013870159164071083
         ],
         "6": [
            0.6908308863639832,
            0.33512628078460693,
            -0.03288685902953148
         ],
         "7": [
            0.6860367059707642,
            0.27541685104370117,
            -0.04273379221558571
         ],
         "8": [
            0.6839781403541565,
            0.2254599928855896,
            -0.04999949038028717
         ],
         "9": [
            0.7260578274726868,
            0.4391050636768341,
            -0.01959827169775963
         ],
         "10": [
            0.7188293933868408,
            0.388437420129776,
            -0.052230190485715866
         ],
         "11": [
            0.7128387093544006,
            0.4719140827655792,
            -0.054365288466215134
         ],
         "12": [
            0.7175801396369934,
            0.5135581493377686,
            -0.04694025218486786
         ],
         "13": [
            0.7557046413421631,
            0.46161362528800964,
            -0.028282057493925095
         ],
         "14": [
            0.7465933561325073,
            0.4326639473438263,
            -0.05704212561249733
         ],
         "15": [
            0.7360965013504028,
            0.5042126178741455,
            -0.046111706644296646
         ],
         "16": [
            0.7391412258148193,
            0.5277370810508728,
            -0.03071989305317402
         ],
         "17": [
            0.7838621139526367,
            0.4935328960418701,
            -0.03852733597159386
         ],
         "18": [
            0.7761273980140686,
            0.4635924994945526,
            -0.05207085609436035
         ],
         "19": [
            0.7607908844947815,
            0.5090349316596985,
            -0.04129977151751518
         ],
         "20": [
            0.7592103481292725,
            0.5272267460823059,
            -0.029779814183712006
         ]
      }
   ]
}