{
   "l": [
      {
         "0": [
            0.7455283403396606,
            0.7009931206703186,
            -1.1944487710024987e-7
         ],
         "1": [
            0.7051534652709961,
            0.6590513586997986,
            -0.01770525425672531
         ],
         "2": [
            0.6616254448890686,
            0.5780693292617798,
            -0.02948075905442238
         ],
         "3": [
            0.6212226152420044,
            0.5365190505981445,
            -0.042734503746032715
         ],
         "4": [
            0.5865168571472168,
            0.5226749777793884,
            -0.05583706125617027
         ],
         "5": [
            0.6983732581138611,
            0.46869081258773804,
            -0.01660497486591339
         ],
         "6": [
            0.6926508545875549,
            0.3669693171977997,
            -0.03850136697292328
         ],
         "7": [
            0.6913930773735046,
            0.30285346508026123,
            -0.047135621309280396
         ],
         "8": [
            0.6907951831817627,
            0.24698284268379211,
            -0.052813392132520676
         ],
         "9": [
            0.7317927479743958,
            0.47625377774238586,
            -0.021098481491208076
         ],
         "10": [
            0.718442440032959,
            0.4482429027557373,
            -0.05462759733200073
         ],
         "11": [
            0.718620777130127,
            0.5366829633712769,
            -0.05304856598377228
         ],
         "12": [
            0.7269583940505981,
            0.5561186671257019,
            -0.043070465326309204
         ],
         "13": [
            0.7660208940505981,
            0.49752408266067505,
            -0.029430367052555084
         ],
         "14": [
            0.7525720596313477,
            0.48746100068092346,
            -0.0623883381485939
         ],
         "15": [
            0.7481621503829956,
            0.5639589428901672,
            -0.048378683626651764
         ],
         "16": [
            0.7542065382003784,
            0.5669179558753967,
            -0.030455052852630615
         ],
         "17": [
            0.7991055250167847,
            0.525976300239563,
            -0.039475660771131516
         ],
         "18": [
            0.7871814370155334,
            0.5063373446464539,
            -0.05560188740491867
         ],
         "19": [
            0.7759334444999695,
            0.5615394115447998,
            -0.04253292456269264
         ],
         "20": [
            0.777636706829071,
            0.5708163380622864,
            -0.028792036697268486
         ]
      }
   ]
}