{
   "m": [
      {
         "0": [
            0.7120040655136108,
            0.722820520401001,
            -3.6417370097296953e-7
         ],
         "1": [
            0.6770329475402832,
            0.6885677576065063,
            -0.018756655976176262
         ],
         "2": [
            0.666665256023407,
            0.6036423444747925,
            -0.027813302353024483
         ],
         "3": [
            0.6950790882110596,
            0.5515509843826294,
            -0.03647402673959732
         ],
         "4": [
            0.72126704454422,
            0.5188534259796143,
            -0.04194265604019165
         ],
         "5": [
            0.6639758944511414,
            0.507625937461853,
            -0.0067182485945522785
         ],
         "6": [
            0.6541023850440979,
            0.492068886756897,
            -0.0342717282474041
         ],
         "7": [
            0.6580647230148315,
            0.5676253437995911,
            -0.051469456404447556
         ],
         "8": [
            0.6654888391494751,
            0.6152715086936951,
            -0.05953630432486534
         ],
         "9": [
            0.6969847679138184,
            0.5004020929336548,
            -0.00922367349267006
         ],
         "10": [
            0.6908404231071472,
            0.4686678647994995,
            -0.03805770352482796
         ],
         "11": [
            0.689227283000946,
            0.5613818168640137,
            -0.04392224922776222
         ],
         "12": [
            0.6914647817611694,
            0.6045020222663879,
            -0.04040847346186638
         ],
         "13": [
            0.7286821007728577,
            0.5176249742507935,
            -0.01670282892882824
         ],
         "14": [
            0.7295795679092407,
            0.48502975702285767,
            -0.043526336550712585
         ],
         "15": [
            0.7196460962295532,
            0.5695124864578247,
            -0.03654826432466507
         ],
         "16": [
            0.7137105464935303,
            0.6042265892028809,
            -0.025128476321697235
         ],
         "17": [
            0.7566594481468201,
            0.5477550625801086,
            -0.026279116049408913
         ],
         "18": [
            0.7544201016426086,
            0.5476863980293274,
            -0.04288296401500702
         ],
         "19": [
            0.7397967576980591,
            0.6052253842353821,
            -0.037092652171850204
         ],
         "20": [
            0.7303910851478577,
            0.6235217452049255,
            -0.028654631227254868
         ]
      }
   ]
}