{
   "m": [
      {
         "0": [
            0.7281455397605896,
            0.735095739364624,
            -3.836624387076881e-7
         ],
         "1": [
            0.6904543042182922,
            0.6966232061386108,
            -0.020752213895320892
         ],
         "2": [
            0.6830968856811523,
            0.6005650758743286,
            -0.031446944922208786
         ],
         "3": [
            0.7232195734977722,
            0.5495848655700684,
            -0.041449014097452164
         ],
         "4": [
            0.7577689290046692,
            0.5218098163604736,
            -0.04823712259531021
         ],
         "5": [
            0.6787464022636414,
            0.5139091610908508,
            -0.011775288730859756
         ],
         "6": [
            0.674057126045227,
            0.4808579087257385,
            -0.03939872607588768
         ],
         "7": [
            0.6776262521743774,
            0.5608403086662292,
            -0.05585642531514168
         ],
         "8": [
            0.6837069392204285,
            0.6115624904632568,
            -0.0640021562576294
         ],
         "9": [
            0.7136416435241699,
            0.5056043863296509,
            -0.014268877916038036
         ],
         "10": [
            0.7103734612464905,
            0.4570159912109375,
            -0.04449673369526863
         ],
         "11": [
            0.7078356742858887,
            0.5560219287872314,
            -0.05125713348388672
         ],
         "12": [
            0.7082713842391968,
            0.6021628379821777,
            -0.04809859022498131
         ],
         "13": [
            0.7476941347122192,
            0.5219342708587646,
            -0.021458731964230537
         ],
         "14": [
            0.7515120506286621,
            0.47112321853637695,
            -0.04934538155794144
         ],
         "15": [
            0.7405949234962463,
            0.563239574432373,
            -0.042889755219221115
         ],
         "16": [
            0.7322390675544739,
            0.6016209721565247,
            -0.031890250742435455
         ],
         "17": [
            0.7783042788505554,
            0.5500783324241638,
            -0.03075428120791912
         ],
         "18": [
            0.7771406769752502,
            0.5430052280426025,
            -0.04895749315619469
         ],
         "19": [
            0.761579155921936,
            0.6069860458374023,
            -0.04361012950539589
         ],
         "20": [
            0.7505503296852112,
            0.6285902857780457,
            -0.035575225949287415
         ]
      }
   ]
}