{
   "m-DGS": [
      {
         "0": [
            0.7185380458831787,
            0.3840913474559784,
            1.5779453121922415e-7
         ],
         "1": [
            0.6591021418571472,
            0.43361708521842957,
            0.007368766702711582
         ],
         "2": [
            0.6380878686904907,
            0.5301615595817566,
            0.006207314319908619
         ],
         "3": [
            0.6454458236694336,
            0.615944504737854,
            0.005235136486589909
         ],
         "4": [
            0.6583043932914734,
            0.6768264770507812,
            0.0019884484354406595
         ],
         "5": [
            0.6203701496124268,
            0.5590663552284241,
            -0.01796378754079342
         ],
         "6": [
            0.6183091402053833,
            0.6869983077049255,
            -0.025328254327178
         ],
         "7": [
            0.6196380257606506,
            0.7580156922340393,
            -0.02882121317088604
         ],
         "8": [
            0.6223645806312561,
            0.8168376684188843,
            -0.03067953512072563
         ],
         "9": [
            0.6570200324058533,
            0.5757755041122437,
            -0.025483110919594765
         ],
         "10": [
            0.6543601751327515,
            0.7114623188972473,
            -0.034602660685777664
         ],
         "11": [
            0.6521964073181152,
            0.788968563079834,
            -0.03940332680940628
         ],
         "12": [
            0.650276780128479,
            0.8491974472999573,
            -0.04260377213358879
         ],
         "13": [
            0.6940086483955383,
            0.5851418375968933,
            -0.030335402116179466
         ],
         "14": [
            0.6845489740371704,
            0.7100235223770142,
            -0.037923555821180344
         ],
         "15": [
            0.6738659143447876,
            0.7848024964332581,
            -0.04398030787706375
         ],
         "16": [
            0.667564332485199,
            0.8432598114013672,
            -0.0482475720345974
         ],
         "17": [
            0.7251640558242798,
            0.5858233571052551,
            -0.03312288597226143
         ],
         "18": [
            0.7025003433227539,
            0.6709544658660889,
            -0.03713204339146614
         ],
         "19": [
            0.6877036094665527,
            0.6919937133789062,
            -0.03551461920142174
         ],
         "20": [
            0.6778112649917603,
            0.7033528089523315,
            -0.03384556621313095
         ]
      }
   ]
}