{
   "o": [
      {
         "0": [
            0.7224440574645996,
            0.6482797861099243,
            -2.937238718914159e-7
         ],
         "1": [
            0.6879401803016663,
            0.6202300190925598,
            -0.019549477845430374
         ],
         "2": [
            0.6683440208435059,
            0.5543364882469177,
            -0.03556571900844574
         ],
         "3": [
            0.6770524978637695,
            0.5018473863601685,
            -0.05286525562405586
         ],
         "4": [
            0.6980457305908203,
            0.46150678396224976,
            -0.06799818575382233
         ],
         "5": [
            0.6803809404373169,
            0.4233330190181732,
            -0.0198828037828207
         ],
         "6": [
            0.6751788258552551,
            0.3221561908721924,
            -0.04969867691397667
         ],
         "7": [
            0.6723822355270386,
            0.3580667972564697,
            -0.0715980976819992
         ],
         "8": [
            0.6740506291389465,
            0.4167168140411377,
            -0.0822644755244255
         ],
         "9": [
            0.7125328779220581,
            0.41743800044059753,
            -0.023899365216493607
         ],
         "10": [
            0.7153996229171753,
            0.30849045515060425,
            -0.052798595279455185
         ],
         "11": [
            0.7114161849021912,
            0.3569839298725128,
            -0.07019813358783722
         ],
         "12": [
            0.7088907361030579,
            0.4195447266101837,
            -0.07666462659835815
         ],
         "13": [
            0.7436026334762573,
            0.42620643973350525,
            -0.03144916146993637
         ],
         "14": [
            0.7549318075180054,
            0.3130480945110321,
            -0.05179861932992935
         ],
         "15": [
            0.7500207424163818,
            0.3346148133277893,
            -0.06153169274330139
         ],
         "16": [
            0.7447513937950134,
            0.3852201998233795,
            -0.06403162330389023
         ],
         "17": [
            0.7735521793365479,
            0.4488818049430847,
            -0.041098903864622116
         ],
         "18": [
            0.7835750579833984,
            0.36720147728919983,
            -0.0541318915784359
         ],
         "19": [
            0.7799621820449829,
            0.3550034165382385,
            -0.05979840084910393
         ],
         "20": [
            0.7733733057975769,
            0.3730246424674988,
            -0.061331700533628464
         ]
      }
   ]
}