{
   "p": [
      {
         "0": [
            0.6986815333366394,
            0.6978706121444702,
            -4.5400318526844785e-7
         ],
         "1": [
            0.6651914119720459,
            0.6681481599807739,
            -0.02054215408861637
         ],
         "2": [
            0.6383958458900452,
            0.6388442516326904,
            -0.040629420429468155
         ],
         "3": [
            0.6240542531013489,
            0.634310245513916,
            -0.05801840126514435
         ],
         "4": [
            0.6197195053100586,
            0.6285333037376404,
            -0.0758829340338707
         ],
         "5": [
            0.6426886916160583,
            0.5305604934692383,
            -0.04825906828045845
         ],
         "6": [
            0.6029653549194336,
            0.573742151260376,
            -0.07600700110197067
         ],
         "7": [
            0.5786982774734497,
            0.6035293340682983,
            -0.09453319013118744
         ],
         "8": [
            0.5558092594146729,
            0.6315801739692688,
            -0.10528498888015747
         ],
         "9": [
            0.6778942346572876,
            0.5435362458229065,
            -0.05193949490785599
         ],
         "10": [
            0.6339688301086426,
            0.6748706698417664,
            -0.08584903925657272
         ],
         "11": [
            0.6176452040672302,
            0.7594053745269775,
            -0.09263094514608383
         ],
         "12": [
            0.603776752948761,
            0.8165006637573242,
            -0.0899016410112381
         ],
         "13": [
            0.7115091681480408,
            0.5918285250663757,
            -0.05648833140730858
         ],
         "14": [
            0.6757038235664368,
            0.7039258480072021,
            -0.08183778077363968
         ],
         "15": [
            0.6783065795898438,
            0.7044204473495483,
            -0.07154086232185364
         ],
         "16": [
            0.6803224682807922,
            0.6869251728057861,
            -0.05863869562745094
         ],
         "17": [
            0.7359391450881958,
            0.6474344730377197,
            -0.06264994293451309
         ],
         "18": [
            0.7032467126846313,
            0.7210725545883179,
            -0.07931524515151978
         ],
         "19": [
            0.7010693550109863,
            0.7164841890335083,
            -0.06823261082172394
         ],
         "20": [
            0.7031479477882385,
            0.6877588033676147,
            -0.0547928586602211
         ]
      }
   ]
}