{
   "q": [
      {
         "0": [
            0.721734881401062,
            0.5858889222145081,
            -2.2159808565902495e-7
         ],
         "1": [
            0.6699768900871277,
            0.5937229990959167,
            -0.01530393399298191
         ],
         "2": [
            0.6309618949890137,
            0.6241940855979919,
            -0.03419256955385208
         ],
         "3": [
            0.6115507483482361,
            0.6927420496940613,
            -0.051426731050014496
         ],
         "4": [
            0.5992238521575928,
            0.7485194206237793,
            -0.06696045398712158
         ],
         "5": [
            0.6223950982093811,
            0.5051485896110535,
            -0.041522834450006485
         ],
         "6": [
            0.6213776469230652,
            0.6178496479988098,
            -0.06732811778783798
         ],
         "7": [
            0.6206229329109192,
            0.6873391270637512,
            -0.08175884932279587
         ],
         "8": [
            0.6163897514343262,
            0.7377700209617615,
            -0.08947975188493729
         ],
         "9": [
            0.6592385768890381,
            0.50370854139328,
            -0.0470377653837204
         ],
         "10": [
            0.6594436764717102,
            0.6427657008171082,
            -0.06254851073026657
         ],
         "11": [
            0.667712926864624,
            0.6318010687828064,
            -0.06098594516515732
         ],
         "12": [
            0.6663404107093811,
            0.5965890288352966,
            -0.06135360896587372
         ],
         "13": [
            0.6979789137840271,
            0.522097110748291,
            -0.0540003664791584
         ],
         "14": [
            0.6890535950660706,
            0.6618380546569824,
            -0.0642489492893219
         ],
         "15": [
            0.6933320760726929,
            0.6415501236915588,
            -0.049266714602708817
         ],
         "16": [
            0.6903225779533386,
            0.6026248931884766,
            -0.03931686282157898
         ],
         "17": [
            0.732695460319519,
            0.5483425855636597,
            -0.0635136291384697
         ],
         "18": [
            0.7174584269523621,
            0.65597003698349,
            -0.0733945369720459
         ],
         "19": [
            0.7134650349617004,
            0.6398189067840576,
            -0.06397320330142975
         ],
         "20": [
            0.7089951634407043,
            0.6015681624412537,
            -0.05496548116207123
         ]
      }
   ]
}