{
   "r": [
      {
         "0": [
            0.7263256907463074,
            0.741901159286499,
            4.54386594128664e-7
         ],
         "1": [
            0.6896828413009644,
            0.6880252361297607,
            -0.02699081413447857
         ],
         "2": [
            0.6796525120735168,
            0.6018028259277344,
            -0.037929195910692215
         ],
         "3": [
            0.710271418094635,
            0.5383161306381226,
            -0.04790869355201721
         ],
         "4": [
            0.7367261052131653,
            0.4851909577846527,
            -0.05639659985899925
         ],
         "5": [
            0.6799853444099426,
            0.48825928568840027,
            -0.010618754662573338
         ],
         "6": [
            0.6896077394485474,
            0.40274596214294434,
            -0.02745250053703785
         ],
         "7": [
            0.6987677812576294,
            0.3420338034629822,
            -0.039456307888031006
         ],
         "8": [
            0.7068775296211243,
            0.28728148341178894,
            -0.04705635458230972
         ],
         "9": [
            0.7074218392372131,
            0.48571911454200745,
            -0.01107156090438366
         ],
         "10": [
            0.700400173664093,
            0.381242573261261,
            -0.029636623337864876
         ],
         "11": [
            0.6960793137550354,
            0.3211327791213989,
            -0.039953507483005524
         ],
         "12": [
            0.6938761472702026,
            0.26797640323638916,
            -0.043611474335193634
         ],
         "13": [
            0.7340341210365295,
            0.5092892646789551,
            -0.016052430495619774
         ],
         "14": [
            0.7484915256500244,
            0.459786593914032,
            -0.04975543171167374
         ],
         "15": [
            0.7396028637886047,
            0.533496081829071,
            -0.05526014417409897
         ],
         "16": [
            0.728922963142395,
            0.582931399345398,
            -0.048547953367233276
         ],
         "17": [
            0.7576912045478821,
            0.5502848029136658,
            -0.022888919338583946
         ],
         "18": [
            0.7648763656616211,
            0.517176628112793,
            -0.05085637420415878
         ],
         "19": [
            0.7526329159736633,
            0.57493656873703,
            -0.05206385999917984
         ],
         "20": [
            0.7395226955413818,
            0.6147366762161255,
            -0.0461684986948967
         ]
      }
   ]
}