{
   "s": [
      {
         "0": [
            0.714087188243866,
            0.6956561803817749,
            -4.111863347588951e-7
         ],
         "1": [
            0.676660418510437,
            0.6344957947731018,
            -0.01016105804592371
         ],
         "2": [
            0.6573536396026611,
            0.537124514579773,
            -0.01550437230616808
         ],
         "3": [
            0.6789923310279846,
            0.4608219265937805,
            -0.02412853017449379
         ],
         "4": [
            0.713494598865509,
            0.43067511916160583,
            -0.02790309302508831
         ],
         "5": [
            0.6611552238464355,
            0.47073620557785034,
            0.010280506685376167
         ],
         "6": [
            0.6556193828582764,
            0.38323867321014404,
            -0.015376961790025234
         ],
         "7": [
            0.6621487140655518,
            0.45730820298194885,
            -0.02801457792520523
         ],
         "8": [
            0.6681954264640808,
            0.49868905544281006,
            -0.031470607966184616
         ],
         "9": [
            0.6915810704231262,
            0.4662858247756958,
            0.004634588956832886
         ],
         "10": [
            0.6902979016304016,
            0.38182127475738525,
            -0.019860249012708664
         ],
         "11": [
            0.6902012825012207,
            0.46397072076797485,
            -0.023188872262835503
         ],
         "12": [
            0.6928415298461914,
            0.4944749176502228,
            -0.016834229230880737
         ],
         "13": [
            0.7228995561599731,
            0.47445985674858093,
            -0.0062670474871993065
         ],
         "14": [
            0.7233483791351318,
            0.4097256064414978,
            -0.027122698724269867
         ],
         "15": [
            0.7169361114501953,
            0.48693564534187317,
            -0.017232388257980347
         ],
         "16": [
            0.717228353023529,
            0.513781726360321,
            -0.0028149953577667475
         ],
         "17": [
            0.7542583346366882,
            0.49203190207481384,
            -0.019159486517310143
         ],
         "18": [
            0.7497169971466064,
            0.43816226720809937,
            -0.025068189948797226
         ],
         "19": [
            0.7409813404083252,
            0.48993101716041565,
            -0.012804843485355377
         ],
         "20": [
            0.7406536340713501,
            0.5167959928512573,
            -0.00003611440843087621
         ]
      }
   ]
}