{
   "t": [
      {
         "0": [
            0.7114216089248657,
            0.679879367351532,
            -3.8473805830108176e-7
         ],
         "1": [
            0.670071005821228,
            0.6337970495223999,
            -0.00687822001054883
         ],
         "2": [
            0.6498258709907532,
            0.54436856508255,
            -0.009694471955299377
         ],
         "3": [
            0.6527499556541443,
            0.4684721827507019,
            -0.015591109171509743
         ],
         "4": [
            0.6547373533248901,
            0.41029828786849976,
            -0.019446052610874176
         ],
         "5": [
            0.6568909883499146,
            0.48782193660736084,
            0.005711028818041086
         ],
         "6": [
            0.6413589119911194,
            0.41117531061172485,
            -0.01963166333734989
         ],
         "7": [
            0.6404277086257935,
            0.4215570092201233,
            -0.03306685760617256
         ],
         "8": [
            0.6468008160591125,
            0.46219176054000854,
            -0.035751041024923325
         ],
         "9": [
            0.6856520175933838,
            0.4870966076850891,
            0.00035448535345494747
         ],
         "10": [
            0.6774958968162537,
            0.4368381202220917,
            -0.02946891076862812
         ],
         "11": [
            0.6802300810813904,
            0.5071232318878174,
            -0.03500860556960106
         ],
         "12": [
            0.6863564848899841,
            0.5635351538658142,
            -0.02876931056380272
         ],
         "13": [
            0.7152528762817383,
            0.4952067732810974,
            -0.009223311208188534
         ],
         "14": [
            0.7075836658477783,
            0.47093796730041504,
            -0.038178227841854095
         ],
         "15": [
            0.7064508199691772,
            0.5454468727111816,
            -0.03209598362445831
         ],
         "16": [
            0.7094602584838867,
            0.5942726135253906,
            -0.01778985559940338
         ],
         "17": [
            0.7452507615089417,
            0.5086612105369568,
            -0.01951744221150875
         ],
         "18": [
            0.7359652519226074,
            0.4738677740097046,
            -0.03526560589671135
         ],
         "19": [
            0.7306709885597229,
            0.5236978530883789,
            -0.027527159079909325
         ],
         "20": [
            0.7315118908882141,
            0.558384895324707,
            -0.015733886510133743
         ]
      }
   ]
}