{
   "u": [
      {
         "0": [
            0.7410894632339478,
            0.7570340633392334,
            4.448663162293087e-7
         ],
         "1": [
            0.7094230651855469,
            0.6947463750839233,
            -0.02839561365544796
         ],
         "2": [
            0.7071719169616699,
            0.606618344783783,
            -0.03886096179485321
         ],
         "3": [
            0.7449032068252563,
            0.5409426689147949,
            -0.04807914420962334
         ],
         "4": [
            0.7764410972595215,
            0.49180716276168823,
            -0.05548984184861183
         ],
         "5": [
            0.7085631489753723,
            0.5001225471496582,
            -0.01490272581577301
         ],
         "6": [
            0.714589536190033,
            0.39605093002319336,
            -0.03143219277262688
         ],
         "7": [
            0.7192477583885193,
            0.3340091109275818,
            -0.04160834476351738
         ],
         "8": [
            0.7228901982307434,
            0.2798042893409729,
            -0.04659700393676758
         ],
         "9": [
            0.7404807806015015,
            0.4969123601913452,
            -0.01288737915456295
         ],
         "10": [
            0.7471699714660645,
            0.3831537961959839,
            -0.0294078066945076
         ],
         "11": [
            0.7498483657836914,
            0.31701311469078064,
            -0.038824815303087234
         ],
         "12": [
            0.7525627017021179,
            0.2619938850402832,
            -0.04131914675235748
         ],
         "13": [
            0.7683224678039551,
            0.5211366415023804,
            -0.015155774541199207
         ],
         "14": [
            0.7782700061798096,
            0.48499172925949097,
            -0.04417497292160988
         ],
         "15": [
            0.7686389684677124,
            0.5474963784217834,
            -0.05006738007068634
         ],
         "16": [
            0.7612529397010803,
            0.5887640118598938,
            -0.04345197603106499
         ],
         "17": [
            0.7910085916519165,
            0.5608606934547424,
            -0.019484706223011017
         ],
         "18": [
            0.8010464906692505,
            0.5168883800506592,
            -0.03969240561127663
         ],
         "19": [
            0.788926362991333,
            0.560882031917572,
            -0.03810181841254234
         ],
         "20": [
            0.7779384255409241,
            0.5972435474395752,
            -0.03072727471590042
         ]
      }
   ]
}