{
   "v": [
      {
         "0": [
            0.749161958694458,
            0.8140197992324829,
            4.988138471162529e-7
         ],
         "1": [
            0.7106115818023682,
            0.7557640671730042,
            -0.029877565801143646
         ],
         "2": [
            0.7031254172325134,
            0.6638296246528625,
            -0.042052820324897766
         ],
         "3": [
            0.7415496706962585,
            0.5930932760238647,
            -0.0531856045126915
         ],
         "4": [
            0.7751310467720032,
            0.5427731275558472,
            -0.0619974210858345
         ],
         "5": [
            0.6980181336402893,
            0.5386159420013428,
            -0.01724008284509182
         ],
         "6": [
            0.686012864112854,
            0.4285408854484558,
            -0.035148922353982925
         ],
         "7": [
            0.6787331700325012,
            0.3591991066932678,
            -0.04598666727542877
         ],
         "8": [
            0.6731947064399719,
            0.3010426461696625,
            -0.05173008516430855
         ],
         "9": [
            0.7343330979347229,
            0.5319588780403137,
            -0.016964713111519814
         ],
         "10": [
            0.7332015037536621,
            0.4101185202598572,
            -0.03571932762861252
         ],
         "11": [
            0.7326031923294067,
            0.33569467067718506,
            -0.046734098345041275
         ],
         "12": [
            0.7347495555877686,
            0.27464866638183594,
            -0.0502745620906353
         ],
         "13": [
            0.7664788365364075,
            0.5582115054130554,
            -0.021203434094786644
         ],
         "14": [
            0.7776241898536682,
            0.5256856083869934,
            -0.05235949903726578
         ],
         "15": [
            0.7679794430732727,
            0.593079149723053,
            -0.05841762199997902
         ],
         "16": [
            0.7614282965660095,
            0.6381039619445801,
            -0.051572732627391815
         ],
         "17": [
            0.7921335697174072,
            0.6024600863456726,
            -0.027812296524643898
         ],
         "18": [
            0.8030965328216553,
            0.5618598461151123,
            -0.04933043569326401
         ],
         "19": [
            0.7915281057357788,
            0.6099936962127686,
            -0.04740285128355026
         ],
         "20": [
            0.7817701101303101,
            0.6494874358177185,
            -0.03971218317747116
         ]
      }
   ]
}