{
   "x": [
      {
         "0": [
            0.7266306281089783,
            0.8258753418922424,
            -1.427934535058739e-7
         ],
         "1": [
            0.6955845952033997,
            0.780403733253479,
            -0.021265503019094467
         ],
         "2": [
            0.684357225894928,
            0.6990402936935425,
            -0.03543175011873245
         ],
         "3": [
            0.718262791633606,
            0.6442425847053528,
            -0.050049763172864914
         ],
         "4": [
            0.7558061480522156,
            0.6210375428199768,
            -0.06234439089894295
         ],
         "5": [
            0.6988280415534973,
            0.5769802927970886,
            -0.011996131390333176
         ],
         "6": [
            0.7034338712692261,
            0.4903790354728699,
            -0.03949768841266632
         ],
         "7": [
            0.7049973011016846,
            0.4527924060821533,
            -0.05414797365665436
         ],
         "8": [
            0.7079393267631531,
            0.4463360011577606,
            -0.0614408478140831
         ],
         "9": [
            0.7358238697052002,
            0.5918554663658142,
            -0.015594163909554482
         ],
         "10": [
            0.7383933663368225,
            0.547021210193634,
            -0.04921076446771622
         ],
         "11": [
            0.7240695357322693,
            0.6226586699485779,
            -0.051695507019758224
         ],
         "12": [
            0.723459005355835,
            0.651701033115387,
            -0.04407993331551552
         ],
         "13": [
            0.7683312892913818,
            0.6236854195594788,
            -0.024444034323096275
         ],
         "14": [
            0.7678535580635071,
            0.6066720485687256,
            -0.05576144531369209
         ],
         "15": [
            0.747235894203186,
            0.6737945675849915,
            -0.044015396386384964
         ],
         "16": [
            0.7455049157142639,
            0.6837172508239746,
            -0.027929125353693962
         ],
         "17": [
            0.7966600060462952,
            0.6671638488769531,
            -0.03598032891750336
         ],
         "18": [
            0.7937915325164795,
            0.6504090428352356,
            -0.05405116826295853
         ],
         "19": [
            0.7739361524581909,
            0.697906494140625,
            -0.044015396386384964
         ],
         "20": [
            0.7693595886230469,
            0.709137499332428,
            -0.03180144727230072
         ]
      }
   ]
}