{
   "y": [
      {
         "0": [
            0.6863473057746887,
            0.6118016839027405,
            -3.65807238722482e-7
         ],
         "1": [
            0.6402178406715393,
            0.5689050555229187,
            -0.012362663634121418
         ],
         "2": [
            0.6126053929328918,
            0.4758197069168091,
            -0.01795927621424198
         ],
         "3": [
            0.6004970669746399,
            0.4060322344303131,
            -0.02553279884159565
         ],
         "4": [
            0.5820918083190918,
            0.36291319131851196,
            -0.03043331205844879
         ],
         "5": [
            0.6587139964103699,
            0.4052475392818451,
            -0.0023301811888813972
         ],
         "6": [
            0.6662544012069702,
            0.3329358696937561,
            -0.022859789431095123
         ],
         "7": [
            0.6723361015319824,
            0.3717983365058899,
            -0.0340530127286911
         ],
         "8": [
            0.6735692024230957,
            0.41867440938949585,
            -0.03661464527249336
         ],
         "9": [
            0.6893556714057922,
            0.41231006383895874,
            -0.0045037404634058475
         ],
         "10": [
            0.6964976787567139,
            0.3714005947113037,
            -0.03346829116344452
         ],
         "11": [
            0.6913619637489319,
            0.4438306391239166,
            -0.043798353523015976
         ],
         "12": [
            0.6835087537765503,
            0.5018442869186401,
            -0.04248969629406929
         ],
         "13": [
            0.7179837226867676,
            0.42276477813720703,
            -0.010225649923086166
         ],
         "14": [
            0.7286993861198425,
            0.36409851908683777,
            -0.03466557711362839
         ],
         "15": [
            0.7186633944511414,
            0.4134351313114166,
            -0.036002080887556076
         ],
         "16": [
            0.7081692814826965,
            0.45782962441444397,
            -0.028539935126900673
         ],
         "17": [
            0.7446995377540588,
            0.4358231723308563,
            -0.016831599175930023
         ],
         "18": [
            0.7598799467086792,
            0.3651570677757263,
            -0.02873484045267105
         ],
         "19": [
            0.768229067325592,
            0.3211330771446228,
            -0.030489003285765648
         ],
         "20": [
            0.7740867733955383,
            0.2768278121948242,
            -0.027704615145921707
         ]
      }
   ]
}