{
   "y": [
      {
         "0": [
            0.695597767829895,
            0.6722447872161865,
            -4.7171428718684183e-7
         ],
         "1": [
            0.6437195539474487,
            0.6449916362762451,
            -0.01932334713637829
         ],
         "2": [
            0.6022312641143799,
            0.5647134780883789,
            -0.027534227818250656
         ],
         "3": [
            0.5761568546295166,
            0.49905925989151,
            -0.03694895654916763
         ],
         "4": [
            0.547822117805481,
            0.4626094400882721,
            -0.04278300330042839
         ],
         "5": [
            0.6371443271636963,
            0.4726809859275818,
            -0.011058448813855648
         ],
         "6": [
            0.6450560092926025,
            0.4200286865234375,
            -0.03577597439289093
         ],
         "7": [
            0.6592434048652649,
            0.4823324382305145,
            -0.04611673951148987
         ],
         "8": [
            0.6660304665565491,
            0.539097011089325,
            -0.046024139970541
         ],
         "9": [
            0.6722888350486755,
            0.4626302123069763,
            -0.010194146074354649
         ],
         "10": [
            0.6832942962646484,
            0.4357767701148987,
            -0.04272126406431198
         ],
         "11": [
            0.6921342015266418,
            0.5198004841804504,
            -0.05278422310948372
         ],
         "12": [
            0.6918386220932007,
            0.5841977596282959,
            -0.05019131675362587
         ],
         "13": [
            0.7042863965034485,
            0.4610993266105652,
            -0.013334962539374828
         ],
         "14": [
            0.7149984836578369,
            0.43345585465431213,
            -0.04537590965628624
         ],
         "15": [
            0.7166051268577576,
            0.509903609752655,
            -0.04821576178073883
         ],
         "16": [
            0.7117112874984741,
            0.56683349609375,
            -0.03843061998486519
         ],
         "17": [
            0.7332378625869751,
            0.46374139189720154,
            -0.017424967139959335
         ],
         "18": [
            0.7436400651931763,
            0.38126131892204285,
            -0.03318306431174278
         ],
         "19": [
            0.7494030594825745,
            0.3318234384059906,
            -0.03546729311347008
         ],
         "20": [
            0.7493718862533569,
            0.28460609912872314,
            -0.03150076046586037
         ]
      }
   ]
}