{
   "a": [
      {
         "0": [
            0.45992618799209595,
            0.3851160407066345,
            0
         ],
         "1": [
            0.40905898809432983,
            0.4703538119792938,
            0.008756591938436031
         ],
         "2": [
            0.38165366649627686,
            0.5372980833053589,
            0.018471747636795044
         ],
         "3": [
            0.39757317304611206,
            0.5984665751457214,
            0.022254180163145065
         ],
         "4": [
            0.4348973333835602,
            0.6023988723754883,
            0.028653230518102646
         ],
         "5": [
            0.4367467164993286,
            0.5534917712211609,
            0.05051880329847336
         ],
         "6": [
            0.43113529682159424,
            0.6070047616958618,
            0.05538933351635933
         ],
         "7": [
            0.42491692304611206,
            0.5762889385223389,
            0.0566328726708889
         ],
         "8": [
            0.42484337091445923,
            0.5518475770950317,
            0.05839455872774124
         ],
         "9": [
            0.46851715445518494,
            0.5562416315078735,
            0.042876213788986206
         ],
         "10": [
            0.461800754070282,
            0.6142299771308899,
            0.0457259900867939
         ],
         "11": [
            0.4545987844467163,
            0.5641096234321594,
            0.04075183346867561
         ],
         "12": [
            0.45740556716918945,
            0.5242371559143066,
            0.04051867127418518
         ],
         "13": [
            0.4988863468170166,
            0.5526957511901855,
            0.03202114999294281
         ],
         "14": [
            0.49158328771591187,
            0.6138905882835388,
            0.036995310336351395
         ],
         "15": [
            0.4814765751361847,
            0.5639405846595764,
            0.035984933376312256
         ],
         "16": [
            0.48244452476501465,
            0.5239189863204956,
            0.03593311831355095
         ],
         "17": [
            0.5319063067436218,
            0.5456117391586304,
            0.020077984780073166
         ],
         "18": [
            0.5270837545394897,
            0.6072972416877747,
            0.02896411530673504
         ],
         "19": [
            0.5181050300598145,
            0.5820637345314026,
            0.03126984462141991
         ],
         "20": [
            0.5196541547775269,
            0.5535084009170532,
            0.03303152322769165
         ]
      }
   ]
}