{
   "a": [
      {
         "0": [
            0.28876495361328125,
            0.687201201915741,
            0
         ],
         "1": [
            0.32718712091445923,
            0.5687255263328552,
            -0.020325034856796265
         ],
         "2": [
            0.3622332215309143,
            0.4627613425254822,
            -0.0606757216155529
         ],
         "3": [
            0.3888159394264221,
            0.4448475241661072,
            -0.10079354792833328
         ],
         "4": [
            0.40437474846839905,
            0.4910212755203247,
            -0.13558894395828247
         ],
         "5": [
            0.24916468560695648,
            0.4167935252189636,
            -0.07324996590614319
         ],
         "6": [
            0.3667532205581665,
            0.43453705310821533,
            -0.12221632897853851
         ],
         "7": [
            0.3700014054775238,
            0.48194578289985657,
            -0.1516893059015274
         ],
         "8": [
            0.3422127962112427,
            0.4975879192352295,
            -0.17085005342960358
         ],
         "9": [
            0.23327937722206116,
            0.5018371939659119,
            -0.09274336695671082
         ],
         "10": [
            0.3747625946998596,
            0.5341452360153198,
            -0.14330646395683289
         ],
         "11": [
            0.36218899488449097,
            0.555429220199585,
            -0.14876195788383484
         ],
         "12": [
            0.3178075850009918,
            0.5428919196128845,
            -0.1563464254140854
         ],
         "13": [
            0.23815235495567322,
            0.5948008894920349,
            -0.11203717440366745
         ],
         "14": [
            0.37281709909439087,
            0.6200193166732788,
            -0.14157667756080627
         ],
         "15": [
            0.35806459188461304,
            0.6278298497200012,
            -0.12161755561828613
         ],
         "16": [
            0.3175574839115143,
            0.6070656180381775,
            -0.11330126225948334
         ],
         "17": [
            0.256130576133728,
            0.6842122077941895,
            -0.1356554627418518
         ],
         "18": [
            0.3548337519168854,
            0.6945526003837585,
            -0.1482297033071518
         ],
         "19": [
            0.3449993431568146,
            0.693960964679718,
            -0.13399221003055573
         ],
         "20": [
            0.31102168560028076,
            0.6714437007904053,
            -0.12780489027500153
         ]
      }
   ]
}