{
   "b": [
      {
         "0": [
            0.3210207521915436,
            0.7310553789138794,
            0
         ],
         "1": [
            0.3753353953361511,
            0.6675237417221069,
            -0.02388155274093151
         ],
         "2": [
            0.40507644414901733,
            0.5647122859954834,
            -0.03156781941652298
         ],
         "3": [
            0.41101139783859253,
            0.4676304757595062,
            -0.039513904601335526
         ],
         "4": [
            0.4137521982192993,
            0.39018478989601135,
            -0.04780640825629234
         ],
         "5": [
            0.3687881529331207,
            0.42489558458328247,
            -0.002833633916452527
         ],
         "6": [
            0.3688226044178009,
            0.3140715956687927,
            -0.01752685196697712
         ],
         "7": [
            0.3637213110923767,
            0.2463626116514206,
            -0.029056251049041748
         ],
         "8": [
            0.35635846853256226,
            0.18370753526687622,
            -0.03648269921541214
         ],
         "9": [
            0.3315448760986328,
            0.414065420627594,
            -0.006787730380892754
         ],
         "10": [
            0.3294302821159363,
            0.2894253134727478,
            -0.016238590702414513
         ],
         "11": [
            0.3253902494907379,
            0.21134459972381592,
            -0.027930377051234245
         ],
         "12": [
            0.322409063577652,
            0.14257687330245972,
            -0.03786839544773102
         ],
         "13": [
            0.2969837188720703,
            0.42945265769958496,
            -0.016585014760494232
         ],
         "14": [
            0.2938305139541626,
            0.31062036752700806,
            -0.031307999044656754
         ],
         "15": [
            0.29300424456596375,
            0.23981042206287384,
            -0.045424751937389374
         ],
         "16": [
            0.29344257712364197,
            0.17642351984977722,
            -0.055297814309597015
         ],
         "17": [
            0.2621665298938751,
            0.46776673197746277,
            -0.029987264424562454
         ],
         "18": [
            0.2573821544647217,
            0.37540990114212036,
            -0.04490511119365692
         ],
         "19": [
            0.25791433453559875,
            0.3172169327735901,
            -0.054908085614442825
         ],
         "20": [
            0.2601921558380127,
            0.2607002258300781,
            -0.06144682690501213
         ]
      }
   ]
}