{
   "b": [
      {
         "0": [
            0.26425036787986755,
            0.6456307172775269,
            0
         ],
         "1": [
            0.32560908794403076,
            0.5616483688354492,
            0.013489407487213612
         ],
         "2": [
            0.33561816811561584,
            0.4692479372024536,
            0.015705157071352005
         ],
         "3": [
            0.3331446051597595,
            0.39975112676620483,
            0.009006615728139877
         ],
         "4": [
            0.3336108922958374,
            0.32737937569618225,
            -0.0022401134483516216
         ],
         "5": [
            0.29459497332572937,
            0.35770392417907715,
            0.020936790853738785
         ],
         "6": [
            0.2968553602695465,
            0.24245916306972504,
            0.0034569811541587114
         ],
         "7": [
            0.2970609962940216,
            0.1775463968515396,
            -0.012832888402044773
         ],
         "8": [
            0.2931455969810486,
            0.1154438853263855,
            -0.02529648318886757
         ],
         "9": [
            0.26801949739456177,
            0.3599846363067627,
            -0.007473028730601072
         ],
         "10": [
            0.26492366194725037,
            0.22786514461040497,
            -0.02611713297665119
         ],
         "11": [
            0.2642413377761841,
            0.1459721028804779,
            -0.04792586341500282
         ],
         "12": [
            0.26339221000671387,
            0.07370340824127197,
            -0.06577496230602264
         ],
         "13": [
            0.2432243824005127,
            0.38081252574920654,
            -0.03912441059947014
         ],
         "14": [
            0.239839568734169,
            0.25778523087501526,
            -0.06347715109586716
         ],
         "15": [
            0.2398013174533844,
            0.17662806808948517,
            -0.0880555659532547
         ],
         "16": [
            0.23855745792388916,
            0.10439619421958923,
            -0.10619189590215683
         ],
         "17": [
            0.22017544507980347,
            0.414580762386322,
            -0.0702885314822197
         ],
         "18": [
            0.21570166945457458,
            0.3164825439453125,
            -0.09700063616037369
         ],
         "19": [
            0.21310089528560638,
            0.2467452436685562,
            -0.11727064102888107
         ],
         "20": [
            0.20907041430473328,
            0.1837022602558136,
            -0.1331091672182083
         ]
      }
   ]
}