{
   "b": [
      {
         "0": [
            0.25002026557922363,
            0.6650514602661133,
            0
         ],
         "1": [
            0.3267747461795807,
            0.5985785126686096,
            -0.0031998998019844294
         ],
         "2": [
            0.35608190298080444,
            0.5290897488594055,
            0.005967149045318365
         ],
         "3": [
            0.37070930004119873,
            0.4501190185546875,
            0.010383609682321548
         ],
         "4": [
            0.3815605640411377,
            0.38364851474761963,
            0.015266991220414639
         ],
         "5": [
            0.32094478607177734,
            0.4364473223686218,
            0.06778475642204285
         ],
         "6": [
            0.3351098895072937,
            0.3473328649997711,
            0.08039587736129761
         ],
         "7": [
            0.3405205011367798,
            0.29527169466018677,
            0.07854533195495605
         ],
         "8": [
            0.34162482619285583,
            0.247455894947052,
            0.07607793807983398
         ],
         "9": [
            0.28842708468437195,
            0.41875502467155457,
            0.06456343829631805
         ],
         "10": [
            0.2988123297691345,
            0.32615339756011963,
            0.0836171954870224
         ],
         "11": [
            0.3059234321117401,
            0.2661305367946625,
            0.0733363926410675
         ],
         "12": [
            0.31267133355140686,
            0.211340993642807,
            0.06302131712436676
         ],
         "13": [
            0.2540581524372101,
            0.4165380597114563,
            0.05503656342625618
         ],
         "14": [
            0.2627694606781006,
            0.3310006260871887,
            0.06730499118566513
         ],
         "15": [
            0.27440565824508667,
            0.2762497365474701,
            0.05428263917565346
         ],
         "16": [
            0.2811668813228607,
            0.24175237119197845,
            0.04273386672139168
         ],
         "17": [
            0.21718136966228485,
            0.42380598187446594,
            0.043008025735616684
         ],
         "18": [
            0.22026780247688293,
            0.3480338752269745,
            0.050341665744781494
         ],
         "19": [
            0.2282339632511139,
            0.30219346284866333,
            0.04561249166727066
         ],
         "20": [
            0.23351269960403442,
            0.26989734172821045,
            0.04050636291503906
         ]
      }
   ]
}