{
   "c": [
      {
         "0": [
            0.2659527659416199,
            0.6563712954521179,
            0
         ],
         "1": [
            0.30662524700164795,
            0.6193831562995911,
            -0.048850513994693756
         ],
         "2": [
            0.334012508392334,
            0.5632508993148804,
            -0.07706621289253235
         ],
         "3": [
            0.3357142210006714,
            0.5082013010978699,
            -0.1030261442065239
         ],
         "4": [
            0.32530859112739563,
            0.45316195487976074,
            -0.12854230403900146
         ],
         "5": [
            0.3117162585258484,
            0.384176105260849,
            -0.026385193690657616
         ],
         "6": [
            0.3104858994483948,
            0.29854533076286316,
            -0.05635744333267212
         ],
         "7": [
            0.2998749017715454,
            0.24548213183879852,
            -0.08675496280193329
         ],
         "8": [
            0.2871656119823456,
            0.23485825955867767,
            -0.10642828792333603
         ],
         "9": [
            0.2762677073478699,
            0.38052958250045776,
            -0.021633269265294075
         ],
         "10": [
            0.2685212194919586,
            0.278380811214447,
            -0.057244960218667984
         ],
         "11": [
            0.2622201144695282,
            0.23530495166778564,
            -0.0946686714887619
         ],
         "12": [
            0.2576464116573334,
            0.2421620786190033,
            -0.11693061143159866
         ],
         "13": [
            0.2438494861125946,
            0.3943950831890106,
            -0.023704146966338158
         ],
         "14": [
            0.2313239872455597,
            0.30107957124710083,
            -0.05155004933476448
         ],
         "15": [
            0.22770576179027557,
            0.2563709020614624,
            -0.08046837896108627
         ],
         "16": [
            0.22576278448104858,
            0.2654917240142822,
            -0.09762706607580185
         ],
         "17": [
            0.21117505431175232,
            0.42763829231262207,
            -0.03139597550034523
         ],
         "18": [
            0.19944149255752563,
            0.34603822231292725,
            -0.052252668887376785
         ],
         "19": [
            0.20010581612586975,
            0.2956981658935547,
            -0.07240673899650574
         ],
         "20": [
            0.20330071449279785,
            0.279681921005249,
            -0.08623724430799484
         ]
      }
   ]
}