{
   "c": [
      {
         "0": [
            0.3594222664833069,
            0.4955897331237793,
            0
         ],
         "1": [
            0.32857969403266907,
            0.5427300930023193,
            -0.0650426596403122
         ],
         "2": [
            0.28210800886154175,
            0.5360268950462341,
            -0.1003420278429985
         ],
         "3": [
            0.2335859090089798,
            0.5313364267349243,
            -0.12123551964759827
         ],
         "4": [
            0.19730576872825623,
            0.5098721981048584,
            -0.1384027898311615
         ],
         "5": [
            0.30770429968833923,
            0.37058311700820923,
            -0.10187244415283203
         ],
         "6": [
            0.2788396179676056,
            0.2737348675727844,
            -0.13421078026294708
         ],
         "7": [
            0.2361198216676712,
            0.2540518045425415,
            -0.14652065932750702
         ],
         "8": [
            0.20584295690059662,
            0.2677736282348633,
            -0.1503799706697464
         ],
         "9": [
            0.3120802342891693,
            0.3267219364643097,
            -0.07565576583147049
         ],
         "10": [
            0.2792574167251587,
            0.2069496512413025,
            -0.11038953810930252
         ],
         "11": [
            0.2315627932548523,
            0.20923033356666565,
            -0.12103591114282608
         ],
         "12": [
            0.2017069309949875,
            0.23918667435646057,
            -0.12363095581531525
         ],
         "13": [
            0.3094726800918579,
            0.3065800368785858,
            -0.05123564973473549
         ],
         "14": [
            0.27942317724227905,
            0.19965215027332306,
            -0.08204358071088791
         ],
         "15": [
            0.23672707378864288,
            0.20275552570819855,
            -0.09109299629926682
         ],
         "16": [
            0.2087380290031433,
            0.22893349826335907,
            -0.09135915338993073
         ],
         "17": [
            0.3054152727127075,
            0.30213093757629395,
            -0.030558405444025993
         ],
         "18": [
            0.27553999423980713,
            0.23178698122501373,
            -0.05153508111834526
         ],
         "19": [
            0.24600505828857422,
            0.22597059607505798,
            -0.06045141443610191
         ],
         "20": [
            0.22505339980125427,
            0.2411324679851532,
            -0.06304646283388138
         ]
      }
   ]
}