{
   "d": [
      {
         "0": [
            0.3138545751571655,
            0.6067839860916138,
            0
         ],
         "1": [
            0.3462522327899933,
            0.586864709854126,
            -0.030963469296693802
         ],
         "2": [
            0.37242206931114197,
            0.5481855869293213,
            -0.059246569871902466
         ],
         "3": [
            0.38011711835861206,
            0.5182209610939026,
            -0.08939200639724731
         ],
         "4": [
            0.3727801740169525,
            0.4884836673736572,
            -0.1188412457704544
         ],
         "5": [
            0.3692130446434021,
            0.3550862669944763,
            -0.037838440388441086
         ],
         "6": [
            0.37280017137527466,
            0.26155149936676025,
            -0.07560725510120392
         ],
         "7": [
            0.37306565046310425,
            0.1997392773628235,
            -0.10199321806430817
         ],
         "8": [
            0.37071752548217773,
            0.14030134677886963,
            -0.1193285882472992
         ],
         "9": [
            0.3286689221858978,
            0.35825881361961365,
            -0.04608840122818947
         ],
         "10": [
            0.33201536536216736,
            0.2937659025192261,
            -0.09607551991939545
         ],
         "11": [
            0.343916654586792,
            0.3941366672515869,
            -0.10575269162654877
         ],
         "12": [
            0.34927889704704285,
            0.45556291937828064,
            -0.1005311980843544
         ],
         "13": [
            0.29045408964157104,
            0.3852013647556305,
            -0.05976872146129608
         ],
         "14": [
            0.28835293650627136,
            0.3307930827140808,
            -0.10248056054115295
         ],
         "15": [
            0.30754783749580383,
            0.42562681436538696,
            -0.09454388171434402
         ],
         "16": [
            0.31910812854766846,
            0.47751474380493164,
            -0.08013255894184113
         ],
         "17": [
            0.2552444338798523,
            0.4322614371776581,
            -0.0784616768360138
         ],
         "18": [
            0.2559754252433777,
            0.3935532867908478,
            -0.10540459305047989
         ],
         "19": [
            0.27803105115890503,
            0.45866572856903076,
            -0.10060081630945206
         ],
         "20": [
            0.2958626449108124,
            0.4980410933494568,
            -0.0905059278011322
         ]
      }
   ]
}