{
   "e": [
      {
         "0": [
            0.30511075258255005,
            0.5327924489974976,
            0
         ],
         "1": [
            0.3398951292037964,
            0.4770313501358032,
            -0.035339757800102234
         ],
         "2": [
            0.35539305210113525,
            0.38856232166290283,
            -0.0506422221660614
         ],
         "3": [
            0.3240097165107727,
            0.3282846212387085,
            -0.06553295254707336
         ],
         "4": [
            0.284523069858551,
            0.3241376280784607,
            -0.07651229947805405
         ],
         "5": [
            0.3426871597766876,
            0.28873637318611145,
            -0.009950028732419014
         ],
         "6": [
            0.34052374958992004,
            0.18889746069908142,
            -0.03479079157114029
         ],
         "7": [
            0.3267021179199219,
            0.20694924890995026,
            -0.0506422221660614
         ],
         "8": [
            0.31574171781539917,
            0.27293431758880615,
            -0.05726413428783417
         ],
         "9": [
            0.3069540858268738,
            0.29253292083740234,
            -0.0059914616867899895
         ],
         "10": [
            0.29544538259506226,
            0.1839645802974701,
            -0.03244052454829216
         ],
         "11": [
            0.28892678022384644,
            0.2165294736623764,
            -0.04985307529568672
         ],
         "12": [
            0.2902328073978424,
            0.27573028206825256,
            -0.055857401341199875
         ],
         "13": [
            0.2771168649196625,
            0.3090350925922394,
            -0.00908369105309248
         ],
         "14": [
            0.258787602186203,
            0.220916748046875,
            -0.028563447296619415
         ],
         "15": [
            0.2596885561943054,
            0.23832428455352783,
            -0.037501316517591476
         ],
         "16": [
            0.26703861355781555,
            0.29715582728385925,
            -0.03849632292985916
         ],
         "17": [
            0.24797436594963074,
            0.3417660892009735,
            -0.017438283190131187
         ],
         "18": [
            0.230825275182724,
            0.26579412817955017,
            -0.02727680280804634
         ],
         "19": [
            0.23254922032356262,
            0.25902289152145386,
            -0.0321832001209259
         ],
         "20": [
            0.24139857292175293,
            0.292138010263443,
            -0.03271500766277313
         ]
      }
   ]
}