{
   "f": [
      {
         "0": [
            0.2950170636177063,
            0.5142945647239685,
            0
         ],
         "1": [
            0.33013981580734253,
            0.4810192286968231,
            -0.03743203729391098
         ],
         "2": [
            0.35434490442276,
            0.4267674684524536,
            -0.06911414116621017
         ],
         "3": [
            0.37152940034866333,
            0.39913249015808105,
            -0.09843877702951431
         ],
         "4": [
            0.3829973340034485,
            0.3662254512310028,
            -0.128108412027359
         ],
         "5": [
            0.31461045145988464,
            0.30919936299324036,
            -0.07469157129526138
         ],
         "6": [
            0.3327220678329468,
            0.23967310786247253,
            -0.1210935041308403
         ],
         "7": [
            0.3563714325428009,
            0.2890476584434509,
            -0.1444382220506668
         ],
         "8": [
            0.37188291549682617,
            0.3471311330795288,
            -0.15708805620670319
         ],
         "9": [
            0.2793693244457245,
            0.31830230355262756,
            -0.0823964774608612
         ],
         "10": [
            0.26641756296157837,
            0.22679787874221802,
            -0.1279934197664261
         ],
         "11": [
            0.2676941156387329,
            0.17070987820625305,
            -0.1560530662536621
         ],
         "12": [
            0.2657493054866791,
            0.11308813095092773,
            -0.17675280570983887
         ],
         "13": [
            0.25059789419174194,
            0.36064109206199646,
            -0.09383883327245712
         ],
         "14": [
            0.2157900482416153,
            0.27974992990493774,
            -0.13397334516048431
         ],
         "15": [
            0.20064181089401245,
            0.21956929564476013,
            -0.15616807341575623
         ],
         "16": [
            0.18681669235229492,
            0.16206447780132294,
            -0.17157787084579468
         ],
         "17": [
            0.23111113905906677,
            0.41946542263031006,
            -0.10809866338968277
         ],
         "18": [
            0.20725062489509583,
            0.36435019969940186,
            -0.14225323498249054
         ],
         "19": [
            0.18936333060264587,
            0.3182445168495178,
            -0.15973302721977234
         ],
         "20": [
            0.17336693406105042,
            0.26892638206481934,
            -0.17203786969184875
         ]
      }
   ]
}