{
   "h": [
      {
         "0": [
            0.10227921605110168,
            0.572733461856842,
            0
         ],
         "1": [
            0.13247883319854736,
            0.43087899684906006,
            -0.006921100430190563
         ],
         "2": [
            0.18780165910720825,
            0.36661452054977417,
            -0.056670352816581726
         ],
         "3": [
            0.25249165296554565,
            0.40106287598609924,
            -0.10356146842241287
         ],
         "4": [
            0.2948799729347229,
            0.4239688813686371,
            -0.1463368535041809
         ],
         "5": [
            0.16408862173557281,
            0.3063865900039673,
            -0.14387445151805878
         ],
         "6": [
            0.26331189274787903,
            0.316040575504303,
            -0.190800741314888
         ],
         "7": [
            0.319946825504303,
            0.3384079337120056,
            -0.20093175768852234
         ],
         "8": [
            0.3641471862792969,
            0.3557649254798889,
            -0.20346449315547943
         ],
         "9": [
            0.14803320169448853,
            0.40062758326530457,
            -0.16294047236442566
         ],
         "10": [
            0.27021193504333496,
            0.40428265929222107,
            -0.22260087728500366
         ],
         "11": [
            0.33490103483200073,
            0.4150145947933197,
            -0.2150026112794876
         ],
         "12": [
            0.3808632493019104,
            0.4287915825843811,
            -0.20374594628810883
         ],
         "13": [
            0.14617416262626648,
            0.49764129519462585,
            -0.1725086271762848
         ],
         "14": [
            0.26714473962783813,
            0.5020124912261963,
            -0.19882112741470337
         ],
         "15": [
            0.27061817049980164,
            0.4995061755180359,
            -0.15140236914157867
         ],
         "16": [
            0.2486690729856491,
            0.4925280809402466,
            -0.11910976469516754
         ],
         "17": [
            0.15835949778556824,
            0.5715634822845459,
            -0.18263965845108032
         ],
         "18": [
            0.25038325786590576,
            0.5625136494636536,
            -0.18137326836585999
         ],
         "19": [
            0.24857041239738464,
            0.5474785566329956,
            -0.14091958105564117
         ],
         "20": [
            0.22490952908992767,
            0.5358468294143677,
            -0.11270752549171448
         ]
      }
   ]
}