{
   "i": [
      {
         "0": [
            0.285045862197876,
            0.4572439193725586,
            0
         ],
         "1": [
            0.32352665066719055,
            0.3997792899608612,
            -0.014742842875421047
         ],
         "2": [
            0.3440089821815491,
            0.29979223012924194,
            -0.022405415773391724
         ],
         "3": [
            0.33563634753227234,
            0.21624968945980072,
            -0.03255600854754448
         ],
         "4": [
            0.3007485866546631,
            0.18117529153823853,
            -0.037796732038259506
         ],
         "5": [
            0.31027355790138245,
            0.24767626821994781,
            0.015100165270268917
         ],
         "6": [
            0.31567731499671936,
            0.19635826349258423,
            -0.002233262872323394
         ],
         "7": [
            0.3227337896823883,
            0.2367113083600998,
            -0.010249849408864975
         ],
         "8": [
            0.3240583539009094,
            0.2811053395271301,
            -0.012830507941544056
         ],
         "9": [
            0.28666952252388,
            0.2518080770969391,
            0.01197028812021017
         ],
         "10": [
            0.29153382778167725,
            0.19598431885242462,
            -0.015775106847286224
         ],
         "11": [
            0.30035924911499023,
            0.27153581380844116,
            -0.0275534987449646
         ],
         "12": [
            0.3033023774623871,
            0.30505210161209106,
            -0.026878556236624718
         ],
         "13": [
            0.262576162815094,
            0.2586611807346344,
            0.003559986362233758
         ],
         "14": [
            0.27027395367622375,
            0.20834697782993317,
            -0.01813078485429287
         ],
         "15": [
            0.2845897674560547,
            0.2694723308086395,
            -0.017469078302383423
         ],
         "16": [
            0.29001089930534363,
            0.31829410791397095,
            -0.010316019877791405
         ],
         "17": [
            0.23460888862609863,
            0.268761545419693,
            -0.00802651233971119
         ],
         "18": [
            0.22786420583724976,
            0.18789388239383698,
            -0.017892569303512573
         ],
         "19": [
            0.22920748591423035,
            0.13734260201454163,
            -0.020526165142655373
         ],
         "20": [
            0.2300674170255661,
            0.09037834405899048,
            -0.01877925917506218
         ]
      }
   ]
}