{
   "k": [
      {
         "0": [
            0.33952122926712036,
            0.43596190214157104,
            0
         ],
         "1": [
            0.35630548000335693,
            0.3852321207523346,
            -0.04024476930499077
         ],
         "2": [
            0.35304468870162964,
            0.31075572967529297,
            -0.052396778017282486
         ],
         "3": [
            0.3324567675590515,
            0.24835741519927979,
            -0.059553273022174835
         ],
         "4": [
            0.32098689675331116,
            0.17913156747817993,
            -0.06572750955820084
         ],
         "5": [
            0.3634708523750305,
            0.23114757239818573,
            -0.018185919150710106
         ],
         "6": [
            0.35486480593681335,
            0.15032806992530823,
            -0.03331278637051582
         ],
         "7": [
            0.3441877067089081,
            0.09644761681556702,
            -0.04639093205332756
         ],
         "8": [
            0.3315666913986206,
            0.050987452268600464,
            -0.05615744739770889
         ],
         "9": [
            0.3384164571762085,
            0.2436966896057129,
            -0.0060093519277870655
         ],
         "10": [
            0.3061698377132416,
            0.1788100004196167,
            -0.02601596899330616
         ],
         "11": [
            0.2765720784664154,
            0.14671292901039124,
            -0.04473511874675751
         ],
         "12": [
            0.2522144615650177,
            0.12319201231002808,
            -0.056494224816560745
         ],
         "13": [
            0.31991851329803467,
            0.2693212330341339,
            0.0009945424972102046
         ],
         "14": [
            0.2940572202205658,
            0.2555074989795685,
            -0.02755952812731266
         ],
         "15": [
            0.30646464228630066,
            0.3059127628803253,
            -0.043079301714897156
         ],
         "16": [
            0.31918540596961975,
            0.3368452489376068,
            -0.046447061002254486
         ],
         "17": [
            0.305427610874176,
            0.2999825179576874,
            0.004514907021075487
         ],
         "18": [
            0.28486013412475586,
            0.2869223356246948,
            -0.02107658050954342
         ],
         "19": [
            0.29544973373413086,
            0.3273887038230896,
            -0.033116333186626434
         ],
         "20": [
            0.31020528078079224,
            0.34974321722984314,
            -0.036203451454639435
         ]
      }
   ]
}