{
   "k": [
      {
         "0": [
            0.27100998163223267,
            0.650350034236908,
            0
         ],
         "1": [
            0.2580627501010895,
            0.5395897030830383,
            0.018701814115047455
         ],
         "2": [
            0.2575340270996094,
            0.4390845000743866,
            0.012629412114620209
         ],
         "3": [
            0.27751386165618896,
            0.368247389793396,
            0.0018902085721492767
         ],
         "4": [
            0.2997632622718811,
            0.32502421736717224,
            -0.004410899244248867
         ],
         "5": [
            0.23438984155654907,
            0.38053661584854126,
            -0.013727191835641861
         ],
         "6": [
            0.2440546452999115,
            0.24990831315517426,
            -0.030124656856060028
         ],
         "7": [
            0.24894124269485474,
            0.17194104194641113,
            -0.037146490067243576
         ],
         "8": [
            0.2546418309211731,
            0.11367553472518921,
            -0.04228924587368965
         ],
         "9": [
            0.24733984470367432,
            0.39838823676109314,
            -0.0347333587706089
         ],
         "10": [
            0.2979815900325775,
            0.28680145740509033,
            -0.0491330623626709
         ],
         "11": [
            0.33627018332481384,
            0.22619713842868805,
            -0.04802539199590683
         ],
         "12": [
            0.3669404685497284,
            0.18111857771873474,
            -0.04885614663362503
         ],
         "13": [
            0.2701112627983093,
            0.4319896697998047,
            -0.05348461866378784
         ],
         "14": [
            0.3421868085861206,
            0.3887564539909363,
            -0.059616364538669586
         ],
         "15": [
            0.3412756323814392,
            0.43432193994522095,
            -0.04545401409268379
         ],
         "16": [
            0.328473299741745,
            0.46242833137512207,
            -0.03653332218527794
         ],
         "17": [
            0.2998325526714325,
            0.468921422958374,
            -0.07290839403867722
         ],
         "18": [
            0.35427185893058777,
            0.4453293979167938,
            -0.07567756623029709
         ],
         "19": [
            0.3514152467250824,
            0.4861912131309509,
            -0.0663810595870018
         ],
         "20": [
            0.3368118405342102,
            0.5097821354866028,
            -0.059260327368974686
         ]
      }
   ]
}