{
   "n-DGS": [
      {
         "0": [
            0.2467944473028183,
            0.3705270290374756,
            0
         ],
         "1": [
            0.32708099484443665,
            0.3692314922809601,
            -0.010354284197092056
         ],
         "2": [
            0.3828805983066559,
            0.4118745028972626,
            -0.06610420346260071
         ],
         "3": [
            0.40066641569137573,
            0.4901718497276306,
            -0.11810150742530823
         ],
         "4": [
            0.41569384932518005,
            0.5198239684104919,
            -0.16718417406082153
         ],
         "5": [
            0.3941606879234314,
            0.3103502094745636,
            -0.15972267091274261
         ],
         "6": [
            0.42673686146736145,
            0.42215821146965027,
            -0.22139659523963928
         ],
         "7": [
            0.4473080337047577,
            0.5074377059936523,
            -0.24273182451725006
         ],
         "8": [
            0.46249839663505554,
            0.5755976438522339,
            -0.2525250315666199
         ],
         "9": [
            0.34013354778289795,
            0.3210488557815552,
            -0.1814076453447342
         ],
         "10": [
            0.38858625292778015,
            0.4582134783267975,
            -0.250193327665329
         ],
         "11": [
            0.4185563325881958,
            0.5636442303657532,
            -0.24692893028259277
         ],
         "12": [
            0.43870922923088074,
            0.636815071105957,
            -0.24016691744327545
         ],
         "13": [
            0.2924289107322693,
            0.3518713712692261,
            -0.1951647698879242
         ],
         "14": [
            0.34164974093437195,
            0.4974076747894287,
            -0.23492057621479034
         ],
         "15": [
            0.35188907384872437,
            0.5404089689254761,
            -0.19364917278289795
         ],
         "16": [
            0.34701424837112427,
            0.5363841652870178,
            -0.1643861085176468
         ],
         "17": [
            0.25924569368362427,
            0.3912283182144165,
            -0.20903849601745605
         ],
         "18": [
            0.303200364112854,
            0.5110601782798767,
            -0.22477759420871735
         ],
         "19": [
            0.3203057050704956,
            0.5418568849563599,
            -0.19329941272735596
         ],
         "20": [
            0.323368638753891,
            0.5306237936019897,
            -0.16951587796211243
         ]
      }
   ]
}