{
   "n-DGS": [
      {
         "0": [
            0.2185443937778473,
            0.36586320400238037,
            0
         ],
         "1": [
            0.27968496084213257,
            0.38233694434165955,
            -0.04755806922912598
         ],
         "2": [
            0.33038073778152466,
            0.38940107822418213,
            -0.0975649282336235
         ],
         "3": [
            0.34649261832237244,
            0.42682403326034546,
            -0.1411276012659073
         ],
         "4": [
            0.36659717559814453,
            0.47237128019332886,
            -0.18185482919216156
         ],
         "5": [
            0.35328495502471924,
            0.19791924953460693,
            -0.13455452024936676
         ],
         "6": [
            0.38562658429145813,
            0.3388104736804962,
            -0.20092961192131042
         ],
         "7": [
            0.391002893447876,
            0.4660433232784271,
            -0.2339238077402115
         ],
         "8": [
            0.3929416537284851,
            0.5595086812973022,
            -0.2517097592353821
         ],
         "9": [
            0.2951662838459015,
            0.18675187230110168,
            -0.1421586573123932
         ],
         "10": [
            0.32735663652420044,
            0.3727582097053528,
            -0.21356020867824554
         ],
         "11": [
            0.3371838927268982,
            0.49838787317276,
            -0.2259330302476883
         ],
         "12": [
            0.3442903161048889,
            0.5723956823348999,
            -0.23121725022792816
         ],
         "13": [
            0.23601436614990234,
            0.2118709534406662,
            -0.14950503408908844
         ],
         "14": [
            0.2650403678417206,
            0.3800875246524811,
            -0.20453836023807526
         ],
         "15": [
            0.27458930015563965,
            0.46328750252723694,
            -0.19461430609226227
         ],
         "16": [
            0.2810494601726532,
            0.5061401724815369,
            -0.18456138670444489
         ],
         "17": [
            0.18303364515304565,
            0.25982826948165894,
            -0.16097567975521088
         ],
         "18": [
            0.21474629640579224,
            0.3811587989330292,
            -0.19886747002601624
         ],
         "19": [
            0.23418334126472473,
            0.44038140773773193,
            -0.19396989047527313
         ],
         "20": [
            0.24695312976837158,
            0.47203588485717773,
            -0.1863657385110855
         ]
      }
   ]
}