{
   "q": [
      {
         "0": [
            0.26436811685562134,
            0.42129483819007874,
            0
         ],
         "1": [
            0.3001289963722229,
            0.4438295364379883,
            -0.03546185791492462
         ],
         "2": [
            0.32300829887390137,
            0.4745555818080902,
            -0.07632423937320709
         ],
         "3": [
            0.31843823194503784,
            0.5259497761726379,
            -0.1126941591501236
         ],
         "4": [
            0.3115110695362091,
            0.571670413017273,
            -0.1459575593471527
         ],
         "5": [
            0.33433857560157776,
            0.329048216342926,
            -0.09572789818048477
         ],
         "6": [
            0.32526081800460815,
            0.40617865324020386,
            -0.144045889377594
         ],
         "7": [
            0.3080495297908783,
            0.4782235622406006,
            -0.16736850142478943
         ],
         "8": [
            0.29451820254325867,
            0.529410719871521,
            -0.1792209893465042
         ],
         "9": [
            0.29073333740234375,
            0.3165009021759033,
            -0.09902556985616684
         ],
         "10": [
            0.27149468660354614,
            0.4359433650970459,
            -0.14490613341331482
         ],
         "11": [
            0.2619049847126007,
            0.5316870808601379,
            -0.14739133417606354
         ],
         "12": [
            0.2628096342086792,
            0.5835928916931152,
            -0.14806042611598969
         ],
         "13": [
            0.24780488014221191,
            0.3272274434566498,
            -0.10227543860673904
         ],
         "14": [
            0.230502188205719,
            0.4442647099494934,
            -0.13639912009239197
         ],
         "15": [
            0.23357370495796204,
            0.5168038010597229,
            -0.125980406999588
         ],
         "16": [
            0.24625623226165771,
            0.5465540885925293,
            -0.11766455322504044
         ],
         "17": [
            0.21161434054374695,
            0.35650041699409485,
            -0.10896635800600052
         ],
         "18": [
            0.20219188928604126,
            0.44543179869651794,
            -0.12712742388248444
         ],
         "19": [
            0.2104371041059494,
            0.5012818574905396,
            -0.11967182159423828
         ],
         "20": [
            0.22507894039154053,
            0.5266810655593872,
            -0.11336325109004974
         ]
      }
   ]
}