{
   "s": [
      {
         "0": [
            0.28153374791145325,
            0.5420129299163818,
            0
         ],
         "1": [
            0.3247176706790924,
            0.48190271854400635,
            -0.020097818225622177
         ],
         "2": [
            0.34512805938720703,
            0.37861666083335876,
            -0.030863918364048004
         ],
         "3": [
            0.3119972348213196,
            0.2993331849575043,
            -0.04266870766878128
         ],
         "4": [
            0.2683163285255432,
            0.2827576994895935,
            -0.04939546063542366
         ],
         "5": [
            0.33188027143478394,
            0.29159224033355713,
            -0.008144645020365715
         ],
         "6": [
            0.3463718891143799,
            0.21623685956001282,
            -0.0322488397359848
         ],
         "7": [
            0.34824317693710327,
            0.3018606901168823,
            -0.037063080817461014
         ],
         "8": [
            0.33800792694091797,
            0.34161314368247986,
            -0.03699713572859764
         ],
         "9": [
            0.2944749593734741,
            0.2960137724876404,
            -0.012414813041687012
         ],
         "10": [
            0.3021353781223297,
            0.2195529043674469,
            -0.04065727815032005
         ],
         "11": [
            0.31112685799598694,
            0.31916511058807373,
            -0.03808528557419777
         ],
         "12": [
            0.3023802936077118,
            0.33939144015312195,
            -0.029116284102201462
         ],
         "13": [
            0.2605639696121216,
            0.31826430559158325,
            -0.02271927334368229
         ],
         "14": [
            0.26125723123550415,
            0.2606690526008606,
            -0.04972520470619202
         ],
         "15": [
            0.28049424290657043,
            0.3522237241268158,
            -0.03815123438835144
         ],
         "16": [
            0.2758732736110687,
            0.372665673494339,
            -0.02324686385691166
         ],
         "17": [
            0.22540415823459625,
            0.3489561378955841,
            -0.03637062385678291
         ],
         "18": [
            0.23068653047084808,
            0.29977619647979736,
            -0.05018684267997742
         ],
         "19": [
            0.2480960339307785,
            0.35985761880874634,
            -0.04276763275265694
         ],
         "20": [
            0.24593043327331543,
            0.38359442353248596,
            -0.031902607530355453
         ]
      }
   ]
}