{
   "s": [
      {
         "0": [
            0.2652417719364166,
            0.44366654753685,
            0
         ],
         "1": [
            0.27602821588516235,
            0.4306538701057434,
            -0.06411371380090714
         ],
         "2": [
            0.27627304196357727,
            0.35781845450401306,
            -0.0885935053229332
         ],
         "3": [
            0.24352477490901947,
            0.2935464680194855,
            -0.10034767538309097
         ],
         "4": [
            0.2167881429195404,
            0.2523694932460785,
            -0.10559335350990295
         ],
         "5": [
            0.32484254240989685,
            0.24361607432365417,
            -0.04818242788314819
         ],
         "6": [
            0.284197062253952,
            0.19446930289268494,
            -0.07212793081998825
         ],
         "7": [
            0.2753468155860901,
            0.2519155442714691,
            -0.08257070183753967
         ],
         "8": [
            0.29128497838974,
            0.28302672505378723,
            -0.08684494346380234
         ],
         "9": [
            0.29803267121315,
            0.23325912654399872,
            -0.021298380568623543
         ],
         "10": [
            0.2646164000034332,
            0.18694552779197693,
            -0.047186724841594696
         ],
         "11": [
            0.25336191058158875,
            0.25868749618530273,
            -0.05444808676838875
         ],
         "12": [
            0.2709490656852722,
            0.26890087127685547,
            -0.05507951229810715
         ],
         "13": [
            0.27075982093811035,
            0.23433633148670197,
            -0.0017515915678814054
         ],
         "14": [
            0.2397613823413849,
            0.1996903121471405,
            -0.029069742187857628
         ],
         "15": [
            0.23341035842895508,
            0.2678380012512207,
            -0.036452531814575195
         ],
         "16": [
            0.2548561990261078,
            0.2835632264614105,
            -0.03506826236844063
         ],
         "17": [
            0.2449115812778473,
            0.24092938005924225,
            0.0132841682061553
         ],
         "18": [
            0.22089135646820068,
            0.21302072703838348,
            -0.005142454523593187
         ],
         "19": [
            0.21995052695274353,
            0.2644328773021698,
            -0.013612021692097187
         ],
         "20": [
            0.24077843129634857,
            0.2799738347530365,
            -0.015348435379564762
         ]
      }
   ]
}