{
   "s": [
      {
         "0": [
            0.2919950783252716,
            0.4655883014202118,
            0
         ],
         "1": [
            0.33334869146347046,
            0.42201879620552063,
            -0.00702521251514554
         ],
         "2": [
            0.3544919788837433,
            0.35763275623321533,
            -0.021518567577004433
         ],
         "3": [
            0.36069586873054504,
            0.3030049502849579,
            -0.03864147141575813
         ],
         "4": [
            0.34262382984161377,
            0.263383150100708,
            -0.05171632766723633
         ],
         "5": [
            0.2798903286457062,
            0.23713348805904388,
            -0.0033275845926254988
         ],
         "6": [
            0.33174869418144226,
            0.2167682647705078,
            -0.02332392893731594
         ],
         "7": [
            0.340747207403183,
            0.27736929059028625,
            -0.03325903043150902
         ],
         "8": [
            0.3264007866382599,
            0.307698518037796,
            -0.03949369117617607
         ],
         "9": [
            0.2609984278678894,
            0.24536220729351044,
            -0.014588669873774052
         ],
         "10": [
            0.32588866353034973,
            0.22727398574352264,
            -0.03852933645248413
         ],
         "11": [
            0.3340790867805481,
            0.30443599820137024,
            -0.03900030255317688
         ],
         "12": [
            0.309889554977417,
            0.31155291199684143,
            -0.03700431063771248
         ],
         "13": [
            0.2501864433288574,
            0.26770496368408203,
            -0.029222190380096436
         ],
         "14": [
            0.31531617045402527,
            0.2531842589378357,
            -0.04983247071504593
         ],
         "15": [
            0.32365021109580994,
            0.32518261671066284,
            -0.041153278201818466
         ],
         "16": [
            0.29901427030563354,
            0.3396810293197632,
            -0.033460866659879684
         ],
         "17": [
            0.243576779961586,
            0.2957950234413147,
            -0.045795638114213943
         ],
         "18": [
            0.3008936643600464,
            0.29205289483070374,
            -0.055484041571617126
         ],
         "19": [
            0.3076278567314148,
            0.3448072373867035,
            -0.049159664660692215
         ],
         "20": [
            0.2847118377685547,
            0.36122211813926697,
            -0.0436650849878788
         ]
      }
   ]
}