{
   "sch": [
      {
         "0": [
            0.30518120527267456,
            0.5799321532249451,
            0
         ],
         "1": [
            0.3505062758922577,
            0.5562412738800049,
            -0.03380553796887398
         ],
         "2": [
            0.3844560980796814,
            0.5018196702003479,
            -0.05774422362446785
         ],
         "3": [
            0.4064923822879791,
            0.44999340176582336,
            -0.07946453243494034
         ],
         "4": [
            0.4355875849723816,
            0.4073840081691742,
            -0.102840356528759
         ],
         "5": [
            0.34273016452789307,
            0.3945414125919342,
            -0.058009110391139984
         ],
         "6": [
            0.35183653235435486,
            0.3032369017601013,
            -0.08820563554763794
         ],
         "7": [
            0.35425737500190735,
            0.24522735178470612,
            -0.10707845538854599
         ],
         "8": [
            0.3541029095649719,
            0.18915918469429016,
            -0.12032254785299301
         ],
         "9": [
            0.3067459464073181,
            0.38460180163383484,
            -0.06221410632133484
         ],
         "10": [
            0.30603116750717163,
            0.27790939807891846,
            -0.09204641729593277
         ],
         "11": [
            0.30370232462882996,
            0.20552456378936768,
            -0.11072058975696564
         ],
         "12": [
            0.2999487817287445,
            0.13603490591049194,
            -0.12522286176681519
         ],
         "13": [
            0.2738978862762451,
            0.39705798029899597,
            -0.06906792521476746
         ],
         "14": [
            0.2628668248653412,
            0.2990724444389343,
            -0.09873468428850174
         ],
         "15": [
            0.2567683160305023,
            0.2369534969329834,
            -0.11747506260871887
         ],
         "16": [
            0.25306621193885803,
            0.17740654945373535,
            -0.13052049279212952
         ],
         "17": [
            0.24539053440093994,
            0.42952170968055725,
            -0.07866988331079483
         ],
         "18": [
            0.21774132549762726,
            0.36291080713272095,
            -0.10436341911554337
         ],
         "19": [
            0.20000949501991272,
            0.3188534379005432,
            -0.11879947036504745
         ],
         "20": [
            0.18676665425300598,
            0.2757789194583893,
            -0.12932853400707245
         ]
      }
   ]
}