{
   "t": [
      {
         "0": [
            0.274837464094162,
            0.6261309385299683,
            0
         ],
         "1": [
            0.3210999369621277,
            0.5640961527824402,
            -0.016320915892720222
         ],
         "2": [
            0.3417491316795349,
            0.472098171710968,
            -0.024435412138700485
         ],
         "3": [
            0.3337724506855011,
            0.3822791874408722,
            -0.035031888633966446
         ],
         "4": [
            0.32990527153015137,
            0.3172087073326111,
            -0.041583653539419174
         ],
         "5": [
            0.33901482820510864,
            0.39421892166137695,
            -0.0006309417076408863
         ],
         "6": [
            0.35903501510620117,
            0.31035682559013367,
            -0.026156919077038765
         ],
         "7": [
            0.35648801922798157,
            0.33644336462020874,
            -0.034563906490802765
         ],
         "8": [
            0.3438170552253723,
            0.3944545388221741,
            -0.03516560047864914
         ],
         "9": [
            0.3036006689071655,
            0.3945569097995758,
            -0.0049347165040671825
         ],
         "10": [
            0.30573949217796326,
            0.34564870595932007,
            -0.036502692848443985
         ],
         "11": [
            0.30516359210014343,
            0.4395337700843811,
            -0.0385751910507679
         ],
         "12": [
            0.3040834665298462,
            0.49376338720321655,
            -0.030719758942723274
         ],
         "13": [
            0.26944947242736816,
            0.40869805216789246,
            -0.015393305569887161
         ],
         "14": [
            0.27299678325653076,
            0.3783399760723114,
            -0.044491834938526154
         ],
         "15": [
            0.27938708662986755,
            0.46183744072914124,
            -0.037204667925834656
         ],
         "16": [
            0.2793319821357727,
            0.5057521462440491,
            -0.023716723546385765
         ],
         "17": [
            0.23358583450317383,
            0.4316970705986023,
            -0.029282381758093834
         ],
         "18": [
            0.24130386114120483,
            0.39467304944992065,
            -0.047099173069000244
         ],
         "19": [
            0.24823075532913208,
            0.4506637454032898,
            -0.04238590970635414
         ],
         "20": [
            0.24926310777664185,
            0.48546117544174194,
            -0.03197328373789787
         ]
      }
   ]
}