{
   "t": [
      {
         "0": [
            0.2970929741859436,
            0.5754430890083313,
            0
         ],
         "1": [
            0.33203521370887756,
            0.5395618677139282,
            -0.007382939103990793
         ],
         "2": [
            0.34986063838005066,
            0.44583484530448914,
            -0.01241400558501482
         ],
         "3": [
            0.343683123588562,
            0.3716854453086853,
            -0.02127595618367195
         ],
         "4": [
            0.3289535641670227,
            0.32019445300102234,
            -0.02853766456246376
         ],
         "5": [
            0.3290574848651886,
            0.3836609721183777,
            0.009656010195612907
         ],
         "6": [
            0.34510892629623413,
            0.33148494362831116,
            -0.010625855065882206
         ],
         "7": [
            0.36004114151000977,
            0.33086058497428894,
            -0.02077891305088997
         ],
         "8": [
            0.3701106905937195,
            0.35991594195365906,
            -0.024185489863157272
         ],
         "9": [
            0.3028199374675751,
            0.38578009605407715,
            0.002418549032881856
         ],
         "10": [
            0.32103845477104187,
            0.3366941511631012,
            -0.025021981447935104
         ],
         "11": [
            0.3297705054283142,
            0.4139676094055176,
            -0.030501598492264748
         ],
         "12": [
            0.3271510899066925,
            0.46359243988990784,
            -0.025482654571533203
         ],
         "13": [
            0.2748146951198578,
            0.39561596512794495,
            -0.009431734681129456
         ],
         "14": [
            0.2984046936035156,
            0.3601205348968506,
            -0.03518109768629074
         ],
         "15": [
            0.304006427526474,
            0.4382243752479553,
            -0.029507508501410484
         ],
         "16": [
            0.29562363028526306,
            0.482786625623703,
            -0.017578424885869026
         ],
         "17": [
            0.24282611906528473,
            0.4146316349506378,
            -0.02368844300508499
         ],
         "18": [
            0.26930904388427734,
            0.37566107511520386,
            -0.039424166083335876
         ],
         "19": [
            0.2777023911476135,
            0.42873716354370117,
            -0.03493863716721535
         ],
         "20": [
            0.2706567347049713,
            0.4643019437789917,
            -0.02550690248608589
         ]
      }
   ]
}