{
   "t": [
      {
         "0": [
            0.2859860062599182,
            0.6092209815979004,
            0
         ],
         "1": [
            0.32567310333251953,
            0.5246097445487976,
            0.014029469341039658
         ],
         "2": [
            0.33635249733924866,
            0.42899563908576965,
            0.011692425236105919
         ],
         "3": [
            0.3311951756477356,
            0.3611161708831787,
            0.0018970438977703452
         ],
         "4": [
            0.32172882556915283,
            0.3009035587310791,
            -0.004966215696185827
         ],
         "5": [
            0.28228315711021423,
            0.3526170551776886,
            0.012319965288043022
         ],
         "6": [
            0.3274548649787903,
            0.298129141330719,
            -0.004922937136143446
         ],
         "7": [
            0.3564763069152832,
            0.3341197967529297,
            -0.011966523714363575
         ],
         "8": [
            0.3680109977722168,
            0.3771965801715851,
            -0.01467143464833498
         ],
         "9": [
            0.26091694831848145,
            0.3612387776374817,
            -0.0071048978716135025
         ],
         "10": [
            0.3257826864719391,
            0.3517972230911255,
            -0.025750746950507164
         ],
         "11": [
            0.3365185558795929,
            0.4287775754928589,
            -0.025188125669956207
         ],
         "12": [
            0.32361096143722534,
            0.46726730465888977,
            -0.022721247747540474
         ],
         "13": [
            0.2460280805826187,
            0.3833479583263397,
            -0.028131069615483284
         ],
         "14": [
            0.31379783153533936,
            0.37867119908332825,
            -0.04590413346886635
         ],
         "15": [
            0.3184261620044708,
            0.4507133960723877,
            -0.03716186434030533
         ],
         "16": [
            0.303505003452301,
            0.48682814836502075,
            -0.02929958887398243
         ],
         "17": [
            0.23677697777748108,
            0.4142064154148102,
            -0.04962608963251114
         ],
         "18": [
            0.2934875190258026,
            0.40379366278648376,
            -0.05983982980251312
         ],
         "19": [
            0.302682489156723,
            0.4535937011241913,
            -0.051991984248161316
         ],
         "20": [
            0.29167476296424866,
            0.4818309545516968,
            -0.04437495768070221
         ]
      }
   ]
}