{
   "t-DGS": [
      {
         "0": [
            0.10119280219078064,
            0.8401145935058594,
            0
         ],
         "1": [
            0.12703603506088257,
            0.7065190672874451,
            -0.0010321951704099774
         ],
         "2": [
            0.17369915544986725,
            0.5767309069633484,
            -0.025172481313347816
         ],
         "3": [
            0.20013627409934998,
            0.4776141047477722,
            -0.047501955181360245
         ],
         "4": [
            0.1946992129087448,
            0.3847239911556244,
            -0.06704764068126678
         ],
         "5": [
            0.15073539316654205,
            0.5787903666496277,
            -0.07691920548677444
         ],
         "6": [
            0.2547101080417633,
            0.5865709185600281,
            -0.10732361674308777
         ],
         "7": [
            0.3035612404346466,
            0.584142804145813,
            -0.11332552880048752
         ],
         "8": [
            0.34363865852355957,
            0.586388111114502,
            -0.11387833952903748
         ],
         "9": [
            0.14852222800254822,
            0.6739745736122131,
            -0.09176603704690933
         ],
         "10": [
            0.2678385376930237,
            0.6663171052932739,
            -0.1162475124001503
         ],
         "11": [
            0.24575302004814148,
            0.6775444746017456,
            -0.09610952436923981
         ],
         "12": [
            0.21334141492843628,
            0.6744120121002197,
            -0.08126270025968552
         ],
         "13": [
            0.15340334177017212,
            0.7658441662788391,
            -0.10345396399497986
         ],
         "14": [
            0.26258614659309387,
            0.7475497722625732,
            -0.11458909511566162
         ],
         "15": [
            0.2362096905708313,
            0.7520239353179932,
            -0.0748264417052269
         ],
         "16": [
            0.20208090543746948,
            0.7450247406959534,
            -0.05062136799097061
         ],
         "17": [
            0.16001155972480774,
            0.8479166626930237,
            -0.11608956754207611
         ],
         "18": [
            0.24630790948867798,
            0.8168140649795532,
            -0.11719518154859543
         ],
         "19": [
            0.22134897112846375,
            0.8144965171813965,
            -0.08915995061397552
         ],
         "20": [
            0.18643054366111755,
            0.8136035799980164,
            -0.07032500207424164
         ]
      }
   ]
}