{
   "t-DGS": [
      {
         "0": [
            0.2848517894744873,
            0.8226370811462402,
            0
         ],
         "1": [
            0.29060444235801697,
            0.727032482624054,
            -0.04071064293384552
         ],
         "2": [
            0.26336559653282166,
            0.623622477054596,
            -0.07884079217910767
         ],
         "3": [
            0.23222143948078156,
            0.564035952091217,
            -0.11265880614519119
         ],
         "4": [
            0.20979121327400208,
            0.48807185888290405,
            -0.14355678856372833
         ],
         "5": [
            0.18111571669578552,
            0.6442157626152039,
            -0.08705761283636093
         ],
         "6": [
            0.12221609801054001,
            0.6297451853752136,
            -0.14314934611320496
         ],
         "7": [
            0.0759321078658104,
            0.6233051419258118,
            -0.17886877059936523
         ],
         "8": [
            0.03681810200214386,
            0.6231435537338257,
            -0.20059922337532043
         ],
         "9": [
            0.15788649022579193,
            0.7226816415786743,
            -0.08861950039863586
         ],
         "10": [
            0.18012452125549316,
            0.7340625524520874,
            -0.14966848492622375
         ],
         "11": [
            0.24301080405712128,
            0.7539954781532288,
            -0.15836066007614136
         ],
         "12": [
            0.2730219066143036,
            0.7594545483589172,
            -0.1559159904718399
         ],
         "13": [
            0.15437179803848267,
            0.8016691207885742,
            -0.09418792277574539
         ],
         "14": [
            0.19314813613891602,
            0.8148737549781799,
            -0.14586566388607025
         ],
         "15": [
            0.24506214261054993,
            0.8115922212600708,
            -0.14247027039527893
         ],
         "16": [
            0.2688795328140259,
            0.7961199879646301,
            -0.1330990195274353
         ],
         "17": [
            0.15981099009513855,
            0.8752418756484985,
            -0.10417034476995468
         ],
         "18": [
            0.19306214153766632,
            0.8762803673744202,
            -0.1339818239212036
         ],
         "19": [
            0.23649615049362183,
            0.8631540536880493,
            -0.13425344228744507
         ],
         "20": [
            0.2580597400665283,
            0.8433724641799927,
            -0.13031479716300964
         ]
      }
   ]
}