{
   "a": [
      {
         "0": [
            0.8042353987693787,
            0.6431632041931152,
            -4.24589245540119e-7
         ],
         "1": [
            0.7637226581573486,
            0.640683650970459,
            -0.027265286073088646
         ],
         "2": [
            0.7188255786895752,
            0.5614712834358215,
            -0.03391597419977188
         ],
         "3": [
            0.6977591514587402,
            0.47687989473342896,
            -0.03873199224472046
         ],
         "4": [
            0.697056770324707,
            0.4198243021965027,
            -0.03773821145296097
         ],
         "5": [
            0.7242227792739868,
            0.4754350185394287,
            -0.0019031551200896502
         ],
         "6": [
            0.7283952832221985,
            0.42054668068885803,
            -0.025952985510230064
         ],
         "7": [
            0.736619234085083,
            0.49156060814857483,
            -0.032081302255392075
         ],
         "8": [
            0.7372586131095886,
            0.5065388083457947,
            -0.03294767811894417
         ],
         "9": [
            0.7536324262619019,
            0.4699258804321289,
            0.0011705599026754498
         ],
         "10": [
            0.7582647204399109,
            0.42034634947776794,
            -0.024844536557793617
         ],
         "11": [
            0.7608715295791626,
            0.5144796967506409,
            -0.023481270298361778
         ],
         "12": [
            0.7552209496498108,
            0.5081185698509216,
            -0.015008647926151752
         ],
         "13": [
            0.7824331521987915,
            0.4720357358455658,
            -0.0028587142005562782
         ],
         "14": [
            0.7906185388565063,
            0.4304491877555847,
            -0.031036559492349625
         ],
         "15": [
            0.7868548035621643,
            0.5157789587974548,
            -0.02033429779112339
         ],
         "16": [
            0.7799296379089355,
            0.5129041075706482,
            -0.006252541206777096
         ],
         "17": [
            0.8116578459739685,
            0.47620880603790283,
            -0.009740332141518593
         ],
         "18": [
            0.8158395886421204,
            0.45852941274642944,
            -0.025991206988692284
         ],
         "19": [
            0.8118416666984558,
            0.5193209648132324,
            -0.019493402913212776
         ],
         "20": [
            0.8078197836875916,
            0.5250462293624878,
            -0.0106512987986207
         ]
      }
   ]
}