{
   "sch": [
      {
         "0": [
            0.8073484897613525,
            0.6560726761817932,
            -3.950108862227353e-7
         ],
         "1": [
            0.7688410878181458,
            0.649682879447937,
            -0.028641417622566223
         ],
         "2": [
            0.7236454486846924,
            0.5762068033218384,
            -0.03765445202589035
         ],
         "3": [
            0.7015249133110046,
            0.4941383898258209,
            -0.04493998363614082
         ],
         "4": [
            0.7033408880233765,
            0.4344692826271057,
            -0.046316973865032196
         ],
         "5": [
            0.7281048893928528,
            0.48396947979927063,
            -0.00015422693104483187
         ],
         "6": [
            0.7318500876426697,
            0.4360768795013428,
            -0.025111312046647072
         ],
         "7": [
            0.7396599054336548,
            0.505827784538269,
            -0.03204634040594101
         ],
         "8": [
            0.7400639057159424,
            0.5169861316680908,
            -0.033448368310928345
         ],
         "9": [
            0.7565633058547974,
            0.47753992676734924,
            0.0031373491510748863
         ],
         "10": [
            0.7614002823829651,
            0.43377962708473206,
            -0.023559069260954857
         ],
         "11": [
            0.7643285393714905,
            0.5276434421539307,
            -0.0223072562366724
         ],
         "12": [
            0.757839024066925,
            0.5178399085998535,
            -0.013544585555791855
         ],
         "13": [
            0.7849855422973633,
            0.47978657484054565,
            -0.0011305410880595446
         ],
         "14": [
            0.793354868888855,
            0.4411475658416748,
            -0.03014358878135681
         ],
         "15": [
            0.7903361916542053,
            0.5264766812324524,
            -0.019690973684191704
         ],
         "16": [
            0.7834742665290833,
            0.5219727158546448,
            -0.0053640068508684635
         ],
         "17": [
            0.8144580721855164,
            0.48476260900497437,
            -0.008405905216932297
         ],
         "18": [
            0.8186584115028381,
            0.4692704379558563,
            -0.025461819022893906
         ],
         "19": [
            0.8148589730262756,
            0.5301772952079773,
            -0.019465647637844086
         ],
         "20": [
            0.8107233047485352,
            0.5352067947387695,
            -0.010577796027064323
         ]
      }
   ]
}