{
   "a": [
      {
         "0": [
            0.4484947621822357,
            0.5373961329460144,
            0
         ],
         "1": [
            0.41079533100128174,
            0.6003661751747131,
            -0.007504505570977926
         ],
         "2": [
            0.3995581567287445,
            0.6779764294624329,
            -0.00970324594527483
         ],
         "3": [
            0.4227914810180664,
            0.7283671498298645,
            -0.013857526704668999
         ],
         "4": [
            0.4558272063732147,
            0.7204012870788574,
            -0.015296882018446922
         ],
         "5": [
            0.4417734742164612,
            0.6966070532798767,
            0.007375460118055344
         ],
         "6": [
            0.4406142234802246,
            0.7462791800498962,
            -0.0030499461572617292
         ],
         "7": [
            0.4290952682495117,
            0.7002105712890625,
            -0.004164206329733133
         ],
         "8": [
            0.4294498860836029,
            0.6684272885322571,
            -0.0026528823655098677
         ],
         "9": [
            0.4647972881793976,
            0.6875419616699219,
            0.0038217389956116676
         ],
         "10": [
            0.4620092809200287,
            0.7389171719551086,
            -0.009241660125553608
         ],
         "11": [
            0.44760993123054504,
            0.6743656992912292,
            -0.008641100488603115
         ],
         "12": [
            0.45149487257003784,
            0.6441499590873718,
            -0.003734881291165948
         ],
         "13": [
            0.48670467734336853,
            0.6704498529434204,
            -0.003389931982383132
         ],
         "14": [
            0.4841422438621521,
            0.7239363193511963,
            -0.015416002832353115
         ],
         "15": [
            0.4667587876319885,
            0.6629287004470825,
            -0.009360779076814651
         ],
         "16": [
            0.47011247277259827,
            0.6271359324455261,
            -0.0017718971939757466
         ],
         "17": [
            0.511709451675415,
            0.647242546081543,
            -0.012428096495568752
         ],
         "18": [
            0.5091674327850342,
            0.7039459347724915,
            -0.016031449660658836
         ],
         "19": [
            0.49220842123031616,
            0.6711187362670898,
            -0.011167419143021107
         ],
         "20": [
            0.491332471370697,
            0.6411339044570923,
            -0.005365324672311544
         ]
      }
   ]
}