{
   "b": [
      {
         "0": [
            0.3928471505641937,
            0.723645031452179,
            3.349587132106535e-7
         ],
         "1": [
            0.443724125623703,
            0.6551904678344727,
            -0.021724268794059753
         ],
         "2": [
            0.46467849612236023,
            0.5381224155426025,
            -0.021289782598614693
         ],
         "3": [
            0.4319577217102051,
            0.44793450832366943,
            -0.019582875072956085
         ],
         "4": [
            0.3893106281757355,
            0.4191770553588867,
            -0.016200097277760506
         ],
         "5": [
            0.4530411660671234,
            0.435166597366333,
            0.01616906188428402
         ],
         "6": [
            0.458119660615921,
            0.3280148506164551,
            0.014844916760921478
         ],
         "7": [
            0.45534437894821167,
            0.2631840705871582,
            0.007132801227271557
         ],
         "8": [
            0.4506177306175232,
            0.20687904953956604,
            -0.0008754362934269011
         ],
         "9": [
            0.41813042759895325,
            0.422152578830719,
            0.017710449174046516
         ],
         "10": [
            0.42323845624923706,
            0.3054654002189636,
            0.018310455605387688
         ],
         "11": [
            0.42440617084503174,
            0.23385369777679443,
            0.008875914849340916
         ],
         "12": [
            0.42393049597740173,
            0.17490917444229126,
            0.00029612245270982385
         ],
         "13": [
            0.38676005601882935,
            0.4330243766307831,
            0.014006980694830418
         ],
         "14": [
            0.3880442678928375,
            0.32482123374938965,
            0.010158682242035866
         ],
         "15": [
            0.3937562108039856,
            0.2594791650772095,
            -0.0006950472597964108
         ],
         "16": [
            0.39619365334510803,
            0.20706802606582642,
            -0.00919143483042717
         ],
         "17": [
            0.3543771505355835,
            0.4600783586502075,
            0.0072155604138970375
         ],
         "18": [
            0.35457295179367065,
            0.373524010181427,
            0.0017560450360178947
         ],
         "19": [
            0.357305645942688,
            0.31773513555526733,
            -0.0034655381459742785
         ],
         "20": [
            0.3607780933380127,
            0.2672809362411499,
            -0.008182807825505733
         ]
      }
   ]
}