{
   "c": [
      {
         "0": [
            0.3734928369522095,
            0.7555919289588928,
            3.7559811971732415e-7
         ],
         "1": [
            0.421487957239151,
            0.7355271577835083,
            -0.04498777538537979
         ],
         "2": [
            0.45654433965682983,
            0.6853102445602417,
            -0.06756171584129333
         ],
         "3": [
            0.46823617815971375,
            0.6347839832305908,
            -0.08637332171201706
         ],
         "4": [
            0.46574512124061584,
            0.5695894956588745,
            -0.10422435402870178
         ],
         "5": [
            0.4534803032875061,
            0.48032501339912415,
            -0.025996049866080284
         ],
         "6": [
            0.46117937564849854,
            0.3825647830963135,
            -0.04826980456709862
         ],
         "7": [
            0.4619569480419159,
            0.3295438289642334,
            -0.07232465595006943
         ],
         "8": [
            0.46155524253845215,
            0.2899075746536255,
            -0.08997555077075958
         ],
         "9": [
            0.4190330505371094,
            0.4600283205509186,
            -0.01897171512246132
         ],
         "10": [
            0.4264574348926544,
            0.3581043481826782,
            -0.03796343877911568
         ],
         "11": [
            0.4285893142223358,
            0.3049313426017761,
            -0.06439976394176483
         ],
         "12": [
            0.43263983726501465,
            0.26574409008026123,
            -0.08557283133268356
         ],
         "13": [
            0.38328295946121216,
            0.46655499935150146,
            -0.017640892416238785
         ],
         "14": [
            0.39122435450553894,
            0.36725789308547974,
            -0.03484151139855385
         ],
         "15": [
            0.39453110098838806,
            0.3057903051376343,
            -0.058316003531217575
         ],
         "16": [
            0.3988542854785919,
            0.26318657398223877,
            -0.07596690207719803
         ],
         "17": [
            0.346513569355011,
            0.49388864636421204,
            -0.020592715591192245
         ],
         "18": [
            0.3539291024208069,
            0.40214475989341736,
            -0.03612230345606804
         ],
         "19": [
            0.358901709318161,
            0.3385491669178009,
            -0.051711928099393845
         ],
         "20": [
            0.36640962958335876,
            0.2824973464012146,
            -0.06423966586589813
         ]
      }
   ]
}