{
   "d": [
      {
         "0": [
            0.3883305788040161,
            0.7415226697921753,
            -5.328962604522758e-9
         ],
         "1": [
            0.4420190751552582,
            0.7061895132064819,
            -0.02313194051384926
         ],
         "2": [
            0.47586843371391296,
            0.6336991190910339,
            -0.03519095107913017
         ],
         "3": [
            0.46239203214645386,
            0.5608048439025879,
            -0.04835931211709976
         ],
         "4": [
            0.422666072845459,
            0.5128931999206543,
            -0.06257538497447968
         ],
         "5": [
            0.46379655599594116,
            0.470564603805542,
            -0.013034828007221222
         ],
         "6": [
            0.4736579954624176,
            0.34874388575553894,
            -0.026398349553346634
         ],
         "7": [
            0.47372186183929443,
            0.2772553563117981,
            -0.03732747584581375
         ],
         "8": [
            0.4687177538871765,
            0.2194572389125824,
            -0.0464693121612072
         ],
         "9": [
            0.4289432764053345,
            0.46062931418418884,
            -0.015530858188867569
         ],
         "10": [
            0.4402533769607544,
            0.34992849826812744,
            -0.03794378042221069
         ],
         "11": [
            0.4365953207015991,
            0.4235714375972748,
            -0.05049583315849304
         ],
         "12": [
            0.43357017636299133,
            0.4759410619735718,
            -0.054111480712890625
         ],
         "13": [
            0.39580607414245605,
            0.46994271874427795,
            -0.020286669954657555
         ],
         "14": [
            0.4014512002468109,
            0.36428171396255493,
            -0.041045840829610825
         ],
         "15": [
            0.40619874000549316,
            0.4237750172615051,
            -0.04503127187490463
         ],
         "16": [
            0.40277203917503357,
            0.48419487476348877,
            -0.042853664606809616
         ],
         "17": [
            0.3613525629043579,
            0.4987468719482422,
            -0.02719954401254654
         ],
         "18": [
            0.363368421792984,
            0.4017692804336548,
            -0.041600510478019714
         ],
         "19": [
            0.37686097621917725,
            0.42957788705825806,
            -0.041169099509716034
         ],
         "20": [
            0.3810773193836212,
            0.4817855954170227,
            -0.03810812532901764
         ]
      }
   ]
}