{
   "e": [
      {
         "0": [
            0.3777065873146057,
            0.7561951875686646,
            -1.8364771037227e-8
         ],
         "1": [
            0.43719711899757385,
            0.7258875966072083,
            -0.022910503670573235
         ],
         "2": [
            0.4764547348022461,
            0.6186914443969727,
            -0.029121698811650276
         ],
         "3": [
            0.4416743814945221,
            0.5319477319717407,
            -0.036192573606967926
         ],
         "4": [
            0.3860379457473755,
            0.5456820726394653,
            -0.04236079007387161
         ],
         "5": [
            0.46534863114356995,
            0.4783463776111603,
            0.0019866693764925003
         ],
         "6": [
            0.4764885902404785,
            0.36845868825912476,
            -0.016247974708676338
         ],
         "7": [
            0.4847092628479004,
            0.38215768337249756,
            -0.03711673244833946
         ],
         "8": [
            0.4796016216278076,
            0.43453651666641235,
            -0.04917376488447189
         ],
         "9": [
            0.4300239384174347,
            0.45713385939598083,
            0.001454741694033146
         ],
         "10": [
            0.4400557577610016,
            0.3301525115966797,
            -0.013668930158019066
         ],
         "11": [
            0.45115169882774353,
            0.3583541512489319,
            -0.03597765415906906
         ],
         "12": [
            0.4473087191581726,
            0.4181426763534546,
            -0.04956061765551567
         ],
         "13": [
            0.3973790109157562,
            0.4539130926132202,
            -0.0032936532516032457
         ],
         "14": [
            0.40278854966163635,
            0.3389508128166199,
            -0.015012181363999844
         ],
         "15": [
            0.4174334704875946,
            0.36429357528686523,
            -0.03460216522216797
         ],
         "16": [
            0.41490018367767334,
            0.42483043670654297,
            -0.0462508462369442
         ],
         "17": [
            0.3634231984615326,
            0.46357470750808716,
            -0.010799744166433811
         ],
         "18": [
            0.3715076446533203,
            0.36582979559898376,
            -0.017849130555987358
         ],
         "19": [
            0.38701874017715454,
            0.37675005197525024,
            -0.026005355641245842
         ],
         "20": [
            0.3912208676338196,
            0.42236006259918213,
            -0.03213058039546013
         ]
      }
   ]
}