{
   "e": [
      {
         "0": [
            0.37986424565315247,
            0.7562973499298096,
            -1.4443322093882216e-8
         ],
         "1": [
            0.4397243857383728,
            0.7264280319213867,
            -0.023577889427542686
         ],
         "2": [
            0.4788523018360138,
            0.6196531057357788,
            -0.030117742717266083
         ],
         "3": [
            0.44414880871772766,
            0.5344251394271851,
            -0.03753961622714996
         ],
         "4": [
            0.3883512020111084,
            0.5483434200286865,
            -0.04405795410275459
         ],
         "5": [
            0.46775132417678833,
            0.4787304699420929,
            0.0016941230278462172
         ],
         "6": [
            0.47877809405326843,
            0.3681037425994873,
            -0.016865935176610947
         ],
         "7": [
            0.4875960350036621,
            0.3824706971645355,
            -0.038141969591379166
         ],
         "8": [
            0.48265770077705383,
            0.4350236654281616,
            -0.05051175504922867
         ],
         "9": [
            0.4327363669872284,
            0.4580031931400299,
            0.0012880712747573853
         ],
         "10": [
            0.4422508478164673,
            0.3310420513153076,
            -0.014058531261980534
         ],
         "11": [
            0.45405349135398865,
            0.3600163757801056,
            -0.03702331334352493
         ],
         "12": [
            0.45049595832824707,
            0.4192933440208435,
            -0.05124318599700928
         ],
         "13": [
            0.40028509497642517,
            0.4549902677536011,
            -0.0034500949550420046
         ],
         "14": [
            0.4057190716266632,
            0.3401044011116028,
            -0.015510637313127518
         ],
         "15": [
            0.4205089509487152,
            0.3653916120529175,
            -0.036098264157772064
         ],
         "16": [
            0.4179602861404419,
            0.4262816905975342,
            -0.04848956689238548
         ],
         "17": [
            0.3661957383155823,
            0.4649471342563629,
            -0.010987598448991776
         ],
         "18": [
            0.3745790719985962,
            0.366452157497406,
            -0.01837182231247425
         ],
         "19": [
            0.3901716470718384,
            0.3769989013671875,
            -0.02736411988735199
         ],
         "20": [
            0.3943473994731903,
            0.4232168197631836,
            -0.034226663410663605
         ]
      }
   ]
}