{
   "k": [
      {
         "0": [
            0.35426896810531616,
            0.7355983257293701,
            2.9154836056477507e-7
         ],
         "1": [
            0.4185073673725128,
            0.6990381479263306,
            -0.02942771464586258
         ],
         "2": [
            0.45807456970214844,
            0.5884308218955994,
            -0.03295750543475151
         ],
         "3": [
            0.4569700360298157,
            0.48693200945854187,
            -0.03535545989871025
         ],
         "4": [
            0.46977782249450684,
            0.40997350215911865,
            -0.035528115928173065
         ],
         "5": [
            0.4254002571105957,
            0.48761993646621704,
            -0.009879577904939651
         ],
         "6": [
            0.43135887384414673,
            0.36477920413017273,
            -0.027720371261239052
         ],
         "7": [
            0.42782965302467346,
            0.2832767069339752,
            -0.037446483969688416
         ],
         "8": [
            0.42368701100349426,
            0.2137451171875,
            -0.04339341074228287
         ],
         "9": [
            0.3901631236076355,
            0.4890882968902588,
            -0.008177029900252819
         ],
         "10": [
            0.3969598412513733,
            0.40120261907577515,
            -0.045158304274082184
         ],
         "11": [
            0.40607988834381104,
            0.3692949712276459,
            -0.06307584047317505
         ],
         "12": [
            0.4128539562225342,
            0.346463143825531,
            -0.06741134077310562
         ],
         "13": [
            0.35396867990493774,
            0.5066036581993103,
            -0.010320802219212055
         ],
         "14": [
            0.3648886978626251,
            0.4520372152328491,
            -0.06161787733435631
         ],
         "15": [
            0.3706215023994446,
            0.5513949394226074,
            -0.06564643979072571
         ],
         "16": [
            0.37187460064888,
            0.6172677278518677,
            -0.05233299359679222
         ],
         "17": [
            0.31440529227256775,
            0.5349786281585693,
            -0.013879369013011456
         ],
         "18": [
            0.32857900857925415,
            0.4841836988925934,
            -0.05455829203128815
         ],
         "19": [
            0.342201828956604,
            0.5582913756370544,
            -0.05559421330690384
         ],
         "20": [
            0.34720125794410706,
            0.6098654270172119,
            -0.04569544643163681
         ]
      }
   ]
}