{
   "k": [
      {
         "0": [
            0.3439435660839081,
            0.7307031154632568,
            2.868548278911476e-7
         ],
         "1": [
            0.4078838527202606,
            0.6893411874771118,
            -0.028973514214158058
         ],
         "2": [
            0.44539177417755127,
            0.5804999470710754,
            -0.03207167237997055
         ],
         "3": [
            0.44369494915008545,
            0.4787321090698242,
            -0.034309227019548416
         ],
         "4": [
            0.4565989375114441,
            0.40132272243499756,
            -0.03451960161328316
         ],
         "5": [
            0.4118572175502777,
            0.48154547810554504,
            -0.006832202896475792
         ],
         "6": [
            0.41678547859191895,
            0.3604148030281067,
            -0.024268904700875282
         ],
         "7": [
            0.41295355558395386,
            0.2792474925518036,
            -0.034404855221509933
         ],
         "8": [
            0.40850263833999634,
            0.2101956009864807,
            -0.040543798357248306
         ],
         "9": [
            0.37699171900749207,
            0.48441529273986816,
            -0.005187502130866051
         ],
         "10": [
            0.38206061720848083,
            0.39224672317504883,
            -0.042609233409166336
         ],
         "11": [
            0.3886064887046814,
            0.3594072461128235,
            -0.061810169368982315
         ],
         "12": [
            0.3930087387561798,
            0.3406672477722168,
            -0.06647653132677078
         ],
         "13": [
            0.34180206060409546,
            0.5028306245803833,
            -0.007434622850269079
         ],
         "14": [
            0.34984350204467773,
            0.4466540217399597,
            -0.05894149839878082
         ],
         "15": [
            0.3568551242351532,
            0.5435130000114441,
            -0.06441108137369156
         ],
         "16": [
            0.35986509919166565,
            0.6111117601394653,
            -0.05155946686863899
         ],
         "17": [
            0.3029390275478363,
            0.5326783657073975,
            -0.011053920723497868
         ],
         "18": [
            0.31450551748275757,
            0.48024165630340576,
            -0.052630435675382614
         ],
         "19": [
            0.3285973370075226,
            0.55434650182724,
            -0.05477237328886986
         ],
         "20": [
            0.3353891372680664,
            0.6087666153907776,
            -0.045210156589746475
         ]
      }
   ]
}