{
   "k": [
      {
         "0": [
            0.35046809911727905,
            0.7321932315826416,
            3.219714983515587e-7
         ],
         "1": [
            0.4161713123321533,
            0.6955996155738831,
            -0.02688876911997795
         ],
         "2": [
            0.45397043228149414,
            0.5862690210342407,
            -0.02842736430466175
         ],
         "3": [
            0.4528488516807556,
            0.4836524426937103,
            -0.02983774244785309
         ],
         "4": [
            0.46583083271980286,
            0.4064484238624573,
            -0.029636258259415627
         ],
         "5": [
            0.4211880564689636,
            0.4921441376209259,
            -0.0005331847933121026
         ],
         "6": [
            0.4251360297203064,
            0.3761900067329407,
            -0.016210192814469337
         ],
         "7": [
            0.4216981828212738,
            0.29116085171699524,
            -0.025917988270521164
         ],
         "8": [
            0.417407751083374,
            0.2181006669998169,
            -0.03269513323903084
         ],
         "9": [
            0.3870832920074463,
            0.4903721213340759,
            0.00027417662204243243
         ],
         "10": [
            0.39467814564704895,
            0.3991035223007202,
            -0.03573568910360336
         ],
         "11": [
            0.4031265079975128,
            0.36598867177963257,
            -0.055023062974214554
         ],
         "12": [
            0.4080681800842285,
            0.34631770849227905,
            -0.06000518426299095
         ],
         "13": [
            0.35131439566612244,
            0.5050968527793884,
            -0.003054293105378747
         ],
         "14": [
            0.3595258891582489,
            0.4424561858177185,
            -0.055132970213890076
         ],
         "15": [
            0.3659614324569702,
            0.5428824424743652,
            -0.06117744371294975
         ],
         "16": [
            0.3680388927459717,
            0.6161169409751892,
            -0.04846572503447533
         ],
         "17": [
            0.31130823493003845,
            0.532480001449585,
            -0.00755101814866066
         ],
         "18": [
            0.32537877559661865,
            0.48240184783935547,
            -0.05146964639425278
         ],
         "19": [
            0.33888113498687744,
            0.558777391910553,
            -0.05527949705719948
         ],
         "20": [
            0.3451117277145386,
            0.6167176961898804,
            -0.04667069762945175
         ]
      }
   ]
}