{
   "k": [
      {
         "0": [
            0.3495473265647888,
            0.7318145036697388,
            2.8131327667324513e-7
         ],
         "1": [
            0.41275015473365784,
            0.6936078667640686,
            -0.027864590287208557
         ],
         "2": [
            0.450155109167099,
            0.5842994451522827,
            -0.03098190575838089
         ],
         "3": [
            0.45032742619514465,
            0.48303332924842834,
            -0.033410731703042984
         ],
         "4": [
            0.46306562423706055,
            0.40716949105262756,
            -0.033965349197387695
         ],
         "5": [
            0.41900506615638733,
            0.4876556396484375,
            -0.00862042885273695
         ],
         "6": [
            0.4245977997779846,
            0.3649981617927551,
            -0.026678863912820816
         ],
         "7": [
            0.4207172989845276,
            0.2825900614261627,
            -0.03714003786444664
         ],
         "8": [
            0.4153125286102295,
            0.21275705099105835,
            -0.04345116764307022
         ],
         "9": [
            0.38400450348854065,
            0.48883289098739624,
            -0.0072912671603262424
         ],
         "10": [
            0.39197447896003723,
            0.3993733823299408,
            -0.044560398906469345
         ],
         "11": [
            0.3979397416114807,
            0.3651929497718811,
            -0.06295829266309738
         ],
         "12": [
            0.40116310119628906,
            0.3441658616065979,
            -0.06735695898532867
         ],
         "13": [
            0.3480418026447296,
            0.5048593878746033,
            -0.009619690477848053
         ],
         "14": [
            0.357735812664032,
            0.4487546682357788,
            -0.059936605393886566
         ],
         "15": [
            0.3629400432109833,
            0.5459122061729431,
            -0.06379977613687515
         ],
         "16": [
            0.364604651927948,
            0.6154183745384216,
            -0.05037428066134453
         ],
         "17": [
            0.3087451756000519,
            0.5319763422012329,
            -0.01334899477660656
         ],
         "18": [
            0.3222630023956299,
            0.4827524423599243,
            -0.05351072549819946
         ],
         "19": [
            0.3346703052520752,
            0.5566205978393555,
            -0.054505202919244766
         ],
         "20": [
            0.34014663100242615,
            0.6116548776626587,
            -0.044407397508621216
         ]
      }
   ]
}