{
   "m": [
      {
         "0": [
            0.3361164927482605,
            0.7584161758422852,
            -3.3094238460762426e-7
         ],
         "1": [
            0.3806421756744385,
            0.704183042049408,
            -0.02555789239704609
         ],
         "2": [
            0.39052510261535645,
            0.5818647146224976,
            -0.035274405032396317
         ],
         "3": [
            0.34114739298820496,
            0.5085532069206238,
            -0.04386310651898384
         ],
         "4": [
            0.3023208975791931,
            0.4608285427093506,
            -0.04816613346338272
         ],
         "5": [
            0.39215385913848877,
            0.5078707933425903,
            -0.0064502013847231865
         ],
         "6": [
            0.40203142166137695,
            0.4344022572040558,
            -0.031578660011291504
         ],
         "7": [
            0.39286187291145325,
            0.5104283690452576,
            -0.04816613346338272
         ],
         "8": [
            0.3870941400527954,
            0.5736880898475647,
            -0.055800534784793854
         ],
         "9": [
            0.35430046916007996,
            0.5002511739730835,
            -0.005235638003796339
         ],
         "10": [
            0.36669060587882996,
            0.40782737731933594,
            -0.03145720437169075
         ],
         "11": [
            0.3624122440814972,
            0.4919714033603668,
            -0.04275264963507652
         ],
         "12": [
            0.35926759243011475,
            0.5576366186141968,
            -0.043620191514492035
         ],
         "13": [
            0.31722521781921387,
            0.5033805966377258,
            -0.009161281399428844
         ],
         "14": [
            0.32059866189956665,
            0.3964945375919342,
            -0.03595108911395073
         ],
         "15": [
            0.3289455473423004,
            0.47799593210220337,
            -0.0373738631606102
         ],
         "16": [
            0.3312486708164215,
            0.5457274913787842,
            -0.031023429706692696
         ],
         "17": [
            0.2789214849472046,
            0.5201812982559204,
            -0.015147346071898937
         ],
         "18": [
            0.2822204530239105,
            0.449367880821228,
            -0.03595108911395073
         ],
         "19": [
            0.29644590616226196,
            0.5103052854537964,
            -0.03522235155105591
         ],
         "20": [
            0.30330950021743774,
            0.5647426843643188,
            -0.029791517183184624
         ]
      }
   ]
}