{
   "m": [
      {
         "0": [
            0.3445543944835663,
            0.7671282887458801,
            -3.392872258700663e-7
         ],
         "1": [
            0.3903937041759491,
            0.7160431742668152,
            -0.025622624903917313
         ],
         "2": [
            0.40400540828704834,
            0.5941187143325806,
            -0.035397835075855255
         ],
         "3": [
            0.3543640077114105,
            0.5209844708442688,
            -0.04397965967655182
         ],
         "4": [
            0.31460797786712646,
            0.4743998944759369,
            -0.048226699233055115
         ],
         "5": [
            0.4038860499858856,
            0.5131744742393494,
            -0.0067259399220347404
         ],
         "6": [
            0.4154227375984192,
            0.44206637144088745,
            -0.031694840639829636
         ],
         "7": [
            0.40553179383277893,
            0.5204982757568359,
            -0.04819159582257271
         ],
         "8": [
            0.3987196981906891,
            0.5841895937919617,
            -0.055773090571165085
         ],
         "9": [
            0.36573246121406555,
            0.5036370754241943,
            -0.005642242729663849
         ],
         "10": [
            0.3794817626476288,
            0.4133055806159973,
            -0.031905435025691986
         ],
         "11": [
            0.37473899126052856,
            0.5006179213523865,
            -0.043242570012807846
         ],
         "12": [
            0.3712940812110901,
            0.5674474239349365,
            -0.04415515810251236
         ],
         "13": [
            0.3280583620071411,
            0.5057596564292908,
            -0.009669910185039043
         ],
         "14": [
            0.33278560638427734,
            0.40003567934036255,
            -0.03657366707921028
         ],
         "15": [
            0.3409503996372223,
            0.4825548529624939,
            -0.038469038903713226
         ],
         "16": [
            0.3427073359489441,
            0.550997257232666,
            -0.032414380460977554
         ],
         "17": [
            0.28902167081832886,
            0.5224814414978027,
            -0.015707021579146385
         ],
         "18": [
            0.2924548089504242,
            0.4518054723739624,
            -0.03653856739401817
         ],
         "19": [
            0.3067501485347748,
            0.5131295323371887,
            -0.03604717552661896
         ],
         "20": [
            0.313722163438797,
            0.5684220194816589,
            -0.03085245005786419
         ]
      }
   ]
}