{
   "m": [
      {
         "0": [
            0.35312628746032715,
            0.7705002427101135,
            -3.298192723377724e-7
         ],
         "1": [
            0.401051789522171,
            0.7217605113983154,
            -0.02665737085044384
         ],
         "2": [
            0.417026549577713,
            0.6026460528373718,
            -0.03801143541932106
         ],
         "3": [
            0.3677428960800171,
            0.5280375480651855,
            -0.04806084185838699
         ],
         "4": [
            0.32692497968673706,
            0.47950810194015503,
            -0.05370261147618294
         ],
         "5": [
            0.41497308015823364,
            0.5179760456085205,
            -0.00952930562198162
         ],
         "6": [
            0.42919397354125977,
            0.4478169083595276,
            -0.03621312230825424
         ],
         "7": [
            0.41994383931159973,
            0.5285841226577759,
            -0.05356157198548317
         ],
         "8": [
            0.412873774766922,
            0.5930904746055603,
            -0.061495307832956314
         ],
         "9": [
            0.3770778775215149,
            0.5085678696632385,
            -0.008515548892319202
         ],
         "10": [
            0.39395445585250854,
            0.4182150363922119,
            -0.03594866022467613
         ],
         "11": [
            0.39004355669021606,
            0.5080691576004028,
            -0.04728509858250618
         ],
         "12": [
            0.3860388398170471,
            0.5753003358840942,
            -0.04820188879966736
         ],
         "13": [
            0.33897849917411804,
            0.5100926160812378,
            -0.012693986296653748
         ],
         "14": [
            0.34642186760902405,
            0.4029465317726135,
            -0.040867581963539124
         ],
         "15": [
            0.3553408980369568,
            0.48880186676979065,
            -0.04196067526936531
         ],
         "16": [
            0.35655373334884644,
            0.5589776039123535,
            -0.0352434441447258
         ],
         "17": [
            0.2989926040172577,
            0.5259281396865845,
            -0.018935196101665497
         ],
         "18": [
            0.30490240454673767,
            0.45538410544395447,
            -0.040691278874874115
         ],
         "19": [
            0.3196091651916504,
            0.5193116068840027,
            -0.03970396891236305
         ],
         "20": [
            0.3255106210708618,
            0.5757891535758972,
            -0.03406219556927681
         ]
      }
   ]
}