{
   "m-DGS": [
      {
         "0": [
            0.35452184081077576,
            0.3481414020061493,
            4.518739160630503e-7
         ],
         "1": [
            0.42739570140838623,
            0.3979106545448303,
            0.0010510374559089541
         ],
         "2": [
            0.46354472637176514,
            0.49290674924850464,
            -0.002430758671835065
         ],
         "3": [
            0.45710134506225586,
            0.595302402973175,
            -0.0016571650048717856
         ],
         "4": [
            0.4323464632034302,
            0.6514597535133362,
            -0.001599676557816565
         ],
         "5": [
            0.42911091446876526,
            0.5703660845756531,
            -0.04747040197253227
         ],
         "6": [
            0.4186338782310486,
            0.7322117686271667,
            -0.059427984058856964
         ],
         "7": [
            0.4107135236263275,
            0.8248045444488525,
            -0.05982790142297745
         ],
         "8": [
            0.4039968252182007,
            0.8890418410301208,
            -0.05694848671555519
         ],
         "9": [
            0.3806450366973877,
            0.5800731182098389,
            -0.04863016679883003
         ],
         "10": [
            0.37513795495033264,
            0.757699191570282,
            -0.06230739504098892
         ],
         "11": [
            0.3699580729007721,
            0.8597152233123779,
            -0.059228017926216125
         ],
         "12": [
            0.36608365178108215,
            0.9278523921966553,
            -0.05438900366425514
         ],
         "13": [
            0.341226190328598,
            0.577126145362854,
            -0.04547080770134926
         ],
         "14": [
            0.34081465005874634,
            0.736650824546814,
            -0.05982790142297745
         ],
         "15": [
            0.34111282229423523,
            0.8278815746307373,
            -0.06166753172874451
         ],
         "16": [
            0.3408997356891632,
            0.8832639455795288,
            -0.05938798934221268
         ],
         "17": [
            0.3111998438835144,
            0.5632560849189758,
            -0.039552003145217896
         ],
         "18": [
            0.3211830258369446,
            0.6755314469337463,
            -0.043711159378290176
         ],
         "19": [
            0.33077678084373474,
            0.6894953846931458,
            -0.03593273460865021
         ],
         "20": [
            0.3364514112472534,
            0.6760663390159607,
            -0.028334271162748337
         ]
      }
   ]
}