{
   "n": [
      {
         "0": [
            0.3166813552379608,
            0.75147545337677,
            -3.1565230074193096e-7
         ],
         "1": [
            0.36741963028907776,
            0.6911105513572693,
            -0.023082073777914047
         ],
         "2": [
            0.38778701424598694,
            0.5731343030929565,
            -0.031475555151700974
         ],
         "3": [
            0.34719398617744446,
            0.48390114307403564,
            -0.038067784160375595
         ],
         "4": [
            0.312339723110199,
            0.42986738681793213,
            -0.03999902307987213
         ],
         "5": [
            0.3783642053604126,
            0.49192526936531067,
            -0.008128863759338856
         ],
         "6": [
            0.38268887996673584,
            0.40988731384277344,
            -0.03884770721197128
         ],
         "7": [
            0.3708915710449219,
            0.4832150340080261,
            -0.05511472001671791
         ],
         "8": [
            0.36207741498947144,
            0.5491703748703003,
            -0.06094558909535408
         ],
         "9": [
            0.33614200353622437,
            0.49010634422302246,
            -0.009233757853507996
         ],
         "10": [
            0.34088245034217834,
            0.3754795789718628,
            -0.042487360537052155
         ],
         "11": [
            0.3378410041332245,
            0.46254000067710876,
            -0.05158648639917374
         ],
         "12": [
            0.3362021744251251,
            0.5273017883300781,
            -0.0476868599653244
         ],
         "13": [
            0.29730215668678284,
            0.5062294006347656,
            -0.015059985220432281
         ],
         "14": [
            0.2951035499572754,
            0.43687349557876587,
            -0.050286613404750824
         ],
         "15": [
            0.30624109506607056,
            0.5328288078308105,
            -0.04497569054365158
         ],
         "16": [
            0.3107341229915619,
            0.580750584602356,
            -0.03041708655655384
         ],
         "17": [
            0.2596897780895233,
            0.5371902585029602,
            -0.022227870300412178
         ],
         "18": [
            0.2665739059448242,
            0.488059401512146,
            -0.04453001916408539
         ],
         "19": [
            0.2822166085243225,
            0.5558694005012512,
            -0.03569086641073227
         ],
         "20": [
            0.2873285710811615,
            0.5868518352508545,
            -0.022747820243239403
         ]
      }
   ]
}