{
   "n-DGS": [
      {
         "0": [
            0.3807152509689331,
            0.20504075288772583,
            4.0646636989549734e-7
         ],
         "1": [
            0.44602614641189575,
            0.273907333612442,
            0.013811645098030567
         ],
         "2": [
            0.4615110158920288,
            0.3730655908584595,
            0.019169436767697334
         ],
         "3": [
            0.4434596598148346,
            0.4557517468929291,
            0.02472827211022377
         ],
         "4": [
            0.422043114900589,
            0.4985849857330322,
            0.031101331114768982
         ],
         "5": [
            0.4345482587814331,
            0.4695655107498169,
            -0.019400635734200478
         ],
         "6": [
            0.42541077733039856,
            0.6219144463539124,
            -0.032629258930683136
         ],
         "7": [
            0.4182247817516327,
            0.7063334584236145,
            -0.03988690301775932
         ],
         "8": [
            0.4068022072315216,
            0.7716692090034485,
            -0.04233963042497635
         ],
         "9": [
            0.38977277278900146,
            0.4714582562446594,
            -0.022134819999337196
         ],
         "10": [
            0.3891952335834503,
            0.6407532095909119,
            -0.03461958095431328
         ],
         "11": [
            0.38683754205703735,
            0.7324528694152832,
            -0.03520260378718376
         ],
         "12": [
            0.3763468563556671,
            0.8038456439971924,
            -0.03327259421348572
         ],
         "13": [
            0.3503423035144806,
            0.4561648368835449,
            -0.020074129104614258
         ],
         "14": [
            0.3538818955421448,
            0.5909465551376343,
            -0.023783370852470398
         ],
         "15": [
            0.37320730090141296,
            0.5567727088928223,
            -0.006478606257587671
         ],
         "16": [
            0.38000044226646423,
            0.5064421892166138,
            0.010625115595757961
         ],
         "17": [
            0.320005863904953,
            0.4291064143180847,
            -0.016736820340156555
         ],
         "18": [
            0.3290884494781494,
            0.5297150015830994,
            -0.013288933783769608
         ],
         "19": [
            0.3465954661369324,
            0.5096817016601562,
            0.004292265046387911
         ],
         "20": [
            0.3500218391418457,
            0.47339141368865967,
            0.021592004224658012
         ]
      }
   ]
}