{
   "r": [
      {
         "0": [
            0.3218438923358917,
            0.7646341323852539,
            5.551099206968502e-7
         ],
         "1": [
            0.3649956285953522,
            0.7317070960998535,
            -0.032449960708618164
         ],
         "2": [
            0.38566064834594727,
            0.6548969745635986,
            -0.04564826563000679
         ],
         "3": [
            0.3534948229789734,
            0.5925213098526001,
            -0.05870763957500458
         ],
         "4": [
            0.3138471245765686,
            0.5441879630088806,
            -0.07029832899570465
         ],
         "5": [
            0.3911588191986084,
            0.5056837797164917,
            -0.011689925566315651
         ],
         "6": [
            0.3934183418750763,
            0.40042465925216675,
            -0.027646970003843307
         ],
         "7": [
            0.3889431357383728,
            0.32811594009399414,
            -0.04132160171866417
         ],
         "8": [
            0.38046833872795105,
            0.2633002996444702,
            -0.05251535028219223
         ],
         "9": [
            0.35870134830474854,
            0.48571646213531494,
            -0.012473884038627148
         ],
         "10": [
            0.38128069043159485,
            0.3739224672317505,
            -0.03191408887505531
         ],
         "11": [
            0.39154309034347534,
            0.30759841203689575,
            -0.04826807603240013
         ],
         "12": [
            0.3975457549095154,
            0.24679839611053467,
            -0.05882671847939491
         ],
         "13": [
            0.3243979811668396,
            0.4972757399082184,
            -0.018279151991009712
         ],
         "14": [
            0.3225683569908142,
            0.4021446406841278,
            -0.052991680800914764
         ],
         "15": [
            0.32126671075820923,
            0.47666463255882263,
            -0.062200725078582764
         ],
         "16": [
            0.3214879035949707,
            0.539741575717926,
            -0.05906488001346588
         ],
         "17": [
            0.29139772057533264,
            0.5323935151100159,
            -0.02663476951420307
         ],
         "18": [
            0.28755688667297363,
            0.458260715007782,
            -0.05521455034613609
         ],
         "19": [
            0.296369343996048,
            0.5028827786445618,
            -0.05839008092880249
         ],
         "20": [
            0.30414390563964844,
            0.5533421039581299,
            -0.05517485737800598
         ]
      }
   ]
}