{
   "r": [
      {
         "0": [
            0.3344138264656067,
            0.7418880462646484,
            6.284557230173959e-7
         ],
         "1": [
            0.378426730632782,
            0.7284717559814453,
            -0.031945351511240005
         ],
         "2": [
            0.40233075618743896,
            0.6567296981811523,
            -0.04561512917280197
         ],
         "3": [
            0.37728118896484375,
            0.5866843461990356,
            -0.057926781475543976
         ],
         "4": [
            0.3354467749595642,
            0.5466626882553101,
            -0.06873270124197006
         ],
         "5": [
            0.4043009877204895,
            0.5095374584197998,
            -0.013876447454094887
         ],
         "6": [
            0.4067281484603882,
            0.4078045189380646,
            -0.029214348644018173
         ],
         "7": [
            0.40498659014701843,
            0.33958086371421814,
            -0.04038931801915169
         ],
         "8": [
            0.3979402482509613,
            0.2816404700279236,
            -0.04883328452706337
         ],
         "9": [
            0.3716457188129425,
            0.4897867739200592,
            -0.014068353921175003
         ],
         "10": [
            0.3911336660385132,
            0.3786320090293884,
            -0.03306727856397629
         ],
         "11": [
            0.40297964215278625,
            0.316386342048645,
            -0.046323709189891815
         ],
         "12": [
            0.40877658128738403,
            0.2530910074710846,
            -0.05249430239200592
         ],
         "13": [
            0.33791986107826233,
            0.49659010767936707,
            -0.018467484042048454
         ],
         "14": [
            0.3388766050338745,
            0.4070274233818054,
            -0.05261239781975746
         ],
         "15": [
            0.3416123390197754,
            0.486930787563324,
            -0.054354336112737656
         ],
         "16": [
            0.33835819363594055,
            0.5422142148017883,
            -0.044227484613657
         ],
         "17": [
            0.3039756119251251,
            0.5300809144973755,
            -0.025331895798444748
         ],
         "18": [
            0.3057394325733185,
            0.4555624723434448,
            -0.054679106920957565
         ],
         "19": [
            0.31714382767677307,
            0.506483793258667,
            -0.05219905450940132
         ],
         "20": [
            0.31852608919143677,
            0.5539898872375488,
            -0.042574118822813034
         ]
      }
   ]
}