{
   "s": [
      {
         "0": [
            0.34439730644226074,
            0.7376396656036377,
            -3.082344051108521e-7
         ],
         "1": [
            0.3926035165786743,
            0.6959212422370911,
            -0.020450416952371597
         ],
         "2": [
            0.4278144836425781,
            0.6179513931274414,
            -0.028730569407343864
         ],
         "3": [
            0.42347395420074463,
            0.5298198461532593,
            -0.03783873841166496
         ],
         "4": [
            0.39636629819869995,
            0.4726721942424774,
            -0.043650466948747635
         ],
         "5": [
            0.41452157497406006,
            0.5221086144447327,
            0.001025254838168621
         ],
         "6": [
            0.4232524335384369,
            0.4458248019218445,
            -0.02343439683318138
         ],
         "7": [
            0.4131805896759033,
            0.5058707594871521,
            -0.03715132921934128
         ],
         "8": [
            0.4050356149673462,
            0.5526407957077026,
            -0.04121329262852669
         ],
         "9": [
            0.3815643787384033,
            0.5058645606040955,
            0.0018542464822530746
         ],
         "10": [
            0.38743820786476135,
            0.4305316209793091,
            -0.02388746105134487
         ],
         "11": [
            0.38069528341293335,
            0.5183834433555603,
            -0.03166768327355385
         ],
         "12": [
            0.37503600120544434,
            0.5658650398254395,
            -0.028746193274855614
         ],
         "13": [
            0.34922221302986145,
            0.49937769770622253,
            -0.002181351650506258
         ],
         "14": [
            0.35477975010871887,
            0.4253648817539215,
            -0.02988666482269764
         ],
         "15": [
            0.3542865216732025,
            0.5112176537513733,
            -0.026371506974101067
         ],
         "16": [
            0.34924349188804626,
            0.5645684599876404,
            -0.01445902232080698
         ],
         "17": [
            0.31426796317100525,
            0.5013733506202698,
            -0.007748973555862904
         ],
         "18": [
            0.31662628054618835,
            0.42461878061294556,
            -0.024621738120913506
         ],
         "19": [
            0.3238767981529236,
            0.47331103682518005,
            -0.0180288627743721
         ],
         "20": [
            0.32588231563568115,
            0.5171076655387878,
            -0.006690520327538252
         ]
      }
   ]
}