{
   "s": [
      {
         "0": [
            0.3508531451225281,
            0.7401460409164429,
            -3.133965549295681e-7
         ],
         "1": [
            0.4003582000732422,
            0.698683500289917,
            -0.020632971078157425
         ],
         "2": [
            0.4350617527961731,
            0.6229366064071655,
            -0.02930070273578167
         ],
         "3": [
            0.4319002628326416,
            0.5351206064224243,
            -0.038753557950258255
         ],
         "4": [
            0.40606316924095154,
            0.4770303964614868,
            -0.04484609141945839
         ],
         "5": [
            0.4228819012641907,
            0.5264526009559631,
            0.0002887771697714925
         ],
         "6": [
            0.4325382709503174,
            0.4508766531944275,
            -0.024605682119727135
         ],
         "7": [
            0.4213681221008301,
            0.5132739543914795,
            -0.03862793371081352
         ],
         "8": [
            0.41230320930480957,
            0.5597901940345764,
            -0.0428047776222229
         ],
         "9": [
            0.38997215032577515,
            0.5094163417816162,
            0.0011492203921079636
         ],
         "10": [
            0.39664363861083984,
            0.4340818226337433,
            -0.02487262338399887
         ],
         "11": [
            0.38888540863990784,
            0.5230463743209839,
            -0.032566800713539124
         ],
         "12": [
            0.3824658691883087,
            0.5700714588165283,
            -0.029520537704229355
         ],
         "13": [
            0.35757705569267273,
            0.5022057890892029,
            -0.0028421368915587664
         ],
         "14": [
            0.36354008316993713,
            0.4285430908203125,
            -0.030808132141828537
         ],
         "15": [
            0.36234214901924133,
            0.516037106513977,
            -0.026882529258728027
         ],
         "16": [
            0.35686400532722473,
            0.5691908001899719,
            -0.014611096121370792
         ],
         "17": [
            0.3225632309913635,
            0.5034841895103455,
            -0.008377237245440483
         ],
         "18": [
            0.32573235034942627,
            0.42773425579071045,
            -0.025390801951289177
         ],
         "19": [
            0.3329315781593323,
            0.47807925939559937,
            -0.018450334668159485
         ],
         "20": [
            0.33458662033081055,
            0.5227764248847961,
            -0.006755963433533907
         ]
      }
   ]
}