{
   "u": [
      {
         "0": [
            0.3659951984882355,
            0.7768043875694275,
            4.914854798698798e-7
         ],
         "1": [
            0.41161465644836426,
            0.7344716787338257,
            -0.030934758484363556
         ],
         "2": [
            0.4306083917617798,
            0.6464221477508545,
            -0.041136644780635834
         ],
         "3": [
            0.3973608911037445,
            0.5797880291938782,
            -0.05080375820398331
         ],
         "4": [
            0.35868212580680847,
            0.5346119999885559,
            -0.059113360941410065
         ],
         "5": [
            0.4259777367115021,
            0.4988042116165161,
            -0.011898774653673172
         ],
         "6": [
            0.43365126848220825,
            0.3887118697166443,
            -0.027355868369340897
         ],
         "7": [
            0.43445998430252075,
            0.3186585605144501,
            -0.03897697106003761
         ],
         "8": [
            0.4332073926925659,
            0.2565558850765228,
            -0.0471014566719532
         ],
         "9": [
            0.39173248410224915,
            0.48388415575027466,
            -0.01238213013857603
         ],
         "10": [
            0.4018906056880951,
            0.361214816570282,
            -0.030893618240952492
         ],
         "11": [
            0.4068317115306854,
            0.2853551506996155,
            -0.04512690007686615
         ],
         "12": [
            0.4097232222557068,
            0.22314846515655518,
            -0.05286058783531189
         ],
         "13": [
            0.35917699337005615,
            0.5015112161636353,
            -0.017318526282906532
         ],
         "14": [
            0.3572280704975128,
            0.41641050577163696,
            -0.05146194249391556
         ],
         "15": [
            0.36164918541908264,
            0.4934423565864563,
            -0.058743130415678024
         ],
         "16": [
            0.36259955167770386,
            0.555932343006134,
            -0.05277831852436066
         ],
         "17": [
            0.3289192318916321,
            0.542125940322876,
            -0.02449687011539936
         ],
         "18": [
            0.3273082971572876,
            0.4635346531867981,
            -0.05207899212837219
         ],
         "19": [
            0.33866575360298157,
            0.5143209099769592,
            -0.05199671909213066
         ],
         "20": [
            0.34578970074653625,
            0.5691032409667969,
            -0.045003492385149
         ]
      }
   ]
}