{
   "v": [
      {
         "0": [
            0.2950814366340637,
            0.8140139579772949,
            0.0000010293332479704986
         ],
         "1": [
            0.34231188893318176,
            0.7985200881958008,
            -0.06696432828903198
         ],
         "2": [
            0.3521389067173004,
            0.7348459362983704,
            -0.10306882113218307
         ],
         "3": [
            0.3054216802120209,
            0.6905382871627808,
            -0.1318764090538025
         ],
         "4": [
            0.24889838695526123,
            0.6496917009353638,
            -0.15916378796100616
         ],
         "5": [
            0.3463604748249054,
            0.5276046395301819,
            -0.06848451495170593
         ],
         "6": [
            0.3689502775669098,
            0.40142738819122314,
            -0.10732535272836685
         ],
         "7": [
            0.37893515825271606,
            0.31392133235931396,
            -0.13354861736297607
         ],
         "8": [
            0.3846842646598816,
            0.2368343472480774,
            -0.1501946747303009
         ],
         "9": [
            0.29802727699279785,
            0.5160728693008423,
            -0.05871730297803879
         ],
         "10": [
            0.2869351804256439,
            0.37339138984680176,
            -0.10033247619867325
         ],
         "11": [
            0.27527526021003723,
            0.2777349650859833,
            -0.12693578004837036
         ],
         "12": [
            0.26506802439689636,
            0.19038081169128418,
            -0.14054147899150848
         ],
         "13": [
            0.25765979290008545,
            0.5440455079078674,
            -0.054536785930395126
         ],
         "14": [
            0.2332814633846283,
            0.47883471846580505,
            -0.11158187687397003
         ],
         "15": [
            0.24375545978546143,
            0.5767089128494263,
            -0.1240474283695221
         ],
         "16": [
            0.2559640109539032,
            0.6415854692459106,
            -0.11690253764390945
         ],
         "17": [
            0.22311270236968994,
            0.5971047282218933,
            -0.054574787616729736
         ],
         "18": [
            0.20339378714561462,
            0.5565981268882751,
            -0.10018046200275421
         ],
         "19": [
            0.21609270572662354,
            0.6173380613327026,
            -0.10390492528676987
         ],
         "20": [
            0.23178353905677795,
            0.6612696647644043,
            -0.09607595205307007
         ]
      }
   ]
}