{
   "w": [
      {
         "0": [
            0.3305692970752716,
            0.8304267525672913,
            6.140962227618729e-7
         ],
         "1": [
            0.37189674377441406,
            0.7971770763397217,
            -0.043219100683927536
         ],
         "2": [
            0.3914502263069153,
            0.7228670120239258,
            -0.061396609991788864
         ],
         "3": [
            0.34478989243507385,
            0.6520451903343201,
            -0.07284419983625412
         ],
         "4": [
            0.298666775226593,
            0.6096798777580261,
            -0.08447065204381943
         ],
         "5": [
            0.38558709621429443,
            0.5348644256591797,
            -0.040223054587841034
         ],
         "6": [
            0.411315381526947,
            0.40829402208328247,
            -0.05692490190267563
         ],
         "7": [
            0.4217541813850403,
            0.3323785662651062,
            -0.07083193212747574
         ],
         "8": [
            0.42718493938446045,
            0.2653082311153412,
            -0.0819217711687088
         ],
         "9": [
            0.34231820702552795,
            0.5174639821052551,
            -0.034476906061172485
         ],
         "10": [
            0.3504575490951538,
            0.3739725947380066,
            -0.04936770722270012
         ],
         "11": [
            0.3545442521572113,
            0.29264265298843384,
            -0.06595776230096817
         ],
         "12": [
            0.356142520904541,
            0.22462132573127747,
            -0.07704760134220123
         ],
         "13": [
            0.3068007528781891,
            0.5400699377059937,
            -0.0320398211479187
         ],
         "14": [
            0.2919709086418152,
            0.41183939576148987,
            -0.054823193699121475
         ],
         "15": [
            0.2898545265197754,
            0.3311247229576111,
            -0.07610854506492615
         ],
         "16": [
            0.2877389192581177,
            0.2596134543418884,
            -0.08983670920133591
         ],
         "17": [
            0.2751840353012085,
            0.5959764719009399,
            -0.03219633176922798
         ],
         "18": [
            0.2689146399497986,
            0.518097996711731,
            -0.05553867295384407
         ],
         "19": [
            0.2800039052963257,
            0.54198157787323,
            -0.06099415943026543
         ],
         "20": [
            0.29004862904548645,
            0.579004168510437,
            -0.06233566999435425
         ]
      }
   ]
}