{
   "w": [
      {
         "0": [
            0.3314523696899414,
            0.834688663482666,
            6.11193001986976e-7
         ],
         "1": [
            0.3743846118450165,
            0.7963442802429199,
            -0.0413721464574337
         ],
         "2": [
            0.3927803039550781,
            0.7208295464515686,
            -0.058447811752557755
         ],
         "3": [
            0.34623077511787415,
            0.6427354216575623,
            -0.06862055510282516
         ],
         "4": [
            0.30072855949401855,
            0.5959818363189697,
            -0.07829373329877853
         ],
         "5": [
            0.3886698782444,
            0.535990834236145,
            -0.03730759769678116
         ],
         "6": [
            0.4161350131034851,
            0.4078909158706665,
            -0.05218067765235901
         ],
         "7": [
            0.4268871545791626,
            0.3334934115409851,
            -0.06380666047334671
         ],
         "8": [
            0.4328620433807373,
            0.2670353949069977,
            -0.07320736348628998
         ],
         "9": [
            0.34563443064689636,
            0.5184665322303772,
            -0.03160814195871353
         ],
         "10": [
            0.35315436124801636,
            0.3721139430999756,
            -0.047684695571660995
         ],
         "11": [
            0.35688355565071106,
            0.29230841994285583,
            -0.06298921257257462
         ],
         "12": [
            0.3576801121234894,
            0.2243739366531372,
            -0.07216283679008484
         ],
         "13": [
            0.310137540102005,
            0.539554238319397,
            -0.029064957052469254
         ],
         "14": [
            0.2943969666957855,
            0.4146850109100342,
            -0.053406860679388046
         ],
         "15": [
            0.2903684377670288,
            0.33247143030166626,
            -0.07347984611988068
         ],
         "16": [
            0.28593742847442627,
            0.2582467198371887,
            -0.08528748154640198
         ],
         "17": [
            0.279031902551651,
            0.5951143503189087,
            -0.02881518192589283
         ],
         "18": [
            0.27351701259613037,
            0.5134426951408386,
            -0.051408641040325165
         ],
         "19": [
            0.28478527069091797,
            0.5417397022247314,
            -0.05463303625583649
         ],
         "20": [
            0.29535239934921265,
            0.5839527249336243,
            -0.05399724096059799
         ]
      }
   ]
}