{
   "x": [
      {
         "0": [
            0.3650195598602295,
            0.7799894213676453,
            -5.0795449624274625e-8
         ],
         "1": [
            0.40594610571861267,
            0.7470687627792358,
            -0.03226793184876442
         ],
         "2": [
            0.4377431571483612,
            0.6756779551506042,
            -0.05500301346182823
         ],
         "3": [
            0.42293715476989746,
            0.6236212849617004,
            -0.07747329771518707
         ],
         "4": [
            0.3926726281642914,
            0.5973745584487915,
            -0.09540412575006485
         ],
         "5": [
            0.4205983281135559,
            0.5148885846138,
            -0.02241354063153267
         ],
         "6": [
            0.42191195487976074,
            0.4018314480781555,
            -0.058369774371385574
         ],
         "7": [
            0.4213533401489258,
            0.3902497887611389,
            -0.07304733246564865
         ],
         "8": [
            0.4177553653717041,
            0.44072479009628296,
            -0.07482528686523438
         ],
         "9": [
            0.3775380849838257,
            0.5318280458450317,
            -0.021240849047899246
         ],
         "10": [
            0.3822115659713745,
            0.4945441782474518,
            -0.060790810734033585
         ],
         "11": [
            0.3862285315990448,
            0.5972970724105835,
            -0.06226613372564316
         ],
         "12": [
            0.3899518847465515,
            0.6324107050895691,
            -0.051295794546604156
         ],
         "13": [
            0.341952919960022,
            0.556395947933197,
            -0.026669275015592575
         ],
         "14": [
            0.34506314992904663,
            0.5337774753570557,
            -0.06464934349060059
         ],
         "15": [
            0.3541632294654846,
            0.6177331805229187,
            -0.05227934569120407
         ],
         "16": [
            0.3561994731426239,
            0.6354297995567322,
            -0.03340279310941696
         ],
         "17": [
            0.3049412965774536,
            0.5889385938644409,
            -0.03529423102736473
         ],
         "18": [
            0.3117944598197937,
            0.5711100697517395,
            -0.056705307215452194
         ],
         "19": [
            0.32392367720603943,
            0.6274503469467163,
            -0.04410833120346069
         ],
         "20": [
            0.32760149240493774,
            0.6398104429244995,
            -0.027766307815909386
         ]
      }
   ]
}