{
   "y": [
      {
         "0": [
            0.33807048201560974,
            0.7707639932632446,
            -5.121412982589391e-7
         ],
         "1": [
            0.3989991545677185,
            0.7054471969604492,
            -0.009303257800638676
         ],
         "2": [
            0.4357888102531433,
            0.613038182258606,
            -0.0054825833067297935
         ],
         "3": [
            0.4541601538658142,
            0.5261291861534119,
            -0.0030711034778505564
         ],
         "4": [
            0.4793612062931061,
            0.4934804141521454,
            0.004287551622837782
         ],
         "5": [
            0.376186728477478,
            0.506944477558136,
            0.012858370319008827
         ],
         "6": [
            0.3714328110218048,
            0.4396003484725952,
            -0.004006997216492891
         ],
         "7": [
            0.3706023693084717,
            0.5206204652786255,
            -0.010656771250069141
         ],
         "8": [
            0.3703095614910126,
            0.5832884311676025,
            -0.008883497677743435
         ],
         "9": [
            0.3374783396720886,
            0.5046725273132324,
            0.013817822560667992
         ],
         "10": [
            0.3346971571445465,
            0.43556779623031616,
            -0.010725303553044796
         ],
         "11": [
            0.3404584228992462,
            0.5384411215782166,
            -0.016550548374652863
         ],
         "12": [
            0.34444013237953186,
            0.5977824330329895,
            -0.010913767851889133
         ],
         "13": [
            0.3026147484779358,
            0.5144976377487183,
            0.011119364760816097
         ],
         "14": [
            0.29631730914115906,
            0.43251436948776245,
            -0.009466022253036499
         ],
         "15": [
            0.3067837655544281,
            0.5183944702148438,
            -0.004152628593146801
         ],
         "16": [
            0.3159201145172119,
            0.5794833898544312,
            0.008502287790179253
         ],
         "17": [
            0.27126824855804443,
            0.5385677218437195,
            0.007341522257775068
         ],
         "18": [
            0.25690048933029175,
            0.4376623332500458,
            -0.002319389721378684
         ],
         "19": [
            0.25243133306503296,
            0.38866889476776123,
            -0.0015291267773136497
         ],
         "20": [
            0.2527296841144562,
            0.3356645703315735,
            0.0034266142174601555
         ]
      }
   ]
}