{
   "a": [
      {
         "0": [
            0.565429151058197,
            0.5806282758712769,
            0
         ],
         "1": [
            0.5333535075187683,
            0.5744872689247131,
            -0.01932961493730545
         ],
         "2": [
            0.5043655633926392,
            0.5634123086929321,
            -0.03914046660065651
         ],
         "3": [
            0.49210110306739807,
            0.559698760509491,
            -0.057266995310783386
         ],
         "4": [
            0.5036083459854126,
            0.5562682151794434,
            -0.07386960834264755
         ],
         "5": [
            0.5360357761383057,
            0.5124087333679199,
            -0.052615053951740265
         ],
         "6": [
            0.52748703956604,
            0.5582579970359802,
            -0.07687733322381973
         ],
         "7": [
            0.5260551571846008,
            0.5805563926696777,
            -0.08694316446781158
         ],
         "8": [
            0.5293724536895752,
            0.589898407459259,
            -0.0921565443277359
         ],
         "9": [
            0.5654901266098022,
            0.5164710283279419,
            -0.05598370358347893
         ],
         "10": [
            0.5593481063842773,
            0.5686471462249756,
            -0.08076731115579605
         ],
         "11": [
            0.5574532151222229,
            0.5904106497764587,
            -0.08209071308374405
         ],
         "12": [
            0.5576890110969543,
            0.5972530841827393,
            -0.08285266160964966
         ],
         "13": [
            0.5893162488937378,
            0.531730055809021,
            -0.0587909035384655
         ],
         "14": [
            0.5838661193847656,
            0.580763578414917,
            -0.07876217365264893
         ],
         "15": [
            0.5796458721160889,
            0.5968798995018005,
            -0.07342848181724548
         ],
         "16": [
            0.5787999629974365,
            0.5990055203437805,
            -0.068816639482975
         ],
         "17": [
            0.6083182096481323,
            0.5518323183059692,
            -0.06328243017196655
         ],
         "18": [
            0.6068268418312073,
            0.5896875858306885,
            -0.07475186884403229
         ],
         "19": [
            0.6047630906105042,
            0.6047176122665405,
            -0.07178425788879395
         ],
         "20": [
            0.6048661470413208,
            0.6088261604309082,
            -0.06889684498310089
         ]
      }
   ]
}