{
   "b": [
      {
         "0": [
            0.5132933855056763,
            0.7156339287757874,
            0
         ],
         "1": [
            0.5229086875915527,
            0.6582192182540894,
            -0.024277731776237488
         ],
         "2": [
            0.5439239144325256,
            0.6126863360404968,
            -0.0445680171251297
         ],
         "3": [
            0.565544068813324,
            0.5992652177810669,
            -0.0626361295580864
         ],
         "4": [
            0.5869436264038086,
            0.6146646738052368,
            -0.08228261023759842
         ],
         "5": [
            0.5607134699821472,
            0.664420485496521,
            -0.05860714614391327
         ],
         "6": [
            0.5879227519035339,
            0.6595466136932373,
            -0.08697616308927536
         ],
         "7": [
            0.604645848274231,
            0.6643034219741821,
            -0.10309209674596786
         ],
         "8": [
            0.6180424690246582,
            0.6686763763427734,
            -0.11339299380779266
         ],
         "9": [
            0.5576919317245483,
            0.7156226634979248,
            -0.06226230412721634
         ],
         "10": [
            0.5852746367454529,
            0.7155904769897461,
            -0.09320655465126038
         ],
         "11": [
            0.606264591217041,
            0.7218891382217407,
            -0.10774411261081696
         ],
         "12": [
            0.6240015625953674,
            0.7247253060340881,
            -0.11754658073186874
         ],
         "13": [
            0.5492116212844849,
            0.7579782009124756,
            -0.06633282452821732
         ],
         "14": [
            0.5737233757972717,
            0.7641820907592773,
            -0.0942864790558815
         ],
         "15": [
            0.5942965745925903,
            0.7683619856834412,
            -0.1050027385354042
         ],
         "16": [
            0.6122984290122986,
            0.7671675682067871,
            -0.11139927059412003
         ],
         "17": [
            0.5357698202133179,
            0.7952605485916138,
            -0.07177402824163437
         ],
         "18": [
            0.5579938292503357,
            0.8138328790664673,
            -0.09528334438800812
         ],
         "19": [
            0.5736960768699646,
            0.815777063369751,
            -0.10525196045637131
         ],
         "20": [
            0.5868109464645386,
            0.8104541301727295,
            -0.11156541109085083
         ]
      }
   ]
}