{
   "c": [
      {
         "0": [
            0.6785066723823547,
            0.6133948564529419,
            0
         ],
         "1": [
            0.7162325382232666,
            0.5933395028114319,
            0.020282909274101257
         ],
         "2": [
            0.747554361820221,
            0.5767741203308105,
            0.024784695357084274
         ],
         "3": [
            0.7695527076721191,
            0.5554804801940918,
            0.024026107043027878
         ],
         "4": [
            0.7817906141281128,
            0.5370826125144958,
            0.022645724937319756
         ],
         "5": [
            0.7663624286651611,
            0.5892229676246643,
            0.014400742016732693
         ],
         "6": [
            0.8079639673233032,
            0.5609358549118042,
            0.011235810816287994
         ],
         "7": [
            0.830084502696991,
            0.5381315350532532,
            0.011080361902713776
         ],
         "8": [
            0.8458208441734314,
            0.5186628103256226,
            0.01139747817069292
         ],
         "9": [
            0.7665324211120605,
            0.580839216709137,
            -0.0020363740622997284
         ],
         "10": [
            0.816534698009491,
            0.5517005324363708,
            -0.0034291918855160475
         ],
         "11": [
            0.8438554406166077,
            0.5270916223526001,
            -0.0013213115744292736
         ],
         "12": [
            0.8648384809494019,
            0.5085684657096863,
            -0.0006361726555041969
         ],
         "13": [
            0.7613785266876221,
            0.5622121095657349,
            -0.018106631934642792
         ],
         "14": [
            0.8120852708816528,
            0.5400595664978027,
            -0.018094196915626526
         ],
         "15": [
            0.8387628793716431,
            0.5215598344802856,
            -0.014960355125367641
         ],
         "16": [
            0.8601604104042053,
            0.5101478695869446,
            -0.01479868870228529
         ],
         "17": [
            0.7503332495689392,
            0.5351901054382324,
            -0.03340275585651398
         ],
         "18": [
            0.7892024517059326,
            0.5187242031097412,
            -0.03332814201712608
         ],
         "19": [
            0.8109340667724609,
            0.5105215311050415,
            -0.030840963125228882
         ],
         "20": [
            0.8298724293708801,
            0.505564272403717,
            -0.03034353069961071
         ]
      }
   ]
}