{
   "e": [
      {
         "0": [
            0.5669062733650208,
            0.817807137966156,
            0
         ],
         "1": [
            0.5595296025276184,
            0.7497458457946777,
            -0.03188486769795418
         ],
         "2": [
            0.5314494967460632,
            0.7237005829811096,
            -0.0513259582221508
         ],
         "3": [
            0.5052266120910645,
            0.7459971308708191,
            -0.06055724620819092
         ],
         "4": [
            0.4921625852584839,
            0.7759749293327332,
            -0.06853307783603668
         ],
         "5": [
            0.5265601277351379,
            0.7654222249984741,
            -0.07887211441993713
         ],
         "6": [
            0.48069730401039124,
            0.782241702079773,
            -0.09644848853349686
         ],
         "7": [
            0.4489116072654724,
            0.7866083383560181,
            -0.10043641179800034
         ],
         "8": [
            0.4264448285102844,
            0.7900273203849792,
            -0.10124875605106354
         ],
         "9": [
            0.5185064673423767,
            0.8084712624549866,
            -0.06465593725442886
         ],
         "10": [
            0.4650716185569763,
            0.8206350803375244,
            -0.08640484511852264
         ],
         "11": [
            0.42654329538345337,
            0.815210223197937,
            -0.0917959213256836
         ],
         "12": [
            0.39744582772254944,
            0.8065319061279297,
            -0.0943068340420723
         ],
         "13": [
            0.5097789168357849,
            0.8353259563446045,
            -0.04781806841492653
         ],
         "14": [
            0.46164411306381226,
            0.8399953842163086,
            -0.0662437155842781
         ],
         "15": [
            0.4263554811477661,
            0.8293445706367493,
            -0.07381337881088257
         ],
         "16": [
            0.39899423718452454,
            0.8181273341178894,
            -0.07739511132240295
         ],
         "17": [
            0.5004311203956604,
            0.8502253890037537,
            -0.031183289363980293
         ],
         "18": [
            0.4647393524646759,
            0.8471142053604126,
            -0.04275932535529137
         ],
         "19": [
            0.4390188455581665,
            0.8384159803390503,
            -0.048778120428323746
         ],
         "20": [
            0.4181617498397827,
            0.8259503841400146,
            -0.05280296504497528
         ]
      }
   ]
}