{
   "a": [
      {
         "0": [
            0.7684726715087891,
            0.9445831179618835,
            0
         ],
         "1": [
            0.6985975503921509,
            0.8979740142822266,
            -0.01127713080495596
         ],
         "2": [
            0.6446282863616943,
            0.8053557276725769,
            -0.01774817518889904
         ],
         "3": [
            0.6200264692306519,
            0.712395966053009,
            -0.027142925187945366
         ],
         "4": [
            0.6088142991065979,
            0.6319513916969299,
            -0.03682374954223633
         ],
         "5": [
            0.6726477146148682,
            0.6573833227157593,
            0.00240304134786129
         ],
         "6": [
            0.6369889378547668,
            0.5469856262207031,
            -0.014132172800600529
         ],
         "7": [
            0.6155873537063599,
            0.47987276315689087,
            -0.025426466017961502
         ],
         "8": [
            0.5976811051368713,
            0.42005491256713867,
            -0.032933108508586884
         ],
         "9": [
            0.7129829525947571,
            0.6328328847885132,
            -0.010104217566549778
         ],
         "10": [
            0.6897268891334534,
            0.4984892010688782,
            -0.02407618798315525
         ],
         "11": [
            0.6748605370521545,
            0.41660305857658386,
            -0.03586253523826599
         ],
         "12": [
            0.660165011882782,
            0.34908872842788696,
            -0.045360267162323
         ],
         "13": [
            0.7540549039840698,
            0.6366592049598694,
            -0.027326013892889023
         ],
         "14": [
            0.7379512786865234,
            0.510227382183075,
            -0.04453636705875397
         ],
         "15": [
            0.7238665223121643,
            0.43680262565612793,
            -0.05552170053124428
         ],
         "16": [
            0.707633912563324,
            0.3751886188983917,
            -0.06298256665468216
         ],
         "17": [
            0.7977416515350342,
            0.6614605188369751,
            -0.04732847213745117
         ],
         "18": [
            0.7887311577796936,
            0.5602580308914185,
            -0.06270793825387955
         ],
         "19": [
            0.7747661471366882,
            0.49924588203430176,
            -0.07058075815439224
         ],
         "20": [
            0.7573288679122925,
            0.44450485706329346,
            -0.07566147297620773
         ]
      }
   ]
}