{
   "a": [
      {
         "0": [
            0.7663759589195251,
            0.9485986232757568,
            0
         ],
         "1": [
            0.6966367363929749,
            0.9024379253387451,
            -0.01135354582220316
         ],
         "2": [
            0.6427226662635803,
            0.8111913204193115,
            -0.01883864589035511
         ],
         "3": [
            0.6169754266738892,
            0.7195049524307251,
            -0.029299475252628326
         ],
         "4": [
            0.6041929721832275,
            0.6385664939880371,
            -0.04014943540096283
         ],
         "5": [
            0.6699613332748413,
            0.6634395122528076,
            -0.0004173887427896261
         ],
         "6": [
            0.6345900893211365,
            0.5524339079856873,
            -0.01854107342660427
         ],
         "7": [
            0.6129969358444214,
            0.48549991846084595,
            -0.03087889961898327
         ],
         "8": [
            0.5944568514823914,
            0.4258301854133606,
            -0.03907359763979912
         ],
         "9": [
            0.7095854878425598,
            0.63918536901474,
            -0.013482336886227131
         ],
         "10": [
            0.6854397654533386,
            0.5047773122787476,
            -0.029413925483822823
         ],
         "11": [
            0.6699249148368835,
            0.4224313199520111,
            -0.0422782264649868
         ],
         "12": [
            0.6547377109527588,
            0.35342729091644287,
            -0.05246436968445778
         ],
         "13": [
            0.750443696975708,
            0.6422346830368042,
            -0.03108491189777851
         ],
         "14": [
            0.7336589097976685,
            0.5158416628837585,
            -0.049809109419584274
         ],
         "15": [
            0.7192044854164124,
            0.44166332483291626,
            -0.06148311495780945
         ],
         "16": [
            0.7025887966156006,
            0.3790692985057831,
            -0.06944891065359116
         ],
         "17": [
            0.7942533493041992,
            0.6668997406959534,
            -0.05131985619664192
         ],
         "18": [
            0.7854206562042236,
            0.5665861368179321,
            -0.06770925968885422
         ],
         "19": [
            0.7712823152542114,
            0.5056878328323364,
            -0.07581238448619843
         ],
         "20": [
            0.7542218565940857,
            0.45063984394073486,
            -0.08121448010206223
         ]
      }
   ]
}