{
   "a": [
      {
         "0": [
            0.727973997592926,
            0.741262674331665,
            -6.986900302763388e-7
         ],
         "1": [
            0.667721688747406,
            0.6482406854629517,
            -0.012721585109829903
         ],
         "2": [
            0.6362390518188477,
            0.5107912421226501,
            -0.01779768615961075
         ],
         "3": [
            0.6214739084243774,
            0.40146446228027344,
            -0.027615658938884735
         ],
         "4": [
            0.6003023386001587,
            0.31952494382858276,
            -0.03411223366856575
         ],
         "5": [
            0.6705666780471802,
            0.43278801441192627,
            0.012450024485588074
         ],
         "6": [
            0.6591403484344482,
            0.3257935643196106,
            -0.021703986451029778
         ],
         "7": [
            0.6641024947166443,
            0.4030340313911438,
            -0.04361686110496521
         ],
         "8": [
            0.6696786284446716,
            0.4844720661640167,
            -0.05088634043931961
         ],
         "9": [
            0.7131274342536926,
            0.4436747133731842,
            0.006162344012409449
         ],
         "10": [
            0.7038305997848511,
            0.36831700801849365,
            -0.03074905462563038
         ],
         "11": [
            0.7041788101196289,
            0.4792216420173645,
            -0.04386753588914871
         ],
         "12": [
            0.7054539918899536,
            0.5658778548240662,
            -0.04188305139541626
         ],
         "13": [
            0.7545549869537354,
            0.46404799818992615,
            -0.006172788795083761
         ],
         "14": [
            0.7456851601600647,
            0.3998376727104187,
            -0.041235484182834625
         ],
         "15": [
            0.7372868061065674,
            0.5049751996994019,
            -0.03620116040110588
         ],
         "16": [
            0.7329733967781067,
            0.5872707962989807,
            -0.02088930271565914
         ],
         "17": [
            0.7962188720703125,
            0.4917810261249542,
            -0.019886616617441177
         ],
         "18": [
            0.7857552766799927,
            0.42257457971572876,
            -0.04002390429377556
         ],
         "19": [
            0.7725802659988403,
            0.4914853572845459,
            -0.03012237511575222
         ],
         "20": [
            0.7663933038711548,
            0.5552277565002441,
            -0.015082077123224735
         ]
      }
   ]
}