{
   "a": [
      {
         "0": [
            0.5822310447692871,
            0.41308438777923584,
            -4.6783785023762903e-7
         ],
         "1": [
            0.5281869173049927,
            0.39681029319763184,
            -0.01342239324003458
         ],
         "2": [
            0.4811645746231079,
            0.3300144374370575,
            -0.015877125784754753
         ],
         "3": [
            0.4588422179222107,
            0.24711421132087708,
            -0.019815638661384583
         ],
         "4": [
            0.4648861885070801,
            0.18731796741485596,
            -0.01918657124042511
         ],
         "5": [
            0.49836719036102295,
            0.2504311203956604,
            0.011555703356862068
         ],
         "6": [
            0.49561166763305664,
            0.18193238973617554,
            -0.014400184154510498
         ],
         "7": [
            0.50645512342453,
            0.24781697988510132,
            -0.027473855763673782
         ],
         "8": [
            0.5086613893508911,
            0.2823196053504944,
            -0.03205511346459389
         ],
         "9": [
            0.5307708382606506,
            0.2456202507019043,
            0.008478740230202675
         ],
         "10": [
            0.5282204151153564,
            0.18261650204658508,
            -0.018981439992785454
         ],
         "11": [
            0.5361310839653015,
            0.26740762591362,
            -0.02498493529856205
         ],
         "12": [
            0.5341148376464844,
            0.29377976059913635,
            -0.021579762920737267
         ],
         "13": [
            0.5610593557357788,
            0.24591608345508575,
            -0.00010769368236651644
         ],
         "14": [
            0.5599713325500488,
            0.1953597366809845,
            -0.02877301722764969
         ],
         "15": [
            0.5640659928321838,
            0.27945348620414734,
            -0.020745564252138138
         ],
         "16": [
            0.5620899200439453,
            0.3075663149356842,
            -0.006824018433690071
         ],
         "17": [
            0.591782808303833,
            0.2514808177947998,
            -0.010037735104560852
         ],
         "18": [
            0.5893145799636841,
            0.21581165492534637,
            -0.024574672803282738
         ],
         "19": [
            0.5893958806991577,
            0.27536919713020325,
            -0.015384812839329243
         ],
         "20": [
            0.5878655314445496,
            0.30072930455207825,
            -0.0038393656723201275
         ]
      }
   ]
}