{
   "f": [
      {
         "0": [
            0.4126127362251282,
            0.45358145236968994,
            -8.961990261013852e-8
         ],
         "1": [
            0.3780936300754547,
            0.39378052949905396,
            -0.007897152565419674
         ],
         "2": [
            0.3530668616294861,
            0.331490695476532,
            -0.017152953892946243
         ],
         "3": [
            0.3351562023162842,
            0.28757479786872864,
            -0.029012836515903473
         ],
         "4": [
            0.34322109818458557,
            0.2525422275066376,
            -0.039655592292547226
         ],
         "5": [
            0.3951129913330078,
            0.2507956326007843,
            0.0022060368210077286
         ],
         "6": [
            0.37717652320861816,
            0.19172009825706482,
            -0.022488486021757126
         ],
         "7": [
            0.35956358909606934,
            0.2219853401184082,
            -0.043844763189554214
         ],
         "8": [
            0.35161033272743225,
            0.2597569227218628,
            -0.05516684427857399
         ],
         "9": [
            0.41005054116249084,
            0.24962571263313293,
            -0.0045783668756484985
         ],
         "10": [
            0.3978029489517212,
            0.16460710763931274,
            -0.019389064982533455
         ],
         "11": [
            0.385355681180954,
            0.11257490515708923,
            -0.032805733382701874
         ],
         "12": [
            0.3763778805732727,
            0.06408707797527313,
            -0.041948314756155014
         ],
         "13": [
            0.427665114402771,
            0.26677650213241577,
            -0.015327268280088902
         ],
         "14": [
            0.42051783204078674,
            0.1853431761264801,
            -0.02829105406999588
         ],
         "15": [
            0.41088128089904785,
            0.13364580273628235,
            -0.03591930493712425
         ],
         "16": [
            0.40280666947364807,
            0.0848134458065033,
            -0.04033491760492325
         ],
         "17": [
            0.44294703006744385,
            0.2986604571342468,
            -0.027413591742515564
         ],
         "18": [
            0.43994319438934326,
            0.23777000606060028,
            -0.03501353785395622
         ],
         "19": [
            0.4350929260253906,
            0.19595547020435333,
            -0.035438116639852524
         ],
         "20": [
            0.4309752583503723,
            0.15517142415046692,
            -0.03515506535768509
         ]
      }
   ]
}