{
   "g": [
      {
         "0": [
            0.4187304973602295,
            0.452379435300827,
            7.669844137581094e-8
         ],
         "1": [
            0.4014933109283447,
            0.3696777820587158,
            -0.005977563560009003
         ],
         "2": [
            0.3473359942436218,
            0.3241623640060425,
            -0.01148818340152502
         ],
         "3": [
            0.29877912998199463,
            0.3146859407424927,
            -0.0140220383182168
         ],
         "4": [
            0.2672496438026428,
            0.33010733127593994,
            -0.017633983865380287
         ],
         "5": [
            0.3414251506328583,
            0.3035736083984375,
            -0.03488342836499214
         ],
         "6": [
            0.2688608765602112,
            0.2841107249259949,
            -0.04521111771464348
         ],
         "7": [
            0.22592779994010925,
            0.2731727361679077,
            -0.04773810878396034
         ],
         "8": [
            0.1918174922466278,
            0.267162561416626,
            -0.04924880340695381
         ],
         "9": [
            0.33166199922561646,
            0.36732977628707886,
            -0.03595465049147606
         ],
         "10": [
            0.2711600363254547,
            0.3471069931983948,
            -0.046804219484329224
         ],
         "11": [
            0.2871425449848175,
            0.3534631133079529,
            -0.04098115861415863
         ],
         "12": [
            0.3104589879512787,
            0.3627461791038513,
            -0.035185568034648895
         ],
         "13": [
            0.3268398642539978,
            0.4304622411727905,
            -0.035185568034648895
         ],
         "14": [
            0.2788594961166382,
            0.40522921085357666,
            -0.04131076857447624
         ],
         "15": [
            0.2970731258392334,
            0.4098950922489166,
            -0.02761833369731903
         ],
         "16": [
            0.31603726744651794,
            0.4197442829608917,
            -0.018183328211307526
         ],
         "17": [
            0.3249044120311737,
            0.48763492703437805,
            -0.03463621810078621
         ],
         "18": [
            0.2897060811519623,
            0.4543522596359253,
            -0.036613866686820984
         ],
         "19": [
            0.3074948787689209,
            0.45800837874412537,
            -0.025214947760105133
         ],
         "20": [
            0.32280847430229187,
            0.4694764316082001,
            -0.016919834539294243
         ]
      }
   ]
}