{
   "g": [
      {
         "0": [
            0.49795714020729065,
            0.4338756501674652,
            -9.927452992997132e-8
         ],
         "1": [
            0.47506648302078247,
            0.36859071254730225,
            0.0006625937530770898
         ],
         "2": [
            0.4249851405620575,
            0.33308377861976624,
            -0.012046570889651775
         ],
         "3": [
            0.37918782234191895,
            0.3415299355983734,
            -0.023782093077898026
         ],
         "4": [
            0.34524938464164734,
            0.36103928089141846,
            -0.037740305066108704
         ],
         "5": [
            0.432629257440567,
            0.28958553075790405,
            -0.04263928532600403
         ],
         "6": [
            0.3706652522087097,
            0.2911757528781891,
            -0.058165691792964935
         ],
         "7": [
            0.3353523910045624,
            0.2941363453865051,
            -0.06480134278535843
         ],
         "8": [
            0.3080427646636963,
            0.2958175241947174,
            -0.07019282132387161
         ],
         "9": [
            0.4383164346218109,
            0.34305301308631897,
            -0.05272237956523895
         ],
         "10": [
            0.3677474558353424,
            0.3683737814426422,
            -0.06791181117296219
         ],
         "11": [
            0.3818693161010742,
            0.3766325116157532,
            -0.06366084516048431
         ],
         "12": [
            0.40228912234306335,
            0.3696382939815521,
            -0.061950087547302246
         ],
         "13": [
            0.4436166286468506,
            0.40130865573883057,
            -0.060291171073913574
         ],
         "14": [
            0.3793049454689026,
            0.4149506092071533,
            -0.07247382402420044
         ],
         "15": [
            0.39705613255500793,
            0.4162866473197937,
            -0.05801016464829445
         ],
         "16": [
            0.4173591732978821,
            0.4093126058578491,
            -0.04914534464478493
         ],
         "17": [
            0.4477332830429077,
            0.4551527500152588,
            -0.06718603521585464
         ],
         "18": [
            0.39889833331108093,
            0.45436713099479675,
            -0.07636190950870514
         ],
         "19": [
            0.41126686334609985,
            0.453171968460083,
            -0.0665121078491211
         ],
         "20": [
            0.4271453022956848,
            0.45042550563812256,
            -0.05972092226147652
         ]
      }
   ]
}