{
   "i": [
      {
         "0": [
            0.497826486825943,
            0.6938609480857849,
            -4.969107862962119e-7
         ],
         "1": [
            0.4324184060096741,
            0.6333715319633484,
            -0.020798955112695694
         ],
         "2": [
            0.38275352120399475,
            0.5179400444030762,
            -0.030736446380615234
         ],
         "3": [
            0.3718957304954529,
            0.40424099564552307,
            -0.04299331083893776
         ],
         "4": [
            0.4069809317588806,
            0.34314802289009094,
            -0.049178313463926315
         ],
         "5": [
            0.43812045454978943,
            0.407242089509964,
            0.006071862298995256
         ],
         "6": [
            0.44312071800231934,
            0.31601330637931824,
            -0.024400588124990463
         ],
         "7": [
            0.43955641984939575,
            0.39569830894470215,
            -0.041673339903354645
         ],
         "8": [
            0.437599778175354,
            0.468346506357193,
            -0.04684007912874222
         ],
         "9": [
            0.479708194732666,
            0.4096989333629608,
            0.0055863019078969955
         ],
         "10": [
            0.48277661204338074,
            0.33920085430145264,
            -0.03456436097621918
         ],
         "11": [
            0.47351744771003723,
            0.43779677152633667,
            -0.05015886202454567
         ],
         "12": [
            0.46722233295440674,
            0.5128536224365234,
            -0.04914059489965439
         ],
         "13": [
            0.519052267074585,
            0.4206215739250183,
            -0.0010795468697324395
         ],
         "14": [
            0.5235050320625305,
            0.35459667444229126,
            -0.03760029003024101
         ],
         "15": [
            0.5066490769386292,
            0.44286230206489563,
            -0.03839227184653282
         ],
         "16": [
            0.4942159950733185,
            0.5150749683380127,
            -0.025531992316246033
         ],
         "17": [
            0.5571761727333069,
            0.43893375992774963,
            -0.009730065241456032
         ],
         "18": [
            0.5761735439300537,
            0.3387626111507416,
            -0.028398210182785988
         ],
         "19": [
            0.5852095484733582,
            0.2722253203392029,
            -0.03196213021874428
         ],
         "20": [
            0.5912814140319824,
            0.20867854356765747,
            -0.0282850731164217
         ]
      }
   ]
}