{
   "l": [
      {
         "0": [
            0.5603278279304504,
            0.7293480038642883,
            -1.6732208507619362e-7
         ],
         "1": [
            0.504849910736084,
            0.6842435598373413,
            -0.026541784405708313
         ],
         "2": [
            0.4489084482192993,
            0.6006676554679871,
            -0.04195180535316467
         ],
         "3": [
            0.405417799949646,
            0.5328665375709534,
            -0.05802640691399574
         ],
         "4": [
            0.37055453658103943,
            0.4853648543357849,
            -0.0736025720834732
         ],
         "5": [
            0.491028755903244,
            0.46007058024406433,
            -0.024340355768799782
         ],
         "6": [
            0.476779967546463,
            0.32709676027297974,
            -0.05171286687254906
         ],
         "7": [
            0.47315746545791626,
            0.2514925003051758,
            -0.06870127469301224
         ],
         "8": [
            0.47007396817207336,
            0.18179073929786682,
            -0.08053915947675705
         ],
         "9": [
            0.5300332903862,
            0.4642929136753082,
            -0.026084885001182556
         ],
         "10": [
            0.5384379625320435,
            0.4286458492279053,
            -0.07887769490480423
         ],
         "11": [
            0.542830228805542,
            0.5323470830917358,
            -0.09246011823415756
         ],
         "12": [
            0.5401740074157715,
            0.6028605699539185,
            -0.08905412256717682
         ],
         "13": [
            0.5679701566696167,
            0.4829089045524597,
            -0.030986184254288673
         ],
         "14": [
            0.5772146582603455,
            0.4641038179397583,
            -0.08028993755578995
         ],
         "15": [
            0.5717936754226685,
            0.5614590644836426,
            -0.07430868595838547
         ],
         "16": [
            0.5628340244293213,
            0.6207323670387268,
            -0.05640648677945137
         ],
         "17": [
            0.6021987795829773,
            0.5118037462234497,
            -0.03765278309583664
         ],
         "18": [
            0.6100430488586426,
            0.4831216037273407,
            -0.06795361638069153
         ],
         "19": [
            0.5999801158905029,
            0.5517300367355347,
            -0.06051859259605408
         ],
         "20": [
            0.5907326936721802,
            0.5966178774833679,
            -0.04635467007756233
         ]
      }
   ]
}