{
   "l": [
      {
         "0": [
            0.5849766135215759,
            0.6353836059570312,
            -1.2242391278505238e-7
         ],
         "1": [
            0.5225261449813843,
            0.5859028100967407,
            -0.025384798645973206
         ],
         "2": [
            0.46350938081741333,
            0.4974708557128906,
            -0.0396774485707283
         ],
         "3": [
            0.42193204164505005,
            0.4175513982772827,
            -0.05484694615006447
         ],
         "4": [
            0.39229512214660645,
            0.35515734553337097,
            -0.06940264999866486
         ],
         "5": [
            0.5074816942214966,
            0.3552699387073517,
            -0.020222345367074013
         ],
         "6": [
            0.4986749291419983,
            0.2131502330303192,
            -0.048139046877622604
         ],
         "7": [
            0.49754446744918823,
            0.13261079788208008,
            -0.06681594252586365
         ],
         "8": [
            0.49716484546661377,
            0.05875009298324585,
            -0.08040711283683777
         ],
         "9": [
            0.5500599145889282,
            0.36517199873924255,
            -0.0241352878510952
         ],
         "10": [
            0.561585545539856,
            0.3048071563243866,
            -0.07733813673257828
         ],
         "11": [
            0.5646239519119263,
            0.4103442132472992,
            -0.09198153018951416
         ],
         "12": [
            0.5602067112922668,
            0.48823297023773193,
            -0.08948250859975815
         ],
         "13": [
            0.5908935070037842,
            0.3878847360610962,
            -0.03132545202970505
         ],
         "14": [
            0.5999982953071594,
            0.3395906388759613,
            -0.08106474578380585
         ],
         "15": [
            0.5934826731681824,
            0.4437938928604126,
            -0.07330463826656342
         ],
         "16": [
            0.5829866528511047,
            0.5139932632446289,
            -0.05454004928469658
         ],
         "17": [
            0.6272329688072205,
            0.42226511240005493,
            -0.04040084406733513
         ],
         "18": [
            0.6327725052833557,
            0.38395997881889343,
            -0.07295388728380203
         ],
         "19": [
            0.622732400894165,
            0.45756086707115173,
            -0.06501840800046921
         ],
         "20": [
            0.6139857769012451,
            0.5085275769233704,
            -0.05024348571896553
         ]
      }
   ]
}