{
   "m": [
      {
         "0": [
            0.5065605640411377,
            0.5747291445732117,
            -4.767455550336308e-7
         ],
         "1": [
            0.44455447793006897,
            0.5009344816207886,
            -0.008672211319208145
         ],
         "2": [
            0.42191818356513977,
            0.3768994212150574,
            -0.011966850608587265
         ],
         "3": [
            0.4577433466911316,
            0.30588608980178833,
            -0.019357256591320038
         ],
         "4": [
            0.4960660934448242,
            0.26997649669647217,
            -0.02463468909263611
         ],
         "5": [
            0.4286143183708191,
            0.3053073585033417,
            0.006424046121537685
         ],
         "6": [
            0.4182133376598358,
            0.1904621571302414,
            -0.021570373326539993
         ],
         "7": [
            0.4255378246307373,
            0.26223042607307434,
            -0.03933538869023323
         ],
         "8": [
            0.4319954216480255,
            0.3315591812133789,
            -0.04670576751232147
         ],
         "9": [
            0.47068312764167786,
            0.3011309802532196,
            -0.0034723894204944372
         ],
         "10": [
            0.4642961919307709,
            0.18381381034851074,
            -0.03082340583205223
         ],
         "11": [
            0.46360671520233154,
            0.2720390260219574,
            -0.04193905368447304
         ],
         "12": [
            0.4624164402484894,
            0.3414427936077118,
            -0.04193905368447304
         ],
         "13": [
            0.512405514717102,
            0.32108575105667114,
            -0.017925240099430084
         ],
         "14": [
            0.508061408996582,
            0.20992198586463928,
            -0.04338108375668526
         ],
         "15": [
            0.49965280294418335,
            0.30436578392982483,
            -0.04125809296965599
         ],
         "16": [
            0.49199748039245605,
            0.3728537857532501,
            -0.03304653242230415
         ],
         "17": [
            0.552888035774231,
            0.35968783497810364,
            -0.033627353608608246
         ],
         "18": [
            0.5376615524291992,
            0.3127903938293457,
            -0.04954977333545685
         ],
         "19": [
            0.5253728032112122,
            0.3821423649787903,
            -0.04342114180326462
         ],
         "20": [
            0.5195193886756897,
            0.4303252100944519,
            -0.03512946516275406
         ]
      }
   ]
}