{
   "m-DGS": [
      {
         "0": [
            0.5093525052070618,
            0.4112195372581482,
            -4.406263940381905e-7
         ],
         "1": [
            0.4770931899547577,
            0.40534675121307373,
            -0.03748847916722298
         ],
         "2": [
            0.4533422589302063,
            0.40263473987579346,
            -0.06893948465585709
         ],
         "3": [
            0.4554789662361145,
            0.4330590069293976,
            -0.09477423131465912
         ],
         "4": [
            0.4666033685207367,
            0.4632737636566162,
            -0.11934532970190048
         ],
         "5": [
            0.48789721727371216,
            0.26985305547714233,
            -0.07801908254623413
         ],
         "6": [
            0.48059725761413574,
            0.3958720266819,
            -0.11438431590795517
         ],
         "7": [
            0.4772595167160034,
            0.49361497163772583,
            -0.13497723639011383
         ],
         "8": [
            0.4748848080635071,
            0.5689236521720886,
            -0.14489927887916565
         ],
         "9": [
            0.5335360169410706,
            0.27646249532699585,
            -0.0739004984498024
         ],
         "10": [
            0.5151629447937012,
            0.42572683095932007,
            -0.1109209656715393
         ],
         "11": [
            0.5032974481582642,
            0.5259857773780823,
            -0.12121742218732834
         ],
         "12": [
            0.49531760811805725,
            0.5987569689750671,
            -0.12365112453699112
         ],
         "13": [
            0.5662687420845032,
            0.3095414340496063,
            -0.07034354656934738
         ],
         "14": [
            0.5427443385124207,
            0.45316076278686523,
            -0.10474308580160141
         ],
         "15": [
            0.5243587493896484,
            0.5376114845275879,
            -0.1031518206000328
         ],
         "16": [
            0.5097057223320007,
            0.5961509943008423,
            -0.09542945772409439
         ],
         "17": [
            0.5882977843284607,
            0.35502004623413086,
            -0.06936070322990417
         ],
         "18": [
            0.5651870369911194,
            0.45682305097579956,
            -0.09561668336391449
         ],
         "19": [
            0.5445977449417114,
            0.523276686668396,
            -0.09308935701847076
         ],
         "20": [
            0.529455304145813,
            0.5665116310119629,
            -0.08527340739965439
         ]
      }
   ]
}