{
   "n": [
      {
         "0": [
            0.45036831498146057,
            0.4330415725708008,
            -4.92529636630934e-7
         ],
         "1": [
            0.4029642641544342,
            0.3721877336502075,
            -0.009435351006686687
         ],
         "2": [
            0.38245856761932373,
            0.2770403027534485,
            -0.016638685017824173
         ],
         "3": [
            0.39303427934646606,
            0.21152591705322266,
            -0.026206709444522858
         ],
         "4": [
            0.41724464297294617,
            0.17389565706253052,
            -0.03305885195732117
         ],
         "5": [
            0.4094926118850708,
            0.17952796816825867,
            -0.0026827147230505943
         ],
         "6": [
            0.374146968126297,
            0.12087271362543106,
            -0.03280911222100258
         ],
         "7": [
            0.36328279972076416,
            0.18302825093269348,
            -0.048199113458395004
         ],
         "8": [
            0.3686040937900543,
            0.2294110655784607,
            -0.05250706896185875
         ],
         "9": [
            0.443732887506485,
            0.17720463871955872,
            -0.009825564920902252
         ],
         "10": [
            0.40473729372024536,
            0.12045644968748093,
            -0.03989538177847862
         ],
         "11": [
            0.38725611567497253,
            0.18957392871379852,
            -0.04660704731941223
         ],
         "12": [
            0.38544124364852905,
            0.2459889054298401,
            -0.040956761687994
         ],
         "13": [
            0.474229633808136,
            0.19602546095848083,
            -0.020962245762348175
         ],
         "14": [
            0.4275941848754883,
            0.22893936932086945,
            -0.048199113458395004
         ],
         "15": [
            0.4197157323360443,
            0.30954086780548096,
            -0.04592026770114899
         ],
         "16": [
            0.42442429065704346,
            0.3554406762123108,
            -0.034807004034519196
         ],
         "17": [
            0.4977071285247803,
            0.22931991517543793,
            -0.033527106046676636
         ],
         "18": [
            0.449381560087204,
            0.2702089846134186,
            -0.046170007437467575
         ],
         "19": [
            0.44111648201942444,
            0.33232563734054565,
            -0.040738243609666824
         ],
         "20": [
            0.44631460309028625,
            0.36643338203430176,
            -0.031185826286673546
         ]
      }
   ]
}