{
   "n": [
      {
         "0": [
            0.5090301632881165,
            0.46443694829940796,
            -5.595601137997619e-8
         ],
         "1": [
            0.4862964153289795,
            0.39621710777282715,
            -0.03048490732908249
         ],
         "2": [
            0.49046000838279724,
            0.30488014221191406,
            -0.04051734879612923
         ],
         "3": [
            0.5158841013908386,
            0.24267640709877014,
            -0.046390727162361145
         ],
         "4": [
            0.5370992422103882,
            0.2084496021270752,
            -0.047583289444446564
         ],
         "5": [
            0.476462185382843,
            0.22249695658683777,
            -0.016382843255996704
         ],
         "6": [
            0.5192631483078003,
            0.15693552792072296,
            -0.04481057822704315
         ],
         "7": [
            0.5372700095176697,
            0.2137174755334854,
            -0.062132567167282104
         ],
         "8": [
            0.5343778729438782,
            0.2717762887477875,
            -0.06761836260557175
         ],
         "9": [
            0.5123658180236816,
            0.23957644402980804,
            -0.009376531466841698
         ],
         "10": [
            0.5537905693054199,
            0.1595599353313446,
            -0.041709914803504944
         ],
         "11": [
            0.5592247843742371,
            0.23589465022087097,
            -0.05405294895172119
         ],
         "12": [
            0.5448713302612305,
            0.2972126007080078,
            -0.051727451384067535
         ],
         "13": [
            0.5413480401039124,
            0.2703315317630768,
            -0.006935503333806992
         ],
         "14": [
            0.5694617629051208,
            0.2535140812397003,
            -0.04093474522233009
         ],
         "15": [
            0.5573217868804932,
            0.3349027633666992,
            -0.044393181800842285
         ],
         "16": [
            0.5323309898376465,
            0.38352254033088684,
            -0.03425638750195503
         ],
         "17": [
            0.5604735016822815,
            0.3089514672756195,
            -0.006029899697750807
         ],
         "18": [
            0.5815253853797913,
            0.292558491230011,
            -0.026415282860398293
         ],
         "19": [
            0.5717958807945251,
            0.3422115445137024,
            -0.023508410900831223
         ],
         "20": [
            0.5496363639831543,
            0.37387895584106445,
            -0.014079704880714417
         ]
      }
   ]
}