{
   "n-DGS": [
      {
         "0": [
            0.4196884334087372,
            0.17832349240779877,
            1.6493497412284341e-7
         ],
         "1": [
            0.3760487735271454,
            0.16590195894241333,
            -0.022456694394350052
         ],
         "2": [
            0.35110417008399963,
            0.22060120105743408,
            -0.05511610954999924
         ],
         "3": [
            0.3509652018547058,
            0.3061962425708771,
            -0.0821925699710846
         ],
         "4": [
            0.3576086461544037,
            0.3666881322860718,
            -0.11344286799430847
         ],
         "5": [
            0.3321036696434021,
            0.1688006967306137,
            -0.0986025482416153
         ],
         "6": [
            0.3109808564186096,
            0.29575833678245544,
            -0.12992419302463531
         ],
         "7": [
            0.3010343611240387,
            0.377191960811615,
            -0.14811787009239197
         ],
         "8": [
            0.2974899113178253,
            0.43618541955947876,
            -0.16110314428806305
         ],
         "9": [
            0.3675633370876312,
            0.17410460114479065,
            -0.10117106139659882
         ],
         "10": [
            0.34528449177742004,
            0.3187312185764313,
            -0.13434775173664093
         ],
         "11": [
            0.3266824185848236,
            0.40768852829933167,
            -0.14740438759326935
         ],
         "12": [
            0.31809017062187195,
            0.46637246012687683,
            -0.16010428965091705
         ],
         "13": [
            0.40654629468917847,
            0.2017844170331955,
            -0.09903063625097275
         ],
         "14": [
            0.3875168561935425,
            0.3389202952384949,
            -0.1172242984175682
         ],
         "15": [
            0.3859608471393585,
            0.3544493615627289,
            -0.10431037098169327
         ],
         "16": [
            0.3918972313404083,
            0.3368391692638397,
            -0.09738963842391968
         ],
         "17": [
            0.437852144241333,
            0.24072305858135223,
            -0.09781771898269653
         ],
         "18": [
            0.41847699880599976,
            0.3433150053024292,
            -0.11301478743553162
         ],
         "19": [
            0.41275760531425476,
            0.34913089871406555,
            -0.10245531797409058
         ],
         "20": [
            0.4156179428100586,
            0.3232493996620178,
            -0.09425033628940582
         ]
      }
   ]
}