{
   "o": [
      {
         "0": [
            0.5035338401794434,
            0.49893927574157715,
            -4.724869882011262e-7
         ],
         "1": [
            0.4622078835964203,
            0.4228360056877136,
            -0.005527069792151451
         ],
         "2": [
            0.43152058124542236,
            0.3417503833770752,
            -0.015565692447125912
         ],
         "3": [
            0.40771907567977905,
            0.2810544967651367,
            -0.03023240529000759
         ],
         "4": [
            0.41428548097610474,
            0.2299182116985321,
            -0.04198575019836426
         ],
         "5": [
            0.501903772354126,
            0.24982619285583496,
            0.009822201915085316
         ],
         "6": [
            0.48184242844581604,
            0.16394656896591187,
            -0.016098421066999435
         ],
         "7": [
            0.44592875242233276,
            0.1713503897190094,
            -0.03659186512231827
         ],
         "8": [
            0.4253843128681183,
            0.2038263976573944,
            -0.047912366688251495
         ],
         "9": [
            0.5202083587646484,
            0.25527423620224,
            0.00042764039244502783
         ],
         "10": [
            0.490704208612442,
            0.1566731035709381,
            -0.02493840456008911
         ],
         "11": [
            0.44821712374687195,
            0.1771901547908783,
            -0.04048744961619377
         ],
         "12": [
            0.42888176441192627,
            0.21718545258045197,
            -0.04711327329277992
         ],
         "13": [
            0.5351598858833313,
            0.272232323884964,
            -0.013259971514344215
         ],
         "14": [
            0.5035386681556702,
            0.1827310174703598,
            -0.035326629877090454
         ],
         "15": [
            0.4573538303375244,
            0.19920819997787476,
            -0.04268495738506317
         ],
         "16": [
            0.4337027966976166,
            0.23636877536773682,
            -0.042951326817274094
         ],
         "17": [
            0.5419511795043945,
            0.3019638657569885,
            -0.028168078511953354
         ],
         "18": [
            0.5085909962654114,
            0.23979434370994568,
            -0.04278484731912613
         ],
         "19": [
            0.4717274010181427,
            0.2326650321483612,
            -0.04807884991168976
         ],
         "20": [
            0.44834238290786743,
            0.245235413312912,
            -0.04894453287124634
         ]
      }
   ]
}