{
   "p": [
      {
         "0": [
            0.44627130031585693,
            0.6708332300186157,
            7.89896770214682e-9
         ],
         "1": [
            0.42707160115242004,
            0.6664819121360779,
            -0.010244050063192844
         ],
         "2": [
            0.40343764424324036,
            0.6474549770355225,
            -0.02145441062748432
         ],
         "3": [
            0.3849870264530182,
            0.6252618432044983,
            -0.03186526522040367
         ],
         "4": [
            0.37292784452438354,
            0.6111755967140198,
            -0.043276943266391754
         ],
         "5": [
            0.4252958297729492,
            0.6635021567344666,
            -0.022800344973802567
         ],
         "6": [
            0.40702298283576965,
            0.6284690499305725,
            -0.033222705125808716
         ],
         "7": [
            0.40215596556663513,
            0.6148415803909302,
            -0.04242566600441933
         ],
         "8": [
            0.4030176103115082,
            0.6144940257072449,
            -0.04918984696269035
         ],
         "9": [
            0.4381736218929291,
            0.648428738117218,
            -0.02259327843785286
         ],
         "10": [
            0.42037564516067505,
            0.6132712960243225,
            -0.02951851114630699
         ],
         "11": [
            0.41533419489860535,
            0.6036118865013123,
            -0.03409698233008385
         ],
         "12": [
            0.4155782163143158,
            0.6055294871330261,
            -0.039710789918899536
         ],
         "13": [
            0.4491654634475708,
            0.6370729804039001,
            -0.022409217432141304
         ],
         "14": [
            0.4334276616573334,
            0.6078718304634094,
            -0.029058361425995827
         ],
         "15": [
            0.428362101316452,
            0.6015822291374207,
            -0.029311442747712135
         ],
         "16": [
            0.42908912897109985,
            0.603439450263977,
            -0.030576851218938828
         ],
         "17": [
            0.45646336674690247,
            0.6297609806060791,
            -0.023145455867052078
         ],
         "18": [
            0.44612574577331543,
            0.6108137369155884,
            -0.026895664632320404
         ],
         "19": [
            0.4432423710823059,
            0.6071383953094482,
            -0.02500905841588974
         ],
         "20": [
            0.4447300434112549,
            0.6081510782241821,
            -0.02473296783864498
         ]
      }
   ]
}