{
   "p": [
      {
         "0": [
            0.4977201521396637,
            0.3792564272880554,
            4.879831863036088e-7
         ],
         "1": [
            0.45891663432121277,
            0.3923829197883606,
            -0.07118614763021469
         ],
         "2": [
            0.41902539134025574,
            0.45338568091392517,
            -0.09605983644723892
         ],
         "3": [
            0.3786294460296631,
            0.5162181854248047,
            -0.10233749449253082
         ],
         "4": [
            0.3546220064163208,
            0.579753577709198,
            -0.10352195054292679
         ],
         "5": [
            0.49963894486427307,
            0.5643435120582581,
            -0.09268411993980408
         ],
         "6": [
            0.4957357347011566,
            0.683971107006073,
            -0.11643258482217789
         ],
         "7": [
            0.49212849140167236,
            0.7633599638938904,
            -0.12792186439037323
         ],
         "8": [
            0.49113887548446655,
            0.8223388195037842,
            -0.13348883390426636
         ],
         "9": [
            0.4997914433479309,
            0.5778541564941406,
            -0.057268716394901276
         ],
         "10": [
            0.44592875242233276,
            0.6635999083518982,
            -0.08137251436710358
         ],
         "11": [
            0.4026855528354645,
            0.6305815577507019,
            -0.08498512208461761
         ],
         "12": [
            0.385097473859787,
            0.5827247500419617,
            -0.08261620253324509
         ],
         "13": [
            0.4925563335418701,
            0.5796635150909424,
            -0.025243837386369705
         ],
         "14": [
            0.4394926130771637,
            0.6460418105125427,
            -0.050310008227825165
         ],
         "15": [
            0.40360748767852783,
            0.6095328330993652,
            -0.05673571303486824
         ],
         "16": [
            0.3922789692878723,
            0.5728110074996948,
            -0.05507746711373329
         ],
         "17": [
            0.4841565191745758,
            0.571790337562561,
            0.002372624585404992
         ],
         "18": [
            0.43727365136146545,
            0.6087917685508728,
            -0.019143860787153244
         ],
         "19": [
            0.40891748666763306,
            0.5868609547615051,
            -0.029034115374088287
         ],
         "20": [
            0.4016290605068207,
            0.5579491257667542,
            -0.031447455286979675
         ]
      }
   ]
}