{
   "p": [
      {
         "0": [
            0.6307274103164673,
            0.40904122591018677,
            3.340319381095469e-7
         ],
         "1": [
            0.6213738322257996,
            0.4321092367172241,
            -0.06149590015411377
         ],
         "2": [
            0.5966614484786987,
            0.4915837049484253,
            -0.08231837302446365
         ],
         "3": [
            0.5576030015945435,
            0.5563262701034546,
            -0.0898960679769516
         ],
         "4": [
            0.5323222875595093,
            0.6179831027984619,
            -0.09274579584598541
         ],
         "5": [
            0.6654303669929504,
            0.6113159656524658,
            -0.0612044557929039
         ],
         "6": [
            0.6657620668411255,
            0.7329676747322083,
            -0.08141163736581802
         ],
         "7": [
            0.6665240526199341,
            0.8101246356964111,
            -0.09158000349998474
         ],
         "8": [
            0.6672686338424683,
            0.8744891881942749,
            -0.09734422713518143
         ],
         "9": [
            0.6464143991470337,
            0.6296054124832153,
            -0.03549210727214813
         ],
         "10": [
            0.6041923761367798,
            0.7023583650588989,
            -0.06107491999864578
         ],
         "11": [
            0.5721914768218994,
            0.6617493033409119,
            -0.06696868687868118
         ],
         "12": [
            0.5616722106933594,
            0.6218091249465942,
            -0.06453993916511536
         ],
         "13": [
            0.6272473335266113,
            0.6319233775138855,
            -0.014394381083548069
         ],
         "14": [
            0.5879420042037964,
            0.6822062134742737,
            -0.04180685430765152
         ],
         "15": [
            0.5676575303077698,
            0.634719967842102,
            -0.04523948207497597
         ],
         "16": [
            0.5682729482650757,
            0.5982780456542969,
            -0.039442870765924454
         ],
         "17": [
            0.6123324632644653,
            0.6198300719261169,
            0.0022324244491755962
         ],
         "18": [
            0.5824767351150513,
            0.6539090275764465,
            -0.01930045336484909
         ],
         "19": [
            0.5651098489761353,
            0.6230402588844299,
            -0.02347789891064167
         ],
         "20": [
            0.5661909580230713,
            0.5872322916984558,
            -0.01996430940926075
         ]
      }
   ]
}