{
   "r": [
      {
         "0": [
            0.5215154886245728,
            0.6043096780776978,
            5.145633394931792e-7
         ],
         "1": [
            0.47673407196998596,
            0.5592561960220337,
            -0.014177569188177586
         ],
         "2": [
            0.44549375772476196,
            0.49414536356925964,
            -0.028941914439201355
         ],
         "3": [
            0.42616748809814453,
            0.43303537368774414,
            -0.04718378186225891
         ],
         "4": [
            0.44933411478996277,
            0.41050219535827637,
            -0.06444192677736282
         ],
         "5": [
            0.4837000370025635,
            0.367776095867157,
            -0.014565877616405487
         ],
         "6": [
            0.48540788888931274,
            0.26397526264190674,
            -0.0371050201356411
         ],
         "7": [
            0.48902684450149536,
            0.2001587152481079,
            -0.05243025720119476
         ],
         "8": [
            0.4962347447872162,
            0.1494886577129364,
            -0.06247450038790703
         ],
         "9": [
            0.5080180168151855,
            0.3729122579097748,
            -0.023384790867567062
         ],
         "10": [
            0.511214017868042,
            0.25180673599243164,
            -0.048460882157087326
         ],
         "11": [
            0.5084062814712524,
            0.17747588455677032,
            -0.06406224519014359
         ],
         "12": [
            0.5070114731788635,
            0.11884373426437378,
            -0.07241519540548325
         ],
         "13": [
            0.5297607779502869,
            0.3975439965724945,
            -0.034412749111652374
         ],
         "14": [
            0.5101843476295471,
            0.3107646107673645,
            -0.06416580080986023
         ],
         "15": [
            0.4818652272224426,
            0.35784757137298584,
            -0.06765194237232208
         ],
         "16": [
            0.4653396010398865,
            0.406976580619812,
            -0.06216384842991829
         ],
         "17": [
            0.5427221655845642,
            0.4383348822593689,
            -0.04680410027503967
         ],
         "18": [
            0.5098934769630432,
            0.3943071663379669,
            -0.06747935712337494
         ],
         "19": [
            0.48183321952819824,
            0.42036914825439453,
            -0.06785904616117477
         ],
         "20": [
            0.4657231867313385,
            0.45101839303970337,
            -0.0634409561753273
         ]
      }
   ]
}