{
   "r": [
      {
         "0": [
            0.6221662759780884,
            0.731924295425415,
            4.750021389554604e-7
         ],
         "1": [
            0.5816696882247925,
            0.6890813112258911,
            -0.026509203016757965
         ],
         "2": [
            0.557106614112854,
            0.628498911857605,
            -0.04504571482539177
         ],
         "3": [
            0.5816990733146667,
            0.5764895677566528,
            -0.06428889185190201
         ],
         "4": [
            0.617754340171814,
            0.5480957627296448,
            -0.08240865170955658
         ],
         "5": [
            0.5713592767715454,
            0.489838182926178,
            -0.02424423210322857
         ],
         "6": [
            0.5740777850151062,
            0.38908424973487854,
            -0.04928573966026306
         ],
         "7": [
            0.5795428156852722,
            0.32319188117980957,
            -0.06805779784917831
         ],
         "8": [
            0.5868712663650513,
            0.2616294026374817,
            -0.08190130442380905
         ],
         "9": [
            0.6015607118606567,
            0.48375529050827026,
            -0.029354004189372063
         ],
         "10": [
            0.5893747210502625,
            0.3692103624343872,
            -0.05544644966721535
         ],
         "11": [
            0.5814699530601501,
            0.3000894784927368,
            -0.07302261888980865
         ],
         "12": [
            0.5765007138252258,
            0.2310694456100464,
            -0.08414814621210098
         ],
         "13": [
            0.6323248147964478,
            0.5085968375205994,
            -0.03790653124451637
         ],
         "14": [
            0.6394166350364685,
            0.4232213497161865,
            -0.07479836046695709
         ],
         "15": [
            0.6288541555404663,
            0.49278438091278076,
            -0.08240865170955658
         ],
         "16": [
            0.6185218691825867,
            0.5504059791564941,
            -0.07878470420837402
         ],
         "17": [
            0.6634666919708252,
            0.5560693740844727,
            -0.04848846420645714
         ],
         "18": [
            0.6602974534034729,
            0.5128694772720337,
            -0.08023427426815033
         ],
         "19": [
            0.6437705159187317,
            0.5557759404182434,
            -0.08494541794061661
         ],
         "20": [
            0.629298746585846,
            0.5950417518615723,
            -0.08219121396541595
         ]
      }
   ]
}