{
   "s": [
      {
         "0": [
            0.5313057899475098,
            0.5005184412002563,
            -3.6160591321277025e-7
         ],
         "1": [
            0.4938778281211853,
            0.43122172355651855,
            -0.005675061605870724
         ],
         "2": [
            0.47474363446235657,
            0.35065799951553345,
            -0.011396693997085094
         ],
         "3": [
            0.4743202328681946,
            0.29213544726371765,
            -0.02057126723229885
         ],
         "4": [
            0.5010435581207275,
            0.2838922441005707,
            -0.026625553146004677
         ],
         "5": [
            0.5218570232391357,
            0.27380481362342834,
            0.011117265559732914
         ],
         "6": [
            0.4955945312976837,
            0.22513851523399353,
            -0.006463449448347092
         ],
         "7": [
            0.4861215054988861,
            0.2836707830429077,
            -0.01611371524631977
         ],
         "8": [
            0.49788063764572144,
            0.3069465458393097,
            -0.021609144285321236
         ],
         "9": [
            0.5425668954849243,
            0.27950286865234375,
            0.0037057551089674234
         ],
         "10": [
            0.5126606822013855,
            0.2275627851486206,
            -0.016166938468813896
         ],
         "11": [
            0.49716827273368835,
            0.2925930917263031,
            -0.017643919214606285
         ],
         "12": [
            0.510482907295227,
            0.3152749836444855,
            -0.013179714791476727
         ],
         "13": [
            0.558798611164093,
            0.2991536855697632,
            -0.007890530861914158
         ],
         "14": [
            0.5257471203804016,
            0.24687881767749786,
            -0.02759689837694168
         ],
         "15": [
            0.5088530778884888,
            0.30538055300712585,
            -0.02071763388812542
         ],
         "16": [
            0.5229429602622986,
            0.3278411626815796,
            -0.010565062053501606
         ],
         "17": [
            0.5688838958740234,
            0.3290863037109375,
            -0.02085069566965103
         ],
         "18": [
            0.5311282873153687,
            0.2924109101295471,
            -0.032387103885412216
         ],
         "19": [
            0.518390417098999,
            0.33130568265914917,
            -0.027729960158467293
         ],
         "20": [
            0.5320247411727905,
            0.35462915897369385,
            -0.02093053050339222
         ]
      }
   ]
}