{
   "s": [
      {
         "0": [
            0.584234356880188,
            0.5479023456573486,
            -2.586891127975832e-7
         ],
         "1": [
            0.5708768367767334,
            0.5017820596694946,
            -0.03470178693532944
         ],
         "2": [
            0.5791260004043579,
            0.41966769099235535,
            -0.04066344350576401
         ],
         "3": [
            0.6136645674705505,
            0.3655155897140503,
            -0.039967916905879974
         ],
         "4": [
            0.6395138502120972,
            0.3452816307544708,
            -0.03184515982866287
         ],
         "5": [
            0.5387172102928162,
            0.3370406925678253,
            -0.007209873758256435
         ],
         "6": [
            0.5785792469978333,
            0.2755119800567627,
            -0.024070175364613533
         ],
         "7": [
            0.5819097757339478,
            0.33935126662254333,
            -0.03204388543963432
         ],
         "8": [
            0.5700995326042175,
            0.3706776797771454,
            -0.03435402363538742
         ],
         "9": [
            0.5661329627037048,
            0.33319205045700073,
            0.00685590086504817
         ],
         "10": [
            0.6005294919013977,
            0.27346134185791016,
            -0.010898646898567677
         ],
         "11": [
            0.6008965969085693,
            0.34399139881134033,
            -0.013985044322907925
         ],
         "12": [
            0.5863828063011169,
            0.3658313751220703,
            -0.010141020640730858
         ],
         "13": [
            0.5918458700180054,
            0.33898061513900757,
            0.014928972348570824
         ],
         "14": [
            0.619103193283081,
            0.29681140184402466,
            -0.003322379430755973
         ],
         "15": [
            0.6168929934501648,
            0.35972973704338074,
            -0.0010681294370442629
         ],
         "16": [
            0.6003125309944153,
            0.3747676610946655,
            0.00598028302192688
         ],
         "17": [
            0.6123082637786865,
            0.3535832166671753,
            0.02012057788670063
         ],
         "18": [
            0.6335425972938538,
            0.32506176829338074,
            0.008023391477763653
         ],
         "19": [
            0.6301115155220032,
            0.3685295581817627,
            0.009066679514944553
         ],
         "20": [
            0.6151117086410522,
            0.38387081027030945,
            0.013438559137284756
         ]
      }
   ]
}