{
   "t": [
      {
         "0": [
            0.4340032637119293,
            0.48063522577285767,
            -5.44766919574613e-7
         ],
         "1": [
            0.3945797383785248,
            0.416797012090683,
            -0.007661616429686546
         ],
         "2": [
            0.3808750510215759,
            0.32644644379615784,
            -0.014073668979108334
         ],
         "3": [
            0.3940562307834625,
            0.25697147846221924,
            -0.02370602637529373
         ],
         "4": [
            0.41361963748931885,
            0.2006809562444687,
            -0.0310748890042305
         ],
         "5": [
            0.40456441044807434,
            0.2574061155319214,
            -0.001163880224339664
         ],
         "6": [
            0.39023277163505554,
            0.18787021934986115,
            -0.029361199587583542
         ],
         "7": [
            0.38431549072265625,
            0.2297043800354004,
            -0.04586973041296005
         ],
         "8": [
            0.38287195563316345,
            0.2833716571331024,
            -0.05086798965930939
         ],
         "9": [
            0.43488365411758423,
            0.260794460773468,
            -0.006558428984135389
         ],
         "10": [
            0.41807109117507935,
            0.2600339651107788,
            -0.037529781460762024
         ],
         "11": [
            0.41187891364097595,
            0.335548460483551,
            -0.046041104942560196
         ],
         "12": [
            0.40987643599510193,
            0.3905032277107239,
            -0.04327063634991646
         ],
         "13": [
            0.46279075741767883,
            0.27974358201026917,
            -0.015737375244498253
         ],
         "14": [
            0.44240695238113403,
            0.30216270685195923,
            -0.0419282503426075
         ],
         "15": [
            0.435159295797348,
            0.3726048767566681,
            -0.03770114853978157
         ],
         "16": [
            0.43277689814567566,
            0.41811081767082214,
            -0.02629084140062332
         ],
         "17": [
            0.4890698790550232,
            0.30776408314704895,
            -0.02609091065824032
         ],
         "18": [
            0.46947982907295227,
            0.3113257586956024,
            -0.03758690506219864
         ],
         "19": [
            0.462178498506546,
            0.35475149750709534,
            -0.0303322896361351
         ],
         "20": [
            0.46250632405281067,
            0.38177505135536194,
            -0.019521770998835564
         ]
      }
   ]
}