{
   "v": [
      {
         "0": [
            0.4553486406803131,
            0.6483682990074158,
            4.754150495500653e-7
         ],
         "1": [
            0.4349568486213684,
            0.6038910150527954,
            -0.028207141906023026
         ],
         "2": [
            0.429692804813385,
            0.5499489903450012,
            -0.04435774311423302
         ],
         "3": [
            0.46032944321632385,
            0.5148704051971436,
            -0.05934782698750496
         ],
         "4": [
            0.4893234968185425,
            0.49127840995788574,
            -0.07233922928571701
         ],
         "5": [
            0.4280628561973572,
            0.42876917123794556,
            -0.0263212937861681
         ],
         "6": [
            0.4097045063972473,
            0.3380979299545288,
            -0.04793602228164673
         ],
         "7": [
            0.40011101961135864,
            0.2778560221195221,
            -0.061443209648132324
         ],
         "8": [
            0.3934939503669739,
            0.2245752066373825,
            -0.06988923996686935
         ],
         "9": [
            0.4596059322357178,
            0.42497745156288147,
            -0.02730451337993145
         ],
         "10": [
            0.4631974697113037,
            0.31823116540908813,
            -0.04822615161538124
         ],
         "11": [
            0.46861010789871216,
            0.2555922269821167,
            -0.05957348272204399
         ],
         "12": [
            0.47456005215644836,
            0.19771414995193481,
            -0.06440898776054382
         ],
         "13": [
            0.4853249192237854,
            0.4537591338157654,
            -0.03176930174231529
         ],
         "14": [
            0.49600890278816223,
            0.41465210914611816,
            -0.060443878173828125
         ],
         "15": [
            0.48500266671180725,
            0.4724840223789215,
            -0.06299057602882385
         ],
         "16": [
            0.47672179341316223,
            0.5098846554756165,
            -0.05628533288836479
         ],
         "17": [
            0.505903959274292,
            0.4993491470813751,
            -0.03868408128619194
         ],
         "18": [
            0.5126094818115234,
            0.4815237522125244,
            -0.05928334966301918
         ],
         "19": [
            0.49851343035697937,
            0.5209959149360657,
            -0.05699453875422478
         ],
         "20": [
            0.4875223934650421,
            0.5479587316513062,
            -0.05016035586595535
         ]
      }
   ]
}