{
   "x": [
      {
         "0": [
            0.43222421407699585,
            0.4266658425331116,
            -2.3883936250967963e-7
         ],
         "1": [
            0.383686363697052,
            0.36547863483428955,
            -0.009471055120229721
         ],
         "2": [
            0.35589927434921265,
            0.30776071548461914,
            -0.026269512251019478
         ],
         "3": [
            0.3371235132217407,
            0.26414433121681213,
            -0.044993359595537186
         ],
         "4": [
            0.3427368402481079,
            0.2607136368751526,
            -0.06189315393567085
         ],
         "5": [
            0.4104669392108917,
            0.1921384632587433,
            -0.01775725558400154
         ],
         "6": [
            0.3984373211860657,
            0.11176168918609619,
            -0.043714962899684906
         ],
         "7": [
            0.3713790476322174,
            0.08581575751304626,
            -0.05743435025215149
         ],
         "8": [
            0.3477209806442261,
            0.08620268106460571,
            -0.064917653799057
         ],
         "9": [
            0.4314925968647003,
            0.21194471418857574,
            -0.026456594467163086
         ],
         "10": [
            0.3699505031108856,
            0.20201867818832397,
            -0.0493898019194603
         ],
         "11": [
            0.366020530462265,
            0.2570647895336151,
            -0.047051265835762024
         ],
         "12": [
            0.3811620771884918,
            0.2728540897369385,
            -0.04265483096241951
         ],
         "13": [
            0.44171079993247986,
            0.24818266928195953,
            -0.03847665339708328
         ],
         "14": [
            0.37647029757499695,
            0.2685726583003998,
            -0.05522054061293602
         ],
         "15": [
            0.37992361187934875,
            0.3102807402610779,
            -0.041189346462488174
         ],
         "16": [
            0.39744338393211365,
            0.31220701336860657,
            -0.030650364235043526
         ],
         "17": [
            0.44316011667251587,
            0.2939479649066925,
            -0.05291318893432617
         ],
         "18": [
            0.39023900032043457,
            0.31593120098114014,
            -0.06092656031250954
         ],
         "19": [
            0.39186105132102966,
            0.34746044874191284,
            -0.0511670857667923
         ],
         "20": [
            0.4071367084980011,
            0.3516834080219269,
            -0.04309135675430298
         ]
      }
   ]
}