{
   "x": [
      {
         "0": [
            0.4424455165863037,
            0.454364538192749,
            -2.1489826451670524e-7
         ],
         "1": [
            0.4167545735836029,
            0.4206058979034424,
            -0.016490783542394638
         ],
         "2": [
            0.3998701870441437,
            0.3676876425743103,
            -0.03062969073653221
         ],
         "3": [
            0.41554856300354004,
            0.33355847001075745,
            -0.04562634229660034
         ],
         "4": [
            0.44184598326683044,
            0.31651344895362854,
            -0.05887984484434128
         ],
         "5": [
            0.4221119284629822,
            0.2452382892370224,
            -0.016366273164749146
         ],
         "6": [
            0.4268719553947449,
            0.16697028279304504,
            -0.04103327542543411
         ],
         "7": [
            0.42479851841926575,
            0.13756802678108215,
            -0.056361958384513855
         ],
         "8": [
            0.421016663312912,
            0.13434575498104095,
            -0.06424765288829803
         ],
         "9": [
            0.45182445645332336,
            0.25499263405799866,
            -0.019534384831786156
         ],
         "10": [
            0.44924572110176086,
            0.2621069848537445,
            -0.04759085178375244
         ],
         "11": [
            0.4371264576911926,
            0.3192608952522278,
            -0.05456346273422241
         ],
         "12": [
            0.4328714609146118,
            0.34007689356803894,
            -0.0535397082567215
         ],
         "13": [
            0.4777553379535675,
            0.28246009349823,
            -0.026036623865365982
         ],
         "14": [
            0.47062554955482483,
            0.30419254302978516,
            -0.05068979039788246
         ],
         "15": [
            0.45567238330841064,
            0.35420969128608704,
            -0.044962286949157715
         ],
         "16": [
            0.45241695642471313,
            0.36045223474502563,
            -0.035444118082523346
         ],
         "17": [
            0.5011134743690491,
            0.3168846666812897,
            -0.03464171290397644
         ],
         "18": [
            0.4932072162628174,
            0.3287270665168762,
            -0.04800589010119438
         ],
         "19": [
            0.47826826572418213,
            0.3667377233505249,
            -0.04075658321380615
         ],
         "20": [
            0.47396478056907654,
            0.3725375533103943,
            -0.031376760452985764
         ]
      }
   ]
}