{
   "x": [
      {
         "0": [
            0.4371875822544098,
            0.45314913988113403,
            -2.267744179107467e-7
         ],
         "1": [
            0.4016806483268738,
            0.4101789593696594,
            -0.015394254587590694
         ],
         "2": [
            0.3775356709957123,
            0.36515361070632935,
            -0.03492913395166397
         ],
         "3": [
            0.36397990584373474,
            0.32879042625427246,
            -0.05663784593343735
         ],
         "4": [
            0.3780152201652527,
            0.32366907596588135,
            -0.07636497169733047
         ],
         "5": [
            0.415168821811676,
            0.23393557965755463,
            -0.021324221044778824
         ],
         "6": [
            0.41622668504714966,
            0.1482762098312378,
            -0.05110715329647064
         ],
         "7": [
            0.3941168487071991,
            0.1227380782365799,
            -0.06524442881345749
         ],
         "8": [
            0.3730163276195526,
            0.1342984288930893,
            -0.07080470025539398
         ],
         "9": [
            0.4457116723060608,
            0.24677708745002747,
            -0.026381701231002808
         ],
         "10": [
            0.4040661156177521,
            0.25476473569869995,
            -0.05326618626713753
         ],
         "11": [
            0.3968713879585266,
            0.31640687584877014,
            -0.05326618626713753
         ],
         "12": [
            0.4081580936908722,
            0.33190470933914185,
            -0.0475284643471241
         ],
         "13": [
            0.4689745604991913,
            0.28224343061447144,
            -0.03522489219903946
         ],
         "14": [
            0.4179028272628784,
            0.3222314119338989,
            -0.05643081292510033
         ],
         "15": [
            0.4153122305870056,
            0.36954933404922485,
            -0.04374275356531143
         ],
         "16": [
            0.4282507002353668,
            0.37105488777160645,
            -0.030818084254860878
         ],
         "17": [
            0.484607458114624,
            0.3266160190105438,
            -0.04678906872868538
         ],
         "18": [
            0.43913304805755615,
            0.358812153339386,
            -0.05681529641151428
         ],
         "19": [
            0.4346752166748047,
            0.392403781414032,
            -0.04622712731361389
         ],
         "20": [
            0.4465871751308441,
            0.39345216751098633,
            -0.035047437995672226
         ]
      }
   ]
}