{
   "y": [
      {
         "0": [
            0.4059954583644867,
            0.4214182496070862,
            -4.250700840202626e-7
         ],
         "1": [
            0.368727445602417,
            0.36689746379852295,
            -0.019116653129458427
         ],
         "2": [
            0.34179598093032837,
            0.2884093225002289,
            -0.029433107003569603
         ],
         "3": [
            0.3230298161506653,
            0.22182849049568176,
            -0.039006300270557404
         ],
         "4": [
            0.30253133177757263,
            0.17367273569107056,
            -0.044714540243148804
         ],
         "5": [
            0.38471895456314087,
            0.20981471240520477,
            -0.01758553832769394
         ],
         "6": [
            0.4060584306716919,
            0.21285773813724518,
            -0.036865707486867905
         ],
         "7": [
            0.40282750129699707,
            0.272543340921402,
            -0.043644241988658905
         ],
         "8": [
            0.395361989736557,
            0.31825417280197144,
            -0.04409020021557808
         ],
         "9": [
            0.4163956046104431,
            0.2179815173149109,
            -0.016009826213121414
         ],
         "10": [
            0.4324741065502167,
            0.2375010848045349,
            -0.03903602808713913
         ],
         "11": [
            0.4182654321193695,
            0.30607640743255615,
            -0.04462534561753273
         ],
         "12": [
            0.4059567153453827,
            0.34757834672927856,
            -0.044179391115903854
         ],
         "13": [
            0.4436160922050476,
            0.24003690481185913,
            -0.017377424985170364
         ],
         "14": [
            0.45917534828186035,
            0.2494327276945114,
            -0.04563618078827858
         ],
         "15": [
            0.4413098990917206,
            0.3094033896923065,
            -0.04747946187853813
         ],
         "16": [
            0.4256054759025574,
            0.34642699360847473,
            -0.04111715406179428
         ],
         "17": [
            0.4663470983505249,
            0.26934051513671875,
            -0.019295036792755127
         ],
         "18": [
            0.49391111731529236,
            0.22119221091270447,
            -0.03749004378914833
         ],
         "19": [
            0.5134767293930054,
            0.19433845579624176,
            -0.04034416750073433
         ],
         "20": [
            0.5299192667007446,
            0.16509325802326202,
            -0.03808465600013733
         ]
      }
   ]
}