{
   "y": [
      {
         "0": [
            0.43332991003990173,
            0.4527604579925537,
            -3.343255627896724e-7
         ],
         "1": [
            0.402127742767334,
            0.3993035852909088,
            -0.027266858145594597
         ],
         "2": [
            0.3750782608985901,
            0.3255358934402466,
            -0.042795006185770035
         ],
         "3": [
            0.3517358899116516,
            0.2617194652557373,
            -0.05612926930189133
         ],
         "4": [
            0.32628268003463745,
            0.21938934922218323,
            -0.0651327520608902
         ],
         "5": [
            0.4173399806022644,
            0.25093382596969604,
            -0.02655455656349659
         ],
         "6": [
            0.45340949296951294,
            0.24815592169761658,
            -0.04931968078017235
         ],
         "7": [
            0.4507862329483032,
            0.3101692199707031,
            -0.058522600680589676
         ],
         "8": [
            0.4409869611263275,
            0.35623687505722046,
            -0.05943434312939644
         ],
         "9": [
            0.447257936000824,
            0.2632208466529846,
            -0.02061397396028042
         ],
         "10": [
            0.4781324863433838,
            0.26654157042503357,
            -0.047980550676584244
         ],
         "11": [
            0.466377854347229,
            0.33624351024627686,
            -0.05527450889348984
         ],
         "12": [
            0.4528496563434601,
            0.381817102432251,
            -0.053678955882787704
         ],
         "13": [
            0.4718623459339142,
            0.2804437279701233,
            -0.01790723204612732
         ],
         "14": [
            0.49818333983421326,
            0.284919410943985,
            -0.046869367361068726
         ],
         "15": [
            0.48329341411590576,
            0.3450970947742462,
            -0.049034763127565384
         ],
         "16": [
            0.46736660599708557,
            0.38437557220458984,
            -0.04080056771636009
         ],
         "17": [
            0.4921683371067047,
            0.30082398653030396,
            -0.016311679035425186
         ],
         "18": [
            0.5178400278091431,
            0.2477664053440094,
            -0.03156915679574013
         ],
         "19": [
            0.5370028018951416,
            0.21949800848960876,
            -0.03233843669295311
         ],
         "20": [
            0.552782416343689,
            0.19275398552417755,
            -0.027736976742744446
         ]
      }
   ]
}