{
   "a": [
      {
         "0": [
            0.8402007818222046,
            0.622275173664093,
            -4.0662098399479873e-7
         ],
         "1": [
            0.799360454082489,
            0.6198208332061768,
            -0.028445139527320862
         ],
         "2": [
            0.7568170428276062,
            0.5427478551864624,
            -0.036738183349370956
         ],
         "3": [
            0.7343894243240356,
            0.4573734402656555,
            -0.04381491243839264
         ],
         "4": [
            0.7163613438606262,
            0.39888009428977966,
            -0.04503122717142105
         ],
         "5": [
            0.7541036605834961,
            0.45222342014312744,
            0.00003131487756036222
         ],
         "6": [
            0.7573091387748718,
            0.38290107250213623,
            -0.027090609073638916
         ],
         "7": [
            0.771570086479187,
            0.4474012553691864,
            -0.03593652322888374
         ],
         "8": [
            0.7722031474113464,
            0.47591322660446167,
            -0.03640646114945412
         ],
         "9": [
            0.7810266613960266,
            0.4403197765350342,
            0.004146521911025047
         ],
         "10": [
            0.7864599227905273,
            0.3778002858161926,
            -0.023579886183142662
         ],
         "11": [
            0.79678875207901,
            0.4684412479400635,
            -0.024008359760046005
         ],
         "12": [
            0.7864853739738464,
            0.47512561082839966,
            -0.015480348840355873
         ],
         "13": [
            0.8069875836372375,
            0.43360790610313416,
            0.0007861113990657032
         ],
         "14": [
            0.8147497177124023,
            0.38289088010787964,
            -0.029523232951760292
         ],
         "15": [
            0.8202847242355347,
            0.467022567987442,
            -0.02012445218861103
         ],
         "16": [
            0.8093122243881226,
            0.47822999954223633,
            -0.0052280728705227375
         ],
         "17": [
            0.8327953219413757,
            0.42924267053604126,
            -0.005387022625654936
         ],
         "18": [
            0.8395180106163025,
            0.39036068320274353,
            -0.022142427042126656
         ],
         "19": [
            0.8421720266342163,
            0.4484962224960327,
            -0.014733973890542984
         ],
         "20": [
            0.8344714045524597,
            0.4668810963630676,
            -0.004087779670953751
         ]
      }
   ]
}