{
   "a": [
      {
         "0": [
            0.24353179335594177,
            0.7337459325790405,
            0
         ],
         "1": [
            0.27502673864364624,
            0.752953290939331,
            -0.0362141914665699
         ],
         "2": [
            0.3112366497516632,
            0.6891558170318604,
            -0.05046599730849266
         ],
         "3": [
            0.2996026873588562,
            0.6250270009040833,
            -0.05821312591433525
         ],
         "4": [
            0.2654520273208618,
            0.6029087901115417,
            -0.06267138570547104
         ],
         "5": [
            0.3033224642276764,
            0.6197419762611389,
            -0.03681715577840805
         ],
         "6": [
            0.3043705224990845,
            0.5800198316574097,
            -0.05824967101216316
         ],
         "7": [
            0.29476433992385864,
            0.6345520615577698,
            -0.06289064884185791
         ],
         "8": [
            0.2916427552700043,
            0.6414874792098999,
            -0.0634387880563736
         ],
         "9": [
            0.27456262707710266,
            0.6073073148727417,
            -0.024940652772784233
         ],
         "10": [
            0.2782984673976898,
            0.5728231072425842,
            -0.049552418291568756
         ],
         "11": [
            0.2700738310813904,
            0.6497876048088074,
            -0.04662897437810898
         ],
         "12": [
            0.2707979083061218,
            0.6396971344947815,
            -0.03939343988895416
         ],
         "13": [
            0.24907749891281128,
            0.6047417521476746,
            -0.01763203740119934
         ],
         "14": [
            0.24835346639156342,
            0.5768789052963257,
            -0.03990504518151283
         ],
         "15": [
            0.2470872700214386,
            0.6539119482040405,
            -0.03175593912601471
         ],
         "16": [
            0.25059774518013,
            0.6543173789978027,
            -0.02143251709640026
         ],
         "17": [
            0.2233005166053772,
            0.5999770164489746,
            -0.013657975941896439
         ],
         "18": [
            0.2223062366247177,
            0.5885646343231201,
            -0.026347560808062553
         ],
         "19": [
            0.22331249713897705,
            0.64070063829422,
            -0.024136705324053764
         ],
         "20": [
            0.2275831401348114,
            0.6431218981742859,
            -0.018563883379101753
         ]
      }
   ]
}