{
   "a": [
      {
         "0": [
            0.5034768581390381,
            0.5380839109420776,
            0
         ],
         "1": [
            0.47267475724220276,
            0.5545440316200256,
            -0.04345247149467468
         ],
         "2": [
            0.44346216320991516,
            0.49035316705703735,
            -0.06118108332157135
         ],
         "3": [
            0.44030383229255676,
            0.4315284490585327,
            -0.07172554731369019
         ],
         "4": [
            0.45926138758659363,
            0.417045921087265,
            -0.07798270136117935
         ],
         "5": [
            0.43589985370635986,
            0.4322551488876343,
            -0.036770448088645935
         ],
         "6": [
            0.43421345949172974,
            0.4024907052516937,
            -0.0584387443959713
         ],
         "7": [
            0.4489426612854004,
            0.44648459553718567,
            -0.06473452597856522
         ],
         "8": [
            0.45656976103782654,
            0.4568815529346466,
            -0.06635675579309464
         ],
         "9": [
            0.4585114121437073,
            0.40900203585624695,
            -0.021108245477080345
         ],
         "10": [
            0.45990192890167236,
            0.3770068287849426,
            -0.0450746975839138
         ],
         "11": [
            0.4681137204170227,
            0.4428503215312958,
            -0.046696923673152924
         ],
         "12": [
            0.46450790762901306,
            0.43830230832099915,
            -0.042679984122514725
         ],
         "13": [
            0.4839310050010681,
            0.39151400327682495,
            -0.01086311787366867
         ],
         "14": [
            0.4883243143558502,
            0.36126208305358887,
            -0.034221235662698746
         ],
         "15": [
            0.49248701333999634,
            0.43220028281211853,
            -0.031845834106206894
         ],
         "16": [
            0.48552143573760986,
            0.44385796785354614,
            -0.024854814633727074
         ],
         "17": [
            0.5105904340744019,
            0.37635350227355957,
            -0.004234201740473509
         ],
         "18": [
            0.5110874176025391,
            0.36612603068351746,
            -0.016965776681900024
         ],
         "19": [
            0.5128791928291321,
            0.41602352261543274,
            -0.017216835170984268
         ],
         "20": [
            0.506483793258667,
            0.4236237108707428,
            -0.013354393653571606
         ]
      }
   ]
}