{
   "c": [
      {
         "0": [
            0.35532936453819275,
            0.7345573902130127,
            0
         ],
         "1": [
            0.41342100501060486,
            0.74909907579422,
            -0.009911510162055492
         ],
         "2": [
            0.46921616792678833,
            0.7250145673751831,
            -0.010787194594740868
         ],
         "3": [
            0.5141263008117676,
            0.7019131779670715,
            -0.015057126991450787
         ],
         "4": [
            0.5441936254501343,
            0.6684523820877075,
            -0.018645107746124268
         ],
         "5": [
            0.4474073350429535,
            0.5811802744865417,
            0.03961504250764847
         ],
         "6": [
            0.4778078496456146,
            0.5185858607292175,
            0.03716622665524483
         ],
         "7": [
            0.5065241456031799,
            0.4922123849391937,
            0.0262085422873497
         ],
         "8": [
            0.5312411785125732,
            0.48067307472229004,
            0.018242137506604195
         ],
         "9": [
            0.4306814968585968,
            0.5567626953125,
            0.03515137732028961
         ],
         "10": [
            0.4674835503101349,
            0.4896310865879059,
            0.03304353356361389
         ],
         "11": [
            0.4988664984703064,
            0.46865350008010864,
            0.015963807702064514
         ],
         "12": [
            0.5255175232887268,
            0.471916139125824,
            0.003754595061764121
         ],
         "13": [
            0.41249942779541016,
            0.5399584770202637,
            0.02512362413108349
         ],
         "14": [
            0.4478617310523987,
            0.4755302965641022,
            0.021248914301395416
         ],
         "15": [
            0.4769625663757324,
            0.456307053565979,
            0.005622205324470997
         ],
         "16": [
            0.5014196634292603,
            0.4605499505996704,
            -0.00516111496835947
         ],
         "17": [
            0.3926160931587219,
            0.5261662006378174,
            0.012321580201387405
         ],
         "18": [
            0.42231085896492004,
            0.46976396441459656,
            0.007826915942132473
         ],
         "19": [
            0.4496559500694275,
            0.452243447303772,
            -0.0011004179250448942
         ],
         "20": [
            0.47451698780059814,
            0.4541339874267578,
            -0.007803667802363634
         ]
      }
   ]
}