{
   "e": [
      {
         "0": [
            0.3866884708404541,
            0.8304708003997803,
            0
         ],
         "1": [
            0.44260454177856445,
            0.7940770387649536,
            -0.014847374521195889
         ],
         "2": [
            0.48775506019592285,
            0.6919378042221069,
            -0.020632540807127953
         ],
         "3": [
            0.49686264991760254,
            0.5838529467582703,
            -0.029676439240574837
         ],
         "4": [
            0.4631180763244629,
            0.5398535132408142,
            -0.0354066826403141
         ],
         "5": [
            0.4555351734161377,
            0.5930449962615967,
            0.011762562207877636
         ],
         "6": [
            0.4610060751438141,
            0.48099324107170105,
            -0.004272510297596455
         ],
         "7": [
            0.4735870361328125,
            0.5086622834205627,
            -0.012220249511301517
         ],
         "8": [
            0.47163230180740356,
            0.5522994995117188,
            -0.014783298596739769
         ],
         "9": [
            0.42675670981407166,
            0.5803044438362122,
            0.0056661684066057205
         ],
         "10": [
            0.42703601717948914,
            0.4617833197116852,
            -0.010563421994447708
         ],
         "11": [
            0.4461456835269928,
            0.5169380903244019,
            -0.017318883910775185
         ],
         "12": [
            0.44545435905456543,
            0.5750592350959778,
            -0.017630113288760185
         ],
         "13": [
            0.3952467143535614,
            0.5811514258384705,
            -0.006329814437776804
         ],
         "14": [
            0.39645951986312866,
            0.4667738080024719,
            -0.019753780215978622
         ],
         "15": [
            0.42010489106178284,
            0.5170299410820007,
            -0.017529422417283058
         ],
         "16": [
            0.4201763868331909,
            0.5850563645362854,
            -0.012851857580244541
         ],
         "17": [
            0.36009031534194946,
            0.5921013355255127,
            -0.021968988701701164
         ],
         "18": [
            0.37158331274986267,
            0.5014380812644958,
            -0.02799215167760849
         ],
         "19": [
            0.39058661460876465,
            0.5292571187019348,
            -0.02449542097747326
         ],
         "20": [
            0.3903978168964386,
            0.584162712097168,
            -0.019351016730070114
         ]
      }
   ]
}