{
   "e": [
      {
         "0": [
            0.49515315890312195,
            0.851872444152832,
            0
         ],
         "1": [
            0.5447342395782471,
            0.8176001310348511,
            -0.016307547688484192
         ],
         "2": [
            0.5841836333274841,
            0.7333600521087646,
            -0.019994687288999557
         ],
         "3": [
            0.5913283228874207,
            0.6359801292419434,
            -0.025240816175937653
         ],
         "4": [
            0.5665896534919739,
            0.5867229104042053,
            -0.026527605950832367
         ],
         "5": [
            0.570091962814331,
            0.6418816447257996,
            0.008603325113654137
         ],
         "6": [
            0.577136754989624,
            0.5484809279441833,
            -0.005015169270336628
         ],
         "7": [
            0.5775191187858582,
            0.6089057922363281,
            -0.0075433747842907906
         ],
         "8": [
            0.5696557760238647,
            0.6518992781639099,
            -0.006161729339510202
         ],
         "9": [
            0.5441402196884155,
            0.6278089880943298,
            0.006310204043984413
         ],
         "10": [
            0.5486181378364563,
            0.5311579704284668,
            -0.008545584045350552
         ],
         "11": [
            0.5543834567070007,
            0.609603226184845,
            -0.008916772902011871
         ],
         "12": [
            0.5496560335159302,
            0.6548356413841248,
            -0.0038438630290329456
         ],
         "13": [
            0.5166528820991516,
            0.6266147494316101,
            -0.001778611564077437
         ],
         "14": [
            0.5214810967445374,
            0.5354796051979065,
            -0.01607658714056015
         ],
         "15": [
            0.5323655605316162,
            0.6098834872245789,
            -0.009906608611345291
         ],
         "16": [
            0.5276521444320679,
            0.6666702032089233,
            -0.0010047866962850094
         ],
         "17": [
            0.48602429032325745,
            0.6343169808387756,
            -0.013206061907112598
         ],
         "18": [
            0.49986129999160767,
            0.5637909173965454,
            -0.019565759226679802
         ],
         "19": [
            0.508918046951294,
            0.6069152355194092,
            -0.01478155143558979
         ],
         "20": [
            0.5038577914237976,
            0.6510999202728271,
            -0.007357781287282705
         ]
      }
   ]
}