{
   "f": [
      {
         "0": [
            0.3504604399204254,
            0.9655452966690063,
            0
         ],
         "1": [
            0.4230334758758545,
            0.9257385730743408,
            -0.00006825050513725728
         ],
         "2": [
            0.48813337087631226,
            0.8558857440948486,
            -0.0033742969390004873
         ],
         "3": [
            0.5452972650527954,
            0.8033008575439453,
            -0.013346239924430847
         ],
         "4": [
            0.5771434903144836,
            0.7248927354812622,
            -0.020805545151233673
         ],
         "5": [
            0.43152162432670593,
            0.6589953303337097,
            0.03542225435376167
         ],
         "6": [
            0.4884830713272095,
            0.5968881845474243,
            0.018956441432237625
         ],
         "7": [
            0.5298067331314087,
            0.6473758816719055,
            0.009333563037216663
         ],
         "8": [
            0.551419198513031,
            0.7082185745239258,
            0.005028425715863705
         ],
         "9": [
            0.41822075843811035,
            0.6238618493080139,
            0.014214186929166317
         ],
         "10": [
            0.4478689134120941,
            0.4819565415382385,
            0.0063177659176290035
         ],
         "11": [
            0.485561341047287,
            0.4006129205226898,
            -0.003993809223175049
         ],
         "12": [
            0.5134826898574829,
            0.334579199552536,
            -0.014578974805772305
         ],
         "13": [
            0.39909812808036804,
            0.6197222471237183,
            -0.01428966037929058
         ],
         "14": [
            0.41389867663383484,
            0.46477654576301575,
            -0.02237790822982788
         ],
         "15": [
            0.435398131608963,
            0.36502063274383545,
            -0.024528907611966133
         ],
         "16": [
            0.45564576983451843,
            0.2823089063167572,
            -0.02908247523009777
         ],
         "17": [
            0.38039302825927734,
            0.6416079998016357,
            -0.046617500483989716
         ],
         "18": [
            0.3795807957649231,
            0.5110496282577515,
            -0.05675611272454262
         ],
         "19": [
            0.3832795023918152,
            0.4214552342891693,
            -0.05801400542259216
         ],
         "20": [
            0.3897574841976166,
            0.3403855264186859,
            -0.05972474068403244
         ]
      }
   ]
}