{
   "k": [
      {
         "0": [
            0.41427111625671387,
            1.0363222360610962,
            0
         ],
         "1": [
            0.46591728925704956,
            0.9294635057449341,
            0.027569517493247986
         ],
         "2": [
            0.48610928654670715,
            0.7905148863792419,
            0.029317714273929596
         ],
         "3": [
            0.48591044545173645,
            0.687144935131073,
            0.017907191067934036
         ],
         "4": [
            0.4845125675201416,
            0.5859470963478088,
            0.01012890413403511
         ],
         "5": [
            0.43682318925857544,
            0.6669018268585205,
            0.0489494763314724
         ],
         "6": [
            0.46574655175209045,
            0.5512394905090332,
            0.033853571861982346
         ],
         "7": [
            0.4863586127758026,
            0.46773970127105713,
            0.018048938363790512
         ],
         "8": [
            0.5071721076965332,
            0.39460107684135437,
            0.005132371559739113
         ],
         "9": [
            0.4108133614063263,
            0.6662247776985168,
            0.018403301015496254
         ],
         "10": [
            0.49581673741340637,
            0.6097321510314941,
            -0.004659886006265879
         ],
         "11": [
            0.5645038485527039,
            0.6183676719665527,
            -0.020860226824879646
         ],
         "12": [
            0.6150325536727905,
            0.6240518093109131,
            -0.029577579349279404
         ],
         "13": [
            0.38535237312316895,
            0.6851909756660461,
            -0.013761134818196297
         ],
         "14": [
            0.48173195123672485,
            0.6985155940055847,
            -0.03484579175710678
         ],
         "15": [
            0.47780841588974,
            0.824830949306488,
            -0.031680136919021606
         ],
         "16": [
            0.4555319845676422,
            0.9080870747566223,
            -0.02475822903215885
         ],
         "17": [
            0.3649393618106842,
            0.7161935567855835,
            -0.0471067875623703
         ],
         "18": [
            0.4444899260997772,
            0.7200856804847717,
            -0.05962764471769333
         ],
         "19": [
            0.4553436040878296,
            0.8068705797195435,
            -0.054524801671504974
         ],
         "20": [
            0.4409523010253906,
            0.8636239171028137,
            -0.0471067875623703
         ]
      }
   ]
}