{
   "l": [
      {
         "0": [
            0.42114555835723877,
            0.9073257446289062,
            0
         ],
         "1": [
            0.45412325859069824,
            0.8815098404884338,
            0.0008728668908588588
         ],
         "2": [
            0.48162466287612915,
            0.8412763476371765,
            -0.00391915300861001
         ],
         "3": [
            0.5075863003730774,
            0.8233832120895386,
            -0.012400282546877861
         ],
         "4": [
            0.5316692590713501,
            0.8282869458198547,
            -0.019813494756817818
         ],
         "5": [
            0.45560842752456665,
            0.7706579566001892,
            0.005655814427882433
         ],
         "6": [
            0.4607069492340088,
            0.7055594325065613,
            -0.005072607193142176
         ],
         "7": [
            0.462791383266449,
            0.6678639650344849,
            -0.013115683570504189
         ],
         "8": [
            0.4645344316959381,
            0.6340060234069824,
            -0.018507109954953194
         ],
         "9": [
            0.4385124444961548,
            0.7729317545890808,
            -0.003540715901181102
         ],
         "10": [
            0.45280998945236206,
            0.7446520328521729,
            -0.01693115569651127
         ],
         "11": [
            0.4528861343860626,
            0.7969740629196167,
            -0.01703483611345291
         ],
         "12": [
            0.4480472505092621,
            0.8275752067565918,
            -0.012929055839776993
         ],
         "13": [
            0.4227866232395172,
            0.7824059128761292,
            -0.014847160317003727
         ],
         "14": [
            0.4389096200466156,
            0.767260730266571,
            -0.026272838935256004
         ],
         "15": [
            0.44045913219451904,
            0.815007209777832,
            -0.01979275792837143
         ],
         "16": [
            0.43419045209884644,
            0.835943341255188,
            -0.012348441407084465
         ],
         "17": [
            0.40705376863479614,
            0.7955334186553955,
            -0.02770364098250866
         ],
         "18": [
            0.4228142201900482,
            0.7764461040496826,
            -0.0330328568816185
         ],
         "19": [
            0.4272536039352417,
            0.8111155033111572,
            -0.027786586433649063
         ],
         "20": [
            0.4222261309623718,
            0.8310277462005615,
            -0.021752335131168365
         ]
      }
   ]
}