{
   "m-DGS": [
      {
         "0": [
            0.38182148337364197,
            0.43533799052238464,
            0
         ],
         "1": [
            0.42734837532043457,
            0.44864708185195923,
            -0.01579497568309307
         ],
         "2": [
            0.4538125991821289,
            0.5113300681114197,
            -0.040770966559648514
         ],
         "3": [
            0.4503219723701477,
            0.5893713235855103,
            -0.059354476630687714
         ],
         "4": [
            0.44391879439353943,
            0.6445404887199402,
            -0.07799839228391647
         ],
         "5": [
            0.44984668493270874,
            0.4671984016895294,
            -0.09640069305896759
         ],
         "6": [
            0.46076256036758423,
            0.5912482142448425,
            -0.1269235461950302
         ],
         "7": [
            0.4640679359436035,
            0.6682842373847961,
            -0.1377958059310913
         ],
         "8": [
            0.4670712351799011,
            0.7278405427932739,
            -0.14335274696350098
         ],
         "9": [
            0.4124755561351776,
            0.46382004022598267,
            -0.10050799697637558
         ],
         "10": [
            0.43058156967163086,
            0.6034427881240845,
            -0.14182256162166595
         ],
         "11": [
            0.4402279853820801,
            0.6899077296257019,
            -0.15100359916687012
         ],
         "12": [
            0.446058988571167,
            0.7476329207420349,
            -0.1549498289823532
         ],
         "13": [
            0.37981945276260376,
            0.48034346103668213,
            -0.09897781908512115
         ],
         "14": [
            0.4002363681793213,
            0.6116069555282593,
            -0.12893693149089813
         ],
         "15": [
            0.4162196218967438,
            0.6818175315856934,
            -0.1275678426027298
         ],
         "16": [
            0.42941799759864807,
            0.7227699756622314,
            -0.12563499808311462
         ],
         "17": [
            0.35559898614883423,
            0.5021010041236877,
            -0.09615908563137054
         ],
         "18": [
            0.3768535256385803,
            0.5961881875991821,
            -0.11065543442964554
         ],
         "19": [
            0.39492958784103394,
            0.6326646208763123,
            -0.10743401944637299
         ],
         "20": [
            0.40838831663131714,
            0.6478113532066345,
            -0.1063065305352211
         ]
      }
   ]
}