{
   "n": [
      {
         "0": [
            0.34446799755096436,
            0.7772754430770874,
            0
         ],
         "1": [
            0.41820991039276123,
            0.7946858406066895,
            -0.04539524391293526
         ],
         "2": [
            0.4772188663482666,
            0.709052324295044,
            -0.07805142551660538
         ],
         "3": [
            0.47720909118652344,
            0.5953861474990845,
            -0.10435778647661209
         ],
         "4": [
            0.4425099790096283,
            0.4967079162597656,
            -0.12321002036333084
         ],
         "5": [
            0.4766348600387573,
            0.46285033226013184,
            -0.05994853749871254
         ],
         "6": [
            0.5407879948616028,
            0.5242608189582825,
            -0.10909056663513184
         ],
         "7": [
            0.5441336631774902,
            0.6459484100341797,
            -0.12486649304628372
         ],
         "8": [
            0.5247822999954224,
            0.7311500310897827,
            -0.1299148052930832
         ],
         "9": [
            0.4210008680820465,
            0.41834574937820435,
            -0.062472689896821976
         ],
         "10": [
            0.4928256571292877,
            0.45888543128967285,
            -0.12108027935028076
         ],
         "11": [
            0.4909653067588806,
            0.6197584867477417,
            -0.12163243442773819
         ],
         "12": [
            0.471121609210968,
            0.6905147433280945,
            -0.1119302362203598
         ],
         "13": [
            0.3652012050151825,
            0.4320068359375,
            -0.0720171332359314
         ],
         "14": [
            0.4153299629688263,
            0.5531219840049744,
            -0.11910828202962875
         ],
         "15": [
            0.4042733311653137,
            0.6917376518249512,
            -0.10711857676506042
         ],
         "16": [
            0.3819129467010498,
            0.706498384475708,
            -0.0892917737364769
         ],
         "17": [
            0.3072353005409241,
            0.4790583848953247,
            -0.08763530105352402
         ],
         "18": [
            0.35842886567115784,
            0.6053224802017212,
            -0.11540094017982483
         ],
         "19": [
            0.35429373383522034,
            0.7038193941116333,
            -0.11295566707849503
         ],
         "20": [
            0.3342973589897156,
            0.7047629356384277,
            -0.10372675210237503
         ]
      }
   ]
}