{
   "n-DGS": [
      {
         "0": [
            0.5200642943382263,
            0.38571417331695557,
            0
         ],
         "1": [
            0.572435736656189,
            0.40154504776000977,
            -0.018711065873503685
         ],
         "2": [
            0.5988173484802246,
            0.4743267297744751,
            -0.05735774338245392
         ],
         "3": [
            0.581049919128418,
            0.5873059630393982,
            -0.09140012413263321
         ],
         "4": [
            0.55783611536026,
            0.6562096476554871,
            -0.12402202934026718
         ],
         "5": [
            0.6128800511360168,
            0.41604822874069214,
            -0.11314806342124939
         ],
         "6": [
            0.6220784783363342,
            0.5733237266540527,
            -0.1536070704460144
         ],
         "7": [
            0.6240448951721191,
            0.6654026508331299,
            -0.17045681178569794
         ],
         "8": [
            0.6288180947303772,
            0.7393931150436401,
            -0.17937152087688446
         ],
         "9": [
            0.5662428140640259,
            0.4144212305545807,
            -0.12206275761127472
         ],
         "10": [
            0.5924631357192993,
            0.5975211262702942,
            -0.16418714821338654
         ],
         "11": [
            0.6082240343093872,
            0.6799575686454773,
            -0.16663624346256256
         ],
         "12": [
            0.6212201714515686,
            0.7379477024078369,
            -0.16712605953216553
         ],
         "13": [
            0.5250282883644104,
            0.43170350790023804,
            -0.12598130106925964
         ],
         "14": [
            0.5531714558601379,
            0.5995540618896484,
            -0.1452801674604416
         ],
         "15": [
            0.5611085295677185,
            0.5783051252365112,
            -0.11863403022289276
         ],
         "16": [
            0.5658482909202576,
            0.5318776965141296,
            -0.10276391357183456
         ],
         "17": [
            0.49619540572166443,
            0.46177512407302856,
            -0.13146726787090302
         ],
         "18": [
            0.521975576877594,
            0.5771687626838684,
            -0.1340143382549286
         ],
         "19": [
            0.5311622023582458,
            0.5659717917442322,
            -0.11050303280353546
         ],
         "20": [
            0.5362711548805237,
            0.534223735332489,
            -0.09590645134449005
         ]
      }
   ]
}