{
   "p": [
      {
         "0": [
            0.2748030126094818,
            0.8814775943756104,
            0
         ],
         "1": [
            0.3083394169807434,
            0.8359378576278687,
            -0.02437710016965866
         ],
         "2": [
            0.33962610363960266,
            0.7729954123497009,
            -0.05756478011608124
         ],
         "3": [
            0.3423340320587158,
            0.7244197130203247,
            -0.08970773220062256
         ],
         "4": [
            0.32492756843566895,
            0.6885427236557007,
            -0.11763692647218704
         ],
         "5": [
            0.2927805483341217,
            0.601332426071167,
            -0.06271879374980927
         ],
         "6": [
            0.31139618158340454,
            0.5039202570915222,
            -0.10586626082658768
         ],
         "7": [
            0.3217725157737732,
            0.4286003112792969,
            -0.13518843054771423
         ],
         "8": [
            0.329855740070343,
            0.3606204092502594,
            -0.15406328439712524
         ],
         "9": [
            0.23659181594848633,
            0.6110049486160278,
            -0.069962278008461
         ],
         "10": [
            0.2992543876171112,
            0.6763932108879089,
            -0.10725924372673035
         ],
         "11": [
            0.31968551874160767,
            0.7592252492904663,
            -0.10788608342409134
         ],
         "12": [
            0.3179674446582794,
            0.7842639684677124,
            -0.10684134811162949
         ],
         "13": [
            0.19995126128196716,
            0.667500376701355,
            -0.07995688915252686
         ],
         "14": [
            0.26657986640930176,
            0.7624181509017944,
            -0.10976659506559372
         ],
         "15": [
            0.2929914593696594,
            0.8224119544029236,
            -0.10203558206558228
         ],
         "16": [
            0.29750001430511475,
            0.8405606150627136,
            -0.09604577720165253
         ],
         "17": [
            0.17559656500816345,
            0.7395252585411072,
            -0.09402596205472946
         ],
         "18": [
            0.22706292569637299,
            0.8066288232803345,
            -0.10879151523113251
         ],
         "19": [
            0.25990787148475647,
            0.840968132019043,
            -0.10475189238786697
         ],
         "20": [
            0.2745961844921112,
            0.8519073724746704,
            -0.10140874236822128
         ]
      }
   ]
}