{
   "p": [
      {
         "0": [
            0.2281009554862976,
            0.891326367855072,
            0
         ],
         "1": [
            0.30232498049736023,
            0.7393201589584351,
            0.016127150505781174
         ],
         "2": [
            0.337802529335022,
            0.6168145537376404,
            -0.009476909413933754
         ],
         "3": [
            0.3519226908683777,
            0.5233100652694702,
            -0.04199621453881264
         ],
         "4": [
            0.36354124546051025,
            0.44613468647003174,
            -0.07096955925226212
         ],
         "5": [
            0.2922191917896271,
            0.4839438498020172,
            -0.058754317462444305
         ],
         "6": [
            0.3654715418815613,
            0.3982182443141937,
            -0.10721148550510406
         ],
         "7": [
            0.41224387288093567,
            0.3190966844558716,
            -0.1402229368686676
         ],
         "8": [
            0.45237278938293457,
            0.24281391501426697,
            -0.16303817927837372
         ],
         "9": [
            0.23983457684516907,
            0.5166063904762268,
            -0.09363338351249695
         ],
         "10": [
            0.35193318128585815,
            0.5834025144577026,
            -0.14012198150157928
         ],
         "11": [
            0.4046437442302704,
            0.6290867924690247,
            -0.14516960084438324
         ],
         "12": [
            0.43661218881607056,
            0.6501421928405762,
            -0.15041913092136383
         ],
         "13": [
            0.20493534207344055,
            0.6042540073394775,
            -0.12508006393909454
         ],
         "14": [
            0.30845117568969727,
            0.6918307542800903,
            -0.15738484263420105
         ],
         "15": [
            0.3361211121082306,
            0.744509220123291,
            -0.14032387733459473
         ],
         "16": [
            0.3413948118686676,
            0.7731432318687439,
            -0.13133911788463593
         ],
         "17": [
            0.1837605983018875,
            0.7052217125892639,
            -0.1576876938343048
         ],
         "18": [
            0.2644420266151428,
            0.7738794088363647,
            -0.17575818300247192
         ],
         "19": [
            0.30137741565704346,
            0.802138090133667,
            -0.16303817927837372
         ],
         "20": [
            0.3181501626968384,
            0.8130892515182495,
            -0.1550629436969757
         ]
      }
   ]
}