{
   "q": [
      {
         "0": [
            0.2885437309741974,
            0.6492326259613037,
            0
         ],
         "1": [
            0.3559986352920532,
            0.6276355385780334,
            0.002431862521916628
         ],
         "2": [
            0.4232899844646454,
            0.6389933824539185,
            -0.015767423436045647
         ],
         "3": [
            0.4779210686683655,
            0.6892884969711304,
            -0.03578399121761322
         ],
         "4": [
            0.5181856155395508,
            0.7389315366744995,
            -0.052975937724113464
         ],
         "5": [
            0.42997515201568604,
            0.5083836317062378,
            -0.03763993829488754
         ],
         "6": [
            0.4890039563179016,
            0.6131626963615417,
            -0.0616370290517807
         ],
         "7": [
            0.5161840915679932,
            0.6794384717941284,
            -0.0694189965724945
         ],
         "8": [
            0.5420176982879639,
            0.7272291779518127,
            -0.07306577265262604
         ],
         "9": [
            0.4050743281841278,
            0.5328754186630249,
            -0.05629710853099823
         ],
         "10": [
            0.46330803632736206,
            0.6657426357269287,
            -0.07658230513334274
         ],
         "11": [
            0.4374321699142456,
            0.6810683012008667,
            -0.0629068911075592
         ],
         "12": [
            0.4226533770561218,
            0.652633786201477,
            -0.0533992238342762
         ],
         "13": [
            0.37746575474739075,
            0.5790720582008362,
            -0.07514964044094086
         ],
         "14": [
            0.43304523825645447,
            0.7058398723602295,
            -0.09019259363412857
         ],
         "15": [
            0.408155232667923,
            0.7059318423271179,
            -0.0656094178557396
         ],
         "16": [
            0.39333298802375793,
            0.668287456035614,
            -0.05001293122768402
         ],
         "17": [
            0.3496983051300049,
            0.6334092617034912,
            -0.09527203440666199
         ],
         "18": [
            0.39879754185676575,
            0.7286965250968933,
            -0.10517042130231857
         ],
         "19": [
            0.3824451267719269,
            0.7261461615562439,
            -0.08823896199464798
         ],
         "20": [
            0.3659071624279022,
            0.6953877210617065,
            -0.07554036378860474
         ]
      }
   ]
}