{
   "sch": [
      {
         "0": [
            0.35455164313316345,
            0.78670334815979,
            0
         ],
         "1": [
            0.3896256983280182,
            0.7714548110961914,
            -0.012486105784773827
         ],
         "2": [
            0.42321696877479553,
            0.7408292889595032,
            -0.019414633512496948
         ],
         "3": [
            0.45075252652168274,
            0.7160911560058594,
            -0.027000973001122475
         ],
         "4": [
            0.4744585454463959,
            0.7026386857032776,
            -0.03514060750603676
         ],
         "5": [
            0.40257593989372253,
            0.6367334723472595,
            -0.005545281805098057
         ],
         "6": [
            0.42551061511039734,
            0.5767361521720886,
            -0.015012837015092373
         ],
         "7": [
            0.4383791387081146,
            0.5384898781776428,
            -0.02247621864080429
         ],
         "8": [
            0.44915971159935,
            0.5059419274330139,
            -0.02832888811826706
         ],
         "9": [
            0.38054969906806946,
            0.6201083064079285,
            -0.010500378906726837
         ],
         "10": [
            0.3904196321964264,
            0.543351948261261,
            -0.01743505336344242
         ],
         "11": [
            0.3960648477077484,
            0.4951968193054199,
            -0.023890206590294838
         ],
         "12": [
            0.40129491686820984,
            0.45602384209632874,
            -0.030050262808799744
         ],
         "13": [
            0.35851117968559265,
            0.6249412894248962,
            -0.018590833991765976
         ],
         "14": [
            0.359017014503479,
            0.5542410612106323,
            -0.029730578884482384
         ],
         "15": [
            0.3624885082244873,
            0.5063368082046509,
            -0.039173539727926254
         ],
         "16": [
            0.36786895990371704,
            0.46476009488105774,
            -0.045960672199726105
         ],
         "17": [
            0.3375605642795563,
            0.6465510129928589,
            -0.028599388897418976
         ],
         "18": [
            0.32406628131866455,
            0.6000718474388123,
            -0.04013259336352348
         ],
         "19": [
            0.31700626015663147,
            0.5687837600708008,
            -0.04738695174455643
         ],
         "20": [
            0.3134079575538635,
            0.5381371378898621,
            -0.05257566273212433
         ]
      }
   ]
}