{
   "u": [
      {
         "0": [
            0.3402004837989807,
            0.9199663996696472,
            0
         ],
         "1": [
            0.37234315276145935,
            0.8852404356002808,
            -0.011831334792077541
         ],
         "2": [
            0.3862106204032898,
            0.8210260272026062,
            -0.016613909974694252
         ],
         "3": [
            0.36701950430870056,
            0.7620879411697388,
            -0.022747617214918137
         ],
         "4": [
            0.34311574697494507,
            0.7237938046455383,
            -0.027923379093408585
         ],
         "5": [
            0.3871835768222809,
            0.730012059211731,
            0.0010982409585267305
         ],
         "6": [
            0.39166024327278137,
            0.6541255712509155,
            -0.0076278154738247395
         ],
         "7": [
            0.39221519231796265,
            0.605889081954956,
            -0.012703494168817997
         ],
         "8": [
            0.39112961292266846,
            0.5645891427993774,
            -0.016285063698887825
         ],
         "9": [
            0.3630339205265045,
            0.7243716716766357,
            -0.003149065189063549
         ],
         "10": [
            0.3721220791339874,
            0.6344844698905945,
            -0.010966324247419834
         ],
         "11": [
            0.3801597058773041,
            0.583524763584137,
            -0.015827536582946777
         ],
         "12": [
            0.38449516892433167,
            0.5416714549064636,
            -0.019158899784088135
         ],
         "13": [
            0.3413666784763336,
            0.7396267056465149,
            -0.010923432186245918
         ],
         "14": [
            0.3427589535713196,
            0.6812026500701904,
            -0.021904055029153824
         ],
         "15": [
            0.3513946235179901,
            0.7294991612434387,
            -0.018744265660643578
         ],
         "16": [
            0.35473817586898804,
            0.7692939639091492,
            -0.013446972705423832
         ],
         "17": [
            0.3210262954235077,
            0.7679544687271118,
            -0.021632397547364235
         ],
         "18": [
            0.32628265023231506,
            0.732825756072998,
            -0.031197549775242805
         ],
         "19": [
            0.33657604455947876,
            0.7689287662506104,
            -0.02965339832007885
         ],
         "20": [
            0.3419552743434906,
            0.8023654222488403,
            -0.025406988337635994
         ]
      }
   ]
}