{
   "u": [
      {
         "0": [
            0.6638044714927673,
            0.8595190048217773,
            0
         ],
         "1": [
            0.7028235197067261,
            0.8319474458694458,
            -0.01046808622777462
         ],
         "2": [
            0.7211211919784546,
            0.7624748349189758,
            -0.014195636846125126
         ],
         "3": [
            0.708160400390625,
            0.6943868398666382,
            -0.020037434995174408
         ],
         "4": [
            0.6891788244247437,
            0.6500153541564941,
            -0.025267794728279114
         ],
         "5": [
            0.7176405191421509,
            0.6678056120872498,
            0.004228488076478243
         ],
         "6": [
            0.7210379838943481,
            0.5877269506454468,
            -0.004582089837640524
         ],
         "7": [
            0.7210062146186829,
            0.5387760400772095,
            -0.00951041467487812
         ],
         "8": [
            0.7184950113296509,
            0.49654853343963623,
            -0.01285489834845066
         ],
         "9": [
            0.6929881572723389,
            0.6603561043739319,
            -0.0013886236120015383
         ],
         "10": [
            0.7002409100532532,
            0.5650858283042908,
            -0.008781110867857933
         ],
         "11": [
            0.7081645727157593,
            0.5119448304176331,
            -0.013819936662912369
         ],
         "12": [
            0.7102745175361633,
            0.47079846262931824,
            -0.017385419458150864
         ],
         "13": [
            0.6717097163200378,
            0.6726001501083374,
            -0.01087325531989336
         ],
         "14": [
            0.6754697561264038,
            0.5998222827911377,
            -0.023249316960573196
         ],
         "15": [
            0.6865311861038208,
            0.6494438648223877,
            -0.02165810950100422
         ],
         "16": [
            0.6885096430778503,
            0.6900257468223572,
            -0.01731175370514393
         ],
         "17": [
            0.652549684047699,
            0.6973311305046082,
            -0.023101983591914177
         ],
         "18": [
            0.6677672266960144,
            0.6618479490280151,
            -0.03394576907157898
         ],
         "19": [
            0.6795805096626282,
            0.7071356177330017,
            -0.032855499535799026
         ],
         "20": [
            0.6823785305023193,
            0.7481096386909485,
            -0.028803808614611626
         ]
      }
   ]
}