{
   "a": [
      {
         "0": [
            0.4895731508731842,
            0.8315736055374146,
            0
         ],
         "1": [
            0.5911893844604492,
            0.7124060392379761,
            -0.043056465685367584
         ],
         "2": [
            0.6586665511131287,
            0.4962174892425537,
            -0.06883759051561356
         ],
         "3": [
            0.6173440217971802,
            0.3628932535648346,
            -0.09936615079641342
         ],
         "4": [
            0.514072060585022,
            0.4178507924079895,
            -0.12099327892065048
         ],
         "5": [
            0.5620778203010559,
            0.2963331937789917,
            -0.008332712575793266
         ],
         "6": [
            0.5633375644683838,
            0.15617907047271729,
            -0.055485475808382034
         ],
         "7": [
            0.5722939372062683,
            0.3107883334159851,
            -0.0712113082408905
         ],
         "8": [
            0.5615116357803345,
            0.41167882084846497,
            -0.07411250472068787
         ],
         "9": [
            0.4870016872882843,
            0.3034123480319977,
            -0.0182973500341177
         ],
         "10": [
            0.48295944929122925,
            0.1588520109653473,
            -0.0684419795870781
         ],
         "11": [
            0.5064496994018555,
            0.3439877927303314,
            -0.07035413384437561
         ],
         "12": [
            0.5028671622276306,
            0.41430947184562683,
            -0.05884823203086853
         ],
         "13": [
            0.4169536232948303,
            0.33932238817214966,
            -0.041572894901037216
         ],
         "14": [
            0.40249115228652954,
            0.1814379096031189,
            -0.08387109637260437
         ],
         "15": [
            0.4403660297393799,
            0.3377450704574585,
            -0.06326597183942795
         ],
         "16": [
            0.4447745680809021,
            0.4383434057235718,
            -0.03886950761079788
         ],
         "17": [
            0.34196048974990845,
            0.394863098859787,
            -0.07299158722162247
         ],
         "18": [
            0.3218408226966858,
            0.22619260847568512,
            -0.08716791123151779
         ],
         "19": [
            0.3565223217010498,
            0.2908945083618164,
            -0.06949695944786072
         ],
         "20": [
            0.3725544810295105,
            0.3597118556499481,
            -0.04988088086247444
         ]
      }
   ]
}