{
   "a": [
      {
         "0": [
            0.22199314832687378,
            0.8108402490615845,
            0
         ],
         "1": [
            0.25465112924575806,
            0.7397006154060364,
            0.0069777872413396835
         ],
         "2": [
            0.2631679177284241,
            0.6462620496749878,
            0.0035500512458384037
         ],
         "3": [
            0.2632695734500885,
            0.5806849598884583,
            -0.005524567328393459
         ],
         "4": [
            0.25828567147254944,
            0.5238265991210938,
            -0.01204512920230627
         ],
         "5": [
            0.2093948870897293,
            0.5743133425712585,
            0.012848914600908756
         ],
         "6": [
            0.24987606704235077,
            0.5539382696151733,
            -0.00210848031565547
         ],
         "7": [
            0.26186230778694153,
            0.6136597394943237,
            -0.008474692702293396
         ],
         "8": [
            0.25708240270614624,
            0.6643625497817993,
            -0.01093264389783144
         ],
         "9": [
            0.19010162353515625,
            0.5857913494110107,
            -0.0018507445929571986
         ],
         "10": [
            0.24117888510227203,
            0.5654038786888123,
            -0.019547125324606895
         ],
         "11": [
            0.254256933927536,
            0.6440324783325195,
            -0.02029266580939293
         ],
         "12": [
            0.24633833765983582,
            0.6898337602615356,
            -0.017741519957780838
         ],
         "13": [
            0.1735042929649353,
            0.6078264117240906,
            -0.018696743994951248
         ],
         "14": [
            0.22791431844234467,
            0.58379065990448,
            -0.03501707687973976
         ],
         "15": [
            0.23886190354824066,
            0.6603515148162842,
            -0.025721127167344093
         ],
         "16": [
            0.22732949256896973,
            0.7044634819030762,
            -0.016762997955083847
         ],
         "17": [
            0.15871566534042358,
            0.6412178874015808,
            -0.03655475378036499
         ],
         "18": [
            0.20251159369945526,
            0.6054611206054688,
            -0.04620017483830452
         ],
         "19": [
            0.21648602187633514,
            0.6540699005126953,
            -0.038302116096019745
         ],
         "20": [
            0.2093234807252884,
            0.6903918385505676,
            -0.029821597039699554
         ]
      }
   ]
}