{
   "b": [
      {
         "0": [
            0.14622241258621216,
            0.7474820017814636,
            0
         ],
         "1": [
            0.2020099014043808,
            0.7070903778076172,
            -0.017275428399443626
         ],
         "2": [
            0.2323538064956665,
            0.6254728436470032,
            -0.01803683489561081
         ],
         "3": [
            0.24299046397209167,
            0.5432997345924377,
            -0.01857827790081501
         ],
         "4": [
            0.2616470754146576,
            0.4867301285266876,
            -0.019136641174554825
         ],
         "5": [
            0.2088753581047058,
            0.5167003273963928,
            0.011387231759727001
         ],
         "6": [
            0.21454189717769623,
            0.42656761407852173,
            0.0067468928173184395
         ],
         "7": [
            0.21296164393424988,
            0.3752508759498596,
            0.0013113082386553288
         ],
         "8": [
            0.2093491554260254,
            0.32675737142562866,
            -0.0023709298111498356
         ],
         "9": [
            0.17734511196613312,
            0.5010356903076172,
            0.011234951205551624
         ],
         "10": [
            0.18209366500377655,
            0.4085519313812256,
            0.011852534487843513
         ],
         "11": [
            0.18290062248706818,
            0.3482357859611511,
            0.003921234980225563
         ],
         "12": [
            0.18171446025371552,
            0.29816681146621704,
            -0.003635707776993513
         ],
         "13": [
            0.1472751498222351,
            0.5067105889320374,
            0.0061081587336957455
         ],
         "14": [
            0.1509375125169754,
            0.4183260202407837,
            0.0001692010700935498
         ],
         "15": [
            0.15526892244815826,
            0.36340266466140747,
            -0.011877914890646935
         ],
         "16": [
            0.15677422285079956,
            0.31571879982948303,
            -0.020337967202067375
         ],
         "17": [
            0.11671555787324905,
            0.5281863212585449,
            -0.0016624003183096647
         ],
         "18": [
            0.11857425421476364,
            0.4580281376838684,
            -0.010524306446313858
         ],
         "19": [
            0.12243854254484177,
            0.41358113288879395,
            -0.019085878506302834
         ],
         "20": [
            0.12470398843288422,
            0.36946770548820496,
            -0.024398794397711754
         ]
      }
   ]
}