{
   "b": [
      {
         "0": [
            0.18687188625335693,
            0.6423639059066772,
            0
         ],
         "1": [
            0.22169315814971924,
            0.6373119354248047,
            -0.04318302497267723
         ],
         "2": [
            0.24319441616535187,
            0.59348464012146,
            -0.060883600264787674
         ],
         "3": [
            0.24260985851287842,
            0.5353983044624329,
            -0.07392780482769012
         ],
         "4": [
            0.24377724528312683,
            0.4818671941757202,
            -0.08662119507789612
         ],
         "5": [
            0.23684051632881165,
            0.44030454754829407,
            -0.02824118733406067
         ],
         "6": [
            0.22922974824905396,
            0.3606523871421814,
            -0.0448414571583271
         ],
         "7": [
            0.2256641834974289,
            0.3100668787956238,
            -0.05772620067000389
         ],
         "8": [
            0.22103074193000793,
            0.26056259870529175,
            -0.06589078903198242
         ],
         "9": [
            0.2125091254711151,
            0.41425663232803345,
            -0.01945468597114086
         ],
         "10": [
            0.20910556614398956,
            0.31857073307037354,
            -0.03047369234263897
         ],
         "11": [
            0.2087915539741516,
            0.2573406994342804,
            -0.04267273470759392
         ],
         "12": [
            0.20970985293388367,
            0.19977448880672455,
            -0.052559543401002884
         ],
         "13": [
            0.19040289521217346,
            0.4124163091182709,
            -0.016727840527892113
         ],
         "14": [
            0.1891143023967743,
            0.3208659291267395,
            -0.030776675790548325
         ],
         "15": [
            0.19033141434192657,
            0.26429328322410583,
            -0.04567067325115204
         ],
         "16": [
            0.19294805824756622,
            0.21260662376880646,
            -0.055844515562057495
         ],
         "17": [
            0.1665007472038269,
            0.4282604157924652,
            -0.01860952377319336
         ],
         "18": [
            0.16588184237480164,
            0.35384005308151245,
            -0.03171751648187637
         ],
         "19": [
            0.1667744666337967,
            0.3087368607521057,
            -0.04267273470759392
         ],
         "20": [
            0.16909517347812653,
            0.26565563678741455,
            -0.05035892874002457
         ]
      }
   ]
}