{
   "d": [
      {
         "0": [
            0.25103968381881714,
            0.7990856170654297,
            0
         ],
         "1": [
            0.21375831961631775,
            0.7223575115203857,
            0.02718680538237095
         ],
         "2": [
            0.21084652841091156,
            0.6426340937614441,
            0.03500434011220932
         ],
         "3": [
            0.23164327442646027,
            0.5859383940696716,
            0.04019578918814659
         ],
         "4": [
            0.2519386410713196,
            0.5617294907569885,
            0.04629802331328392
         ],
         "5": [
            0.21322941780090332,
            0.591441810131073,
            -0.0009193192818202078
         ],
         "6": [
            0.21769939363002777,
            0.48854708671569824,
            -0.0018006892642006278
         ],
         "7": [
            0.22248250246047974,
            0.4225219488143921,
            0.0011697839945554733
         ],
         "8": [
            0.2268250435590744,
            0.37326350808143616,
            0.004724674858152866
         ],
         "9": [
            0.2505483627319336,
            0.5925129055976868,
            -0.011703532189130783
         ],
         "10": [
            0.26586639881134033,
            0.5085000991821289,
            0.0015616093296557665
         ],
         "11": [
            0.2659921944141388,
            0.5347517728805542,
            0.022815056145191193
         ],
         "12": [
            0.26183032989501953,
            0.5709642171859741,
            0.035945478826761246
         ],
         "13": [
            0.2829451262950897,
            0.6089163422584534,
            -0.020052354782819748
         ],
         "14": [
            0.29791420698165894,
            0.5295766592025757,
            -0.004424876533448696
         ],
         "15": [
            0.2922545373439789,
            0.5495926141738892,
            0.017486989498138428
         ],
         "16": [
            0.2851565182209015,
            0.5832928419113159,
            0.02867441438138485
         ],
         "17": [
            0.31159600615501404,
            0.6304295659065247,
            -0.027171624824404716
         ],
         "18": [
            0.31920862197875977,
            0.5657966732978821,
            -0.014686338603496552
         ],
         "19": [
            0.3134990632534027,
            0.5799411535263062,
            -0.0002478556998539716
         ],
         "20": [
            0.3057536780834198,
            0.606058657169342,
            0.009047089144587517
         ]
      }
   ]
}