{
   "d": [
      {
         "0": [
            0.16918514668941498,
            0.7459214925765991,
            0
         ],
         "1": [
            0.20391173660755157,
            0.7634601593017578,
            -0.04701664298772812
         ],
         "2": [
            0.2344372272491455,
            0.7486248016357422,
            -0.09257648885250092
         ],
         "3": [
            0.21496741473674774,
            0.7628664374351501,
            -0.13073492050170898
         ],
         "4": [
            0.18427714705467224,
            0.7924413681030273,
            -0.16644971072673798
         ],
         "5": [
            0.22237682342529297,
            0.6063525676727295,
            -0.10686241090297699
         ],
         "6": [
            0.23242488503456116,
            0.5324303507804871,
            -0.16259627044200897
         ],
         "7": [
            0.2257431149482727,
            0.469442754983902,
            -0.19323579967021942
         ],
         "8": [
            0.21585926413536072,
            0.42151620984077454,
            -0.20977739989757538
         ],
         "9": [
            0.17553099989891052,
            0.5909773707389832,
            -0.09943749010562897
         ],
         "10": [
            0.16918279230594635,
            0.6547701358795166,
            -0.14774642884731293
         ],
         "11": [
            0.17144864797592163,
            0.7358236908912659,
            -0.14069747924804688
         ],
         "12": [
            0.17797544598579407,
            0.7438803911209106,
            -0.1306409388780594
         ],
         "13": [
            0.13618384301662445,
            0.6185880899429321,
            -0.09572503715753555
         ],
         "14": [
            0.13572517037391663,
            0.7012060880661011,
            -0.1323326826095581
         ],
         "15": [
            0.1501566767692566,
            0.7545977234840393,
            -0.11494522541761398
         ],
         "16": [
            0.16337263584136963,
            0.7516753673553467,
            -0.10018938779830933
         ],
         "17": [
            0.1074407622218132,
            0.657880961894989,
            -0.09718181937932968
         ],
         "18": [
            0.10851086676120758,
            0.7466577291488647,
            -0.11362942308187485
         ],
         "19": [
            0.12973718345165253,
            0.7855974435806274,
            -0.10573457181453705
         ],
         "20": [
            0.14667478203773499,
            0.7779189348220825,
            -0.0988735780119896
         ]
      }
   ]
}