{
   "e": [
      {
         "0": [
            0.15388929843902588,
            0.780361533164978,
            0
         ],
         "1": [
            0.20080028474330902,
            0.7433955669403076,
            -0.020797304809093475
         ],
         "2": [
            0.23250366747379303,
            0.6702366471290588,
            -0.024839909747242928
         ],
         "3": [
            0.21369680762290955,
            0.6023397445678711,
            -0.02900884486734867
         ],
         "4": [
            0.17308583855628967,
            0.6031609177589417,
            -0.029466798529028893
         ],
         "5": [
            0.22937552630901337,
            0.5807088017463684,
            0.00898532010614872
         ],
         "6": [
            0.2438620924949646,
            0.49602752923965454,
            -0.0024595141876488924
         ],
         "7": [
            0.23397982120513916,
            0.5248242020606995,
            -0.007145619485527277
         ],
         "8": [
            0.21795746684074402,
            0.569011926651001,
            -0.0071377232670784
         ],
         "9": [
            0.19914492964744568,
            0.5656417608261108,
            0.010722377337515354
         ],
         "10": [
            0.20946566760540009,
            0.47281575202941895,
            0.0008843197720125318
         ],
         "11": [
            0.20405951142311096,
            0.5142258405685425,
            -0.003578731557354331
         ],
         "12": [
            0.19619421660900116,
            0.5637608766555786,
            -0.002872065408155322
         ],
         "13": [
            0.17150625586509705,
            0.5682395696640015,
            0.006502118892967701
         ],
         "14": [
            0.17366960644721985,
            0.4866816997528076,
            -0.001255418173968792
         ],
         "15": [
            0.17714639008045197,
            0.5223569869995117,
            -0.0019709670450538397
         ],
         "16": [
            0.17412902414798737,
            0.5745269060134888,
            0.0010896081803366542
         ],
         "17": [
            0.1410958617925644,
            0.5818338394165039,
            -0.0016965910326689482
         ],
         "18": [
            0.14582930505275726,
            0.5165730118751526,
            -0.003710984718054533
         ],
         "19": [
            0.1522637903690338,
            0.5321086049079895,
            -0.002911543706431985
         ],
         "20": [
            0.153904527425766,
            0.5691981911659241,
            0.00023514415079262108
         ]
      }
   ]
}