{
   "g": [
      {
         "0": [
            0.24579568207263947,
            0.8498975038528442,
            0
         ],
         "1": [
            0.25313034653663635,
            0.735032856464386,
            -0.010429291985929012
         ],
         "2": [
            0.2288667857646942,
            0.632269561290741,
            -0.01335331704467535
         ],
         "3": [
            0.19145895540714264,
            0.5716935396194458,
            -0.0211454089730978
         ],
         "4": [
            0.15389981865882874,
            0.5291922092437744,
            -0.027837999165058136
         ],
         "5": [
            0.1732870638370514,
            0.6354836821556091,
            0.028395716100931168
         ],
         "6": [
            0.14340248703956604,
            0.5731499195098877,
            0.00960865244269371
         ],
         "7": [
            0.1227492243051529,
            0.5342584252357483,
            -0.006557147949934006
         ],
         "8": [
            0.10279693454504013,
            0.5013890862464905,
            -0.016349049285054207
         ],
         "9": [
            0.152696430683136,
            0.6790470480918884,
            0.020141519606113434
         ],
         "10": [
            0.13556155562400818,
            0.6181090474128723,
            -0.014492652378976345
         ],
         "11": [
            0.17704789340496063,
            0.6755104064941406,
            -0.027296220883727074
         ],
         "12": [
            0.20123696327209473,
            0.7259525656700134,
            -0.02356749027967453
         ],
         "13": [
            0.13630472123622894,
            0.7330329418182373,
            0.005724557675421238
         ],
         "14": [
            0.12552689015865326,
            0.671317458152771,
            -0.026260461658239365
         ],
         "15": [
            0.1701180636882782,
            0.7284554243087769,
            -0.02498568221926689
         ],
         "16": [
            0.1880428045988083,
            0.7780117392539978,
            -0.013321448117494583
         ],
         "17": [
            0.11966186761856079,
            0.80149906873703,
            -0.012022765353322029
         ],
         "18": [
            0.10309980809688568,
            0.7350695729255676,
            -0.030148537829518318
         ],
         "19": [
            0.13620886206626892,
            0.7582906484603882,
            -0.02826823852956295
         ],
         "20": [
            0.1534554362297058,
            0.7926892042160034,
            -0.019599737599492073
         ]
      }
   ]
}