{
   "l": [
      {
         "0": [
            0.154205322265625,
            0.907458484172821,
            0
         ],
         "1": [
            0.2093992531299591,
            0.8512289524078369,
            0.001959012122824788
         ],
         "2": [
            0.25144216418266296,
            0.7528582215309143,
            -0.005954239051789045
         ],
         "3": [
            0.2798879146575928,
            0.678554356098175,
            -0.02078676037490368
         ],
         "4": [
            0.31348657608032227,
            0.6316612958908081,
            -0.03377607464790344
         ],
         "5": [
            0.21555595099925995,
            0.6450503468513489,
            0.008738352917134762
         ],
         "6": [
            0.22908279299736023,
            0.5322611331939697,
            -0.014861471951007843
         ],
         "7": [
            0.23194573819637299,
            0.4669702649116516,
            -0.030321262776851654
         ],
         "8": [
            0.232020303606987,
            0.4102456569671631,
            -0.039913665503263474
         ],
         "9": [
            0.17973296344280243,
            0.6462940573692322,
            -0.009153315797448158
         ],
         "10": [
            0.2116544097661972,
            0.5878943800926208,
            -0.04145772010087967
         ],
         "11": [
            0.21706682443618774,
            0.6819718480110168,
            -0.04493182897567749
         ],
         "12": [
            0.2092752754688263,
            0.7403697371482849,
            -0.038080111145973206
         ],
         "13": [
            0.14473740756511688,
            0.662335991859436,
            -0.03070727549493313
         ],
         "14": [
            0.18004381656646729,
            0.6350030899047852,
            -0.05894406884908676
         ],
         "15": [
            0.18245908617973328,
            0.7336673140525818,
            -0.04836733639240265
         ],
         "16": [
            0.1682705134153366,
            0.7776451110839844,
            -0.03373746946454048
         ],
         "17": [
            0.107996866106987,
            0.6889675259590149,
            -0.054775137454271317
         ],
         "18": [
            0.13984297215938568,
            0.6551192402839661,
            -0.07037003338336945
         ],
         "19": [
            0.14932960271835327,
            0.7248608469963074,
            -0.06264979392290115
         ],
         "20": [
            0.14028556644916534,
            0.7629567384719849,
            -0.051609840244054794
         ]
      }
   ]
}