{
   "m-DGS": [
      {
         "0": [
            0.27731436491012573,
            0.5053013563156128,
            0
         ],
         "1": [
            0.31138157844543457,
            0.5072470903396606,
            -0.021655434742569923
         ],
         "2": [
            0.34839484095573425,
            0.5266215801239014,
            -0.04485157132148743
         ],
         "3": [
            0.3689674735069275,
            0.5617434978485107,
            -0.06392204761505127
         ],
         "4": [
            0.38567739725112915,
            0.5929409265518188,
            -0.08285557478666306
         ],
         "5": [
            0.35702037811279297,
            0.4553180932998657,
            -0.07792532444000244
         ],
         "6": [
            0.3877538740634918,
            0.5381866097450256,
            -0.1142859160900116
         ],
         "7": [
            0.3987543284893036,
            0.6032106876373291,
            -0.13250043988227844
         ],
         "8": [
            0.40282636880874634,
            0.6520192623138428,
            -0.1424294263124466
         ],
         "9": [
            0.3343179225921631,
            0.46751827001571655,
            -0.08299252390861511
         ],
         "10": [
            0.36702659726142883,
            0.5530537366867065,
            -0.1265430599451065
         ],
         "11": [
            0.3809725344181061,
            0.621617317199707,
            -0.14003276824951172
         ],
         "12": [
            0.38675910234451294,
            0.6670742034912109,
            -0.14722271263599396
         ],
         "13": [
            0.3110467493534088,
            0.49139124155044556,
            -0.08682716637849808
         ],
         "14": [
            0.3383668065071106,
            0.5684300065040588,
            -0.12551593780517578
         ],
         "15": [
            0.3518235683441162,
            0.6230388283729553,
            -0.1309255063533783
         ],
         "16": [
            0.360038697719574,
            0.6564170718193054,
            -0.13113093376159668
         ],
         "17": [
            0.28928065299987793,
            0.5197462439537048,
            -0.09114113450050354
         ],
         "18": [
            0.30763712525367737,
            0.5758417248725891,
            -0.12106500566005707
         ],
         "19": [
            0.31770044565200806,
            0.606191873550415,
            -0.1262691617012024
         ],
         "20": [
            0.32508525252342224,
            0.6243903636932373,
            -0.1275017261505127
         ]
      }
   ]
}