{
   "m-DGS": [
      {
         "0": [
            0.1682336926460266,
            0.6213254332542419,
            0
         ],
         "1": [
            0.22111345827579498,
            0.6339873671531677,
            -0.028438344597816467
         ],
         "2": [
            0.2655237317085266,
            0.6908062100410461,
            -0.06282039731740952
         ],
         "3": [
            0.27647677063941956,
            0.7731854319572449,
            -0.09125874191522598
         ],
         "4": [
            0.2767840027809143,
            0.8287708759307861,
            -0.11768537014722824
         ],
         "5": [
            0.28195473551750183,
            0.6185953617095947,
            -0.10799255967140198
         ],
         "6": [
            0.2947455048561096,
            0.760407567024231,
            -0.15535932779312134
         ],
         "7": [
            0.29020851850509644,
            0.8539658784866333,
            -0.17593368887901306
         ],
         "8": [
            0.28045225143432617,
            0.9189502000808716,
            -0.18580937385559082
         ],
         "9": [
            0.24049334228038788,
            0.6191356182098389,
            -0.11210742592811584
         ],
         "10": [
            0.255637526512146,
            0.7770273685455322,
            -0.1730075478553772
         ],
         "11": [
            0.2543505132198334,
            0.8754364252090454,
            -0.18782109022140503
         ],
         "12": [
            0.24788898229599,
            0.9387578964233398,
            -0.19221028685569763
         ],
         "13": [
            0.20318575203418732,
            0.6419846415519714,
            -0.11375337839126587
         ],
         "14": [
            0.2143406718969345,
            0.7933658957481384,
            -0.1628575325012207
         ],
         "15": [
            0.22153393924236298,
            0.8798256516456604,
            -0.16422916948795319
         ],
         "16": [
            0.2239588499069214,
            0.9320322871208191,
            -0.1584683209657669
         ],
         "17": [
            0.17122122645378113,
            0.6741259098052979,
            -0.11576509475708008
         ],
         "18": [
            0.18592381477355957,
            0.7959733605384827,
            -0.1453007459640503
         ],
         "19": [
            0.1963079422712326,
            0.858069121837616,
            -0.1451178640127182
         ],
         "20": [
            0.20155280828475952,
            0.8986421823501587,
            -0.14164307713508606
         ]
      }
   ]
}