{
   "n": [
      {
         "0": [
            0.2610013782978058,
            0.8065365552902222,
            0
         ],
         "1": [
            0.22414149343967438,
            0.7300381064414978,
            0.023062311112880707
         ],
         "2": [
            0.22667838633060455,
            0.658982515335083,
            0.036311373114585876
         ],
         "3": [
            0.25424450635910034,
            0.6243854761123657,
            0.04758366569876671
         ],
         "4": [
            0.2804921865463257,
            0.6217849254608154,
            0.06057386472821236
         ],
         "5": [
            0.24671587347984314,
            0.5801944732666016,
            0.019708862528204918
         ],
         "6": [
            0.27769115567207336,
            0.5692238807678223,
            0.035111188888549805
         ],
         "7": [
            0.2850169837474823,
            0.6048365831375122,
            0.04770132899284363
         ],
         "8": [
            0.2782994508743286,
            0.6344722509384155,
            0.055396609008312225
         ],
         "9": [
            0.2812299132347107,
            0.5899071097373962,
            0.011831199750304222
         ],
         "10": [
            0.3034106194972992,
            0.5867830514907837,
            0.029533877968788147
         ],
         "11": [
            0.3057419955730438,
            0.6266363263130188,
            0.04275940731167793
         ],
         "12": [
            0.29671719670295715,
            0.654720664024353,
            0.049042709171772
         ],
         "13": [
            0.31339073181152344,
            0.6170012950897217,
            0.006859860848635435
         ],
         "14": [
            0.32741621136665344,
            0.6259507536888123,
            0.023921262472867966
         ],
         "15": [
            0.32572728395462036,
            0.6592033505439758,
            0.032263703644275665
         ],
         "16": [
            0.3145909607410431,
            0.6796981692314148,
            0.03447580337524414
         ],
         "17": [
            0.34223663806915283,
            0.6583834290504456,
            0.003356389934197068
         ],
         "18": [
            0.3508778214454651,
            0.6698475480079651,
            0.014166848734021187
         ],
         "19": [
            0.34499308466911316,
            0.6986185908317566,
            0.019814759492874146
         ],
         "20": [
            0.3337187170982361,
            0.7189420461654663,
            0.023368239402770996
         ]
      }
   ]
}