{
   "n-DGS": [
      {
         "0": [
            0.27956724166870117,
            0.7263142466545105,
            0
         ],
         "1": [
            0.31301194429397583,
            0.756971001625061,
            -0.046024661511182785
         ],
         "2": [
            0.3350479304790497,
            0.7774040102958679,
            -0.09020666033029556
         ],
         "3": [
            0.32699328660964966,
            0.8102690577507019,
            -0.12781371176242828
         ],
         "4": [
            0.31500566005706787,
            0.8435918688774109,
            -0.1630755513906479
         ],
         "5": [
            0.3554966151714325,
            0.63266921043396,
            -0.11014091223478317
         ],
         "6": [
            0.3657488226890564,
            0.7122322916984558,
            -0.16558827459812164
         ],
         "7": [
            0.35111203789711,
            0.7932717204093933,
            -0.19130176305770874
         ],
         "8": [
            0.3352557420730591,
            0.8550838828086853,
            -0.20403289794921875
         ],
         "9": [
            0.3173753321170807,
            0.6194134950637817,
            -0.11039218306541443
         ],
         "10": [
            0.31326472759246826,
            0.7102720737457275,
            -0.1689385622739792
         ],
         "11": [
            0.3011496961116791,
            0.7963026762008667,
            -0.17639297246932983
         ],
         "12": [
            0.2955772876739502,
            0.8447410464286804,
            -0.17723053693771362
         ],
         "13": [
            0.27632832527160645,
            0.632601261138916,
            -0.11181605607271194
         ],
         "14": [
            0.26631152629852295,
            0.7291722297668457,
            -0.1582176387310028
         ],
         "15": [
            0.263622522354126,
            0.7972570657730103,
            -0.15076321363449097
         ],
         "16": [
            0.2690553069114685,
            0.8250006437301636,
            -0.14087985455989838
         ],
         "17": [
            0.23974868655204773,
            0.6638101935386658,
            -0.11717652529478073
         ],
         "18": [
            0.23158153891563416,
            0.7429682016372681,
            -0.14573776721954346
         ],
         "19": [
            0.23375087976455688,
            0.7979049682617188,
            -0.1423037350177765
         ],
         "20": [
            0.24264533817768097,
            0.821320652961731,
            -0.13618944585323334
         ]
      }
   ]
}