{
   "n-DGS": [
      {
         "0": [
            0.15175385773181915,
            0.4653056561946869,
            0
         ],
         "1": [
            0.2312948852777481,
            0.44719573855400085,
            0.0007033799774944782
         ],
         "2": [
            0.283559650182724,
            0.513878583908081,
            -0.03319908678531647
         ],
         "3": [
            0.29260480403900146,
            0.6478098630905151,
            -0.06829322874546051
         ],
         "4": [
            0.2891363203525543,
            0.7369130849838257,
            -0.10140292346477509
         ],
         "5": [
            0.3155704438686371,
            0.4773092567920685,
            -0.0926070436835289
         ],
         "6": [
            0.344145268201828,
            0.6506337523460388,
            -0.1298643946647644
         ],
         "7": [
            0.3505815863609314,
            0.7547440528869629,
            -0.14166374504566193
         ],
         "8": [
            0.35619890689849854,
            0.8305081129074097,
            -0.14702709019184113
         ],
         "9": [
            0.2639038860797882,
            0.49068140983581543,
            -0.11606273055076599
         ],
         "10": [
            0.30500370264053345,
            0.6780250072479248,
            -0.16361770033836365
         ],
         "11": [
            0.3213663101196289,
            0.7881096601486206,
            -0.1657630205154419
         ],
         "12": [
            0.32977721095085144,
            0.8658047914505005,
            -0.16304560005664825
         ],
         "13": [
            0.21189507842063904,
            0.5288228988647461,
            -0.13315391540527344
         ],
         "14": [
            0.25329041481018066,
            0.719732403755188,
            -0.15761075913906097
         ],
         "15": [
            0.2544228434562683,
            0.7463083267211914,
            -0.129292294383049
         ],
         "16": [
            0.24999740719795227,
            0.7263036966323853,
            -0.11027032136917114
         ],
         "17": [
            0.17091715335845947,
            0.5765015482902527,
            -0.15060265362262726
         ],
         "18": [
            0.2128622829914093,
            0.7268768548965454,
            -0.155894473195076
         ],
         "19": [
            0.2253037840127945,
            0.7521727085113525,
            -0.13057951629161835
         ],
         "20": [
            0.22915638983249664,
            0.7399897575378418,
            -0.11313076317310333
         ]
      }
   ]
}