{
   "n-DGS": [
      {
         "0": [
            0.26516616344451904,
            0.590657651424408,
            0
         ],
         "1": [
            0.3337337374687195,
            0.5592623949050903,
            0.035780735313892365
         ],
         "2": [
            0.39081263542175293,
            0.5991498827934265,
            0.03953836113214493
         ],
         "3": [
            0.4247553050518036,
            0.6714190244674683,
            0.034392450004816055
         ],
         "4": [
            0.4444921016693115,
            0.7327739000320435,
            0.03193055838346481
         ],
         "5": [
            0.4337072968482971,
            0.5751532316207886,
            0.01262413989752531
         ],
         "6": [
            0.47366902232170105,
            0.6974968910217285,
            0.007431953214108944
         ],
         "7": [
            0.48664090037345886,
            0.7751709818840027,
            0.008389869704842567
         ],
         "8": [
            0.4940767288208008,
            0.8270962238311768,
            0.009301510639488697
         ],
         "9": [
            0.42298415303230286,
            0.6024152636528015,
            -0.014225293882191181
         ],
         "10": [
            0.4593117833137512,
            0.7365829348564148,
            -0.019565565511584282
         ],
         "11": [
            0.47488099336624146,
            0.8244739770889282,
            -0.014947202987968922
         ],
         "12": [
            0.48261454701423645,
            0.8878297805786133,
            -0.01298509445041418
         ],
         "13": [
            0.40070220828056335,
            0.6374273896217346,
            -0.03787241503596306
         ],
         "14": [
            0.41187167167663574,
            0.774620771408081,
            -0.03616945445537567
         ],
         "15": [
            0.39097386598587036,
            0.8009276390075684,
            -0.02176831103861332
         ],
         "16": [
            0.3736792802810669,
            0.8031662702560425,
            -0.01375327818095684
         ],
         "17": [
            0.37346646189689636,
            0.6748263239860535,
            -0.06049221009016037
         ],
         "18": [
            0.38216012716293335,
            0.7788128852844238,
            -0.057826701551675797
         ],
         "19": [
            0.3736911118030548,
            0.8192070126533508,
            -0.046831484884023666
         ],
         "20": [
            0.3674144744873047,
            0.8417025804519653,
            -0.03887198492884636
         ]
      }
   ]
}