{
   "o": [
      {
         "0": [
            0.27369561791419983,
            0.6500115394592285,
            0
         ],
         "1": [
            0.32939791679382324,
            0.6206731200218201,
            0.017665747553110123
         ],
         "2": [
            0.3624877333641052,
            0.5534078478813171,
            0.019108181819319725
         ],
         "3": [
            0.3892696797847748,
            0.5076936483383179,
            0.011020833626389503
         ],
         "4": [
            0.40736162662506104,
            0.4660283625125885,
            0.005093083716928959
         ],
         "5": [
            0.33422380685806274,
            0.44203290343284607,
            0.025299295783042908
         ],
         "6": [
            0.3667679727077484,
            0.3731994032859802,
            0.01238223072141409
         ],
         "7": [
            0.39192938804626465,
            0.41270312666893005,
            0.005960163660347462
         ],
         "8": [
            0.3979265093803406,
            0.4572798013687134,
            0.0037499195896089077
         ],
         "9": [
            0.31883764266967773,
            0.43349727988243103,
            0.003788411384448409
         ],
         "10": [
            0.36012741923332214,
            0.3553064465522766,
            -0.01115859393030405
         ],
         "11": [
            0.391204297542572,
            0.4048706889152527,
            -0.01706608571112156
         ],
         "12": [
            0.3971039950847626,
            0.4539344608783722,
            -0.017941268160939217
         ],
         "13": [
            0.3053515553474426,
            0.4375731348991394,
            -0.019464736804366112
         ],
         "14": [
            0.34930774569511414,
            0.3614371418952942,
            -0.03315974026918411
         ],
         "15": [
            0.3825125992298126,
            0.418028324842453,
            -0.03022625669836998
         ],
         "16": [
            0.3877055048942566,
            0.4733333885669708,
            -0.02581792138516903
         ],
         "17": [
            0.29533979296684265,
            0.45773324370384216,
            -0.04294883832335472
         ],
         "18": [
            0.34273213148117065,
            0.4216180443763733,
            -0.049010295420885086
         ],
         "19": [
            0.37177857756614685,
            0.45966818928718567,
            -0.043337807059288025
         ],
         "20": [
            0.3781539797782898,
            0.5025278329849243,
            -0.037665318697690964
         ]
      }
   ]
}