{
   "p": [
      {
         "0": [
            0.14672663807868958,
            0.8010488152503967,
            0
         ],
         "1": [
            0.19673015177249908,
            0.793059766292572,
            -0.03804585337638855
         ],
         "2": [
            0.2347967028617859,
            0.7655006647109985,
            -0.07930517941713333
         ],
         "3": [
            0.24649056792259216,
            0.7461380958557129,
            -0.11409788578748703
         ],
         "4": [
            0.24995408952236176,
            0.7357417345046997,
            -0.14869225025177002
         ],
         "5": [
            0.2190544754266739,
            0.6611791253089905,
            -0.11116212606430054
         ],
         "6": [
            0.23886066675186157,
            0.6688194870948792,
            -0.1661481112241745
         ],
         "7": [
            0.26272475719451904,
            0.6675491333007812,
            -0.19915556907653809
         ],
         "8": [
            0.2849231958389282,
            0.6729618906974792,
            -0.21915046870708466
         ],
         "9": [
            0.18345099687576294,
            0.662969708442688,
            -0.1134631335735321
         ],
         "10": [
            0.21495641767978668,
            0.7481577396392822,
            -0.16979797184467316
         ],
         "11": [
            0.2301449328660965,
            0.8358736634254456,
            -0.18138232827186584
         ],
         "12": [
            0.2416757494211197,
            0.8965857028961182,
            -0.18630169332027435
         ],
         "13": [
            0.1508413702249527,
            0.6923462748527527,
            -0.11631954461336136
         ],
         "14": [
            0.18432769179344177,
            0.7922840118408203,
            -0.16233955323696136
         ],
         "15": [
            0.1995328962802887,
            0.8582760095596313,
            -0.158451646566391
         ],
         "16": [
            0.20688529312610626,
            0.8967568874359131,
            -0.15273883938789368
         ],
         "17": [
            0.12341271340847015,
            0.7359750270843506,
            -0.12234975397586823
         ],
         "18": [
            0.15355059504508972,
            0.80805504322052,
            -0.15742017328739166
         ],
         "19": [
            0.16717712581157684,
            0.8550602197647095,
            -0.15765821933746338
         ],
         "20": [
            0.17283371090888977,
            0.8811309933662415,
            -0.15424637496471405
         ]
      }
   ]
}