{
   "r": [
      {
         "0": [
            0.16193749010562897,
            0.8318352103233337,
            0
         ],
         "1": [
            0.2188807725906372,
            0.7679738998413086,
            0.029135867953300476
         ],
         "2": [
            0.2849556505680084,
            0.7546759247779846,
            0.028381889685988426
         ],
         "3": [
            0.33821168541908264,
            0.7811896800994873,
            0.019890660420060158
         ],
         "4": [
            0.37455230951309204,
            0.8089390993118286,
            0.015034682117402554
         ],
         "5": [
            0.3023523986339569,
            0.6562711596488953,
            0.010277438908815384
         ],
         "6": [
            0.36270952224731445,
            0.7129562497138977,
            -0.00036408615414984524
         ],
         "7": [
            0.3875633776187897,
            0.7631299495697021,
            -0.004891881253570318
         ],
         "8": [
            0.40436431765556335,
            0.8066031336784363,
            -0.007266014814376831
         ],
         "9": [
            0.29747989773750305,
            0.681695818901062,
            -0.014630765654146671
         ],
         "10": [
            0.3434930145740509,
            0.7996504306793213,
            -0.020842107012867928
         ],
         "11": [
            0.31980323791503906,
            0.8216801881790161,
            -0.012548348866403103
         ],
         "12": [
            0.30228325724601746,
            0.805033266544342,
            -0.0082937590777874
         ],
         "13": [
            0.2886214852333069,
            0.7269796133041382,
            -0.03798612952232361
         ],
         "14": [
            0.3291889429092407,
            0.8406332731246948,
            -0.03963770344853401
         ],
         "15": [
            0.3005988299846649,
            0.8522124290466309,
            -0.02326560765504837
         ],
         "16": [
            0.28109148144721985,
            0.830307126045227,
            -0.01479233056306839
         ],
         "17": [
            0.2772082984447479,
            0.7784807085990906,
            -0.06103632226586342
         ],
         "18": [
            0.30946972966194153,
            0.8635452389717102,
            -0.058738481253385544
         ],
         "19": [
            0.2853853702545166,
            0.8744469881057739,
            -0.04477193206548691
         ],
         "20": [
            0.26601433753967285,
            0.8579325675964355,
            -0.035831909626722336
         ]
      }
   ]
}