{
   "r": [
      {
         "0": [
            0.14295649528503418,
            0.9287093877792358,
            0
         ],
         "1": [
            0.18655480444431305,
            0.868953287601471,
            -0.013467185199260712
         ],
         "2": [
            0.20334362983703613,
            0.7760683298110962,
            -0.018872257322072983
         ],
         "3": [
            0.17415964603424072,
            0.7078183889389038,
            -0.0270981602370739
         ],
         "4": [
            0.13404643535614014,
            0.6986931562423706,
            -0.03470529988408089
         ],
         "5": [
            0.18962839245796204,
            0.6625451445579529,
            0.00856713205575943
         ],
         "6": [
            0.1776428073644638,
            0.5763420462608337,
            -0.003878640243783593
         ],
         "7": [
            0.16857092082500458,
            0.5194224119186401,
            -0.012620936147868633
         ],
         "8": [
            0.1592107117176056,
            0.47025349736213684,
            -0.018726667389273643
         ],
         "9": [
            0.1546855866909027,
            0.6596813201904297,
            0.0006363927386701107
         ],
         "10": [
            0.1570395827293396,
            0.5565083026885986,
            -0.008203154429793358
         ],
         "11": [
            0.16115902364253998,
            0.5045763254165649,
            -0.014950395561754704
         ],
         "12": [
            0.16098222136497498,
            0.4565092623233795,
            -0.020400965586304665
         ],
         "13": [
            0.12348184734582901,
            0.6882129907608032,
            -0.012648235075175762
         ],
         "14": [
            0.1154877245426178,
            0.5972627401351929,
            -0.025442060083150864
         ],
         "15": [
            0.12714610993862152,
            0.6561694741249084,
            -0.021620292216539383
         ],
         "16": [
            0.13329434394836426,
            0.710838258266449,
            -0.016406308859586716
         ],
         "17": [
            0.09379446506500244,
            0.7369589805603027,
            -0.029864393174648285
         ],
         "18": [
            0.09388983249664307,
            0.6814505457878113,
            -0.040911123156547546
         ],
         "19": [
            0.11119800060987473,
            0.7240307331085205,
            -0.03810849413275719
         ],
         "20": [
            0.12244874984025955,
            0.7706006765365601,
            -0.03292180970311165
         ]
      }
   ]
}