{
   "s": [
      {
         "0": [
            0.240675687789917,
            0.7514162063598633,
            0
         ],
         "1": [
            0.27890774607658386,
            0.7541642785072327,
            -0.022641701623797417
         ],
         "2": [
            0.3187616467475891,
            0.6804283261299133,
            -0.026639623567461967
         ],
         "3": [
            0.32367846369743347,
            0.5986067652702332,
            -0.030004208907485008
         ],
         "4": [
            0.30013731122016907,
            0.5544432401657104,
            -0.031330253928899765
         ],
         "5": [
            0.2994072735309601,
            0.6328511834144592,
            0.0045224023051559925
         ],
         "6": [
            0.3116263449192047,
            0.5939152240753174,
            -0.010301577858626842
         ],
         "7": [
            0.3079315721988678,
            0.6286363005638123,
            -0.015615647658705711
         ],
         "8": [
            0.30200690031051636,
            0.6580186486244202,
            -0.0163380466401577
         ],
         "9": [
            0.27393898367881775,
            0.6212130188941956,
            0.008213553577661514
         ],
         "10": [
            0.29031801223754883,
            0.5720647573471069,
            -0.012468768283724785
         ],
         "11": [
            0.28145700693130493,
            0.6396596431732178,
            -0.017476068809628487
         ],
         "12": [
            0.27240172028541565,
            0.6700403690338135,
            -0.013794811442494392
         ],
         "13": [
            0.2489139437675476,
            0.6147931814193726,
            0.005917717237025499
         ],
         "14": [
            0.26833057403564453,
            0.5660611391067505,
            -0.014982313849031925
         ],
         "15": [
            0.2635379135608673,
            0.6367958188056946,
            -0.013280227780342102
         ],
         "16": [
            0.2512863278388977,
            0.6734666228294373,
            -0.005452612414956093
         ],
         "17": [
            0.2217312455177307,
            0.6080682277679443,
            0.0005421069217845798
         ],
         "18": [
            0.24504396319389343,
            0.5761339664459229,
            -0.010885432362556458
         ],
         "19": [
            0.2428024560213089,
            0.6252450942993164,
            -0.010558870621025562
         ],
         "20": [
            0.22984004020690918,
            0.6518742442131042,
            -0.005393236875534058
         ]
      }
   ]
}