{
   "sch": [
      {
         "0": [
            0.21711570024490356,
            0.7470462918281555,
            0
         ],
         "1": [
            0.2724483907222748,
            0.7119285464286804,
            -0.014850982464849949
         ],
         "2": [
            0.3142266273498535,
            0.6412227153778076,
            -0.01834113895893097
         ],
         "3": [
            0.3446402847766876,
            0.5790064930915833,
            -0.022792873904109
         ],
         "4": [
            0.3757562041282654,
            0.5467413067817688,
            -0.027493903413414955
         ],
         "5": [
            0.27648448944091797,
            0.5106995701789856,
            0.00688237976282835
         ],
         "6": [
            0.2957320213317871,
            0.41763296723365784,
            -0.0018452435033395886
         ],
         "7": [
            0.3045608401298523,
            0.35968607664108276,
            -0.01088003534823656
         ],
         "8": [
            0.3109527826309204,
            0.3070947825908661,
            -0.018091842532157898
         ],
         "9": [
            0.24368321895599365,
            0.49101313948631287,
            0.0013188259908929467
         ],
         "10": [
            0.25422823429107666,
            0.39042869210243225,
            -0.004371602088212967
         ],
         "11": [
            0.26001879572868347,
            0.32731539011001587,
            -0.014779753983020782
         ],
         "12": [
            0.26313546299934387,
            0.2717461585998535,
            -0.02427084930241108
         ],
         "13": [
            0.21053463220596313,
            0.49596670269966125,
            -0.008943532593548298
         ],
         "14": [
            0.20846733450889587,
            0.3993183374404907,
            -0.021813493221998215
         ],
         "15": [
            0.20919981598854065,
            0.3400444984436035,
            -0.03637956455349922
         ],
         "16": [
            0.21068203449249268,
            0.29206568002700806,
            -0.04640486463904381
         ],
         "17": [
            0.17583826184272766,
            0.5216419100761414,
            -0.02177787944674492
         ],
         "18": [
            0.1532786786556244,
            0.45346730947494507,
            -0.03621930256485939
         ],
         "19": [
            0.1390707790851593,
            0.41105324029922485,
            -0.04679661989212036
         ],
         "20": [
            0.12851247191429138,
            0.3729832172393799,
            -0.053812555968761444
         ]
      }
   ]
}