{
   "u": [
      {
         "0": [
            0.19820153713226318,
            0.7635430097579956,
            0
         ],
         "1": [
            0.24272817373275757,
            0.6919507384300232,
            -0.019140342250466347
         ],
         "2": [
            0.25469544529914856,
            0.5900980830192566,
            -0.02007065713405609
         ],
         "3": [
            0.22150671482086182,
            0.5081501007080078,
            -0.022551491856575012
         ],
         "4": [
            0.1845347136259079,
            0.4838332235813141,
            -0.02374022640287876
         ],
         "5": [
            0.24478046596050262,
            0.5217552185058594,
            0.020380759611725807
         ],
         "6": [
            0.24883341789245605,
            0.4250769019126892,
            0.013687670230865479
         ],
         "7": [
            0.24912601709365845,
            0.36332136392593384,
            0.005818767473101616
         ],
         "8": [
            0.24801164865493774,
            0.31221848726272583,
            0.00011413570609875023
         ],
         "9": [
            0.21141740679740906,
            0.5126491189002991,
            0.018399536609649658
         ],
         "10": [
            0.21407361328601837,
            0.41368889808654785,
            0.0141872838139534
         ],
         "11": [
            0.21931366622447968,
            0.34788498282432556,
            0.0027564847841858864
         ],
         "12": [
            0.2240450233221054,
            0.2957947850227356,
            -0.006667247507721186
         ],
         "13": [
            0.1804388463497162,
            0.5267801880836487,
            0.01006978377699852
         ],
         "14": [
            0.17189200222492218,
            0.4419496953487396,
            -0.0007849521352909505
         ],
         "15": [
            0.18277594447135925,
            0.4563884139060974,
            -0.006792151369154453
         ],
         "16": [
            0.19162927567958832,
            0.4968470633029938,
            -0.007769841700792313
         ],
         "17": [
            0.14796419441699982,
            0.5512479543685913,
            -0.002302095526829362
         ],
         "18": [
            0.14373564720153809,
            0.4794139862060547,
            -0.012722901068627834
         ],
         "19": [
            0.15540850162506104,
            0.47131264209747314,
            -0.016607820987701416
         ],
         "20": [
            0.16577991843223572,
            0.4947241246700287,
            -0.016383856534957886
         ]
      }
   ]
}