{
   "v": [
      {
         "0": [
            0.21525588631629944,
            0.8898956775665283,
            0
         ],
         "1": [
            0.25915494561195374,
            0.8123866319656372,
            -0.023220043629407883
         ],
         "2": [
            0.2718818485736847,
            0.7221974730491638,
            -0.030756201595067978
         ],
         "3": [
            0.23421494662761688,
            0.6461958289146423,
            -0.040521640330553055
         ],
         "4": [
            0.19574154913425446,
            0.6139616370201111,
            -0.04884692281484604
         ],
         "5": [
            0.25535130500793457,
            0.600704550743103,
            0.007383264135569334
         ],
         "6": [
            0.26910436153411865,
            0.4961533546447754,
            -0.0057310303673148155
         ],
         "7": [
            0.27271705865859985,
            0.42691925168037415,
            -0.017133906483650208
         ],
         "8": [
            0.2740464508533478,
            0.3672167658805847,
            -0.02568606473505497
         ],
         "9": [
            0.21242618560791016,
            0.5976347923278809,
            0.002749612322077155
         ],
         "10": [
            0.19701944291591644,
            0.48736900091171265,
            -0.00901083741337061
         ],
         "11": [
            0.18256807327270508,
            0.42603951692581177,
            -0.02110913023352623
         ],
         "12": [
            0.1730336844921112,
            0.37112459540367126,
            -0.030085446313023567
         ],
         "13": [
            0.17905890941619873,
            0.6284927725791931,
            -0.008325283415615559
         ],
         "14": [
            0.15820717811584473,
            0.5323489308357239,
            -0.024778569117188454
         ],
         "15": [
            0.17343392968177795,
            0.5777442455291748,
            -0.026337092742323875
         ],
         "16": [
            0.18574967980384827,
            0.6294142603874207,
            -0.024265635758638382
         ],
         "17": [
            0.14971038699150085,
            0.6786687970161438,
            -0.024364277720451355
         ],
         "18": [
            0.13716745376586914,
            0.6043272018432617,
            -0.03760186955332756
         ],
         "19": [
            0.15090292692184448,
            0.628393292427063,
            -0.037542689591646194
         ],
         "20": [
            0.1631009578704834,
            0.6724311709403992,
            -0.03436645492911339
         ]
      }
   ]
}