{
   "w": [
      {
         "0": [
            0.2774580121040344,
            0.8817919492721558,
            0
         ],
         "1": [
            0.24845455586910248,
            0.793316125869751,
            0.023446330800652504
         ],
         "2": [
            0.2523677349090576,
            0.703205406665802,
            0.023251621052622795
         ],
         "3": [
            0.2791792154312134,
            0.6475077867507935,
            0.01732919178903103
         ],
         "4": [
            0.3052036464214325,
            0.6206137537956238,
            0.009840968996286392
         ],
         "5": [
            0.2475336790084839,
            0.6655672192573547,
            -0.00956512987613678
         ],
         "6": [
            0.25026726722717285,
            0.5509084463119507,
            -0.02162903919816017
         ],
         "7": [
            0.25171229243278503,
            0.47668641805648804,
            -0.02800578996539116
         ],
         "8": [
            0.25172656774520874,
            0.41770195960998535,
            -0.032581478357315063
         ],
         "9": [
            0.27818813920021057,
            0.6787123680114746,
            -0.031737733632326126
         ],
         "10": [
            0.29191359877586365,
            0.5536624193191528,
            -0.04244678467512131
         ],
         "11": [
            0.3000973165035248,
            0.47202348709106445,
            -0.045984018594026566
         ],
         "12": [
            0.30301526188850403,
            0.4103943705558777,
            -0.05055969953536987
         ],
         "13": [
            0.3108321726322174,
            0.7027402520179749,
            -0.051046475768089294
         ],
         "14": [
            0.3375469446182251,
            0.5833510160446167,
            -0.06097668781876564
         ],
         "15": [
            0.35072699189186096,
            0.5094419121742249,
            -0.06383243203163147
         ],
         "16": [
            0.3564579486846924,
            0.45384544134140015,
            -0.06801869720220566
         ],
         "17": [
            0.34006166458129883,
            0.7349075675010681,
            -0.06788889318704605
         ],
         "18": [
            0.3598765432834625,
            0.6535820364952087,
            -0.07217251509428024
         ],
         "19": [
            0.36069440841674805,
            0.645085871219635,
            -0.06918696314096451
         ],
         "20": [
            0.35675615072250366,
            0.6502739787101746,
            -0.06964128464460373
         ]
      }
   ]
}