{
   "w": [
      {
         "0": [
            0.17359401285648346,
            0.7430278062820435,
            0
         ],
         "1": [
            0.21833936870098114,
            0.7076306343078613,
            -0.014066833071410656
         ],
         "2": [
            0.24076341092586517,
            0.631345272064209,
            -0.019635923206806183
         ],
         "3": [
            0.208842471241951,
            0.5531873106956482,
            -0.02696220390498638
         ],
         "4": [
            0.17419303953647614,
            0.5127943754196167,
            -0.03607356920838356
         ],
         "5": [
            0.2561619281768799,
            0.5188508629798889,
            0.004316276870667934
         ],
         "6": [
            0.28161972761154175,
            0.42718786001205444,
            -0.0033540052827447653
         ],
         "7": [
            0.294677734375,
            0.3696960210800171,
            -0.011035908944904804
         ],
         "8": [
            0.3050577640533447,
            0.31639230251312256,
            -0.01802748814225197
         ],
         "9": [
            0.2240765243768692,
            0.49445006251335144,
            -0.0049043321050703526
         ],
         "10": [
            0.2449100911617279,
            0.38630789518356323,
            -0.0041768173687160015
         ],
         "11": [
            0.254550963640213,
            0.3251485824584961,
            -0.010124772787094116
         ],
         "12": [
            0.26238903403282166,
            0.2718243896961212,
            -0.01933840848505497
         ],
         "13": [
            0.1915682554244995,
            0.49941378831863403,
            -0.01899440959095955
         ],
         "14": [
            0.19691027700901031,
            0.38691285252571106,
            -0.030309239402413368
         ],
         "15": [
            0.2024196833372116,
            0.3236403465270996,
            -0.04473866522312164
         ],
         "16": [
            0.20970340073108673,
            0.2610011398792267,
            -0.056676413863897324
         ],
         "17": [
            0.15775644779205322,
            0.5295253396034241,
            -0.035292595624923706
         ],
         "18": [
            0.16711506247520447,
            0.46432754397392273,
            -0.04957326874136925
         ],
         "19": [
            0.17023532092571259,
            0.5080825090408325,
            -0.05448225140571594
         ],
         "20": [
            0.17152614891529083,
            0.5592018961906433,
            -0.05831274390220642
         ]
      }
   ]
}