{
   "x": [
      {
         "0": [
            0.2571987509727478,
            0.9632278084754944,
            0
         ],
         "1": [
            0.30539670586586,
            0.870864987373352,
            0.01761718839406967
         ],
         "2": [
            0.31828954815864563,
            0.771438479423523,
            0.012395215220749378
         ],
         "3": [
            0.3188275992870331,
            0.7007887363433838,
            -0.0006330015021376312
         ],
         "4": [
            0.3168887495994568,
            0.6497086882591248,
            -0.008195336908102036
         ],
         "5": [
            0.25856584310531616,
            0.670994222164154,
            0.010295276530086994
         ],
         "6": [
            0.2713320255279541,
            0.5798782110214233,
            -0.01433719415217638
         ],
         "7": [
            0.30227988958358765,
            0.5817722678184509,
            -0.025403687730431557
         ],
         "8": [
            0.3273235857486725,
            0.6144753694534302,
            -0.02990090288221836
         ],
         "9": [
            0.24079889059066772,
            0.6907526254653931,
            -0.012097878381609917
         ],
         "10": [
            0.3131110370159149,
            0.6716364026069641,
            -0.03729714825749397
         ],
         "11": [
            0.3300305902957916,
            0.7465966939926147,
            -0.03642372041940689
         ],
         "12": [
            0.31731900572776794,
            0.7711873054504395,
            -0.032688431441783905
         ],
         "13": [
            0.232305109500885,
            0.7264882922172546,
            -0.03603346645832062
         ],
         "14": [
            0.30733156204223633,
            0.7172987461090088,
            -0.057534608989953995
         ],
         "15": [
            0.315868616104126,
            0.7835601568222046,
            -0.04508364573121071
         ],
         "16": [
            0.2981494069099426,
            0.8041601181030273,
            -0.03458395227789879
         ],
         "17": [
            0.2301931083202362,
            0.769368588924408,
            -0.060210637748241425
         ],
         "18": [
            0.29071110486984253,
            0.7615029811859131,
            -0.07191826403141022
         ],
         "19": [
            0.30094262957572937,
            0.8049347400665283,
            -0.06210615858435631
         ],
         "20": [
            0.2861561179161072,
            0.8203341364860535,
            -0.052925899624824524
         ]
      }
   ]
}