{
   "a": [
      {
         "0": [
            0.4942627549171448,
            0.6641589403152466,
            -6.462461215051007e-7
         ],
         "1": [
            0.4199462831020355,
            0.6066151261329651,
            -0.023996997624635696
         ],
         "2": [
            0.37070760130882263,
            0.4808781147003174,
            -0.03155272826552391
         ],
         "3": [
            0.35960572957992554,
            0.3550686836242676,
            -0.040397971868515015
         ],
         "4": [
            0.35833442211151123,
            0.25703659653663635,
            -0.044044867157936096
         ],
         "5": [
            0.40410375595092773,
            0.3682875335216522,
            0.009087025187909603
         ],
         "6": [
            0.402518630027771,
            0.2828032970428467,
            -0.02296941913664341
         ],
         "7": [
            0.41138961911201477,
            0.38064396381378174,
            -0.04271506518125534
         ],
         "8": [
            0.4196946620941162,
            0.45517197251319885,
            -0.05012975260615349
         ],
         "9": [
            0.4475823938846588,
            0.3655678927898407,
            0.00885027926415205
         ],
         "10": [
            0.4433359205722809,
            0.2904585003852844,
            -0.026757359504699707
         ],
         "11": [
            0.44971585273742676,
            0.414318323135376,
            -0.03707345202565193
         ],
         "12": [
            0.45595893263816833,
            0.49534937739372253,
            -0.033466849476099014
         ],
         "13": [
            0.4878554046154022,
            0.37659090757369995,
            0.0015262574888765812
         ],
         "14": [
            0.48471930623054504,
            0.2983097732067108,
            -0.0364689938724041
         ],
         "15": [
            0.48191145062446594,
            0.42076483368873596,
            -0.02826850675046444
         ],
         "16": [
            0.4813360571861267,
            0.506128191947937,
            -0.010175050236284733
         ],
         "17": [
            0.5274418592453003,
            0.40034639835357666,
            -0.008009074255824089
         ],
         "18": [
            0.5233234167098999,
            0.3380425274372101,
            -0.03505858778953552
         ],
         "19": [
            0.5140993595123291,
            0.4245937466621399,
            -0.02734166942536831
         ],
         "20": [
            0.5077826380729675,
            0.49206891655921936,
            -0.012532438151538372
         ]
      }
   ]
}