{
   "b": [
      {
         "0": [
            0.47441399097442627,
            0.8439143896102905,
            2.684789706108859e-7
         ],
         "1": [
            0.40785685181617737,
            0.7737979292869568,
            -0.02148527093231678
         ],
         "2": [
            0.3746219873428345,
            0.6455937623977661,
            -0.029850542545318604
         ],
         "3": [
            0.37676987051963806,
            0.5308409333229065,
            -0.038164958357810974
         ],
         "4": [
            0.3823832869529724,
            0.43790704011917114,
            -0.045004650950431824
         ],
         "5": [
            0.41833677887916565,
            0.4861876368522644,
            0.0006781686097383499
         ],
         "6": [
            0.4120287597179413,
            0.3510512113571167,
            -0.01641271449625492
         ],
         "7": [
            0.4114455282688141,
            0.27052801847457886,
            -0.03391876071691513
         ],
         "8": [
            0.41335833072662354,
            0.19991061091423035,
            -0.047013331204652786
         ],
         "9": [
            0.4570015072822571,
            0.4725915491580963,
            -0.0041063567623496056
         ],
         "10": [
            0.45202144980430603,
            0.3226752281188965,
            -0.017175504937767982
         ],
         "11": [
            0.4485871493816376,
            0.23172485828399658,
            -0.03274914622306824
         ],
         "12": [
            0.44582945108413696,
            0.15331974625587463,
            -0.04457240179181099
         ],
         "13": [
            0.4921911060810089,
            0.4854937493801117,
            -0.013971783220767975
         ],
         "14": [
            0.48908892273902893,
            0.3431149423122406,
            -0.02631627768278122
         ],
         "15": [
            0.48359817266464233,
            0.25950148701667786,
            -0.03564775362610817
         ],
         "16": [
            0.47767993807792664,
            0.18614816665649414,
            -0.04312309995293617
         ],
         "17": [
            0.5278307795524597,
            0.5218946933746338,
            -0.027257051318883896
         ],
         "18": [
            0.5242158770561218,
            0.4063807725906372,
            -0.03839379921555519
         ],
         "19": [
            0.5177197456359863,
            0.33443599939346313,
            -0.042284026741981506
         ],
         "20": [
            0.5096220374107361,
            0.26916834712028503,
            -0.045004650950431824
         ]
      }
   ]
}