{
   "d": [
      {
         "0": [
            0.5493488311767578,
            0.7607622146606445,
            3.502219669826445e-7
         ],
         "1": [
            0.5103067755699158,
            0.7624621987342834,
            -0.049478523433208466
         ],
         "2": [
            0.4722805619239807,
            0.7375789880752563,
            -0.0885847806930542
         ],
         "3": [
            0.4728943407535553,
            0.7219582796096802,
            -0.12418688833713531
         ],
         "4": [
            0.5041831135749817,
            0.6971349120140076,
            -0.15936851501464844
         ],
         "5": [
            0.46407443284988403,
            0.51778644323349,
            -0.06226865574717522
         ],
         "6": [
            0.4607119560241699,
            0.37160739302635193,
            -0.10358251631259918
         ],
         "7": [
            0.45901966094970703,
            0.27771618962287903,
            -0.1326669156551361
         ],
         "8": [
            0.45842650532722473,
            0.1992422342300415,
            -0.15348154306411743
         ],
         "9": [
            0.5126127600669861,
            0.5120640397071838,
            -0.060796916484832764
         ],
         "10": [
            0.5123965740203857,
            0.45337170362472534,
            -0.11921101063489914
         ],
         "11": [
            0.5162083506584167,
            0.5670335292816162,
            -0.13434891402721405
         ],
         "12": [
            0.5129126906394958,
            0.6444200277328491,
            -0.13280709087848663
         ],
         "13": [
            0.5592930912971497,
            0.5267114639282227,
            -0.06395064294338226
         ],
         "14": [
            0.5599457621574402,
            0.4615902900695801,
            -0.11542653292417526
         ],
         "15": [
            0.5572439432144165,
            0.5722261071205139,
            -0.1041431874036789
         ],
         "16": [
            0.5478991270065308,
            0.6488438844680786,
            -0.08430972695350647
         ],
         "17": [
            0.5994826555252075,
            0.561095654964447,
            -0.07137943059206009
         ],
         "18": [
            0.6016810536384583,
            0.5271021127700806,
            -0.1100301519036293
         ],
         "19": [
            0.5956524014472961,
            0.605617880821228,
            -0.10112961381673813
         ],
         "20": [
            0.5867553353309631,
            0.6580005884170532,
            -0.08480030298233032
         ]
      }
   ]
}