{
   "f": [
      {
         "0": [
            0.5613940358161926,
            0.8552689552307129,
            5.186601015338965e-7
         ],
         "1": [
            0.5133019685745239,
            0.8227079510688782,
            -0.04463711008429527
         ],
         "2": [
            0.4685545265674591,
            0.7099482417106628,
            -0.06500600278377533
         ],
         "3": [
            0.4492805302143097,
            0.5875490307807922,
            -0.08111641556024551
         ],
         "4": [
            0.4425323009490967,
            0.4696078598499298,
            -0.09373793751001358
         ],
         "5": [
            0.4485941529273987,
            0.5381157398223877,
            -0.015302321873605251
         ],
         "6": [
            0.4336620569229126,
            0.42496323585510254,
            -0.047228120267391205
         ],
         "7": [
            0.4386691451072693,
            0.3910815119743347,
            -0.07531871646642685
         ],
         "8": [
            0.4497188329696655,
            0.3753737509250641,
            -0.09183958172798157
         ],
         "9": [
            0.48158180713653564,
            0.49308067560195923,
            -0.011774961836636066
         ],
         "10": [
            0.4488975703716278,
            0.3348274827003479,
            -0.033067379146814346
         ],
         "11": [
            0.4325367510318756,
            0.23184114694595337,
            -0.056078579276800156
         ],
         "12": [
            0.42000335454940796,
            0.1328607201576233,
            -0.07244551926851273
         ],
         "13": [
            0.5244067907333374,
            0.49088114500045776,
            -0.016880013048648834
         ],
         "14": [
            0.5244082808494568,
            0.32066258788108826,
            -0.04733073338866234
         ],
         "15": [
            0.5287570953369141,
            0.2173454761505127,
            -0.0714193806052208
         ],
         "16": [
            0.5280284285545349,
            0.12620636820793152,
            -0.08609319478273392
         ],
         "17": [
            0.5728440284729004,
            0.5159977078437805,
            -0.02543545700609684
         ],
         "18": [
            0.5890582799911499,
            0.37986424565315247,
            -0.05438545346260071
         ],
         "19": [
            0.6025834679603577,
            0.2928287386894226,
            -0.068340964615345
         ],
         "20": [
            0.6082383990287781,
            0.2077125608921051,
            -0.07660139352083206
         ]
      }
   ]
}