{
   "g": [
      {
         "0": [
            0.5590444803237915,
            0.818994402885437,
            -2.3192281162209838e-7
         ],
         "1": [
            0.516787052154541,
            0.6842336654663086,
            -0.025031181052327156
         ],
         "2": [
            0.4719493091106415,
            0.5805726647377014,
            -0.07270245254039764
         ],
         "3": [
            0.4157288670539856,
            0.5228375196456909,
            -0.1166449561715126
         ],
         "4": [
            0.35824763774871826,
            0.45976322889328003,
            -0.16105565428733826
         ],
         "5": [
            0.5760453343391418,
            0.48892563581466675,
            -0.10922088474035263
         ],
         "6": [
            0.48658451437950134,
            0.42764824628829956,
            -0.15864785015583038
         ],
         "7": [
            0.4268176853656769,
            0.3944031000137329,
            -0.180451899766922
         ],
         "8": [
            0.374841570854187,
            0.37091079354286194,
            -0.19449745118618011
         ],
         "9": [
            0.5801094174385071,
            0.5651071071624756,
            -0.12039043754339218
         ],
         "10": [
            0.44450485706329346,
            0.5319464802742004,
            -0.1562400460243225
         ],
         "11": [
            0.45048654079437256,
            0.6097878813743591,
            -0.14099058508872986
         ],
         "12": [
            0.47957056760787964,
            0.6282224655151367,
            -0.13370028138160706
         ],
         "13": [
            0.567881166934967,
            0.649907648563385,
            -0.1326301246881485
         ],
         "14": [
            0.43397411704063416,
            0.6327937245368958,
            -0.1562400460243225
         ],
         "15": [
            0.45296746492385864,
            0.6894049048423767,
            -0.12306579202413559
         ],
         "16": [
            0.487306147813797,
            0.6953545212745667,
            -0.10714749991893768
         ],
         "17": [
            0.5486645698547363,
            0.7276700735092163,
            -0.14781270921230316
         ],
         "18": [
            0.440073698759079,
            0.7118217349052429,
            -0.17068690061569214
         ],
         "19": [
            0.4468010365962982,
            0.7428656816482544,
            -0.15650756657123566
         ],
         "20": [
            0.47298815846443176,
            0.7466714382171631,
            -0.14834778010845184
         ]
      }
   ]
}