{
   "i": [
      {
         "0": [
            0.49172091484069824,
            0.8372807502746582,
            -8.891329343896359e-7
         ],
         "1": [
            0.42039287090301514,
            0.7318968772888184,
            -0.012741719372570515
         ],
         "2": [
            0.38346439599990845,
            0.5448578596115112,
            -0.015337013639509678
         ],
         "3": [
            0.3835606575012207,
            0.4035814106464386,
            -0.02633114904165268
         ],
         "4": [
            0.4110181927680969,
            0.3092935085296631,
            -0.02822219207882881
         ],
         "5": [
            0.4393797814846039,
            0.4210522472858429,
            0.0334649458527565
         ],
         "6": [
            0.4417194128036499,
            0.3075859248638153,
            -0.008868341334164143
         ],
         "7": [
            0.43181613087654114,
            0.42689958214759827,
            -0.026996273547410965
         ],
         "8": [
            0.43170055747032166,
            0.5104796290397644,
            -0.02678760699927807
         ],
         "9": [
            0.4792468547821045,
            0.43450888991355896,
            0.02570514939725399
         ],
         "10": [
            0.48225829005241394,
            0.32932621240615845,
            -0.03077835962176323
         ],
         "11": [
            0.46454018354415894,
            0.4747275412082672,
            -0.04431562125682831
         ],
         "12": [
            0.4593510627746582,
            0.5633974075317383,
            -0.03270852938294411
         ],
         "13": [
            0.5200198888778687,
            0.4595053493976593,
            0.008979195728898048
         ],
         "14": [
            0.5219858884811401,
            0.3603391647338867,
            -0.04332445561885834
         ],
         "15": [
            0.5002962946891785,
            0.49945682287216187,
            -0.035603784024715424
         ],
         "16": [
            0.4902677536010742,
            0.5964728593826294,
            -0.007864132523536682
         ],
         "17": [
            0.5587221384048462,
            0.4893956482410431,
            -0.009722570888698101
         ],
         "18": [
            0.5736883282661438,
            0.35636788606643677,
            -0.033647529780864716
         ],
         "19": [
            0.568540632724762,
            0.2686704397201538,
            -0.03249986097216606
         ],
         "20": [
            0.5641123056411743,
            0.18345406651496887,
            -0.020423268899321556
         ]
      }
   ]
}