{
   "l": [
      {
         "0": [
            0.575037956237793,
            0.8328656554222107,
            -2.7042631245421944e-8
         ],
         "1": [
            0.5068028569221497,
            0.8237920999526978,
            -0.05382624641060829
         ],
         "2": [
            0.43301528692245483,
            0.7437441349029541,
            -0.08760056644678116
         ],
         "3": [
            0.3703882694244385,
            0.6659707427024841,
            -0.11869118362665176
         ],
         "4": [
            0.3090725839138031,
            0.622521162033081,
            -0.14755378663539886
         ],
         "5": [
            0.4478185176849365,
            0.510910153388977,
            -0.05175016447901726
         ],
         "6": [
            0.4497266411781311,
            0.36008673906326294,
            -0.09646189957857132
         ],
         "7": [
            0.4604898989200592,
            0.25929519534111023,
            -0.12081790715456009
         ],
         "8": [
            0.47200995683670044,
            0.16524738073349,
            -0.13570493459701538
         ],
         "9": [
            0.49603673815727234,
            0.4842056930065155,
            -0.0463574156165123
         ],
         "10": [
            0.5344296097755432,
            0.48119285702705383,
            -0.10775376856327057
         ],
         "11": [
            0.5412880778312683,
            0.6235664486885071,
            -0.11636190861463547
         ],
         "12": [
            0.5269493460655212,
            0.661766529083252,
            -0.10886775702238083
         ],
         "13": [
            0.5491430163383484,
            0.4850607216358185,
            -0.047724585980176926
         ],
         "14": [
            0.586702287197113,
            0.4918842613697052,
            -0.11261484026908875
         ],
         "15": [
            0.582649290561676,
            0.618220329284668,
            -0.10031025111675262
         ],
         "16": [
            0.5612111687660217,
            0.6451976299285889,
            -0.07671379297971725
         ],
         "17": [
            0.6005980372428894,
            0.5000168681144714,
            -0.053016066551208496
         ],
         "18": [
            0.6289616823196411,
            0.48345428705215454,
            -0.09357564151287079
         ],
         "19": [
            0.6224867701530457,
            0.5824025273323059,
            -0.0802076905965805
         ],
         "20": [
            0.6032413840293884,
            0.6171523332595825,
            -0.05959876626729965
         ]
      }
   ]
}