{
   "m": [
      {
         "0": [
            0.5657656788825989,
            0.7483004331588745,
            -8.693824611327727e-7
         ],
         "1": [
            0.48862922191619873,
            0.6650936603546143,
            -0.022390253841876984
         ],
         "2": [
            0.4514210522174835,
            0.49575746059417725,
            -0.03198263421654701
         ],
         "3": [
            0.4711746871471405,
            0.4154825210571289,
            -0.04311750829219818
         ],
         "4": [
            0.511101484298706,
            0.41092169284820557,
            -0.048178818076848984
         ],
         "5": [
            0.5064823627471924,
            0.3033449351787567,
            -0.003437470644712448
         ],
         "6": [
            0.49174755811691284,
            0.2618635892868042,
            -0.0515771210193634
         ],
         "7": [
            0.4908508062362671,
            0.40332016348838806,
            -0.08208957314491272
         ],
         "8": [
            0.4944450855255127,
            0.4933382272720337,
            -0.09717708081007004
         ],
         "9": [
            0.5682022571563721,
            0.3063580095767975,
            -0.013291954062879086
         ],
         "10": [
            0.5475281476974487,
            0.27844053506851196,
            -0.06618260592222214
         ],
         "11": [
            0.5364401340484619,
            0.4453469514846802,
            -0.08078809082508087
         ],
         "12": [
            0.5322959423065186,
            0.5308348536491394,
            -0.07678724080324173
         ],
         "13": [
            0.6239684224128723,
            0.34765303134918213,
            -0.03104267828166485
         ],
         "14": [
            0.6083827018737793,
            0.31936967372894287,
            -0.07948660850524902
         ],
         "15": [
            0.585058331489563,
            0.4774322807788849,
            -0.0749073326587677
         ],
         "16": [
            0.569126546382904,
            0.5515965223312378,
            -0.06015724316239357
         ],
         "17": [
            0.6743045449256897,
            0.4107420742511749,
            -0.05196274444460869
         ],
         "18": [
            0.6485245823860168,
            0.4892025887966156,
            -0.08744008839130402
         ],
         "19": [
            0.6044468879699707,
            0.6053423881530762,
            -0.08898258209228516
         ],
         "20": [
            0.5748864412307739,
            0.6426743865013123,
            -0.08160754293203354
         ]
      }
   ]
}