{
   "m": [
      {
         "0": [
            0.572518527507782,
            0.7334688901901245,
            -7.931218419798824e-7
         ],
         "1": [
            0.4956999123096466,
            0.6856579780578613,
            -0.02076217345893383
         ],
         "2": [
            0.440657377243042,
            0.5288572907447815,
            -0.02676336281001568
         ],
         "3": [
            0.4569612741470337,
            0.44010797142982483,
            -0.03532956913113594
         ],
         "4": [
            0.4957837164402008,
            0.40792256593704224,
            -0.03813657909631729
         ],
         "5": [
            0.4627939760684967,
            0.37154072523117065,
            0.003408940974622965
         ],
         "6": [
            0.45106813311576843,
            0.27657830715179443,
            -0.039031919091939926
         ],
         "7": [
            0.46628889441490173,
            0.3995824456214905,
            -0.0664486363530159
         ],
         "8": [
            0.48074430227279663,
            0.48944300413131714,
            -0.07932215183973312
         ],
         "9": [
            0.5159769654273987,
            0.354753702878952,
            -0.005105849355459213
         ],
         "10": [
            0.5021296143531799,
            0.2717509865760803,
            -0.05507541447877884
         ],
         "11": [
            0.5119271874427795,
            0.4264340102672577,
            -0.07022357732057571
         ],
         "12": [
            0.5189743638038635,
            0.5203166604042053,
            -0.06581947952508926
         ],
         "13": [
            0.5694043636322021,
            0.36277562379837036,
            -0.021088851615786552
         ],
         "14": [
            0.557054877281189,
            0.27299952507019043,
            -0.06475474685430527
         ],
         "15": [
            0.556191086769104,
            0.4304792881011963,
            -0.05802761763334274
         ],
         "16": [
            0.5510299801826477,
            0.5224937200546265,
            -0.0413549579679966
         ],
         "17": [
            0.622805655002594,
            0.3908711373806,
            -0.04012084752321243
         ],
         "18": [
            0.6128841042518616,
            0.3973069190979004,
            -0.07114311307668686
         ],
         "19": [
            0.5948520302772522,
            0.5227497220039368,
            -0.06722298264503479
         ],
         "20": [
            0.5787111520767212,
            0.5841920375823975,
            -0.055946554988622665
         ]
      }
   ]
}