{
   "m-DGS": [
      {
         "0": [
            0.4844978153705597,
            0.10511016845703125,
            -8.684394856572908e-7
         ],
         "1": [
            0.42870455980300903,
            0.20062148571014404,
            -0.030543578788638115
         ],
         "2": [
            0.419079065322876,
            0.3543778657913208,
            -0.08301816135644913
         ],
         "3": [
            0.45057985186576843,
            0.48742014169692993,
            -0.135492742061615
         ],
         "4": [
            0.47326475381851196,
            0.5781917572021484,
            -0.19231800734996796
         ],
         "5": [
            0.41616976261138916,
            0.30394506454467773,
            -0.14676900207996368
         ],
         "6": [
            0.42951545119285583,
            0.5196433663368225,
            -0.2095431536436081
         ],
         "7": [
            0.4509427845478058,
            0.6655230522155762,
            -0.2434607446193695
         ],
         "8": [
            0.4673140347003937,
            0.7768396139144897,
            -0.25873252749443054
         ],
         "9": [
            0.47205430269241333,
            0.27079394459724426,
            -0.155292809009552
         ],
         "10": [
            0.4878856837749481,
            0.536658763885498,
            -0.2134498953819275
         ],
         "11": [
            0.49590232968330383,
            0.7023540735244751,
            -0.22357189655303955
         ],
         "12": [
            0.5017826557159424,
            0.8113166093826294,
            -0.22907686233520508
         ],
         "13": [
            0.529061496257782,
            0.2533622980117798,
            -0.15911073982715607
         ],
         "14": [
            0.539002537727356,
            0.5114526748657227,
            -0.20386064052581787
         ],
         "15": [
            0.5329958200454712,
            0.6584926843643188,
            -0.19338347017765045
         ],
         "16": [
            0.5284605026245117,
            0.7575145363807678,
            -0.18166325986385345
         ],
         "17": [
            0.5802791118621826,
            0.24662627279758453,
            -0.16532601416110992
         ],
         "18": [
            0.5803841352462769,
            0.4077720642089844,
            -0.18255116045475006
         ],
         "19": [
            0.5687199234962463,
            0.46634721755981445,
            -0.16736815869808197
         ],
         "20": [
            0.5595719218254089,
            0.5004633069038391,
            -0.1569797843694687
         ]
      }
   ]
}