{
   "n": [
      {
         "0": [
            0.536741316318512,
            0.625093400478363,
            -4.034673111164011e-7
         ],
         "1": [
            0.4792173206806183,
            0.5822791457176208,
            -0.0348060205578804
         ],
         "2": [
            0.4438124895095825,
            0.4691847562789917,
            -0.05296143516898155
         ],
         "3": [
            0.4676136374473572,
            0.36905136704444885,
            -0.0678531751036644
         ],
         "4": [
            0.5039240717887878,
            0.3226041793823242,
            -0.07727288454771042
         ],
         "5": [
            0.4705207049846649,
            0.31233787536621094,
            -0.03296898305416107
         ],
         "6": [
            0.5023753643035889,
            0.23424360156059265,
            -0.07590487599372864
         ],
         "7": [
            0.5156081318855286,
            0.3312239646911621,
            -0.10037267953157425
         ],
         "8": [
            0.5155948400497437,
            0.4142724871635437,
            -0.11037866771221161
         ],
         "9": [
            0.5216811299324036,
            0.30997365713119507,
            -0.030858341604471207
         ],
         "10": [
            0.5530259609222412,
            0.24271658062934875,
            -0.08215862512588501
         ],
         "11": [
            0.5542492866516113,
            0.3714282214641571,
            -0.0948224738240242
         ],
         "12": [
            0.5447165369987488,
            0.4660570025444031,
            -0.0888032391667366
         ],
         "13": [
            0.5649630427360535,
            0.3280688226222992,
            -0.03429790586233139
         ],
         "14": [
            0.5939446687698364,
            0.32481318712234497,
            -0.08153325319290161
         ],
         "15": [
            0.5806882381439209,
            0.4487711191177368,
            -0.0770774558186531
         ],
         "16": [
            0.5588767528533936,
            0.5266059637069702,
            -0.059215184301137924
         ],
         "17": [
            0.6001376509666443,
            0.36263585090637207,
            -0.040571197867393494
         ],
         "18": [
            0.6211644411087036,
            0.378510445356369,
            -0.07129274308681488
         ],
         "19": [
            0.6051280498504639,
            0.46715888381004333,
            -0.066602423787117
         ],
         "20": [
            0.5836070775985718,
            0.5171842575073242,
            -0.05319595709443092
         ]
      }
   ]
}