{
   "n-DGS": [
      {
         "0": [
            0.5510026812553406,
            0.20386555790901184,
            -6.082866548240418e-7
         ],
         "1": [
            0.5025990605354309,
            0.23572787642478943,
            -0.010252590291202068
         ],
         "2": [
            0.4660780727863312,
            0.31952938437461853,
            -0.03950013592839241
         ],
         "3": [
            0.46014484763145447,
            0.42752155661582947,
            -0.06947024911642075
         ],
         "4": [
            0.458111435174942,
            0.5160526037216187,
            -0.10269515216350555
         ],
         "5": [
            0.4717041254043579,
            0.28619250655174255,
            -0.07629229128360748
         ],
         "6": [
            0.4657933712005615,
            0.43825647234916687,
            -0.10956926643848419
         ],
         "7": [
            0.4708123207092285,
            0.5365709066390991,
            -0.12800440192222595
         ],
         "8": [
            0.47307485342025757,
            0.6041396856307983,
            -0.13696157932281494
         ],
         "9": [
            0.5155988335609436,
            0.30223512649536133,
            -0.08743669837713242
         ],
         "10": [
            0.5097379088401794,
            0.4761107861995697,
            -0.11623508483171463
         ],
         "11": [
            0.5056651830673218,
            0.573931097984314,
            -0.12071366608142853
         ],
         "12": [
            0.5007862448692322,
            0.6373592615127563,
            -0.12362995743751526
         ],
         "13": [
            0.55830317735672,
            0.3226330578327179,
            -0.09509196132421494
         ],
         "14": [
            0.5542677640914917,
            0.4777315855026245,
            -0.12154689431190491
         ],
         "15": [
            0.5482093095779419,
            0.5584248304367065,
            -0.11613092571496964
         ],
         "16": [
            0.5422468781471252,
            0.6097319722175598,
            -0.1093609631061554
         ],
         "17": [
            0.5974216461181641,
            0.3428904712200165,
            -0.10295552760362625
         ],
         "18": [
            0.5948797464370728,
            0.4611223638057709,
            -0.11956798285245895
         ],
         "19": [
            0.5877721905708313,
            0.5261315703392029,
            -0.10967342555522919
         ],
         "20": [
            0.5826788544654846,
            0.5679036974906921,
            -0.1005600094795227
         ]
      }
   ]
}