{
   "n-DGS": [
      {
         "0": [
            0.5510740876197815,
            0.2815002202987671,
            -7.736730935903324e-7
         ],
         "1": [
            0.5033673048019409,
            0.30497801303863525,
            -0.0205078087747097
         ],
         "2": [
            0.4758327007293701,
            0.3722977042198181,
            -0.04826715216040611
         ],
         "3": [
            0.4817659854888916,
            0.46670278906822205,
            -0.0734325721859932
         ],
         "4": [
            0.4900951683521271,
            0.5400667190551758,
            -0.0993431955575943
         ],
         "5": [
            0.4888404309749603,
            0.31802481412887573,
            -0.07899303734302521
         ],
         "6": [
            0.4950737953186035,
            0.513997495174408,
            -0.11321570724248886
         ],
         "7": [
            0.5039258003234863,
            0.6422763466835022,
            -0.13127289712429047
         ],
         "8": [
            0.5089417695999146,
            0.7287653088569641,
            -0.13872507214546204
         ],
         "9": [
            0.5392574071884155,
            0.3277074098587036,
            -0.08289109170436859
         ],
         "10": [
            0.534517228603363,
            0.5358461141586304,
            -0.11550869047641754
         ],
         "11": [
            0.5385988354682922,
            0.6617035269737244,
            -0.11688446998596191
         ],
         "12": [
            0.5428987741470337,
            0.7381274104118347,
            -0.11367429792881012
         ],
         "13": [
            0.5844174027442932,
            0.347456157207489,
            -0.08495477586984634
         ],
         "14": [
            0.5749426484107971,
            0.5143944025039673,
            -0.10731129348278046
         ],
         "15": [
            0.5609009861946106,
            0.565345048904419,
            -0.09705023467540741
         ],
         "16": [
            0.5489599704742432,
            0.5787624716758728,
            -0.08690380305051804
         ],
         "17": [
            0.6198679208755493,
            0.368106871843338,
            -0.08868086338043213
         ],
         "18": [
            0.6072444319725037,
            0.4918709993362427,
            -0.10031772404909134
         ],
         "19": [
            0.5906808972358704,
            0.5283735990524292,
            -0.08913945406675339
         ],
         "20": [
            0.5769917368888855,
            0.5364202260971069,
            -0.07887838780879974
         ]
      }
   ]
}