{
   "p": [
      {
         "0": [
            0.571398138999939,
            0.6022050976753235,
            -8.02422903234401e-7
         ],
         "1": [
            0.5283251404762268,
            0.5802009105682373,
            -0.03847271203994751
         ],
         "2": [
            0.47660893201828003,
            0.514244019985199,
            -0.06856801360845566
         ],
         "3": [
            0.44610798358917236,
            0.4841505289077759,
            -0.09362984448671341
         ],
         "4": [
            0.4296759068965912,
            0.44881540536880493,
            -0.11383417248725891
         ],
         "5": [
            0.4848422110080719,
            0.28481748700141907,
            -0.057057879865169525
         ],
         "6": [
            0.45335400104522705,
            0.3321153521537781,
            -0.11137023568153381
         ],
         "7": [
            0.42400673031806946,
            0.34577545523643494,
            -0.15248288214206696
         ],
         "8": [
            0.39122438430786133,
            0.3593441843986511,
            -0.17768551409244537
         ],
         "9": [
            0.5422424674034119,
            0.25064370036125183,
            -0.05867704376578331
         ],
         "10": [
            0.49516528844833374,
            0.4910709857940674,
            -0.12735065817832947
         ],
         "11": [
            0.4850313365459442,
            0.6516536474227905,
            -0.1422751247882843
         ],
         "12": [
            0.4833714962005615,
            0.7555015087127686,
            -0.1350240856409073
         ],
         "13": [
            0.5997094511985779,
            0.2890757620334625,
            -0.06515369564294815
         ],
         "14": [
            0.5631788372993469,
            0.5077215433120728,
            -0.115453340113163
         ],
         "15": [
            0.562502920627594,
            0.5345790982246399,
            -0.09623458236455917
         ],
         "16": [
            0.5663256049156189,
            0.5086075067520142,
            -0.07067997008562088
         ],
         "17": [
            0.6505314111709595,
            0.3542066514492035,
            -0.07652303576469421
         ],
         "18": [
            0.6255090832710266,
            0.5170006155967712,
            -0.10932868719100952
         ],
         "19": [
            0.6229672431945801,
            0.5514299869537354,
            -0.0925738662481308
         ],
         "20": [
            0.6313655376434326,
            0.5171564221382141,
            -0.06902560591697693
         ]
      }
   ]
}