{
   "p": [
      {
         "0": [
            0.5572006106376648,
            0.6870226860046387,
            -9.98559130493959e-7
         ],
         "1": [
            0.4894762337207794,
            0.641999363899231,
            -0.03243871033191681
         ],
         "2": [
            0.4323299527168274,
            0.5371767282485962,
            -0.05329062044620514
         ],
         "3": [
            0.4002789556980133,
            0.4537142515182495,
            -0.07147365808486938
         ],
         "4": [
            0.37909403443336487,
            0.36676788330078125,
            -0.08774726092815399
         ],
         "5": [
            0.4641167223453522,
            0.29384174942970276,
            -0.040749095380306244
         ],
         "6": [
            0.3935241103172302,
            0.2820085287094116,
            -0.09139254689216614
         ],
         "7": [
            0.345119446516037,
            0.25981324911117554,
            -0.13140390813350677
         ],
         "8": [
            0.29551613330841064,
            0.2372225970029831,
            -0.15813599526882172
         ],
         "9": [
            0.5213192701339722,
            0.2582714557647705,
            -0.046737782657146454
         ],
         "10": [
            0.44145578145980835,
            0.42140835523605347,
            -0.11821143329143524
         ],
         "11": [
            0.4051310420036316,
            0.5939001441001892,
            -0.14043031632900238
         ],
         "12": [
            0.3763951063156128,
            0.7122447490692139,
            -0.13800013065338135
         ],
         "13": [
            0.5808228850364685,
            0.29521262645721436,
            -0.057586848735809326
         ],
         "14": [
            0.5228151082992554,
            0.4886951446533203,
            -0.10961897671222687
         ],
         "15": [
            0.5392742156982422,
            0.5755436420440674,
            -0.09694726020097733
         ],
         "16": [
            0.5599166750907898,
            0.5929646492004395,
            -0.07537931948900223
         ],
         "17": [
            0.6304493546485901,
            0.3649227023124695,
            -0.07320950925350189
         ],
         "18": [
            0.583413302898407,
            0.5207985043525696,
            -0.10345670580863953
         ],
         "19": [
            0.5884530544281006,
            0.5894870758056641,
            -0.09087178856134415
         ],
         "20": [
            0.6064420342445374,
            0.5861397981643677,
            -0.07151705026626587
         ]
      }
   ]
}