{
   "s": [
      {
         "0": [
            0.49058982729911804,
            0.6855595111846924,
            -5.229610451351618e-7
         ],
         "1": [
            0.4296131134033203,
            0.5752546191215515,
            -0.013908129185438156
         ],
         "2": [
            0.40719157457351685,
            0.4149775207042694,
            -0.019010862335562706
         ],
         "3": [
            0.45291954278945923,
            0.3184441924095154,
            -0.029551882296800613
         ],
         "4": [
            0.5094360113143921,
            0.2977558672428131,
            -0.035568706691265106
         ],
         "5": [
            0.4380456805229187,
            0.34002089500427246,
            0.021116752177476883
         ],
         "6": [
            0.4290798008441925,
            0.22957450151443481,
            -0.00871282909065485
         ],
         "7": [
            0.4252220690250397,
            0.3258887529373169,
            -0.026913732290267944
         ],
         "8": [
            0.4341627359390259,
            0.37503793835639954,
            -0.035614993423223495
         ],
         "9": [
            0.4792576730251312,
            0.33648473024368286,
            0.012079938314855099
         ],
         "10": [
            0.476316899061203,
            0.21765778958797455,
            -0.020769625902175903
         ],
         "11": [
            0.4628412127494812,
            0.3267925977706909,
            -0.030246131122112274
         ],
         "12": [
            0.4695852994918823,
            0.3718734085559845,
            -0.02594178356230259
         ],
         "13": [
            0.5202318429946899,
            0.3526345193386078,
            -0.004249385092407465
         ],
         "14": [
            0.5231414437294006,
            0.22970831394195557,
            -0.03244458884000778
         ],
         "15": [
            0.5015100240707397,
            0.33013850450515747,
            -0.023511910811066628
         ],
         "16": [
            0.502956211566925,
            0.37628793716430664,
            -0.007862373255193233
         ],
         "17": [
            0.5615844130516052,
            0.38409990072250366,
            -0.02369704656302929
         ],
         "18": [
            0.5528888702392578,
            0.2942984402179718,
            -0.03575384244322777
         ],
         "19": [
            0.5323167443275452,
            0.36452722549438477,
            -0.02361604943871498
         ],
         "20": [
            0.53400719165802,
            0.40983128547668457,
            -0.00979470182210207
         ]
      }
   ]
}