{
   "s": [
      {
         "0": [
            0.5118646025657654,
            0.7123702168464661,
            -4.5813311544407043e-7
         ],
         "1": [
            0.4554627537727356,
            0.6316701173782349,
            -0.025707699358463287
         ],
         "2": [
            0.43215107917785645,
            0.49789944291114807,
            -0.03880608081817627
         ],
         "3": [
            0.48912352323532104,
            0.4340599775314331,
            -0.052563633769750595
         ],
         "4": [
            0.5535508394241333,
            0.4281662404537201,
            -0.06234489381313324
         ],
         "5": [
            0.45904019474983215,
            0.36837494373321533,
            -0.0019296722020953894
         ],
         "6": [
            0.4522138833999634,
            0.29462873935699463,
            -0.03912503644824028
         ],
         "7": [
            0.45005449652671814,
            0.3684753179550171,
            -0.06519421935081482
         ],
         "8": [
            0.4550963044166565,
            0.4282754063606262,
            -0.07918567210435867
         ],
         "9": [
            0.5087733268737793,
            0.36974212527275085,
            -0.006682088132947683
         ],
         "10": [
            0.511664092540741,
            0.2917262017726898,
            -0.04686499014496803
         ],
         "11": [
            0.5059190392494202,
            0.3832629919052124,
            -0.0635356530547142
         ],
         "12": [
            0.509108304977417,
            0.43906205892562866,
            -0.06468389183282852
         ],
         "13": [
            0.5534778833389282,
            0.39810675382614136,
            -0.018828922882676125
         ],
         "14": [
            0.5701440572738647,
            0.32113319635391235,
            -0.053159017115831375
         ],
         "15": [
            0.5591233968734741,
            0.3812521994113922,
            -0.05749678984284401
         ],
         "16": [
            0.5550020337104797,
            0.40600842237472534,
            -0.05269121751189232
         ],
         "17": [
            0.5962021946907043,
            0.44939103722572327,
            -0.03417061269283295
         ],
         "18": [
            0.6068015694618225,
            0.4217882752418518,
            -0.05630602687597275
         ],
         "19": [
            0.5855828523635864,
            0.476025253534317,
            -0.056858886033296585
         ],
         "20": [
            0.5700477957725525,
            0.5020098686218262,
            -0.05264868959784508
         ]
      }
   ]
}