{
   "s": [
      {
         "0": [
            0.5280833840370178,
            0.7232704758644104,
            -5.150175752532959e-7
         ],
         "1": [
            0.48086392879486084,
            0.6579900979995728,
            -0.04566839709877968
         ],
         "2": [
            0.469244122505188,
            0.5281223058700562,
            -0.06609024107456207
         ],
         "3": [
            0.535032331943512,
            0.4513286352157593,
            -0.08122985064983368
         ],
         "4": [
            0.6025032997131348,
            0.42969149351119995,
            -0.08676163107156754
         ],
         "5": [
            0.4617210328578949,
            0.34711524844169617,
            -0.02030746266245842
         ],
         "6": [
            0.4834117591381073,
            0.31702399253845215,
            -0.054985079914331436
         ],
         "7": [
            0.4851257801055908,
            0.42337870597839355,
            -0.07474144548177719
         ],
         "8": [
            0.4819621443748474,
            0.455040842294693,
            -0.08667844533920288
         ],
         "9": [
            0.516161322593689,
            0.3364698886871338,
            -0.014806875959038734
         ],
         "10": [
            0.5423589944839478,
            0.31471744179725647,
            -0.05032673850655556
         ],
         "11": [
            0.5364041328430176,
            0.42495855689048767,
            -0.058104507625103
         ],
         "12": [
            0.5273191332817078,
            0.4421800971031189,
            -0.0552346333861351
         ],
         "13": [
            0.5662363767623901,
            0.3670199513435364,
            -0.017770329490303993
         ],
         "14": [
            0.5956331491470337,
            0.31621116399765015,
            -0.05211520940065384
         ],
         "15": [
            0.589992880821228,
            0.39088353514671326,
            -0.04816393926739693
         ],
         "16": [
            0.5804257392883301,
            0.39224448800086975,
            -0.03845212236046791
         ],
         "17": [
            0.6130284667015076,
            0.4204670488834381,
            -0.025537701323628426
         ],
         "18": [
            0.640872061252594,
            0.39248064160346985,
            -0.05232317000627518
         ],
         "19": [
            0.6282178163528442,
            0.44090771675109863,
            -0.05140813812613487
         ],
         "20": [
            0.608323872089386,
            0.4465068578720093,
            -0.04417107254266739
         ]
      }
   ]
}