{
   "sch": [
      {
         "0": [
            0.6233878135681152,
            0.9133173227310181,
            5.736857815463736e-7
         ],
         "1": [
            0.555822491645813,
            0.8903810977935791,
            -0.05281089246273041
         ],
         "2": [
            0.49810275435447693,
            0.8155220746994019,
            -0.08332324028015137
         ],
         "3": [
            0.4651082456111908,
            0.7349605560302734,
            -0.10759761184453964
         ],
         "4": [
            0.43182337284088135,
            0.6586980819702148,
            -0.1313074678182602
         ],
         "5": [
            0.5503202676773071,
            0.5567638278007507,
            -0.06232306733727455
         ],
         "6": [
            0.5211222171783447,
            0.39918696880340576,
            -0.09704107791185379
         ],
         "7": [
            0.5034028887748718,
            0.2999154329299927,
            -0.12475904077291489
         ],
         "8": [
            0.49261224269866943,
            0.20731279253959656,
            -0.14519467949867249
         ],
         "9": [
            0.5987536907196045,
            0.519298791885376,
            -0.060234345495700836
         ],
         "10": [
            0.5882648825645447,
            0.3403424024581909,
            -0.09100071340799332
         ],
         "11": [
            0.5827425718307495,
            0.22266429662704468,
            -0.11685575544834137
         ],
         "12": [
            0.5803508758544922,
            0.11433690786361694,
            -0.13661397993564606
         ],
         "13": [
            0.6435958743095398,
            0.5276005268096924,
            -0.06328275054693222
         ],
         "14": [
            0.6601728200912476,
            0.36281275749206543,
            -0.0940491259098053
         ],
         "15": [
            0.6697962880134583,
            0.2563540041446686,
            -0.11550089716911316
         ],
         "16": [
            0.6748298406600952,
            0.16082322597503662,
            -0.13063006103038788
         ],
         "17": [
            0.6848874092102051,
            0.568660318851471,
            -0.07090378552675247
         ],
         "18": [
            0.7116125822067261,
            0.4435097575187683,
            -0.09794431924819946
         ],
         "19": [
            0.7263635396957397,
            0.359780490398407,
            -0.11098474264144897
         ],
         "20": [
            0.7380122542381287,
            0.2783105671405792,
            -0.11990416049957275
         ]
      }
   ]
}