{
   "sch": [
      {
         "0": [
            0.567923367023468,
            0.9017878770828247,
            4.796963253284048e-7
         ],
         "1": [
            0.49829190969467163,
            0.8195379972457886,
            -0.03399326652288437
         ],
         "2": [
            0.4414687752723694,
            0.7003166079521179,
            -0.05591706931591034
         ],
         "3": [
            0.3987067937850952,
            0.605242908000946,
            -0.07565418630838394
         ],
         "4": [
            0.36108213663101196,
            0.5231576561927795,
            -0.09587406367063522
         ],
         "5": [
            0.5129700303077698,
            0.5053315758705139,
            -0.03538480028510094
         ],
         "6": [
            0.49330368638038635,
            0.34810972213745117,
            -0.06560103595256805
         ],
         "7": [
            0.481061190366745,
            0.25134068727493286,
            -0.09042151272296906
         ],
         "8": [
            0.47404974699020386,
            0.16253674030303955,
            -0.1091078668832779
         ],
         "9": [
            0.561485767364502,
            0.4929240345954895,
            -0.04310925677418709
         ],
         "10": [
            0.5594753623008728,
            0.3159438371658325,
            -0.07173515856266022
         ],
         "11": [
            0.5554423332214355,
            0.19994118809700012,
            -0.09632845222949982
         ],
         "12": [
            0.5510994791984558,
            0.09739148616790771,
            -0.11444683372974396
         ],
         "13": [
            0.6056404709815979,
            0.5221989154815674,
            -0.055661484599113464
         ],
         "14": [
            0.6300786733627319,
            0.3602607846260071,
            -0.08724085986614227
         ],
         "15": [
            0.6423298120498657,
            0.24999046325683594,
            -0.10802871733903885
         ],
         "16": [
            0.6489207744598389,
            0.14877590537071228,
            -0.12211447954177856
         ],
         "17": [
            0.6452526450157166,
            0.5828061699867249,
            -0.07076960057020187
         ],
         "18": [
            0.6809982061386108,
            0.46427011489868164,
            -0.09888432919979095
         ],
         "19": [
            0.7024197578430176,
            0.3792285919189453,
            -0.11052780598402023
         ],
         "20": [
            0.7180451154708862,
            0.295480340719223,
            -0.11825225502252579
         ]
      }
   ]
}