{
   "t": [
      {
         "0": [
            0.5387827754020691,
            0.6452094316482544,
            -8.049211714933335e-7
         ],
         "1": [
            0.4629893898963928,
            0.6059902906417847,
            -0.017504528164863586
         ],
         "2": [
            0.4119686782360077,
            0.4718497395515442,
            -0.028627850115299225
         ],
         "3": [
            0.41919609904289246,
            0.3407491147518158,
            -0.04426806420087814
         ],
         "4": [
            0.4453797936439514,
            0.24913299083709717,
            -0.055554043501615524
         ],
         "5": [
            0.42164409160614014,
            0.3448651432991028,
            -0.007106913719326258
         ],
         "6": [
            0.391615629196167,
            0.19983099400997162,
            -0.053902436047792435
         ],
         "7": [
            0.40107661485671997,
            0.25875741243362427,
            -0.07987770438194275
         ],
         "8": [
            0.41411256790161133,
            0.34029799699783325,
            -0.08803564310073853
         ],
         "9": [
            0.4715672731399536,
            0.32950493693351746,
            -0.015139727853238583
         ],
         "10": [
            0.4617443084716797,
            0.2775624394416809,
            -0.0673154816031456
         ],
         "11": [
            0.4781821370124817,
            0.40448373556137085,
            -0.07817604392766953
         ],
         "12": [
            0.4896600544452667,
            0.48832955956459045,
            -0.07131937891244888
         ],
         "13": [
            0.5202200412750244,
            0.33032792806625366,
            -0.030129309743642807
         ],
         "14": [
            0.5119510293006897,
            0.3066863715648651,
            -0.07597391307353973
         ],
         "15": [
            0.5192915797233582,
            0.4328812062740326,
            -0.06451275199651718
         ],
         "16": [
            0.5240477323532104,
            0.504865288734436,
            -0.043242067098617554
         ],
         "17": [
            0.5687028169631958,
            0.3413679599761963,
            -0.04747118055820465
         ],
         "18": [
            0.5556004643440247,
            0.3207740783691406,
            -0.06991801410913467
         ],
         "19": [
            0.5543109774589539,
            0.4122546911239624,
            -0.055303800851106644
         ],
         "20": [
            0.557879626750946,
            0.4599679112434387,
            -0.03631032258272171
         ]
      }
   ]
}