{
   "y": [
      {
         "0": [
            0.5328995585441589,
            0.8772427439689636,
            -6.452268621615076e-7
         ],
         "1": [
            0.4623557925224304,
            0.816403865814209,
            -0.024939706549048424
         ],
         "2": [
            0.39914005994796753,
            0.6926309466362,
            -0.0339723564684391
         ],
         "3": [
            0.3580929934978485,
            0.592341423034668,
            -0.04492344334721565
         ],
         "4": [
            0.3248865604400635,
            0.5287659168243408,
            -0.04884025454521179
         ],
         "5": [
            0.46123072504997253,
            0.5759662389755249,
            0.00413163797929883
         ],
         "6": [
            0.46307268738746643,
            0.5036739110946655,
            -0.025858957320451736
         ],
         "7": [
            0.4698468744754791,
            0.6074603796005249,
            -0.04034716635942459
         ],
         "8": [
            0.4696953594684601,
            0.6681121587753296,
            -0.04400419443845749
         ],
         "9": [
            0.5025045275688171,
            0.5626096129417419,
            0.0060700601898133755
         ],
         "10": [
            0.5030921697616577,
            0.5011252164840698,
            -0.03445196524262428
         ],
         "11": [
            0.5022271275520325,
            0.6233015060424805,
            -0.047041717916727066
         ],
         "12": [
            0.49558693170547485,
            0.6788461208343506,
            -0.044643670320510864
         ],
         "13": [
            0.5409549474716187,
            0.5677306056022644,
            0.0017785527743399143
         ],
         "14": [
            0.5433499217033386,
            0.4931805729866028,
            -0.03752945736050606
         ],
         "15": [
            0.5375518202781677,
            0.6037408709526062,
            -0.03335285931825638
         ],
         "16": [
            0.5289018750190735,
            0.6703335642814636,
            -0.016696413978934288
         ],
         "17": [
            0.5739646553993225,
            0.5833715200424194,
            -0.00428901007398963
         ],
         "18": [
            0.5784679651260376,
            0.4806250035762787,
            -0.022321835160255432
         ],
         "19": [
            0.5793973207473755,
            0.41995710134506226,
            -0.020843038335442543
         ],
         "20": [
            0.5781075954437256,
            0.352708637714386,
            -0.01324921939522028
         ]
      }
   ]
}