{
   "y": [
      {
         "0": [
            0.5532927513122559,
            0.8991310596466064,
            -6.194092634359549e-7
         ],
         "1": [
            0.48515528440475464,
            0.8650142550468445,
            -0.047025758773088455
         ],
         "2": [
            0.4267260730266571,
            0.7692790031433105,
            -0.06905429810285568
         ],
         "3": [
            0.38071972131729126,
            0.6800309419631958,
            -0.0859629213809967
         ],
         "4": [
            0.3320784270763397,
            0.629753053188324,
            -0.09405151754617691
         ],
         "5": [
            0.4498037099838257,
            0.5748302936553955,
            -0.03799062222242355
         ],
         "6": [
            0.4947601854801178,
            0.5541908740997314,
            -0.06328901648521423
         ],
         "7": [
            0.5021856427192688,
            0.6609719395637512,
            -0.06668794900178909
         ],
         "8": [
            0.4861029386520386,
            0.704988420009613,
            -0.06569838523864746
         ],
         "9": [
            0.496491402387619,
            0.5456084609031677,
            -0.0266321562230587
         ],
         "10": [
            0.5416611433029175,
            0.5573241710662842,
            -0.06014823168516159
         ],
         "11": [
            0.5370439291000366,
            0.6788922548294067,
            -0.06686004996299744
         ],
         "12": [
            0.5144257545471191,
            0.7000231146812439,
            -0.06565536558628082
         ],
         "13": [
            0.5445169806480408,
            0.5468704104423523,
            -0.019802019000053406
         ],
         "14": [
            0.5843738317489624,
            0.5309654474258423,
            -0.0643215999007225
         ],
         "15": [
            0.5782266855239868,
            0.6459264159202576,
            -0.0629018023610115
         ],
         "16": [
            0.5570346713066101,
            0.692892849445343,
            -0.050381675362586975
         ],
         "17": [
            0.586229681968689,
            0.5662891268730164,
            -0.01496176514774561
         ],
         "18": [
            0.608157217502594,
            0.4805872440338135,
            -0.04551990330219269
         ],
         "19": [
            0.6328690052032471,
            0.4409681260585785,
            -0.046896688640117645
         ],
         "20": [
            0.6510106325149536,
            0.3860233724117279,
            -0.039345890283584595
         ]
      }
   ]
}