{
   "a": [
      {
         "0": [
            0.39498335123062134,
            0.48977720737457275,
            0
         ],
         "1": [
            0.4507818818092346,
            0.5244570374488831,
            -0.06595733761787415
         ],
         "2": [
            0.5268290638923645,
            0.40608131885528564,
            -0.08177245408296585
         ],
         "3": [
            0.5462478399276733,
            0.26471200585365295,
            -0.0863671600818634
         ],
         "4": [
            0.5303546190261841,
            0.18224172294139862,
            -0.08643374592065811
         ],
         "5": [
            0.49462395906448364,
            0.2721702456474304,
            -0.04488161951303482
         ],
         "6": [
            0.4995728135108948,
            0.19916389882564545,
            -0.07158418744802475
         ],
         "7": [
            0.4853633940219879,
            0.29659074544906616,
            -0.0741146057844162
         ],
         "8": [
            0.4766612946987152,
            0.3437376022338867,
            -0.0711180567741394
         ],
         "9": [
            0.44421133399009705,
            0.26023176312446594,
            -0.019444262608885765
         ],
         "10": [
            0.45188334584236145,
            0.18940261006355286,
            -0.05187356099486351
         ],
         "11": [
            0.44394123554229736,
            0.3243395984172821,
            -0.04794475808739662
         ],
         "12": [
            0.44446107745170593,
            0.352772057056427,
            -0.03522607684135437
         ],
         "13": [
            0.401969850063324,
            0.2603552043437958,
            -0.0034189773723483086
         ],
         "14": [
            0.40686672925949097,
            0.19714105129241943,
            -0.0386221669614315
         ],
         "15": [
            0.40477752685546875,
            0.3271017372608185,
            -0.03131392225623131
         ],
         "16": [
            0.40713396668434143,
            0.3625985085964203,
            -0.016589218750596046
         ],
         "17": [
            0.3603447377681732,
            0.2625633776187897,
            0.006788012571632862
         ],
         "18": [
            0.3656226396560669,
            0.22788593173027039,
            -0.016514305025339127
         ],
         "19": [
            0.36605721712112427,
            0.3213792145252228,
            -0.016314536333084106
         ],
         "20": [
            0.3684672713279724,
            0.352614164352417,
            -0.0070418864488601685
         ]
      }
   ]
}