{
   "a": [
      {
         "0": [
            0.4778353273868561,
            0.5582884550094604,
            0
         ],
         "1": [
            0.5248554944992065,
            0.5189460515975952,
            -0.010942233726382256
         ],
         "2": [
            0.5500809550285339,
            0.4127345085144043,
            -0.017679933458566666
         ],
         "3": [
            0.5566461086273193,
            0.3262307941913605,
            -0.02627180702984333
         ],
         "4": [
            0.5606406331062317,
            0.2579387426376343,
            -0.03186044096946716
         ],
         "5": [
            0.5116958618164062,
            0.3127082586288452,
            -0.0020451401360332966
         ],
         "6": [
            0.5427500009536743,
            0.2960885763168335,
            -0.019965006038546562
         ],
         "7": [
            0.5391060709953308,
            0.37132856249809265,
            -0.024430690333247185
         ],
         "8": [
            0.5254396796226501,
            0.4152044355869293,
            -0.025227202102541924
         ],
         "9": [
            0.48246562480926514,
            0.31084153056144714,
            -0.007455865386873484
         ],
         "10": [
            0.5167371034622192,
            0.3001018166542053,
            -0.02898777835071087
         ],
         "11": [
            0.5165398716926575,
            0.3937450051307678,
            -0.02773425355553627
         ],
         "12": [
            0.5038766860961914,
            0.4299474060535431,
            -0.02236759662628174
         ],
         "13": [
            0.454938143491745,
            0.3268110454082489,
            -0.016883421689271927
         ],
         "14": [
            0.49056658148765564,
            0.3267366290092468,
            -0.03893763944506645
         ],
         "15": [
            0.49349844455718994,
            0.4149375259876251,
            -0.03259166702628136
         ],
         "16": [
            0.48113492131233215,
            0.44505575299263,
            -0.02335996925830841
         ],
         "17": [
            0.4279034733772278,
            0.3547264039516449,
            -0.02854382060468197
         ],
         "18": [
            0.4645586609840393,
            0.3612743020057678,
            -0.04233260080218315
         ],
         "19": [
            0.4700795114040375,
            0.4265745282173157,
            -0.0393032506108284
         ],
         "20": [
            0.458375483751297,
            0.44944220781326294,
            -0.03259166702628136
         ]
      }
   ]
}