{
   "c": [
      {
         "0": [
            0.5736099481582642,
            0.6847947239875793,
            0
         ],
         "1": [
            0.6083800196647644,
            0.679283618927002,
            -0.03580270707607269
         ],
         "2": [
            0.6367219686508179,
            0.6617096662521362,
            -0.058886025100946426
         ],
         "3": [
            0.6514142155647278,
            0.644241988658905,
            -0.08055608719587326
         ],
         "4": [
            0.654403567314148,
            0.6228254437446594,
            -0.10191208124160767
         ],
         "5": [
            0.6265262961387634,
            0.5078570246696472,
            -0.02597528137266636
         ],
         "6": [
            0.6314877867698669,
            0.43707162141799927,
            -0.04980449378490448
         ],
         "7": [
            0.6357073783874512,
            0.4043688178062439,
            -0.07129134982824326
         ],
         "8": [
            0.637443482875824,
            0.403677374124527,
            -0.08469118922948837
         ],
         "9": [
            0.5986291170120239,
            0.4968964159488678,
            -0.023436639457941055
         ],
         "10": [
            0.6019622087478638,
            0.4217030704021454,
            -0.04933340102434158
         ],
         "11": [
            0.6025252342224121,
            0.3886115550994873,
            -0.07280930131673813
         ],
         "12": [
            0.6028186082839966,
            0.3871281147003174,
            -0.086418516933918
         ],
         "13": [
            0.572206974029541,
            0.5019528269767761,
            -0.025713564828038216
         ],
         "14": [
            0.574123740196228,
            0.43381500244140625,
            -0.04582641273736954
         ],
         "15": [
            0.5765123963356018,
            0.3975365161895752,
            -0.06275942176580429
         ],
         "16": [
            0.5790387392044067,
            0.3942754864692688,
            -0.07270461320877075
         ],
         "17": [
            0.5448009371757507,
            0.5214773416519165,
            -0.03234805539250374
         ],
         "18": [
            0.5455880165100098,
            0.4632874131202698,
            -0.047370538115501404
         ],
         "19": [
            0.5519375801086426,
            0.42707139253616333,
            -0.05914774537086487
         ],
         "20": [
            0.5600094199180603,
            0.41128379106521606,
            -0.0668945237994194
         ]
      }
   ]
}