{
   "e": [
      {
         "0": [
            0.5939865112304688,
            0.6744252443313599,
            0
         ],
         "1": [
            0.6435666084289551,
            0.6540896892547607,
            -0.03047514520585537
         ],
         "2": [
            0.6846267580986023,
            0.6096837520599365,
            -0.054841455072164536
         ],
         "3": [
            0.6932834386825562,
            0.5786454677581787,
            -0.08131307363510132
         ],
         "4": [
            0.6542270183563232,
            0.5784478187561035,
            -0.10623160004615784
         ],
         "5": [
            0.6609323620796204,
            0.4472862482070923,
            -0.010414354503154755
         ],
         "6": [
            0.6628276705741882,
            0.35361576080322266,
            -0.033909205347299576
         ],
         "7": [
            0.673814594745636,
            0.34301668405532837,
            -0.055980391800403595
         ],
         "8": [
            0.6802366375923157,
            0.37910446524620056,
            -0.06895735114812851
         ],
         "9": [
            0.6331264972686768,
            0.44425418972969055,
            -0.012278066948056221
         ],
         "10": [
            0.6349690556526184,
            0.327698290348053,
            -0.03418531268835068
         ],
         "11": [
            0.6470918655395508,
            0.32781746983528137,
            -0.05453083664178848
         ],
         "12": [
            0.6555092334747314,
            0.3703630566596985,
            -0.06567859649658203
         ],
         "13": [
            0.6076381206512451,
            0.45444732904434204,
            -0.020449064671993256
         ],
         "14": [
            0.6075851321220398,
            0.35537460446357727,
            -0.032632216811180115
         ],
         "15": [
            0.6195255517959595,
            0.34262627363204956,
            -0.04255475848913193
         ],
         "16": [
            0.6248487830162048,
            0.3803710341453552,
            -0.048939697444438934
         ],
         "17": [
            0.5795244574546814,
            0.4763661324977875,
            -0.0338229238986969
         ],
         "18": [
            0.5773850679397583,
            0.40249550342559814,
            -0.037860967218875885
         ],
         "19": [
            0.5890446305274963,
            0.3774430453777313,
            -0.04165741801261902
         ],
         "20": [
            0.5982914566993713,
            0.3887372314929962,
            -0.0454883836209774
         ]
      }
   ]
}