{
   "f": [
      {
         "0": [
            0.5869925022125244,
            0.5731030106544495,
            0
         ],
         "1": [
            0.6046065092086792,
            0.5795882344245911,
            -0.044662103056907654
         ],
         "2": [
            0.6223427653312683,
            0.562975287437439,
            -0.07210353761911392
         ],
         "3": [
            0.6021034717559814,
            0.5339523553848267,
            -0.09336097538471222
         ],
         "4": [
            0.5747444033622742,
            0.5029122233390808,
            -0.1122564822435379
         ],
         "5": [
            0.632293164730072,
            0.44937998056411743,
            -0.051704972982406616
         ],
         "6": [
            0.6110996603965759,
            0.4146594703197479,
            -0.07631208002567291
         ],
         "7": [
            0.591428816318512,
            0.43821990489959717,
            -0.09035487473011017
         ],
         "8": [
            0.5773210525512695,
            0.4660423994064331,
            -0.09791307151317596
         ],
         "9": [
            0.6140093207359314,
            0.4190221428871155,
            -0.04223575070500374
         ],
         "10": [
            0.6058577299118042,
            0.35096949338912964,
            -0.061968665570020676
         ],
         "11": [
            0.6003862619400024,
            0.3012583255767822,
            -0.0776004046201706
         ],
         "12": [
            0.5998042225837708,
            0.25267016887664795,
            -0.09078431874513626
         ],
         "13": [
            0.5942469239234924,
            0.4123142957687378,
            -0.03678181767463684
         ],
         "14": [
            0.5899874567985535,
            0.3441838026046753,
            -0.05041664466261864
         ],
         "15": [
            0.5869078040122986,
            0.2888636291027069,
            -0.06153922528028488
         ],
         "16": [
            0.5875237584114075,
            0.23942537605762482,
            -0.07163114845752716
         ],
         "17": [
            0.5732095837593079,
            0.42040419578552246,
            -0.03549348935484886
         ],
         "18": [
            0.5709211230278015,
            0.3680064380168915,
            -0.043738801032304764
         ],
         "19": [
            0.5699996948242188,
            0.3296473026275635,
            -0.04972953721880913
         ],
         "20": [
            0.5718474388122559,
            0.2949085831642151,
            -0.05617118626832962
         ]
      }
   ]
}