{
   "i": [
      {
         "0": [
            0.5495758652687073,
            0.7381170392036438,
            0
         ],
         "1": [
            0.5973731875419617,
            0.6910238862037659,
            -0.035630594938993454
         ],
         "2": [
            0.6303157210350037,
            0.589300274848938,
            -0.049399763345718384
         ],
         "3": [
            0.610069215297699,
            0.4964475929737091,
            -0.06209349259734154
         ],
         "4": [
            0.5615288615226746,
            0.47105133533477783,
            -0.06851088255643845
         ],
         "5": [
            0.6146590113639832,
            0.4739709794521332,
            0.0015007690526545048
         ],
         "6": [
            0.6183528900146484,
            0.4042045474052429,
            -0.017568474635481834
         ],
         "7": [
            0.6101902723312378,
            0.47531038522720337,
            -0.026850763708353043
         ],
         "8": [
            0.6007608771324158,
            0.5279266834259033,
            -0.030376799404621124
         ],
         "9": [
            0.5742408633232117,
            0.46092623472213745,
            0.006747951731085777
         ],
         "10": [
            0.5801234245300293,
            0.39098572731018066,
            -0.018970074132084846
         ],
         "11": [
            0.5756435990333557,
            0.4841378927230835,
            -0.02953055314719677
         ],
         "12": [
            0.5742451548576355,
            0.521595299243927,
            -0.028455110266804695
         ],
         "13": [
            0.5385116934776306,
            0.4590250849723816,
            0.004588254261761904
         ],
         "14": [
            0.542369544506073,
            0.37261277437210083,
            -0.014509637840092182
         ],
         "15": [
            0.5441536903381348,
            0.4325810372829437,
            -0.013522347435355186
         ],
         "16": [
            0.5441882014274597,
            0.48796579241752625,
            -0.007215151563286781
         ],
         "17": [
            0.5026869773864746,
            0.469310998916626,
            -0.0029067760333418846
         ],
         "18": [
            0.49991294741630554,
            0.37546199560165405,
            -0.009440961293876171
         ],
         "19": [
            0.5030703544616699,
            0.3139873147010803,
            -0.01164473406970501
         ],
         "20": [
            0.507607102394104,
            0.2648257613182068,
            -0.010428251698613167
         ]
      }
   ]
}