{
   "m": [
      {
         "0": [
            0.5680177807807922,
            0.6765918135643005,
            0
         ],
         "1": [
            0.6057355999946594,
            0.6284348964691162,
            -0.002140653785318136
         ],
         "2": [
            0.6124781370162964,
            0.5550421476364136,
            -0.004709780681878328
         ],
         "3": [
            0.589168906211853,
            0.5027124881744385,
            -0.011311700567603111
         ],
         "4": [
            0.5636553764343262,
            0.4760195016860962,
            -0.01630255952477455
         ],
         "5": [
            0.6124567985534668,
            0.48574334383010864,
            0.001856147195212543
         ],
         "6": [
            0.6214357614517212,
            0.4231097102165222,
            -0.015877515077590942
         ],
         "7": [
            0.6157343983650208,
            0.482875794172287,
            -0.019894883036613464
         ],
         "8": [
            0.6063686013221741,
            0.5319525003433228,
            -0.01940128020942211
         ],
         "9": [
            0.5835716128349304,
            0.4778696596622467,
            -0.008432358503341675
         ],
         "10": [
            0.5915748476982117,
            0.40230318903923035,
            -0.029149910435080528
         ],
         "11": [
            0.5906484723091125,
            0.47623756527900696,
            -0.028930529952049255
         ],
         "12": [
            0.5877997279167175,
            0.5279531478881836,
            -0.02280164510011673
         ],
         "13": [
            0.5559552311897278,
            0.48759984970092773,
            -0.02212979830801487
         ],
         "14": [
            0.561891496181488,
            0.40037310123443604,
            -0.04118829965591431
         ],
         "15": [
            0.5666178464889526,
            0.47369542717933655,
            -0.03375685587525368
         ],
         "16": [
            0.5661012530326843,
            0.5241737961769104,
            -0.02399451658129692
         ],
         "17": [
            0.529225766658783,
            0.513243556022644,
            -0.03748629242181778
         ],
         "18": [
            0.5395579934120178,
            0.47124359011650085,
            -0.04796161130070686
         ],
         "19": [
            0.5486252307891846,
            0.5228573679924011,
            -0.0420658141374588
         ],
         "20": [
            0.5513101816177368,
            0.5623782873153687,
            -0.034058503806591034
         ]
      }
   ]
}