{
   "m-DGS": [
      {
         "0": [
            0.5492752194404602,
            0.8428670763969421,
            0
         ],
         "1": [
            0.5763869881629944,
            0.7209616899490356,
            0.010276531800627708
         ],
         "2": [
            0.6284396648406982,
            0.6489995121955872,
            -0.0030799172818660736
         ],
         "3": [
            0.6878752708435059,
            0.6371232867240906,
            -0.014215784147381783
         ],
         "4": [
            0.7360216379165649,
            0.6410127282142639,
            -0.025288274511694908
         ],
         "5": [
            0.6281808614730835,
            0.6158137917518616,
            -0.0781969502568245
         ],
         "6": [
            0.7244377136230469,
            0.5711304545402527,
            -0.10155869275331497
         ],
         "7": [
            0.7769997715950012,
            0.5543444752693176,
            -0.10131534188985825
         ],
         "8": [
            0.8176699876785278,
            0.5399417877197266,
            -0.0979895368218422
         ],
         "9": [
            0.6323602199554443,
            0.6909812688827515,
            -0.09263579547405243
         ],
         "10": [
            0.7466953992843628,
            0.6387891173362732,
            -0.12581270933151245
         ],
         "11": [
            0.8100988864898682,
            0.6092444658279419,
            -0.12208133935928345
         ],
         "12": [
            0.8541682958602905,
            0.5807071328163147,
            -0.11607866734266281
         ],
         "13": [
            0.6427373290061951,
            0.7699713706970215,
            -0.09944964200258255
         ],
         "14": [
            0.7457705140113831,
            0.7108277678489685,
            -0.12337921559810638
         ],
         "15": [
            0.8038409352302551,
            0.6820681691169739,
            -0.11080604791641235
         ],
         "16": [
            0.8427177667617798,
            0.6540759205818176,
            -0.10009858757257462
         ],
         "17": [
            0.6532617807388306,
            0.8362193703651428,
            -0.1027754545211792
         ],
         "18": [
            0.7268815636634827,
            0.772565484046936,
            -0.1102382242679596
         ],
         "19": [
            0.7548158764839172,
            0.7382886409759521,
            -0.09742171317338943
         ],
         "20": [
            0.7698697447776794,
            0.7144894599914551,
            -0.08833659440279007
         ]
      }
   ]
}