{
   "n-DGS": [
      {
         "0": [
            0.5885507464408875,
            0.35458001494407654,
            0
         ],
         "1": [
            0.6280604600906372,
            0.4234786331653595,
            -0.0014245589263737202
         ],
         "2": [
            0.6289745569229126,
            0.5244300365447998,
            -0.011766897514462471
         ],
         "3": [
            0.5944361686706543,
            0.5957542657852173,
            -0.019703444093465805
         ],
         "4": [
            0.5615249276161194,
            0.6340779662132263,
            -0.027411431074142456
         ],
         "5": [
            0.6267150044441223,
            0.5369827151298523,
            -0.05709270015358925
         ],
         "6": [
            0.6054037809371948,
            0.6755446195602417,
            -0.07578732818365097
         ],
         "7": [
            0.5917880535125732,
            0.7480786442756653,
            -0.0798225924372673
         ],
         "8": [
            0.5792766213417053,
            0.8059353828430176,
            -0.08083140850067139
         ],
         "9": [
            0.5915838479995728,
            0.5226117968559265,
            -0.06141168996691704
         ],
         "10": [
            0.5751781463623047,
            0.6736076474189758,
            -0.07717444747686386
         ],
         "11": [
            0.564332127571106,
            0.7578195333480835,
            -0.07238256931304932
         ],
         "12": [
            0.5532982349395752,
            0.8187229633331299,
            -0.06904087215662003
         ],
         "13": [
            0.5593912601470947,
            0.5087636709213257,
            -0.062042202800512314
         ],
         "14": [
            0.5495107769966125,
            0.6388339996337891,
            -0.06569916009902954
         ],
         "15": [
            0.5599435567855835,
            0.6260952949523926,
            -0.044703174382448196
         ],
         "16": [
            0.5671277642250061,
            0.5981160402297974,
            -0.03193534165620804
         ],
         "17": [
            0.5326097011566162,
            0.49778974056243896,
            -0.06346085667610168
         ],
         "18": [
            0.5364371538162231,
            0.6028603911399841,
            -0.06320864707231522
         ],
         "19": [
            0.5484273433685303,
            0.6065536141395569,
            -0.04990488290786743
         ],
         "20": [
            0.5562390089035034,
            0.5939898490905762,
            -0.04028960317373276
         ]
      }
   ]
}