{
   "o": [
      {
         "0": [
            0.6037524342536926,
            0.7073219418525696,
            0
         ],
         "1": [
            0.6494654417037964,
            0.6593009829521179,
            -0.0211833156645298
         ],
         "2": [
            0.6797446608543396,
            0.5822674036026001,
            -0.026766516268253326
         ],
         "3": [
            0.6726714968681335,
            0.49716079235076904,
            -0.032940879464149475
         ],
         "4": [
            0.6387817859649658,
            0.4657386839389801,
            -0.03622511029243469
         ],
         "5": [
            0.6616064310073853,
            0.48434945940971375,
            0.009121962822973728
         ],
         "6": [
            0.6629939675331116,
            0.3963869512081146,
            -0.0013752734521403909
         ],
         "7": [
            0.6628177165985107,
            0.41187021136283875,
            -0.008157218806445599
         ],
         "8": [
            0.6576583385467529,
            0.45161324739456177,
            -0.010394603945314884
         ],
         "9": [
            0.6318478584289551,
            0.47594448924064636,
            0.010509551502764225
         ],
         "10": [
            0.6329383254051208,
            0.3761449456214905,
            0.0003779435937758535
         ],
         "11": [
            0.6328098773956299,
            0.38876715302467346,
            -0.00824753474444151
         ],
         "12": [
            0.6293202638626099,
            0.4297734498977661,
            -0.010755868628621101
         ],
         "13": [
            0.6044018268585205,
            0.48462310433387756,
            0.006256467662751675
         ],
         "14": [
            0.5995818972587585,
            0.39794713258743286,
            -0.0022353322710841894
         ],
         "15": [
            0.6029213666915894,
            0.40047362446784973,
            -0.006884577218443155
         ],
         "16": [
            0.603583574295044,
            0.4385793209075928,
            -0.007225316949188709
         ],
         "17": [
            0.5748659372329712,
            0.506076991558075,
            -0.0018627769313752651
         ],
         "18": [
            0.5698209404945374,
            0.4427380859851837,
            -0.007028262596577406
         ],
         "19": [
            0.5752358436584473,
            0.42595374584198,
            -0.010008705779910088
         ],
         "20": [
            0.5809922218322754,
            0.43562033772468567,
            -0.009828072972595692
         ]
      }
   ]
}