{
   "q": [
      {
         "0": [
            0.4240497350692749,
            0.5856742858886719,
            0
         ],
         "1": [
            0.5043635964393616,
            0.5601066946983337,
            -0.028544949367642403
         ],
         "2": [
            0.5760681629180908,
            0.5646610260009766,
            -0.07425346225500107
         ],
         "3": [
            0.6175110340118408,
            0.6085871458053589,
            -0.11696109175682068
         ],
         "4": [
            0.6397700309753418,
            0.6631715297698975,
            -0.1554601788520813
         ],
         "5": [
            0.5746874213218689,
            0.3579687476158142,
            -0.11322829127311707
         ],
         "6": [
            0.647468090057373,
            0.5406551361083984,
            -0.18283405900001526
         ],
         "7": [
            0.6782704591751099,
            0.6549469828605652,
            -0.22074759006500244
         ],
         "8": [
            0.6993200778961182,
            0.7322428822517395,
            -0.24065588414669037
         ],
         "9": [
            0.5176284313201904,
            0.3686230182647705,
            -0.13079442083835602
         ],
         "10": [
            0.5761160254478455,
            0.6076138615608215,
            -0.19761887192726135
         ],
         "11": [
            0.5487886071205139,
            0.6479672193527222,
            -0.2008393257856369
         ],
         "12": [
            0.5215051770210266,
            0.6165491938591003,
            -0.20171763002872467
         ],
         "13": [
            0.4625052809715271,
            0.4208148121833801,
            -0.14879968762397766
         ],
         "14": [
            0.5200807452201843,
            0.6493155360221863,
            -0.1982044130563736
         ],
         "15": [
            0.4948461055755615,
            0.6588069200515747,
            -0.17449013888835907
         ],
         "16": [
            0.47238367795944214,
            0.6124839186668396,
            -0.15750955045223236
         ],
         "17": [
            0.4105122685432434,
            0.4931046664714813,
            -0.170976921916008
         ],
         "18": [
            0.4622541069984436,
            0.6607781648635864,
            -0.20171763002872467
         ],
         "19": [
            0.4494115114212036,
            0.6740150451660156,
            -0.18561534583568573
         ],
         "20": [
            0.43154945969581604,
            0.6362705230712891,
            -0.172440767288208
         ]
      }
   ]
}