{
   "s": [
      {
         "0": [
            0.5547889471054077,
            0.7221476435661316,
            0
         ],
         "1": [
            0.6023743748664856,
            0.6915178298950195,
            -0.04404490813612938
         ],
         "2": [
            0.6348261833190918,
            0.6098965406417847,
            -0.07463792711496353
         ],
         "3": [
            0.6058393716812134,
            0.5674958229064941,
            -0.09973474591970444
         ],
         "4": [
            0.5561392903327942,
            0.5775876641273499,
            -0.11996277421712875
         ],
         "5": [
            0.606147825717926,
            0.4804568886756897,
            -0.05446008965373039
         ],
         "6": [
            0.6133997440338135,
            0.4839562475681305,
            -0.09029833972454071
         ],
         "7": [
            0.6058146357536316,
            0.5505631566047668,
            -0.10490468889474869
         ],
         "8": [
            0.6008462905883789,
            0.5709261894226074,
            -0.11183140426874161
         ],
         "9": [
            0.5618638396263123,
            0.48144152760505676,
            -0.04981717839837074
         ],
         "10": [
            0.5676893591880798,
            0.48616698384284973,
            -0.08633304387331009
         ],
         "11": [
            0.5700013637542725,
            0.5722978711128235,
            -0.08613226562738419
         ],
         "12": [
            0.5712983012199402,
            0.5668923854827881,
            -0.08191600441932678
         ],
         "13": [
            0.5255343317985535,
            0.5091263651847839,
            -0.0514986626803875
         ],
         "14": [
            0.5291476845741272,
            0.5268706679344177,
            -0.07840244472026825
         ],
         "15": [
            0.5411747694015503,
            0.5997886657714844,
            -0.06961856037378311
         ],
         "16": [
            0.5454366207122803,
            0.5999814867973328,
            -0.06123622879385948
         ],
         "17": [
            0.4948534369468689,
            0.5462451577186584,
            -0.05847558006644249
         ],
         "18": [
            0.5015968084335327,
            0.5869714021682739,
            -0.06951817870140076
         ],
         "19": [
            0.5139284133911133,
            0.6366923451423645,
            -0.06680771708488464
         ],
         "20": [
            0.5168040990829468,
            0.6285048723220825,
            -0.0637459084391594
         ]
      }
   ]
}