{
   "v": [
      {
         "0": [
            0.5758820176124573,
            0.8529879450798035,
            0
         ],
         "1": [
            0.6162610054016113,
            0.8084671497344971,
            -0.03226345404982567
         ],
         "2": [
            0.6302950978279114,
            0.7312202453613281,
            -0.05258077010512352
         ],
         "3": [
            0.5847366452217102,
            0.6909361481666565,
            -0.0730535238981247
         ],
         "4": [
            0.5384598970413208,
            0.6688400506973267,
            -0.09272689372301102
         ],
         "5": [
            0.6175493597984314,
            0.5331398844718933,
            -0.025313379243016243
         ],
         "6": [
            0.6397450566291809,
            0.4079623818397522,
            -0.047074005007743835
         ],
         "7": [
            0.6522550582885742,
            0.3193741738796234,
            -0.06430486589670181
         ],
         "8": [
            0.6619839668273926,
            0.24462944269180298,
            -0.07771651446819305
         ],
         "9": [
            0.5725594758987427,
            0.5371804237365723,
            -0.028888337314128876
         ],
         "10": [
            0.5425365567207336,
            0.39694514870643616,
            -0.048184238374233246
         ],
         "11": [
            0.5179445743560791,
            0.3081158697605133,
            -0.0638163611292839
         ],
         "12": [
            0.5021488070487976,
            0.23814821243286133,
            -0.07665067911148071
         ],
         "13": [
            0.5406671166419983,
            0.5844107866287231,
            -0.03754817694425583
         ],
         "14": [
            0.5192451477050781,
            0.5283949375152588,
            -0.061062976717948914
         ],
         "15": [
            0.5194725394248962,
            0.5408093333244324,
            -0.07154359668493271
         ],
         "16": [
            0.5197932124137878,
            0.5474066734313965,
            -0.0755404531955719
         ],
         "17": [
            0.5200538635253906,
            0.6552483439445496,
            -0.05138171836733818
         ],
         "18": [
            0.5218598246574402,
            0.6401530504226685,
            -0.07172124087810516
         ],
         "19": [
            0.5394989252090454,
            0.6749677062034607,
            -0.07869351655244827
         ],
         "20": [
            0.5575276017189026,
            0.7032211422920227,
            -0.08086957782506943
         ]
      }
   ]
}