{
   "w": [
      {
         "0": [
            0.5122426152229309,
            0.8169162273406982,
            0
         ],
         "1": [
            0.538091778755188,
            0.7717344760894775,
            -0.027873940765857697
         ],
         "2": [
            0.5429547429084778,
            0.6986047029495239,
            -0.041087809950113297
         ],
         "3": [
            0.4978025257587433,
            0.6427015662193298,
            -0.05313283950090408
         ],
         "4": [
            0.4587622582912445,
            0.6089715957641602,
            -0.0668419897556305
         ],
         "5": [
            0.5574046969413757,
            0.5491780638694763,
            -0.015412882901728153
         ],
         "6": [
            0.5707240104675293,
            0.44126054644584656,
            -0.026823963969945908
         ],
         "7": [
            0.5780118703842163,
            0.3707462549209595,
            -0.03754166141152382
         ],
         "8": [
            0.5824795961380005,
            0.306278795003891,
            -0.04722919315099716
         ],
         "9": [
            0.5246849060058594,
            0.5358396768569946,
            -0.0188104510307312
         ],
         "10": [
            0.5222256183624268,
            0.4140896499156952,
            -0.021078800782561302
         ],
         "11": [
            0.5162473917007446,
            0.34437453746795654,
            -0.02916165068745613
         ],
         "12": [
            0.5122262835502625,
            0.28473779559135437,
            -0.04045386239886284
         ],
         "13": [
            0.49575352668762207,
            0.5565685033798218,
            -0.027418289333581924
         ],
         "14": [
            0.47647419571876526,
            0.45775192975997925,
            -0.04203873500227928
         ],
         "15": [
            0.46706458926200867,
            0.3935422897338867,
            -0.06240434572100639
         ],
         "16": [
            0.46216726303100586,
            0.3252291977405548,
            -0.077936090528965
         ],
         "17": [
            0.4708537757396698,
            0.6032464504241943,
            -0.03930483013391495
         ],
         "18": [
            0.4652787744998932,
            0.5720915794372559,
            -0.057570479810237885
         ],
         "19": [
            0.47285380959510803,
            0.6207482814788818,
            -0.06822875142097473
         ],
         "20": [
            0.4856140613555908,
            0.6644929647445679,
            -0.07575689256191254
         ]
      }
   ]
}