{
   "x": [
      {
         "0": [
            0.5709611177444458,
            0.7207567691802979,
            0
         ],
         "1": [
            0.6060521602630615,
            0.6797998547554016,
            -0.02944435365498066
         ],
         "2": [
            0.6290538907051086,
            0.5997267961502075,
            -0.043185051530599594
         ],
         "3": [
            0.6188341379165649,
            0.5281971096992493,
            -0.055859263986349106
         ],
         "4": [
            0.5944281220436096,
            0.4755723774433136,
            -0.06652414798736572
         ],
         "5": [
            0.617235541343689,
            0.4821290969848633,
            -0.007160156033933163
         ],
         "6": [
            0.6155325770378113,
            0.41110673546791077,
            -0.02856334298849106
         ],
         "7": [
            0.6135256290435791,
            0.3575438857078552,
            -0.044143348932266235
         ],
         "8": [
            0.6107494235038757,
            0.3111950159072876,
            -0.05381902679800987
         ],
         "9": [
            0.5819725394248962,
            0.48980817198753357,
            -0.004903528373688459
         ],
         "10": [
            0.571258008480072,
            0.4413662552833557,
            -0.03678612411022186
         ],
         "11": [
            0.5789722800254822,
            0.5268122553825378,
            -0.04136120155453682
         ],
         "12": [
            0.5879284143447876,
            0.5631172060966492,
            -0.03397306799888611
         ],
         "13": [
            0.5516464114189148,
            0.5115585327148438,
            -0.009150161407887936
         ],
         "14": [
            0.539566159248352,
            0.4722670018672943,
            -0.03650790825486183
         ],
         "15": [
            0.5546126961708069,
            0.5445854663848877,
            -0.029892588034272194
         ],
         "16": [
            0.5672977566719055,
            0.5740716457366943,
            -0.017264747992157936
         ],
         "17": [
            0.5269033312797546,
            0.5444790124893188,
            -0.018253954127430916
         ],
         "18": [
            0.5188390016555786,
            0.5159248113632202,
            -0.034313105046749115
         ],
         "19": [
            0.5317496657371521,
            0.5603040456771851,
            -0.031252749264240265
         ],
         "20": [
            0.5438936948776245,
            0.5790902376174927,
            -0.022875403985381126
         ]
      }
   ]
}