{
   "x": [
      {
         "0": [
            0.5303318500518799,
            0.8129875659942627,
            0
         ],
         "1": [
            0.5775449872016907,
            0.7515463829040527,
            -0.014263292774558067
         ],
         "2": [
            0.6073827147483826,
            0.6527686715126038,
            -0.02806205116212368
         ],
         "3": [
            0.5968669056892395,
            0.5718992352485657,
            -0.0451442189514637
         ],
         "4": [
            0.5648387670516968,
            0.5194540619850159,
            -0.05734878405928612
         ],
         "5": [
            0.5784627199172974,
            0.5210889577865601,
            -0.006044215057045221
         ],
         "6": [
            0.5697857141494751,
            0.38421350717544556,
            -0.03496670722961426
         ],
         "7": [
            0.5847896337509155,
            0.35562872886657715,
            -0.04793141782283783
         ],
         "8": [
            0.5983466506004333,
            0.370910108089447,
            -0.05194329842925072
         ],
         "9": [
            0.5440236926078796,
            0.5376044511795044,
            -0.014168273657560349
         ],
         "10": [
            0.5539398193359375,
            0.4878324270248413,
            -0.04611551761627197
         ],
         "11": [
            0.5681126117706299,
            0.5862569212913513,
            -0.04577767103910446
         ],
         "12": [
            0.5714569091796875,
            0.6194707155227661,
            -0.035980235785245895
         ],
         "13": [
            0.510553777217865,
            0.5637155771255493,
            -0.027576401829719543
         ],
         "14": [
            0.5218127369880676,
            0.5216699838638306,
            -0.05308351665735245
         ],
         "15": [
            0.5375573635101318,
            0.6012696027755737,
            -0.03872520849108696
         ],
         "16": [
            0.5391793251037598,
            0.633701503276825,
            -0.02309998869895935
         ],
         "17": [
            0.4773543179035187,
            0.5997847318649292,
            -0.04476414620876312
         ],
         "18": [
            0.4878585934638977,
            0.5566413998603821,
            -0.055532876402139664
         ],
         "19": [
            0.5045295357704163,
            0.5994158983230591,
            -0.044975295662879944
         ],
         "20": [
            0.5079603791236877,
            0.6186239123344421,
            -0.032876309007406235
         ]
      }
   ]
}