{
   "x": [
      {
         "0": [
            0.5906960368156433,
            0.6872612833976746,
            0
         ],
         "1": [
            0.6386939883232117,
            0.6057349443435669,
            0.01379218976944685
         ],
         "2": [
            0.6598019003868103,
            0.4993220269680023,
            0.00858354102820158
         ],
         "3": [
            0.6599757671356201,
            0.4250134527683258,
            -0.004399064928293228
         ],
         "4": [
            0.6470520496368408,
            0.3811703026294708,
            -0.012358348816633224
         ],
         "5": [
            0.6064853668212891,
            0.38300660252571106,
            0.015460127964615822
         ],
         "6": [
            0.5968405604362488,
            0.28755810856819153,
            -0.009519928134977818
         ],
         "7": [
            0.620879590511322,
            0.2545778453350067,
            -0.02321457676589489
         ],
         "8": [
            0.6455919742584229,
            0.2533620595932007,
            -0.029457151889801025
         ],
         "9": [
            0.5840305089950562,
            0.402311235666275,
            -0.005379343871027231
         ],
         "10": [
            0.6366025805473328,
            0.37742358446121216,
            -0.0326564721763134
         ],
         "11": [
            0.6526314616203308,
            0.46754926443099976,
            -0.03209073841571808
         ],
         "12": [
            0.6428436040878296,
            0.5009065270423889,
            -0.025789638981223106
         ],
         "13": [
            0.5679174661636353,
            0.43787312507629395,
            -0.028891416266560555
         ],
         "14": [
            0.6235215067863464,
            0.41456130146980286,
            -0.052632711827754974
         ],
         "15": [
            0.6338983178138733,
            0.49149757623672485,
            -0.03856740891933441
         ],
         "16": [
            0.6199862360954285,
            0.5189034938812256,
            -0.024970300495624542
         ],
         "17": [
            0.5564795136451721,
            0.4817962646484375,
            -0.05317893996834755
         ],
         "18": [
            0.6033454537391663,
            0.4588491916656494,
            -0.06476671993732452
         ],
         "19": [
            0.614732027053833,
            0.5067996382713318,
            -0.05356909707188606
         ],
         "20": [
            0.6023829579353333,
            0.5254251956939697,
            -0.0423714779317379
         ]
      }
   ]
}