{
   "x": [
      {
         "0": [
            0.49804043769836426,
            0.7572426795959473,
            0
         ],
         "1": [
            0.5276508927345276,
            0.750092625617981,
            -0.0837717279791832
         ],
         "2": [
            0.5530622005462646,
            0.6753140091896057,
            -0.12430237233638763
         ],
         "3": [
            0.5360257625579834,
            0.6111307144165039,
            -0.15140683948993683
         ],
         "4": [
            0.5053770542144775,
            0.5589929223060608,
            -0.17535963654518127
         ],
         "5": [
            0.5452197194099426,
            0.5210353136062622,
            -0.08957082778215408
         ],
         "6": [
            0.541270911693573,
            0.4347366988658905,
            -0.14258213341236115
         ],
         "7": [
            0.5233982801437378,
            0.3742135763168335,
            -0.17674638330936432
         ],
         "8": [
            0.5034840106964111,
            0.34192246198654175,
            -0.19653894007205963
         ],
         "9": [
            0.4988534152507782,
            0.5297353863716125,
            -0.06315971910953522
         ],
         "10": [
            0.4755798876285553,
            0.5138804316520691,
            -0.12499573826789856
         ],
         "11": [
            0.4798229932785034,
            0.6264051795005798,
            -0.13779157400131226
         ],
         "12": [
            0.4913543164730072,
            0.6600997447967529,
            -0.13413561880588531
         ],
         "13": [
            0.4594498872756958,
            0.5506440997123718,
            -0.046707939356565475
         ],
         "14": [
            0.43657851219177246,
            0.5475494861602783,
            -0.10079081356525421
         ],
         "15": [
            0.44997063279151917,
            0.6385772824287415,
            -0.10129508376121521
         ],
         "16": [
            0.46862712502479553,
            0.6641920208930969,
            -0.09139879792928696
         ],
         "17": [
            0.42943793535232544,
            0.5827454924583435,
            -0.03819839283823967
         ],
         "18": [
            0.4104764461517334,
            0.5826234221458435,
            -0.07406454533338547
         ],
         "19": [
            0.42509984970092773,
            0.6458475589752197,
            -0.0802418440580368
         ],
         "20": [
            0.44261234998703003,
            0.6631725430488586,
            -0.07709015905857086
         ]
      }
   ]
}