{
   "y": [
      {
         "0": [
            0.540100634098053,
            0.7382410168647766,
            0
         ],
         "1": [
            0.5969671607017517,
            0.6930305361747742,
            -0.022169925272464752
         ],
         "2": [
            0.6464008092880249,
            0.6037726998329163,
            -0.03556256741285324
         ],
         "3": [
            0.6674516797065735,
            0.5073545575141907,
            -0.049360066652297974
         ],
         "4": [
            0.6865662336349487,
            0.4418858587741852,
            -0.05904422700405121
         ],
         "5": [
            0.6061837673187256,
            0.5079483389854431,
            -0.012340016663074493
         ],
         "6": [
            0.5726978778839111,
            0.4711795449256897,
            -0.037084829062223434
         ],
         "7": [
            0.5671236515045166,
            0.5403633713722229,
            -0.04566778242588043
         ],
         "8": [
            0.5735593438148499,
            0.5974240303039551,
            -0.04819408059120178
         ],
         "9": [
            0.5665518045425415,
            0.4983016848564148,
            -0.014113287441432476
         ],
         "10": [
            0.5433461666107178,
            0.4668635129928589,
            -0.0503317229449749
         ],
         "11": [
            0.5477762818336487,
            0.5608802437782288,
            -0.060663655400276184
         ],
         "12": [
            0.5581321120262146,
            0.614308774471283,
            -0.0586879588663578
         ],
         "13": [
            0.5318886041641235,
            0.49955102801322937,
            -0.02040475234389305
         ],
         "14": [
            0.5068074464797974,
            0.4777834713459015,
            -0.0519835390150547
         ],
         "15": [
            0.5162259936332703,
            0.5572547912597656,
            -0.05178920552134514
         ],
         "16": [
            0.5315274000167847,
            0.613653302192688,
            -0.04268803820014
         ],
         "17": [
            0.5014781951904297,
            0.5168969035148621,
            -0.02950591780245304
         ],
         "18": [
            0.48704344034194946,
            0.43009358644485474,
            -0.05188637226819992
         ],
         "19": [
            0.47091594338417053,
            0.3721626400947571,
            -0.05946527421474457
         ],
         "20": [
            0.45651763677597046,
            0.31393206119537354,
            -0.058331675827503204
         ]
      }
   ]
}