{
   "a": [
      {
         "0": [
            0.4281729459762573,
            0.47281819581985474,
            0
         ],
         "1": [
            0.4795083999633789,
            0.4507136046886444,
            -0.017107101157307625
         ],
         "2": [
            0.5218712687492371,
            0.3610467314720154,
            -0.02878248691558838
         ],
         "3": [
            0.5389338731765747,
            0.2729460299015045,
            -0.042697761207818985
         ],
         "4": [
            0.546718180179596,
            0.20095255970954895,
            -0.05384116992354393
         ],
         "5": [
            0.4909675717353821,
            0.2633814215660095,
            -0.01195537205785513
         ],
         "6": [
            0.5052287578582764,
            0.21059390902519226,
            -0.036454085260629654
         ],
         "7": [
            0.4997645914554596,
            0.29220569133758545,
            -0.041801806539297104
         ],
         "8": [
            0.49107030034065247,
            0.336846262216568,
            -0.041801806539297104
         ],
         "9": [
            0.45457547903060913,
            0.25890350341796875,
            -0.018465030938386917
         ],
         "10": [
            0.46961164474487305,
            0.20804458856582642,
            -0.0496973879635334
         ],
         "11": [
            0.46728989481925964,
            0.3137036859989166,
            -0.04840945824980736
         ],
         "12": [
            0.45904237031936646,
            0.35313087701797485,
            -0.03911394625902176
         ],
         "13": [
            0.418163537979126,
            0.2697557806968689,
            -0.03001442179083824
         ],
         "14": [
            0.4330156147480011,
            0.21132060885429382,
            -0.0599728487432003
         ],
         "15": [
            0.43778419494628906,
            0.3159431219100952,
            -0.0473175123333931
         ],
         "16": [
            0.43243271112442017,
            0.35794830322265625,
            -0.031582340598106384
         ],
         "17": [
            0.37891995906829834,
            0.28735530376434326,
            -0.04432167112827301
         ],
         "18": [
            0.39704620838165283,
            0.23898550868034363,
            -0.06131678447127342
         ],
         "19": [
            0.408376008272171,
            0.3105510175228119,
            -0.05266523361206055
         ],
         "20": [
            0.407982736825943,
            0.3479289412498474,
            -0.04042987897992134
         ]
      }
   ]
}