{
   "d": [
      {
         "0": [
            0.4508225619792938,
            0.6607232093811035,
            0
         ],
         "1": [
            0.4939182996749878,
            0.6194660067558289,
            -0.016647128388285637
         ],
         "2": [
            0.519879937171936,
            0.560329794883728,
            -0.03259502723813057
         ],
         "3": [
            0.514713704586029,
            0.4992222189903259,
            -0.052352841943502426
         ],
         "4": [
            0.4853944182395935,
            0.47274091839790344,
            -0.07089149206876755
         ],
         "5": [
            0.5008130669593811,
            0.41655033826828003,
            -0.005634206347167492
         ],
         "6": [
            0.5052319169044495,
            0.3041950464248657,
            -0.02746731787919998
         ],
         "7": [
            0.5063672661781311,
            0.23661088943481445,
            -0.04611353576183319
         ],
         "8": [
            0.5043695569038391,
            0.1779421865940094,
            -0.0589866004884243
         ],
         "9": [
            0.4682921767234802,
            0.4160888195037842,
            -0.015777569264173508
         ],
         "10": [
            0.4742787480354309,
            0.3191823363304138,
            -0.04761957749724388
         ],
         "11": [
            0.48514655232429504,
            0.3932606875896454,
            -0.055221498012542725
         ],
         "12": [
            0.4873752295970917,
            0.444560706615448,
            -0.05116952955722809
         ],
         "13": [
            0.4376298189163208,
            0.43032336235046387,
            -0.03051525354385376
         ],
         "14": [
            0.4381164014339447,
            0.3341107964515686,
            -0.05231698974967003
         ],
         "15": [
            0.45292747020721436,
            0.38895493745803833,
            -0.04302974045276642
         ],
         "16": [
            0.4551745057106018,
            0.441497266292572,
            -0.03207508102059364
         ],
         "17": [
            0.4049927294254303,
            0.4667574167251587,
            -0.04977106302976608
         ],
         "18": [
            0.40410706400871277,
            0.3747415244579315,
            -0.058161862194538116
         ],
         "19": [
            0.4210578501224518,
            0.39938223361968994,
            -0.04980692267417908
         ],
         "20": [
            0.4287559986114502,
            0.44152313470840454,
            -0.04109339788556099
         ]
      }
   ]
}