{
   "e": [
      {
         "0": [
            0.4410058259963989,
            0.6548123359680176,
            0
         ],
         "1": [
            0.48663339018821716,
            0.6071368455886841,
            -0.011109837330877781
         ],
         "2": [
            0.5151582956314087,
            0.5287079215049744,
            -0.018195778131484985
         ],
         "3": [
            0.5028337836265564,
            0.46793219447135925,
            -0.029738007113337517
         ],
         "4": [
            0.4664373993873596,
            0.4737876355648041,
            -0.03893296420574188
         ],
         "5": [
            0.4911796748638153,
            0.4270794093608856,
            0.004363633692264557
         ],
         "6": [
            0.49758052825927734,
            0.33360815048217773,
            -0.015292570926249027
         ],
         "7": [
            0.5060017108917236,
            0.36298978328704834,
            -0.024655191227793694
         ],
         "8": [
            0.5041976571083069,
            0.4074643850326538,
            -0.02781430073082447
         ],
         "9": [
            0.4614710211753845,
            0.41646140813827515,
            -0.004835735075175762
         ],
         "10": [
            0.4652865529060364,
            0.30274373292922974,
            -0.02571411058306694
         ],
         "11": [
            0.4783378839492798,
            0.34988221526145935,
            -0.03201468661427498
         ],
         "12": [
            0.4784078598022461,
            0.41094815731048584,
            -0.030849874019622803
         ],
         "13": [
            0.43253740668296814,
            0.4219288229942322,
            -0.01913115754723549
         ],
         "14": [
            0.4320308268070221,
            0.3145507276058197,
            -0.03542087972164154
         ],
         "15": [
            0.44748830795288086,
            0.35767120122909546,
            -0.03233236074447632
         ],
         "16": [
            0.45065951347351074,
            0.41592779755592346,
            -0.025908246636390686
         ],
         "17": [
            0.40226706862449646,
            0.441476047039032,
            -0.03685041889548302
         ],
         "18": [
            0.4025242328643799,
            0.35689544677734375,
            -0.04450993984937668
         ],
         "19": [
            0.4163168668746948,
            0.37574949860572815,
            -0.04059194028377533
         ],
         "20": [
            0.42193400859832764,
            0.41636526584625244,
            -0.03466198593378067
         ]
      }
   ]
}