{
   "e": [
      {
         "0": [
            0.40420523285865784,
            0.6732422709465027,
            0
         ],
         "1": [
            0.4535296857357025,
            0.6291736960411072,
            -0.01851484552025795
         ],
         "2": [
            0.4832366406917572,
            0.5324750542640686,
            -0.028363166376948357
         ],
         "3": [
            0.4640999138355255,
            0.4621123969554901,
            -0.04222960025072098
         ],
         "4": [
            0.4211641252040863,
            0.4619758129119873,
            -0.05389001965522766
         ],
         "5": [
            0.4555690288543701,
            0.4060265123844147,
            -0.0004958014469593763
         ],
         "6": [
            0.4605198800563812,
            0.2921021580696106,
            -0.024010207504034042
         ],
         "7": [
            0.46596407890319824,
            0.3194510340690613,
            -0.03567061945796013
         ],
         "8": [
            0.4647601246833801,
            0.3729163110256195,
            -0.04004327580332756
         ],
         "9": [
            0.41783541440963745,
            0.39891448616981506,
            -0.00858281273394823
         ],
         "10": [
            0.41956382989883423,
            0.26096540689468384,
            -0.03572971001267433
         ],
         "11": [
            0.4275535047054291,
            0.31312161684036255,
            -0.04427805170416832
         ],
         "12": [
            0.4280915856361389,
            0.3898991644382477,
            -0.042505353689193726
         ],
         "13": [
            0.3820677101612091,
            0.4110945463180542,
            -0.022887500002980232
         ],
         "14": [
            0.37587258219718933,
            0.2812193036079407,
            -0.044317446649074554
         ],
         "15": [
            0.3871827721595764,
            0.32606789469718933,
            -0.04246596246957779
         ],
         "16": [
            0.39362484216690063,
            0.39464065432548523,
            -0.03521759808063507
         ],
         "17": [
            0.3458327054977417,
            0.4430393874645233,
            -0.041559915989637375
         ],
         "18": [
            0.33953845500946045,
            0.34224092960357666,
            -0.053338512778282166
         ],
         "19": [
            0.35017022490501404,
            0.3583265542984009,
            -0.051368847489356995
         ],
         "20": [
            0.35923486948013306,
            0.4025532007217407,
            -0.04565681889653206
         ]
      }
   ]
}