{
   "f": [
      {
         "0": [
            0.49472320079803467,
            0.7677531838417053,
            0
         ],
         "1": [
            0.5387331247329712,
            0.7132566571235657,
            -0.018820714205503464
         ],
         "2": [
            0.5721617341041565,
            0.6278889775276184,
            -0.030789002776145935
         ],
         "3": [
            0.5844380259513855,
            0.5508278608322144,
            -0.04554988443851471
         ],
         "4": [
            0.5880970358848572,
            0.480234295129776,
            -0.058902740478515625
         ],
         "5": [
            0.5534577965736389,
            0.4734683930873871,
            -0.006682292558252811
         ],
         "6": [
            0.5695446133613586,
            0.38942763209342957,
            -0.0341448150575161
         ],
         "7": [
            0.5836015939712524,
            0.4137846827507019,
            -0.04587842524051666
         ],
         "8": [
            0.5904272794723511,
            0.4508393108844757,
            -0.05059533938765526
         ],
         "9": [
            0.517479658126831,
            0.43785226345062256,
            -0.021660249680280685
         ],
         "10": [
            0.5249022245407104,
            0.29076087474823,
            -0.04137272387742996
         ],
         "11": [
            0.536490797996521,
            0.19954010844230652,
            -0.05402155593037605
         ],
         "12": [
            0.5459661483764648,
            0.11701720952987671,
            -0.06509808450937271
         ],
         "13": [
            0.4775339961051941,
            0.44878479838371277,
            -0.043695975095033646
         ],
         "14": [
            0.4598630666732788,
            0.30132535099983215,
            -0.06453487277030945
         ],
         "15": [
            0.4552500545978546,
            0.19928792119026184,
            -0.0726075991988182
         ],
         "16": [
            0.45576879382133484,
            0.10840809345245361,
            -0.07913149148225784
         ],
         "17": [
            0.43858203291893005,
            0.49576616287231445,
            -0.06993234157562256
         ],
         "18": [
            0.4192267656326294,
            0.38808050751686096,
            -0.0895509421825409
         ],
         "19": [
            0.40993231534957886,
            0.31222984194755554,
            -0.09527693688869476
         ],
         "20": [
            0.40503937005996704,
            0.24057452380657196,
            -0.09856235235929489
         ]
      }
   ]
}