{
   "g": [
      {
         "0": [
            0.48419517278671265,
            0.5426661372184753,
            0
         ],
         "1": [
            0.5076512098312378,
            0.4555736780166626,
            -0.017340298742055893
         ],
         "2": [
            0.528031051158905,
            0.377555787563324,
            -0.04984082654118538
         ],
         "3": [
            0.5531963109970093,
            0.343586266040802,
            -0.08239147812128067
         ],
         "4": [
            0.5907847285270691,
            0.3291923403739929,
            -0.11035646498203278
         ],
         "5": [
            0.4354272186756134,
            0.3072444200515747,
            -0.060440462082624435
         ],
         "6": [
            0.5214892029762268,
            0.2584708631038666,
            -0.09822827577590942
         ],
         "7": [
            0.5366275906562805,
            0.29787251353263855,
            -0.11957789957523346
         ],
         "8": [
            0.5278723835945129,
            0.3280980587005615,
            -0.13300910592079163
         ],
         "9": [
            0.4235326051712036,
            0.3684115707874298,
            -0.07301969081163406
         ],
         "10": [
            0.5286334156990051,
            0.34771978855133057,
            -0.1111583337187767
         ],
         "11": [
            0.5244927406311035,
            0.3874724507331848,
            -0.11446600407361984
         ],
         "12": [
            0.49677541851997375,
            0.40344899892807007,
            -0.11827486008405685
         ],
         "13": [
            0.42889711260795593,
            0.43999427556991577,
            -0.08610009402036667
         ],
         "14": [
            0.5259624123573303,
            0.4271087348461151,
            -0.11065716296434402
         ],
         "15": [
            0.5168811082839966,
            0.45584744215011597,
            -0.09702548384666443
         ],
         "16": [
            0.48982375860214233,
            0.46338722109794617,
            -0.0900091826915741
         ],
         "17": [
            0.4426954984664917,
            0.5110469460487366,
            -0.10218746960163116
         ],
         "18": [
            0.5115273594856262,
            0.4972658157348633,
            -0.11526788026094437
         ],
         "19": [
            0.5045239329338074,
            0.5156774520874023,
            -0.10574574768543243
         ],
         "20": [
            0.4823773205280304,
            0.5191731452941895,
            -0.10033316910266876
         ]
      }
   ]
}