{
   "g": [
      {
         "0": [
            0.4785201847553253,
            0.5348696708679199,
            0
         ],
         "1": [
            0.4978668689727783,
            0.46557968854904175,
            -0.0198589526116848
         ],
         "2": [
            0.5190488696098328,
            0.3969782292842865,
            -0.04893140122294426
         ],
         "3": [
            0.5430437326431274,
            0.36604633927345276,
            -0.07606124132871628
         ],
         "4": [
            0.5764361619949341,
            0.3526531457901001,
            -0.09990530461072922
         ],
         "5": [
            0.4408152103424072,
            0.32954463362693787,
            -0.06837963312864304
         ],
         "6": [
            0.5022006034851074,
            0.28015848994255066,
            -0.10949620604515076
         ],
         "7": [
            0.5372849106788635,
            0.2884393036365509,
            -0.12947727739810944
         ],
         "8": [
            0.5606415271759033,
            0.3052366375923157,
            -0.13951219618320465
         ],
         "9": [
            0.428208589553833,
            0.38459357619285583,
            -0.0777929350733757
         ],
         "10": [
            0.5176509022712708,
            0.3634333610534668,
            -0.11979755759239197
         ],
         "11": [
            0.5208582878112793,
            0.40553024411201477,
            -0.12077441811561584
         ],
         "12": [
            0.5004061460494995,
            0.4211439788341522,
            -0.11899831891059875
         ],
         "13": [
            0.43075281381607056,
            0.44867557287216187,
            -0.08813868463039398
         ],
         "14": [
            0.516827404499054,
            0.4358241558074951,
            -0.12024158984422684
         ],
         "15": [
            0.5107590556144714,
            0.4664406180381775,
            -0.10532239824533463
         ],
         "16": [
            0.48907506465911865,
            0.4730139374732971,
            -0.09342256188392639
         ],
         "17": [
            0.44169551134109497,
            0.5147578120231628,
            -0.10105976462364197
         ],
         "18": [
            0.5065805315971375,
            0.49853968620300293,
            -0.12175126373767853
         ],
         "19": [
            0.5026686787605286,
            0.5183708667755127,
            -0.11207155138254166
         ],
         "20": [
            0.4840199947357178,
            0.5262983441352844,
            -0.10301347076892853
         ]
      }
   ]
}