{
   "h": [
      {
         "0": [
            0.36453163623809814,
            0.7428274750709534,
            0
         ],
         "1": [
            0.40620893239974976,
            0.614301323890686,
            -0.0020739405881613493
         ],
         "2": [
            0.46721014380455017,
            0.5675432682037354,
            -0.018148815259337425
         ],
         "3": [
            0.5233827829360962,
            0.6043217778205872,
            -0.030852006748318672
         ],
         "4": [
            0.5555293560028076,
            0.6609563827514648,
            -0.04250720888376236
         ],
         "5": [
            0.4752415120601654,
            0.5891526341438293,
            -0.07506342232227325
         ],
         "6": [
            0.5726460814476013,
            0.5860832333564758,
            -0.0938684493303299
         ],
         "7": [
            0.6247656345367432,
            0.5945042967796326,
            -0.09433858096599579
         ],
         "8": [
            0.667346179485321,
            0.6049184799194336,
            -0.09418187290430069
         ],
         "9": [
            0.47998520731925964,
            0.6823158860206604,
            -0.08258543163537979
         ],
         "10": [
            0.5856362581253052,
            0.6753731966018677,
            -0.10256578773260117
         ],
         "11": [
            0.6453518867492676,
            0.6756083369255066,
            -0.09645415097475052
         ],
         "12": [
            0.688650906085968,
            0.6816877126693726,
            -0.09269314259290695
         ],
         "13": [
            0.4817885458469391,
            0.7695783376693726,
            -0.08430922776460648
         ],
         "14": [
            0.5583465695381165,
            0.7511765956878662,
            -0.08618973195552826
         ],
         "15": [
            0.5407544374465942,
            0.7357612252235413,
            -0.059353385120630264
         ],
         "16": [
            0.5165281891822815,
            0.7331461906433105,
            -0.043995942920446396
         ],
         "17": [
            0.4806867837905884,
            0.8409131169319153,
            -0.08728668838739395
         ],
         "18": [
            0.5343677401542664,
            0.7973083257675171,
            -0.08430922776460648
         ],
         "19": [
            0.5172399878501892,
            0.7783901691436768,
            -0.06660116463899612
         ],
         "20": [
            0.4957244098186493,
            0.7771419286727905,
            -0.05445624142885208
         ]
      }
   ]
}