{
   "h": [
      {
         "0": [
            0.3961147665977478,
            0.5815250277519226,
            0
         ],
         "1": [
            0.44094663858413696,
            0.48061466217041016,
            0.00830883253365755
         ],
         "2": [
            0.49539750814437866,
            0.4516746401786804,
            -0.002921110950410366
         ],
         "3": [
            0.5422868728637695,
            0.48327404260635376,
            -0.015453008003532887
         ],
         "4": [
            0.5688362717628479,
            0.5316853523254395,
            -0.02571713924407959
         ],
         "5": [
            0.5056321620941162,
            0.4161771833896637,
            -0.04431376978754997
         ],
         "6": [
            0.5919830203056335,
            0.41299188137054443,
            -0.06010765582323074
         ],
         "7": [
            0.6405620574951172,
            0.42294377088546753,
            -0.06253166496753693
         ],
         "8": [
            0.678100049495697,
            0.4371500611305237,
            -0.06412241607904434
         ],
         "9": [
            0.5092829465866089,
            0.4902748465538025,
            -0.06037278100848198
         ],
         "10": [
            0.6008515357971191,
            0.48673713207244873,
            -0.07824978977441788
         ],
         "11": [
            0.6555092334747314,
            0.4923487901687622,
            -0.0760151669383049
         ],
         "12": [
            0.6958185434341431,
            0.5010547637939453,
            -0.0749167948961258
         ],
         "13": [
            0.5086641907691956,
            0.5701143741607666,
            -0.07207616418600082
         ],
         "14": [
            0.5707255005836487,
            0.5897018313407898,
            -0.07419716566801071
         ],
         "15": [
            0.5522661209106445,
            0.5858960151672363,
            -0.052191779017448425
         ],
         "16": [
            0.529142439365387,
            0.5798789262771606,
            -0.03950364515185356
         ],
         "17": [
            0.5053990483283997,
            0.6452003717422485,
            -0.08521879464387894
         ],
         "18": [
            0.5468820333480835,
            0.639752209186554,
            -0.08279479295015335
         ],
         "19": [
            0.5293325781822205,
            0.6300303936004639,
            -0.06787203997373581
         ],
         "20": [
            0.5096050500869751,
            0.62061607837677,
            -0.05775940790772438
         ]
      }
   ]
}