{
   "i": [
      {
         "0": [
            0.3731936514377594,
            0.597353994846344,
            0
         ],
         "1": [
            0.4277748167514801,
            0.5571914911270142,
            -0.024115905165672302
         ],
         "2": [
            0.4712088704109192,
            0.45025864243507385,
            -0.03428603708744049
         ],
         "3": [
            0.47208571434020996,
            0.35129550099372864,
            -0.04431157186627388
         ],
         "4": [
            0.43783989548683167,
            0.27993154525756836,
            -0.050288327038288116
         ],
         "5": [
            0.43247321248054504,
            0.32298171520233154,
            -0.0068001714535057545
         ],
         "6": [
            0.4208129048347473,
            0.29142996668815613,
            -0.030333664268255234
         ],
         "7": [
            0.4175276458263397,
            0.3714192807674408,
            -0.03759574890136719
         ],
         "8": [
            0.42141851782798767,
            0.4465392827987671,
            -0.038977473974227905
         ],
         "9": [
            0.3895997405052185,
            0.3193143904209137,
            -0.008916940540075302
         ],
         "10": [
            0.38162848353385925,
            0.2804720997810364,
            -0.04768554866313934
         ],
         "11": [
            0.3828657567501068,
            0.39615339040756226,
            -0.05755041912198067
         ],
         "12": [
            0.38897705078125,
            0.46833446621894836,
            -0.053083911538124084
         ],
         "13": [
            0.3499187231063843,
            0.32758063077926636,
            -0.016741354018449783
         ],
         "14": [
            0.343304306268692,
            0.2786678969860077,
            -0.04884234070777893
         ],
         "15": [
            0.3488132059574127,
            0.3779621124267578,
            -0.04623955488204956
         ],
         "16": [
            0.3552316427230835,
            0.45019447803497314,
            -0.03547496348619461
         ],
         "17": [
            0.3117729425430298,
            0.34787142276763916,
            -0.028598476201295853
         ],
         "18": [
            0.3078892230987549,
            0.25105518102645874,
            -0.05247338488698006
         ],
         "19": [
            0.30845099687576294,
            0.1972731053829193,
            -0.0606030598282814
         ],
         "20": [
            0.3098582625389099,
            0.14018458127975464,
            -0.059574805200099945
         ]
      }
   ]
}