{
   "k": [
      {
         "0": [
            0.3895595371723175,
            0.758316159248352,
            0
         ],
         "1": [
            0.42663198709487915,
            0.604401171207428,
            0.010781832970678806
         ],
         "2": [
            0.42692723870277405,
            0.46921345591545105,
            0.0008004740229807794
         ],
         "3": [
            0.4153953194618225,
            0.38435688614845276,
            -0.016605110839009285
         ],
         "4": [
            0.41172540187835693,
            0.32542237639427185,
            -0.029606198891997337
         ],
         "5": [
            0.3603481650352478,
            0.3688676953315735,
            0.0009607199463061988
         ],
         "6": [
            0.3741307258605957,
            0.2601866126060486,
            -0.022954478859901428
         ],
         "7": [
            0.38259631395339966,
            0.18732118606567383,
            -0.039087925106287
         ],
         "8": [
            0.3895893692970276,
            0.12077996134757996,
            -0.050359562039375305
         ],
         "9": [
            0.3240054249763489,
            0.400071382522583,
            -0.023474521934986115
         ],
         "10": [
            0.3795146048069,
            0.35429462790489197,
            -0.049633920192718506
         ],
         "11": [
            0.4227517545223236,
            0.3417525291442871,
            -0.05529393255710602
         ],
         "12": [
            0.4533850848674774,
            0.32591360807418823,
            -0.05843837931752205
         ],
         "13": [
            0.3034280240535736,
            0.46054399013519287,
            -0.04910178482532501
         ],
         "14": [
            0.38693350553512573,
            0.4744320511817932,
            -0.06608180701732635
         ],
         "15": [
            0.4115564823150635,
            0.5452522039413452,
            -0.056938715279102325
         ],
         "16": [
            0.4129743278026581,
            0.5924469232559204,
            -0.04973067343235016
         ],
         "17": [
            0.2944568395614624,
            0.5323936343193054,
            -0.07764370739459991
         ],
         "18": [
            0.36804601550102234,
            0.5553463697433472,
            -0.08514200896024704
         ],
         "19": [
            0.3903856575489044,
            0.6005663871765137,
            -0.0787079781293869
         ],
         "20": [
            0.3857799768447876,
            0.6303427219390869,
            -0.07299959659576416
         ]
      }
   ]
}