{
   "k": [
      {
         "0": [
            0.3975619673728943,
            0.678695559501648,
            0
         ],
         "1": [
            0.4290667474269867,
            0.5563511848449707,
            0.002253354527056217
         ],
         "2": [
            0.4298352897167206,
            0.4342734217643738,
            -0.009065640158951283
         ],
         "3": [
            0.4203151762485504,
            0.3559405505657196,
            -0.02502450719475746
         ],
         "4": [
            0.4165355861186981,
            0.29981380701065063,
            -0.037035439163446426
         ],
         "5": [
            0.36788856983184814,
            0.3367232382297516,
            -0.006141239777207375
         ],
         "6": [
            0.38039231300354004,
            0.23888875544071198,
            -0.028471121564507484
         ],
         "7": [
            0.38597020506858826,
            0.16933852434158325,
            -0.04374066740274429
         ],
         "8": [
            0.3906359076499939,
            0.10557186603546143,
            -0.054728053510189056
         ],
         "9": [
            0.33412012457847595,
            0.3642722964286804,
            -0.024397851899266243
         ],
         "10": [
            0.37620988488197327,
            0.3284042477607727,
            -0.04887925460934639
         ],
         "11": [
            0.4123876988887787,
            0.310973584651947,
            -0.0544356144964695
         ],
         "12": [
            0.43956708908081055,
            0.29199254512786865,
            -0.057568904012441635
         ],
         "13": [
            0.31532904505729675,
            0.4191940426826477,
            -0.04428377375006676
         ],
         "14": [
            0.3859812617301941,
            0.43737536668777466,
            -0.06124528869986534
         ],
         "15": [
            0.4109615981578827,
            0.4987533390522003,
            -0.05372540280222893
         ],
         "16": [
            0.41375255584716797,
            0.5386838316917419,
            -0.04745883494615555
         ],
         "17": [
            0.3071415424346924,
            0.4859996736049652,
            -0.06738653033971786
         ],
         "18": [
            0.373874694108963,
            0.5112040042877197,
            -0.0759926289319992
         ],
         "19": [
            0.39530453085899353,
            0.5523621439933777,
            -0.07156424224376678
         ],
         "20": [
            0.390886515378952,
            0.5774433016777039,
            -0.06717764586210251
         ]
      }
   ]
}