{
   "l": [
      {
         "0": [
            0.33811530470848083,
            0.8699874877929688,
            0
         ],
         "1": [
            0.3856847286224365,
            0.7896897792816162,
            -0.024206113070249557
         ],
         "2": [
            0.4217337965965271,
            0.643984854221344,
            -0.051325805485248566
         ],
         "3": [
            0.4592832028865814,
            0.5408974289894104,
            -0.08132005482912064
         ],
         "4": [
            0.5123051404953003,
            0.4856144189834595,
            -0.10957136005163193
         ],
         "5": [
            0.3771107792854309,
            0.4964131712913513,
            -0.042975280433893204
         ],
         "6": [
            0.37368613481521606,
            0.3305870592594147,
            -0.0881357416510582
         ],
         "7": [
            0.37111788988113403,
            0.22757282853126526,
            -0.11560662090778351
         ],
         "8": [
            0.3674587607383728,
            0.1359703540802002,
            -0.1336083859205246
         ],
         "9": [
            0.31979817152023315,
            0.5199461579322815,
            -0.058583736419677734
         ],
         "10": [
            0.3144734501838684,
            0.4514559805393219,
            -0.11467012017965317
         ],
         "11": [
            0.3335932493209839,
            0.5939154028892517,
            -0.11550256609916687
         ],
         "12": [
            0.3469654619693756,
            0.6727150678634644,
            -0.10327594727277756
         ],
         "13": [
            0.27012258768081665,
            0.5752846002578735,
            -0.07991529256105423
         ],
         "14": [
            0.2614027261734009,
            0.5287719964981079,
            -0.12684470415115356
         ],
         "15": [
            0.2890271544456482,
            0.6511082649230957,
            -0.10905107110738754
         ],
         "16": [
            0.3054939806461334,
            0.7020261883735657,
            -0.08860400319099426
         ],
         "17": [
            0.22751349210739136,
            0.6479364633560181,
            -0.10655372589826584
         ],
         "18": [
            0.21946871280670166,
            0.6212565302848816,
            -0.1344408243894577
         ],
         "19": [
            0.25422942638397217,
            0.7031535506248474,
            -0.12434735894203186
         ],
         "20": [
            0.2799092233181,
            0.7347269058227539,
            -0.11050786077976227
         ]
      }
   ]
}