{
   "m": [
      {
         "0": [
            0.36450618505477905,
            0.8460519313812256,
            0
         ],
         "1": [
            0.4248262643814087,
            0.7401914000511169,
            -0.009610726498067379
         ],
         "2": [
            0.43602728843688965,
            0.5938143134117126,
            -0.016239281743764877
         ],
         "3": [
            0.3948451280593872,
            0.4923287034034729,
            -0.02936083823442459
         ],
         "4": [
            0.3482155203819275,
            0.4649697542190552,
            -0.038524240255355835
         ],
         "5": [
            0.42611151933670044,
            0.4601886570453644,
            0.0028652572073042393
         ],
         "6": [
            0.42946717143058777,
            0.3231584429740906,
            -0.02927950769662857
         ],
         "7": [
            0.42352497577667236,
            0.41981881856918335,
            -0.03681626915931702
         ],
         "8": [
            0.4139040410518646,
            0.5100401043891907,
            -0.03646382689476013
         ],
         "9": [
            0.37271854281425476,
            0.45616379380226135,
            -0.014151760376989841
         ],
         "10": [
            0.3726450502872467,
            0.2855064868927002,
            -0.04961249604821205
         ],
         "11": [
            0.374566912651062,
            0.39569851756095886,
            -0.05058848112821579
         ],
         "12": [
            0.37375426292419434,
            0.4880785644054413,
            -0.041641965508461
         ],
         "13": [
            0.3229862451553345,
            0.4910377264022827,
            -0.038524240255355835
         ],
         "14": [
            0.31320202350616455,
            0.34350937604904175,
            -0.07140946388244629
         ],
         "15": [
            0.3265220820903778,
            0.4486207664012909,
            -0.06414380669593811
         ],
         "16": [
            0.3337174654006958,
            0.52424556016922,
            -0.0506427064538002
         ],
         "17": [
            0.2757647931575775,
            0.5539101958274841,
            -0.06663798540830612
         ],
         "18": [
            0.2767937183380127,
            0.4912237823009491,
            -0.08669987320899963
         ],
         "19": [
            0.2990146577358246,
            0.5626386404037476,
            -0.08257904648780823
         ],
         "20": [
            0.3152408301830292,
            0.6144688725471497,
            -0.07260233163833618
         ]
      }
   ]
}