{
   "n-DGS": [
      {
         "0": [
            0.3955700695514679,
            0.3960151970386505,
            0
         ],
         "1": [
            0.444682776927948,
            0.4532712697982788,
            -0.024112936109304428
         ],
         "2": [
            0.44858232140541077,
            0.5574660301208496,
            -0.050928547978401184
         ],
         "3": [
            0.4159976840019226,
            0.6250298023223877,
            -0.06829886883497238
         ],
         "4": [
            0.38517555594444275,
            0.6734685897827148,
            -0.08423339575529099
         ],
         "5": [
            0.4423748850822449,
            0.5373445749282837,
            -0.10686830431222916
         ],
         "6": [
            0.4383464753627777,
            0.6803756356239319,
            -0.14098958671092987
         ],
         "7": [
            0.4360646605491638,
            0.7593864798545837,
            -0.1566425859928131
         ],
         "8": [
            0.4294213354587555,
            0.8314700126647949,
            -0.16655239462852478
         ],
         "9": [
            0.3964131474494934,
            0.5331138372421265,
            -0.10011161863803864
         ],
         "10": [
            0.39767223596572876,
            0.6897693872451782,
            -0.13896258175373077
         ],
         "11": [
            0.39484578371047974,
            0.7864221334457397,
            -0.1480841189622879
         ],
         "12": [
            0.3838992714881897,
            0.8653218746185303,
            -0.15393991768360138
         ],
         "13": [
            0.36047565937042236,
            0.5291990637779236,
            -0.08721759915351868
         ],
         "14": [
            0.36534640192985535,
            0.6593223214149475,
            -0.09926703572273254
         ],
         "15": [
            0.38710126280784607,
            0.6212375164031982,
            -0.07629428058862686
         ],
         "16": [
            0.398352712392807,
            0.5819191932678223,
            -0.0632876604795456
         ],
         "17": [
            0.3333616256713867,
            0.5276438593864441,
            -0.07668842375278473
         ],
         "18": [
            0.3532865047454834,
            0.6188844442367554,
            -0.07747670263051987
         ],
         "19": [
            0.3698157072067261,
            0.5928703546524048,
            -0.061654794961214066
         ],
         "20": [
            0.3753401041030884,
            0.5610129237174988,
            -0.05132268741726875
         ]
      }
   ]
}