{
   "n-DGS": [
      {
         "0": [
            0.4492953419685364,
            0.37438780069351196,
            0
         ],
         "1": [
            0.49079224467277527,
            0.4282306134700775,
            0.0007750596269033849
         ],
         "2": [
            0.4989388585090637,
            0.5115590691566467,
            -0.016188856214284897
         ],
         "3": [
            0.47769710421562195,
            0.5715139508247375,
            -0.0301456730812788
         ],
         "4": [
            0.4557780623435974,
            0.6141400933265686,
            -0.04343288019299507
         ],
         "5": [
            0.5031145811080933,
            0.5069342851638794,
            -0.07268573343753815
         ],
         "6": [
            0.5041512250900269,
            0.6288609504699707,
            -0.10062562674283981
         ],
         "7": [
            0.5030906796455383,
            0.6960737705230713,
            -0.11396534740924835
         ],
         "8": [
            0.49904707074165344,
            0.7533211708068848,
            -0.12194817513227463
         ],
         "9": [
            0.4637055993080139,
            0.5033747553825378,
            -0.07725484669208527
         ],
         "10": [
            0.4700019359588623,
            0.6370882391929626,
            -0.10503719002008438
         ],
         "11": [
            0.4712449312210083,
            0.713604211807251,
            -0.10745304077863693
         ],
         "12": [
            0.4678187966346741,
            0.7767930030822754,
            -0.10944875329732895
         ],
         "13": [
            0.4317317605018616,
            0.5002360343933105,
            -0.07578432559967041
         ],
         "14": [
            0.4381859302520752,
            0.6156958341598511,
            -0.07888292521238327
         ],
         "15": [
            0.4511522054672241,
            0.5837680697441101,
            -0.0523872971534729
         ],
         "16": [
            0.45571327209472656,
            0.5461263656616211,
            -0.03812849894165993
         ],
         "17": [
            0.4070809781551361,
            0.5009239315986633,
            -0.07525914162397385
         ],
         "18": [
            0.4251803457736969,
            0.5754721760749817,
            -0.06969217211008072
         ],
         "19": [
            0.43647301197052,
            0.5533460974693298,
            -0.05099555477499962
         ],
         "20": [
            0.4397066831588745,
            0.5255290269851685,
            -0.03938894718885422
         ]
      }
   ]
}