{
   "p": [
      {
         "0": [
            0.38993075489997864,
            0.4928618371486664,
            0
         ],
         "1": [
            0.44041240215301514,
            0.4829413592815399,
            -0.03869614750146866
         ],
         "2": [
            0.4824816882610321,
            0.4992857575416565,
            -0.09169621765613556
         ],
         "3": [
            0.5045759677886963,
            0.5424255132675171,
            -0.13734079897403717
         ],
         "4": [
            0.5303970575332642,
            0.5606708526611328,
            -0.1818806231021881
         ],
         "5": [
            0.461737722158432,
            0.4309007525444031,
            -0.15490089356899261
         ],
         "6": [
            0.504234790802002,
            0.5150242447853088,
            -0.22897885739803314
         ],
         "7": [
            0.5499095320701599,
            0.5468601584434509,
            -0.2702625095844269
         ],
         "8": [
            0.5957028269767761,
            0.5681700706481934,
            -0.2930557429790497
         ],
         "9": [
            0.4108269214630127,
            0.44980356097221375,
            -0.16269245743751526
         ],
         "10": [
            0.4329149127006531,
            0.6395013928413391,
            -0.23537492752075195
         ],
         "11": [
            0.4348418712615967,
            0.7407858371734619,
            -0.2407243549823761
         ],
         "12": [
            0.4438064694404602,
            0.7922977805137634,
            -0.24211986362934113
         ],
         "13": [
            0.36760902404785156,
            0.48159146308898926,
            -0.16676267981529236
         ],
         "14": [
            0.3894665241241455,
            0.6527749300003052,
            -0.21932663023471832
         ],
         "15": [
            0.3963974118232727,
            0.7080718278884888,
            -0.20037104189395905
         ],
         "16": [
            0.40802353620529175,
            0.7193198204040527,
            -0.18734633922576904
         ],
         "17": [
            0.33163875341415405,
            0.5205767750740051,
            -0.17397277057170868
         ],
         "18": [
            0.3546770513057709,
            0.6462199687957764,
            -0.2049064338207245
         ],
         "19": [
            0.3632175922393799,
            0.6904133558273315,
            -0.19211432337760925
         ],
         "20": [
            0.37294137477874756,
            0.7026255130767822,
            -0.18222951889038086
         ]
      }
   ]
}