{
   "p": [
      {
         "0": [
            0.4103577435016632,
            0.5816052556037903,
            0
         ],
         "1": [
            0.4616513252258301,
            0.5916958451271057,
            -0.07470507174730301
         ],
         "2": [
            0.5022668838500977,
            0.5925266742706299,
            -0.141339972615242
         ],
         "3": [
            0.516194760799408,
            0.6107983589172363,
            -0.19200268387794495
         ],
         "4": [
            0.5233938694000244,
            0.6117323040962219,
            -0.240759938955307
         ],
         "5": [
            0.48608162999153137,
            0.4466829001903534,
            -0.18482919037342072
         ],
         "6": [
            0.5258234739303589,
            0.489492803812027,
            -0.26945385336875916
         ],
         "7": [
            0.5677996873855591,
            0.5037435293197632,
            -0.32190990447998047
         ],
         "8": [
            0.6088694334030151,
            0.508212685585022,
            -0.3521730303764343
         ],
         "9": [
            0.44310587644577026,
            0.44261080026626587,
            -0.1707063913345337
         ],
         "10": [
            0.44591930508613586,
            0.5644567012786865,
            -0.25196847319602966
         ],
         "11": [
            0.4514923393726349,
            0.6689789295196533,
            -0.2687813341617584
         ],
         "12": [
            0.4702953100204468,
            0.7145128846168518,
            -0.2770756781101227
         ],
         "13": [
            0.4027230739593506,
            0.459670752286911,
            -0.1568077951669693
         ],
         "14": [
            0.40758955478668213,
            0.5883330702781677,
            -0.22092077136039734
         ],
         "15": [
            0.41147246956825256,
            0.6663641333580017,
            -0.2152043879032135
         ],
         "16": [
            0.4208281338214874,
            0.6892683506011963,
            -0.2078067660331726
         ],
         "17": [
            0.3703280985355377,
            0.4898291826248169,
            -0.14772886037826538
         ],
         "18": [
            0.3747645616531372,
            0.5847904682159424,
            -0.18695883452892303
         ],
         "19": [
            0.3821112811565399,
            0.6508865356445312,
            -0.18393251299858093
         ],
         "20": [
            0.3904837369918823,
            0.6742358803749084,
            -0.17944908142089844
         ]
      }
   ]
}