{
   "s": [
      {
         "0": [
            0.38429147005081177,
            0.6744445562362671,
            0
         ],
         "1": [
            0.43651068210601807,
            0.6437982320785522,
            -0.026770811527967453
         ],
         "2": [
            0.48046064376831055,
            0.5456467866897583,
            -0.04657360166311264
         ],
         "3": [
            0.47727030515670776,
            0.4548392593860626,
            -0.06855890154838562
         ],
         "4": [
            0.4363839030265808,
            0.4056101441383362,
            -0.08425697684288025
         ],
         "5": [
            0.47462600469589233,
            0.3964923918247223,
            -0.008414684794843197
         ],
         "6": [
            0.48964816331863403,
            0.31511807441711426,
            -0.0434500090777874
         ],
         "7": [
            0.4874752163887024,
            0.38908472657203674,
            -0.05506337806582451
         ],
         "8": [
            0.4717525839805603,
            0.4424198865890503,
            -0.05822701379656792
         ],
         "9": [
            0.4267526865005493,
            0.3871431052684784,
            -0.015828218311071396
         ],
         "10": [
            0.43818628787994385,
            0.2774924039840698,
            -0.059989046305418015
         ],
         "11": [
            0.4403592646121979,
            0.4014115333557129,
            -0.06171102449297905
         ],
         "12": [
            0.43156179785728455,
            0.44182088971138,
            -0.05073839798569679
         ],
         "13": [
            0.3802023231983185,
            0.4035354554653168,
            -0.03169647976756096
         ],
         "14": [
            0.3881530463695526,
            0.3591589331626892,
            -0.06972024589776993
         ],
         "15": [
            0.400527685880661,
            0.4670301079750061,
            -0.058347150683403015
         ],
         "16": [
            0.3933587372303009,
            0.4840966463088989,
            -0.040026068687438965
         ],
         "17": [
            0.3321534991264343,
            0.43386635184288025,
            -0.0522601492702961
         ],
         "18": [
            0.345816969871521,
            0.4057924747467041,
            -0.07232324033975601
         ],
         "19": [
            0.35714006423950195,
            0.47503677010536194,
            -0.06667674332857132
         ],
         "20": [
            0.3485035002231598,
            0.48357000946998596,
            -0.05502333119511604
         ]
      }
   ]
}