{
   "t-DGS": [
      {
         "0": [
            0.44270917773246765,
            0.8612115383148193,
            0
         ],
         "1": [
            0.48192042112350464,
            0.7174278497695923,
            -0.014862357638776302
         ],
         "2": [
            0.4948486387729645,
            0.5703575015068054,
            -0.05415067821741104
         ],
         "3": [
            0.48647695779800415,
            0.4569900631904602,
            -0.09313745051622391
         ],
         "4": [
            0.4657333791255951,
            0.3757213354110718,
            -0.12949638068675995
         ],
         "5": [
            0.4241529703140259,
            0.596413254737854,
            -0.09167274832725525
         ],
         "6": [
            0.464245080947876,
            0.5642223358154297,
            -0.1560332179069519
         ],
         "7": [
            0.4524480998516083,
            0.4953240752220154,
            -0.19816479086875916
         ],
         "8": [
            0.43730854988098145,
            0.4308237135410309,
            -0.22418467700481415
         ],
         "9": [
            0.37947115302085876,
            0.6988685131072998,
            -0.11148922890424728
         ],
         "10": [
            0.5257850885391235,
            0.7589232325553894,
            -0.1731787770986557
         ],
         "11": [
            0.5166308879852295,
            0.7497714161872864,
            -0.17869292199611664
         ],
         "12": [
            0.4819868206977844,
            0.7310662269592285,
            -0.18420708179473877
         ],
         "13": [
            0.37298154830932617,
            0.8191260695457458,
            -0.12975484132766724
         ],
         "14": [
            0.5235525369644165,
            0.8669597506523132,
            -0.18007147312164307
         ],
         "15": [
            0.5004663467407227,
            0.8497192859649658,
            -0.16249512135982513
         ],
         "16": [
            0.45732805132865906,
            0.8228768110275269,
            -0.15206992626190186
         ],
         "17": [
            0.38188523054122925,
            0.9439250826835632,
            -0.15086370706558228
         ],
         "18": [
            0.4994126558303833,
            0.9593630433082581,
            -0.18455171585083008
         ],
         "19": [
            0.47788429260253906,
            0.9319042563438416,
            -0.17679743468761444
         ],
         "20": [
            0.4393485188484192,
            0.9087539315223694,
            -0.1712833046913147
         ]
      }
   ]
}