{
   "w": [
      {
         "0": [
            0.4293830394744873,
            0.7153241634368896,
            0
         ],
         "1": [
            0.46020811796188354,
            0.6720436811447144,
            -0.015054252929985523
         ],
         "2": [
            0.47039392590522766,
            0.6155799031257629,
            -0.02711516059935093
         ],
         "3": [
            0.4372388422489166,
            0.5735796689987183,
            -0.04078652337193489
         ],
         "4": [
            0.41036874055862427,
            0.5443899035453796,
            -0.05584077909588814
         ],
         "5": [
            0.4587952494621277,
            0.4827360212802887,
            -0.015614412724971771
         ],
         "6": [
            0.4757426679134369,
            0.3787861466407776,
            -0.027972903102636337
         ],
         "7": [
            0.4819967746734619,
            0.3156631886959076,
            -0.036865416914224625
         ],
         "8": [
            0.4865405559539795,
            0.25712868571281433,
            -0.04484767094254494
         ],
         "9": [
            0.42470839619636536,
            0.4820996820926666,
            -0.026099873706698418
         ],
         "10": [
            0.4202941060066223,
            0.3560275435447693,
            -0.03192902356386185
         ],
         "11": [
            0.4135195016860962,
            0.28527116775512695,
            -0.03970121592283249
         ],
         "12": [
            0.405221551656723,
            0.22323355078697205,
            -0.0498540885746479
         ],
         "13": [
            0.39813104271888733,
            0.5123639106750488,
            -0.03956117853522301
         ],
         "14": [
            0.37351110577583313,
            0.4279644787311554,
            -0.05090438202023506
         ],
         "15": [
            0.35853537917137146,
            0.36855557560920715,
            -0.06256267428398132
         ],
         "16": [
            0.3444409966468811,
            0.3021112084388733,
            -0.07352077215909958
         ],
         "17": [
            0.38058751821517944,
            0.5772330164909363,
            -0.05538564920425415
         ],
         "18": [
            0.3757833242416382,
            0.5162419676780701,
            -0.06791918724775314
         ],
         "19": [
            0.39352577924728394,
            0.5489495992660522,
            -0.07054493576288223
         ],
         "20": [
            0.4090721607208252,
            0.5903646945953369,
            -0.07345075160264969
         ]
      }
   ]
}