{
   "w": [
      {
         "0": [
            0.4399336576461792,
            0.7868239879608154,
            0
         ],
         "1": [
            0.48190927505493164,
            0.7298362851142883,
            -0.01816374808549881
         ],
         "2": [
            0.49871623516082764,
            0.6598070859909058,
            -0.034602001309394836
         ],
         "3": [
            0.46110236644744873,
            0.6027300953865051,
            -0.05388157069683075
         ],
         "4": [
            0.42875319719314575,
            0.5589341521263123,
            -0.07472559064626694
         ],
         "5": [
            0.48841607570648193,
            0.48447176814079285,
            -0.01881943829357624
         ],
         "6": [
            0.5141093134880066,
            0.3545369505882263,
            -0.03660357743501663
         ],
         "7": [
            0.5252149105072021,
            0.2768336832523346,
            -0.05029252916574478
         ],
         "8": [
            0.533229410648346,
            0.2047867774963379,
            -0.062209974974393845
         ],
         "9": [
            0.446260005235672,
            0.4787268042564392,
            -0.034141864627599716
         ],
         "10": [
            0.4424290060997009,
            0.3214927315711975,
            -0.04410374537110329
         ],
         "11": [
            0.4350261092185974,
            0.23548123240470886,
            -0.05655033886432648
         ],
         "12": [
            0.4259434640407562,
            0.15760108828544617,
            -0.07127459347248077
         ],
         "13": [
            0.41135987639427185,
            0.5124021768569946,
            -0.053375422954559326
         ],
         "14": [
            0.3814646303653717,
            0.4066098928451538,
            -0.07007824629545212
         ],
         "15": [
            0.3638041317462921,
            0.3298783004283905,
            -0.08760931342840195
         ],
         "16": [
            0.34813088178634644,
            0.24451518058776855,
            -0.10334586352109909
         ],
         "17": [
            0.38625723123550415,
            0.5899006128311157,
            -0.07559984177350998
         ],
         "18": [
            0.3810080885887146,
            0.5236122012138367,
            -0.09262476861476898
         ],
         "19": [
            0.4044177234172821,
            0.5653786063194275,
            -0.09773223847150803
         ],
         "20": [
            0.4256698489189148,
            0.6166813969612122,
            -0.10297775268554688
         ]
      }
   ]
}