{
   "x": [
      {
         "0": [
            0.42059391736984253,
            0.6696280837059021,
            0
         ],
         "1": [
            0.4469759166240692,
            0.6035667657852173,
            -0.006129283457994461
         ],
         "2": [
            0.4645906984806061,
            0.5209094882011414,
            -0.023890327662229538
         ],
         "3": [
            0.463810533285141,
            0.46393725275993347,
            -0.046133045107126236
         ],
         "4": [
            0.44267138838768005,
            0.4338461756706238,
            -0.06303894519805908
         ],
         "5": [
            0.42128172516822815,
            0.3923562467098236,
            -0.009590157307684422
         ],
         "6": [
            0.4157463014125824,
            0.29733824729919434,
            -0.042228929698467255
         ],
         "7": [
            0.43463921546936035,
            0.275637149810791,
            -0.05748721957206726
         ],
         "8": [
            0.45269304513931274,
            0.2923167049884796,
            -0.06404183804988861
         ],
         "9": [
            0.38689810037612915,
            0.41036906838417053,
            -0.025108125060796738
         ],
         "10": [
            0.41050130128860474,
            0.38032102584838867,
            -0.060854073613882065
         ],
         "11": [
            0.4356408417224884,
            0.46966248750686646,
            -0.060424260795116425
         ],
         "12": [
            0.43097081780433655,
            0.49618133902549744,
            -0.05261602997779846
         ],
         "13": [
            0.35853514075279236,
            0.45024704933166504,
            -0.045094337314367294
         ],
         "14": [
            0.38870665431022644,
            0.44644641876220703,
            -0.07127698510885239
         ],
         "15": [
            0.41233858466148376,
            0.5152705311775208,
            -0.05866920202970505
         ],
         "16": [
            0.4034152626991272,
            0.5321854948997498,
            -0.045953959226608276
         ],
         "17": [
            0.3343009352684021,
            0.4987329840660095,
            -0.0682683065533638
         ],
         "18": [
            0.3697585165500641,
            0.5099806189537048,
            -0.078010693192482
         ],
         "19": [
            0.39224207401275635,
            0.5508280992507935,
            -0.069486103951931
         ],
         "20": [
            0.38503262400627136,
            0.5570293068885803,
            -0.06078243628144264
         ]
      }
   ]
}