{
   "y": [
      {
         "0": [
            0.42280811071395874,
            0.653121829032898,
            0
         ],
         "1": [
            0.47053050994873047,
            0.5883698463439941,
            -0.01412168424576521
         ],
         "2": [
            0.5006851553916931,
            0.49414554238319397,
            -0.021142177283763885
         ],
         "3": [
            0.5178358554840088,
            0.4142405092716217,
            -0.031309790909290314
         ],
         "4": [
            0.5388032793998718,
            0.3623676598072052,
            -0.03760403022170067
         ],
         "5": [
            0.4480907618999481,
            0.42988890409469604,
            0.0010712306248024106
         ],
         "6": [
            0.4408596456050873,
            0.38668280839920044,
            -0.02140040509402752
         ],
         "7": [
            0.44952282309532166,
            0.45791032910346985,
            -0.028727540746331215
         ],
         "8": [
            0.45908910036087036,
            0.5044565796852112,
            -0.030212335288524628
         ],
         "9": [
            0.41178596019744873,
            0.43811285495758057,
            -0.00493855495005846
         ],
         "10": [
            0.40669941902160645,
            0.4095333218574524,
            -0.03873376548290253
         ],
         "11": [
            0.4233625531196594,
            0.4898935854434967,
            -0.046480514109134674
         ],
         "12": [
            0.43699705600738525,
            0.5260471701622009,
            -0.042639415711164474
         ],
         "13": [
            0.37859153747558594,
            0.4550970792770386,
            -0.01547736581414938
         ],
         "14": [
            0.3713817298412323,
            0.41890081763267517,
            -0.04564128443598747
         ],
         "15": [
            0.3915937542915344,
            0.49540582299232483,
            -0.04299447685480118
         ],
         "16": [
            0.408233106136322,
            0.5359062552452087,
            -0.032374970614910126
         ],
         "17": [
            0.3515343964099884,
            0.47909480333328247,
            -0.028630705550312996
         ],
         "18": [
            0.33510106801986694,
            0.41014227271080017,
            -0.0481267012655735
         ],
         "19": [
            0.3316560387611389,
            0.37245747447013855,
            -0.051806408911943436
         ],
         "20": [
            0.32857397198677063,
            0.3249368667602539,
            -0.047933030873537064
         ]
      }
   ]
}