{
   "y": [
      {
         "0": [
            0.4169059693813324,
            0.7350990176200867,
            0
         ],
         "1": [
            0.4798649847507477,
            0.663287878036499,
            -0.023325441405177116
         ],
         "2": [
            0.5254302620887756,
            0.5362806916236877,
            -0.037057701498270035
         ],
         "3": [
            0.5536377429962158,
            0.4297608435153961,
            -0.05376492440700531
         ],
         "4": [
            0.5879982113838196,
            0.36521291732788086,
            -0.06501805037260056
         ],
         "5": [
            0.46231159567832947,
            0.4417394697666168,
            -0.011010601185262203
         ],
         "6": [
            0.445997953414917,
            0.39410942792892456,
            -0.04678023234009743
         ],
         "7": [
            0.45618870854377747,
            0.49338963627815247,
            -0.05824893340468407
         ],
         "8": [
            0.4687848687171936,
            0.5507806539535522,
            -0.061137665063142776
         ],
         "9": [
            0.4124438464641571,
            0.44805240631103516,
            -0.01816236972808838
         ],
         "10": [
            0.4006572365760803,
            0.4169159531593323,
            -0.06846728920936584
         ],
         "11": [
            0.42172306776046753,
            0.5326322913169861,
            -0.07691790908575058
         ],
         "12": [
            0.4381090998649597,
            0.5667436122894287,
            -0.07045059651136398
         ],
         "13": [
            0.3663543462753296,
            0.4669629633426666,
            -0.031625159084796906
         ],
         "14": [
            0.3509015142917633,
            0.4215034246444702,
            -0.07592625170946121
         ],
         "15": [
            0.3767242431640625,
            0.5323237180709839,
            -0.06915713101625443
         ],
         "16": [
            0.3975141942501068,
            0.5839173793792725,
            -0.05238523334264755
         ],
         "17": [
            0.3279798924922943,
            0.4941056966781616,
            -0.04893599823117256
         ],
         "18": [
            0.3039665222167969,
            0.40261179208755493,
            -0.07821136713027954
         ],
         "19": [
            0.29022157192230225,
            0.3514188528060913,
            -0.08308340609073639
         ],
         "20": [
            0.27706050872802734,
            0.2794337868690491,
            -0.07730594277381897
         ]
      }
   ]
}