{
   "y": [
      {
         "0": [
            0.3776125907897949,
            0.7339316606521606,
            0
         ],
         "1": [
            0.4367940425872803,
            0.6558201909065247,
            -0.026717355474829674
         ],
         "2": [
            0.47908127307891846,
            0.5151357054710388,
            -0.0413237027823925
         ],
         "3": [
            0.5012190937995911,
            0.3975195586681366,
            -0.058124229311943054
         ],
         "4": [
            0.5277554988861084,
            0.31317365169525146,
            -0.06931024044752121
         ],
         "5": [
            0.40977945923805237,
            0.4041323661804199,
            -0.01093324925750494
         ],
         "6": [
            0.39105045795440674,
            0.3689109683036804,
            -0.047755658626556396
         ],
         "7": [
            0.4049318730831146,
            0.46861499547958374,
            -0.06031841039657593
         ],
         "8": [
            0.4203825891017914,
            0.5299364328384399,
            -0.06397537142038345
         ],
         "9": [
            0.35922059416770935,
            0.41864967346191406,
            -0.01724151335656643
         ],
         "10": [
            0.33997705578804016,
            0.3982715606689453,
            -0.07103116810321808
         ],
         "11": [
            0.3677103817462921,
            0.5155025720596313,
            -0.08105555176734924
         ],
         "12": [
            0.3880663514137268,
            0.5472719073295593,
            -0.07460208237171173
         ],
         "13": [
            0.31312060356140137,
            0.4479738473892212,
            -0.030718505382537842
         ],
         "14": [
            0.292072057723999,
            0.41335976123809814,
            -0.07825905084609985
         ],
         "15": [
            0.324675977230072,
            0.5256493091583252,
            -0.07189162820577621
         ],
         "16": [
            0.3496415913105011,
            0.5781073570251465,
            -0.05446726456284523
         ],
         "17": [
            0.27593865990638733,
            0.4872276186943054,
            -0.048444028943777084
         ],
         "18": [
            0.2505210041999817,
            0.3974399268627167,
            -0.08109857141971588
         ],
         "19": [
            0.23920691013336182,
            0.3499913811683655,
            -0.08729390799999237
         ],
         "20": [
            0.22599616646766663,
            0.2808164954185486,
            -0.08165787160396576
         ]
      }
   ]
}