{
   "a": [
      {
         "0": [
            0.6760865449905396,
            0.7138273119926453,
            0
         ],
         "1": [
            0.6136611104011536,
            0.6539953947067261,
            -0.038742244243621826
         ],
         "2": [
            0.5750011801719666,
            0.5813000798225403,
            -0.09166371822357178
         ],
         "3": [
            0.592193603515625,
            0.5243383049964905,
            -0.13742396235466003
         ],
         "4": [
            0.6400401592254639,
            0.4970656633377075,
            -0.17874425649642944
         ],
         "5": [
            0.5706815719604492,
            0.7621690630912781,
            -0.12460536509752274
         ],
         "6": [
            0.5958803296089172,
            0.5535385012626648,
            -0.1836138814687729
         ],
         "7": [
            0.610124409198761,
            0.5689476728439331,
            -0.22228452563285828
         ],
         "8": [
            0.619579553604126,
            0.6332988739013672,
            -0.24749206006526947
         ],
         "9": [
            0.6306236386299133,
            0.8054251670837402,
            -0.13420142233371735
         ],
         "10": [
            0.6597520112991333,
            0.5523580312728882,
            -0.18848352134227753
         ],
         "11": [
            0.6520370841026306,
            0.6030411720275879,
            -0.19850924611091614
         ],
         "12": [
            0.6454503536224365,
            0.6942725777626038,
            -0.21412070095539093
         ],
         "13": [
            0.6864564418792725,
            0.807550311088562,
            -0.1408613622188568
         ],
         "14": [
            0.7086496949195862,
            0.5585299730300903,
            -0.17215591669082642
         ],
         "15": [
            0.6992931962013245,
            0.6095508933067322,
            -0.15783347189426422
         ],
         "16": [
            0.6874423623085022,
            0.6950876116752625,
            -0.15654443204402924
         ],
         "17": [
            0.7386232614517212,
            0.7817809581756592,
            -0.15196125209331512
         ],
         "18": [
            0.7513819336891174,
            0.6047573685646057,
            -0.16742952167987823
         ],
         "19": [
            0.7407417893409729,
            0.6291022896766663,
            -0.1584063619375229
         ],
         "20": [
            0.7285587191581726,
            0.6937476396560669,
            -0.15869282186031342
         ]
      }
   ]
}