{
   "a": [
      {
         "0": [
            0.5265504717826843,
            0.3649790585041046,
            0
         ],
         "1": [
            0.5591647028923035,
            0.4355144500732422,
            -0.019552791491150856
         ],
         "2": [
            0.611482560634613,
            0.46748992800712585,
            -0.024958118796348572
         ],
         "3": [
            0.6588524580001831,
            0.4325617551803589,
            -0.03252255916595459
         ],
         "4": [
            0.6710652112960815,
            0.37315618991851807,
            -0.035874467343091965
         ],
         "5": [
            0.6518042087554932,
            0.44239217042922974,
            0.01215443853288889
         ],
         "6": [
            0.6936578750610352,
            0.4510999917984009,
            -0.006866125855594873
         ],
         "7": [
            0.6682218313217163,
            0.43696749210357666,
            -0.014774059876799583
         ],
         "8": [
            0.6445670127868652,
            0.4151945412158966,
            -0.016457561403512955
         ],
         "9": [
            0.6543734073638916,
            0.38354620337486267,
            0.009950031526386738
         ],
         "10": [
            0.6985709071159363,
            0.3796986937522888,
            -0.015000540763139725
         ],
         "11": [
            0.6537426114082336,
            0.3773852288722992,
            -0.020670093595981598
         ],
         "12": [
            0.6354328393936157,
            0.3748723268508911,
            -0.016019700095057487
         ],
         "13": [
            0.6505988240242004,
            0.3270474672317505,
            0.0008431670139543712
         ],
         "14": [
            0.6957798004150391,
            0.3159385323524475,
            -0.01919042319059372
         ],
         "15": [
            0.6599082350730896,
            0.32902243733406067,
            -0.014494732953608036
         ],
         "16": [
            0.6327275633811951,
            0.3306618630886078,
            -0.004944818094372749
         ],
         "17": [
            0.6398417949676514,
            0.26863521337509155,
            -0.01215443853288889
         ],
         "18": [
            0.6802287697792053,
            0.2617006301879883,
            -0.018435491248965263
         ],
         "19": [
            0.6626007556915283,
            0.2784959673881531,
            -0.013785096816718578
         ],
         "20": [
            0.6422212719917297,
            0.2835730314254761,
            -0.006518855690956116
         ]
      }
   ]
}