{
   "a": [
      {
         "0": [
            0.5329142808914185,
            0.6651397347450256,
            0
         ],
         "1": [
            0.517568826675415,
            0.6011055111885071,
            0.02647121623158455
         ],
         "2": [
            0.49426960945129395,
            0.5789311528205872,
            0.03873836621642113
         ],
         "3": [
            0.47133374214172363,
            0.5623345971107483,
            0.04502485692501068
         ],
         "4": [
            0.46268564462661743,
            0.5659920573234558,
            0.0532822459936142
         ],
         "5": [
            0.45652908086776733,
            0.6738743185997009,
            0.04203452542424202
         ],
         "6": [
            0.4399857223033905,
            0.6059650182723999,
            0.049442391842603683
         ],
         "7": [
            0.4583786427974701,
            0.593788743019104,
            0.05307835713028908
         ],
         "8": [
            0.4730559289455414,
            0.6072627305984497,
            0.05453954637050629
         ],
         "9": [
            0.4519839286804199,
            0.6815780401229858,
            0.027439676225185394
         ],
         "10": [
            0.4371874928474426,
            0.6008144021034241,
            0.03336936607956886
         ],
         "11": [
            0.45941969752311707,
            0.5908825397491455,
            0.035476185381412506
         ],
         "12": [
            0.46993136405944824,
            0.6110209226608276,
            0.035951919853687286
         ],
         "13": [
            0.4487893581390381,
            0.6781505346298218,
            0.013346047140657902
         ],
         "14": [
            0.4325816035270691,
            0.5965645909309387,
            0.018349753692746162
         ],
         "15": [
            0.4563501179218292,
            0.58675217628479,
            0.02305612526834011
         ],
         "16": [
            0.4682982563972473,
            0.6101402640342712,
            0.024194490164518356
         ],
         "17": [
            0.4459470212459564,
            0.6672687530517578,
            0.0008181993034668267
         ],
         "18": [
            0.4308089315891266,
            0.6010582447052002,
            0.005933936219662428
         ],
         "19": [
            0.4508691430091858,
            0.5943282842636108,
            0.011358157731592655
         ],
         "20": [
            0.4663952589035034,
            0.6152403950691223,
            0.014246543869376183
         ]
      }
   ]
}