{
   "a": [
      {
         "0": [
            0.21795079112052917,
            0.7526905536651611,
            0
         ],
         "1": [
            0.28821271657943726,
            0.7713587880134583,
            -0.038008030503988266
         ],
         "2": [
            0.35985836386680603,
            0.6500632762908936,
            -0.04652329161763191
         ],
         "3": [
            0.3820471167564392,
            0.5107082724571228,
            -0.05273614078760147
         ],
         "4": [
            0.37704822421073914,
            0.42136526107788086,
            -0.05503854900598526
         ],
         "5": [
            0.32439690828323364,
            0.5164843201637268,
            -0.008999497629702091
         ],
         "6": [
            0.3338376581668854,
            0.4333396553993225,
            -0.03501124307513237
         ],
         "7": [
            0.32211780548095703,
            0.5288028717041016,
            -0.038373492658138275
         ],
         "8": [
            0.31290608644485474,
            0.5898323059082031,
            -0.03548634424805641
         ],
         "9": [
            0.28042498230934143,
            0.4979461431503296,
            -0.0032114959321916103
         ],
         "10": [
            0.2923363149166107,
            0.4151453375816345,
            -0.03910441696643829
         ],
         "11": [
            0.2804625332355499,
            0.5525748133659363,
            -0.03709437698125839
         ],
         "12": [
            0.273486852645874,
            0.6035269498825073,
            -0.023279918357729912
         ],
         "13": [
            0.23601049184799194,
            0.4956683814525604,
            -0.0063636042177677155
         ],
         "14": [
            0.24847497045993805,
            0.40442872047424316,
            -0.0448056198656559
         ],
         "15": [
            0.24370041489601135,
            0.5410523414611816,
            -0.03280019760131836
         ],
         "16": [
            0.23776434361934662,
            0.6012366414070129,
            -0.012827710248529911
         ],
         "17": [
            0.18855130672454834,
            0.49691927433013916,
            -0.014243874698877335
         ],
         "18": [
            0.20205138623714447,
            0.433790922164917,
            -0.03851967677474022
         ],
         "19": [
            0.20148764550685883,
            0.5293528437614441,
            -0.03362249210476875
         ],
         "20": [
            0.19646480679512024,
            0.5770580172538757,
            -0.01993594318628311
         ]
      }
   ]
}