{
   "b": [
      {
         "0": [
            0.24881146848201752,
            0.8752250671386719,
            0
         ],
         "1": [
            0.3385680615901947,
            0.8173679113388062,
            -0.017878253012895584
         ],
         "2": [
            0.37968048453330994,
            0.6911892890930176,
            -0.01568729057908058
         ],
         "3": [
            0.3893139660358429,
            0.5657783150672913,
            -0.014598067849874496
         ],
         "4": [
            0.4087521433830261,
            0.4828141927719116,
            -0.014109796844422817
         ],
         "5": [
            0.3448825180530548,
            0.556928277015686,
            0.019893936812877655
         ],
         "6": [
            0.35966956615448,
            0.41307997703552246,
            0.01185623649507761
         ],
         "7": [
            0.36475831270217896,
            0.32809537649154663,
            0.0036557770799845457
         ],
         "8": [
            0.3656326234340668,
            0.25059792399406433,
            -0.0015947074862197042
         ],
         "9": [
            0.30298420786857605,
            0.5303744077682495,
            0.015036260709166527
         ],
         "10": [
            0.32026973366737366,
            0.3783065676689148,
            0.013471287675201893
         ],
         "11": [
            0.3291012644767761,
            0.2763875126838684,
            0.000842737965285778
         ],
         "12": [
            0.33423298597335815,
            0.1921672523021698,
            -0.010485319420695305
         ],
         "13": [
            0.262260764837265,
            0.5305541753768921,
            0.003671426558867097
         ],
         "14": [
            0.27704787254333496,
            0.3867059051990509,
            -0.00624737236648798
         ],
         "15": [
            0.2896304130554199,
            0.29458102583885193,
            -0.023487115278840065
         ],
         "16": [
            0.2965141832828522,
            0.21705034375190735,
            -0.035706423223018646
         ],
         "17": [
            0.21915259957313538,
            0.552670955657959,
            -0.011023669503629208
         ],
         "18": [
            0.2301579713821411,
            0.43835702538490295,
            -0.02440105937421322
         ],
         "19": [
            0.24249908328056335,
            0.3621428310871124,
            -0.0364576131105423
         ],
         "20": [
            0.25157463550567627,
            0.29167595505714417,
            -0.04414476081728935
         ]
      }
   ]
}