{
   "c": [
      {
         "0": [
            0.18667477369308472,
            0.6584873199462891,
            0
         ],
         "1": [
            0.2720409631729126,
            0.6561774611473083,
            -0.006611411459743977
         ],
         "2": [
            0.3342772126197815,
            0.5914505124092102,
            0.0007660533883608878
         ],
         "3": [
            0.3715132772922516,
            0.5196626782417297,
            0.003989173099398613
         ],
         "4": [
            0.4020996689796448,
            0.4486827254295349,
            0.007317660842090845
         ],
         "5": [
            0.28557655215263367,
            0.45044660568237305,
            0.0651390329003334
         ],
         "6": [
            0.314069539308548,
            0.3707593083381653,
            0.0706067755818367
         ],
         "7": [
            0.3414481580257416,
            0.32640576362609863,
            0.06262386590242386
         ],
         "8": [
            0.36775824427604675,
            0.2897813022136688,
            0.05598967522382736
         ],
         "9": [
            0.2599272131919861,
            0.41758859157562256,
            0.06025451049208641
         ],
         "10": [
            0.28989261388778687,
            0.33745285868644714,
            0.0683467760682106
         ],
         "11": [
            0.32371893525123596,
            0.28865110874176025,
            0.05004806071519852
         ],
         "12": [
            0.3559185862541199,
            0.2558101713657379,
            0.035066451877355576
         ],
         "13": [
            0.23339611291885376,
            0.39786502718925476,
            0.04840774089097977
         ],
         "14": [
            0.2682391107082367,
            0.31232792139053345,
            0.049610644578933716
         ],
         "15": [
            0.3029601275920868,
            0.26879817247390747,
            0.03018193319439888
         ],
         "16": [
            0.33277300000190735,
            0.2453545778989792,
            0.01581088826060295
         ],
         "17": [
            0.20460209250450134,
            0.381134033203125,
            0.033900000154972076
         ],
         "18": [
            0.23881524801254272,
            0.3001980185508728,
            0.03069225512444973
         ],
         "19": [
            0.2744635343551636,
            0.26054826378822327,
            0.019100643694400787
         ],
         "20": [
            0.3075404465198517,
            0.23818352818489075,
            0.01006975769996643
         ]
      }
   ]
}