{
   "d": [
      {
         "0": [
            0.2537090480327606,
            0.8158938884735107,
            0
         ],
         "1": [
            0.32709965109825134,
            0.7803435325622559,
            0.019249428063631058
         ],
         "2": [
            0.3760374188423157,
            0.6794600486755371,
            0.016661372035741806
         ],
         "3": [
            0.4143630862236023,
            0.6084602475166321,
            0.000965304032433778
         ],
         "4": [
            0.4284721910953522,
            0.5435881018638611,
            -0.014836611226201057
         ],
         "5": [
            0.33088743686676025,
            0.49667102098464966,
            0.03935756906867027
         ],
         "6": [
            0.3403744399547577,
            0.35410076379776,
            0.025546642020344734
         ],
         "7": [
            0.35585764050483704,
            0.2633307874202728,
            0.0060735889710485935
         ],
         "8": [
            0.36162859201431274,
            0.192082941532135,
            -0.009869208559393883
         ],
         "9": [
            0.3065130412578583,
            0.5066800713539124,
            0.008718298748135567
         ],
         "10": [
            0.34192708134651184,
            0.36113375425338745,
            -0.01870081014931202
         ],
         "11": [
            0.393308162689209,
            0.3959841728210449,
            -0.041456643491983414
         ],
         "12": [
            0.41477808356285095,
            0.44844719767570496,
            -0.051761168986558914
         ],
         "13": [
            0.2857489287853241,
            0.5228074193000793,
            -0.023721881210803986
         ],
         "14": [
            0.3152332901954651,
            0.37560203671455383,
            -0.046752024441957474
         ],
         "15": [
            0.3749036192893982,
            0.42295992374420166,
            -0.053669415414333344
         ],
         "16": [
            0.39720773696899414,
            0.4917084574699402,
            -0.054862070828676224
         ],
         "17": [
            0.2678864002227783,
            0.5435531735420227,
            -0.05681801587343216
         ],
         "18": [
            0.3056606352329254,
            0.4380137622356415,
            -0.06907850503921509
         ],
         "19": [
            0.35763615369796753,
            0.4556208848953247,
            -0.07008033245801926
         ],
         "20": [
            0.3832625150680542,
            0.4991985261440277,
            -0.06965097039937973
         ]
      }
   ]
}