{
   "d": [
      {
         "0": [
            0.22309179604053497,
            0.8139552474021912,
            0
         ],
         "1": [
            0.26851600408554077,
            0.7386844754219055,
            -0.042668234556913376
         ],
         "2": [
            0.28510940074920654,
            0.6157830357551575,
            -0.05553794652223587
         ],
         "3": [
            0.24625422060489655,
            0.5173218846321106,
            -0.06790623813867569
         ],
         "4": [
            0.20011693239212036,
            0.4575274586677551,
            -0.07760030776262283
         ],
         "5": [
            0.28192177414894104,
            0.4651508033275604,
            0.00543799065053463
         ],
         "6": [
            0.2655748724937439,
            0.33039331436157227,
            -0.013597962446510792
         ],
         "7": [
            0.24485673010349274,
            0.23833265900611877,
            -0.03414413705468178
         ],
         "8": [
            0.2222984880208969,
            0.17468354105949402,
            -0.04756302013993263
         ],
         "9": [
            0.23291505873203278,
            0.46909376978874207,
            0.010010438971221447
         ],
         "10": [
            0.21128012239933014,
            0.34051960706710815,
            -0.01667809672653675
         ],
         "11": [
            0.20130643248558044,
            0.3734099864959717,
            -0.03361884132027626
         ],
         "12": [
            0.20040731132030487,
            0.44174647331237793,
            -0.03679448366165161
         ],
         "13": [
            0.19156678020954132,
            0.48922502994537354,
            0.005055958870798349
         ],
         "14": [
            0.16986429691314697,
            0.3786400556564331,
            -0.01917324587702751
         ],
         "15": [
            0.16850216686725616,
            0.40656349062919617,
            -0.02769734337925911
         ],
         "16": [
            0.17500358819961548,
            0.47360551357269287,
            -0.02547677978873253
         ],
         "17": [
            0.15612800419330597,
            0.5272438526153564,
            -0.0069601512514054775
         ],
         "18": [
            0.14245347678661346,
            0.4230748116970062,
            -0.021823594346642494
         ],
         "19": [
            0.14225266873836517,
            0.4162335991859436,
            -0.02741081826388836
         ],
         "20": [
            0.14870448410511017,
            0.4521833658218384,
            -0.026264719665050507
         ]
      }
   ]
}