{
   "e": [
      {
         "0": [
            0.25764432549476624,
            0.8167558908462524,
            0
         ],
         "1": [
            0.3306925296783447,
            0.7351869344711304,
            -0.019437773153185844
         ],
         "2": [
            0.36246779561042786,
            0.595849335193634,
            -0.02124289609491825
         ],
         "3": [
            0.31879550218582153,
            0.49527525901794434,
            -0.026998361572623253
         ],
         "4": [
            0.25904297828674316,
            0.5242747664451599,
            -0.02765239030122757
         ],
         "5": [
            0.333932101726532,
            0.4573463797569275,
            0.037829093635082245
         ],
         "6": [
            0.3290075361728668,
            0.3403692841529846,
            0.02630508691072464
         ],
         "7": [
            0.33804047107696533,
            0.35809144377708435,
            0.017724214121699333
         ],
         "8": [
            0.33480164408683777,
            0.4138874113559723,
            0.01555283460766077
         ],
         "9": [
            0.2906913459300995,
            0.43582072854042053,
            0.03343401476740837
         ],
         "10": [
            0.28711196780204773,
            0.2860535979270935,
            0.025964993983507156
         ],
         "11": [
            0.30359116196632385,
            0.3099365830421448,
            0.015435108914971352
         ],
         "12": [
            0.3068203628063202,
            0.3755546808242798,
            0.01198837161064148
         ],
         "13": [
            0.2515450716018677,
            0.4385621249675751,
            0.020209528505802155
         ],
         "14": [
            0.2418191283941269,
            0.2956271171569824,
            0.015408948063850403
         ],
         "15": [
            0.26432353258132935,
            0.31415262818336487,
            0.012505054473876953
         ],
         "16": [
            0.27324095368385315,
            0.3887869715690613,
            0.013904678635299206
         ],
         "17": [
            0.21010106801986694,
            0.465107798576355,
            0.0013423966011032462
         ],
         "18": [
            0.2039683610200882,
            0.3484179973602295,
            0.0025637978687882423
         ],
         "19": [
            0.22521589696407318,
            0.33287203311920166,
            0.0035971649922430515
         ],
         "20": [
            0.2394344061613083,
            0.37394076585769653,
            0.006592622958123684
         ]
      }
   ]
}