{
   "f": [
      {
         "0": [
            0.21980643272399902,
            0.836387038230896,
            0
         ],
         "1": [
            0.29272451996803284,
            0.7942148447036743,
            -0.010195457376539707
         ],
         "2": [
            0.3622792065143585,
            0.7041918039321899,
            -0.011529694311320782
         ],
         "3": [
            0.40147584676742554,
            0.6232983469963074,
            -0.017547238618135452
         ],
         "4": [
            0.38531583547592163,
            0.5650806427001953,
            -0.020390914753079414
         ],
         "5": [
            0.31183257699012756,
            0.5106179118156433,
            0.0358491986989975
         ],
         "6": [
            0.3461498022079468,
            0.4217098653316498,
            0.020781753584742546
         ],
         "7": [
            0.3704630434513092,
            0.47013676166534424,
            0.014568790793418884
         ],
         "8": [
            0.37920647859573364,
            0.5292026400566101,
            0.01389493327587843
         ],
         "9": [
            0.286943644285202,
            0.470257967710495,
            0.02095695398747921
         ],
         "10": [
            0.3149949908256531,
            0.3117706775665283,
            0.017628101631999016
         ],
         "11": [
            0.3474043905735016,
            0.22336655855178833,
            0.011664466932415962
         ],
         "12": [
            0.36958253383636475,
            0.1521061658859253,
            0.004528319463133812
         ],
         "13": [
            0.25457704067230225,
            0.4646437466144562,
            -0.003146912669762969
         ],
         "14": [
            0.2677210569381714,
            0.3013460338115692,
            -0.008766881190240383
         ],
         "15": [
            0.2838401794433594,
            0.20183151960372925,
            -0.006438704673200846
         ],
         "16": [
            0.29912084341049194,
            0.12267294526100159,
            -0.006664447020739317
         ],
         "17": [
            0.22087091207504272,
            0.48507213592529297,
            -0.0326685905456543
         ],
         "18": [
            0.23012056946754456,
            0.35085242986679077,
            -0.04102442041039467
         ],
         "19": [
            0.2397943139076233,
            0.2666485011577606,
            -0.03946106880903244
         ],
         "20": [
            0.2511192858219147,
            0.18728512525558472,
            -0.037601225078105927
         ]
      }
   ]
}