{
   "g": [
      {
         "0": [
            0.157657191157341,
            0.7936154007911682,
            0
         ],
         "1": [
            0.22555002570152283,
            0.6926424503326416,
            0.004699612967669964
         ],
         "2": [
            0.2917715907096863,
            0.6145685315132141,
            -0.01978021301329136
         ],
         "3": [
            0.35744500160217285,
            0.5967516303062439,
            -0.050025079399347305
         ],
         "4": [
            0.40729889273643494,
            0.6172252297401428,
            -0.07675570249557495
         ],
         "5": [
            0.26034781336784363,
            0.463225781917572,
            -0.037262212485075
         ],
         "6": [
            0.3323546350002289,
            0.4447879493236542,
            -0.07273941487073898
         ],
         "7": [
            0.3776150643825531,
            0.42490193247795105,
            -0.09353484958410263
         ],
         "8": [
            0.41682523488998413,
            0.39928027987480164,
            -0.10736873000860214
         ],
         "9": [
            0.2370719611644745,
            0.5091378688812256,
            -0.06582247465848923
         ],
         "10": [
            0.35656753182411194,
            0.5867024660110474,
            -0.10308469086885452
         ],
         "11": [
            0.3409838378429413,
            0.6485479474067688,
            -0.09835439920425415
         ],
         "12": [
            0.31564685702323914,
            0.6423870325088501,
            -0.09273160248994827
         ],
         "13": [
            0.2238488495349884,
            0.5933840274810791,
            -0.09469511359930038
         ],
         "14": [
            0.34116071462631226,
            0.6717588305473328,
            -0.12173811346292496
         ],
         "15": [
            0.31997525691986084,
            0.7144678831100464,
            -0.09603387117385864
         ],
         "16": [
            0.29079461097717285,
            0.6957339644432068,
            -0.07898697257041931
         ],
         "17": [
            0.21618983149528503,
            0.6860733032226562,
            -0.12575440108776093
         ],
         "18": [
            0.31496462225914,
            0.74745112657547,
            -0.1400345265865326
         ],
         "19": [
            0.30018943548202515,
            0.7708895802497864,
            -0.12031009793281555
         ],
         "20": [
            0.2721858024597168,
            0.7547116279602051,
            -0.10567295551300049
         ]
      }
   ]
}