{
   "g": [
      {
         "0": [
            0.09876275062561035,
            0.790343165397644,
            0
         ],
         "1": [
            0.1469426155090332,
            0.6693866848945618,
            0.0193472970277071
         ],
         "2": [
            0.2233538180589676,
            0.592069149017334,
            0.006469378713518381
         ],
         "3": [
            0.3006557822227478,
            0.574664294719696,
            -0.012026148848235607
         ],
         "4": [
            0.3528963625431061,
            0.6012470722198486,
            -0.02679688297212124
         ],
         "5": [
            0.24661964178085327,
            0.4655635952949524,
            -0.03012283332645893
         ],
         "6": [
            0.3488895893096924,
            0.4471578598022461,
            -0.06062423065304756
         ],
         "7": [
            0.4118855893611908,
            0.435003399848938,
            -0.07690245658159256
         ],
         "8": [
            0.4608612656593323,
            0.42109164595603943,
            -0.08750223368406296
         ],
         "9": [
            0.23420260846614838,
            0.5103449821472168,
            -0.057379402220249176
         ],
         "10": [
            0.3584654629230499,
            0.6031316518783569,
            -0.08290539681911469
         ],
         "11": [
            0.32956662774086,
            0.6583825945854187,
            -0.07025055587291718
         ],
         "12": [
            0.2951744496822357,
            0.6471653580665588,
            -0.060407910495996475
         ],
         "13": [
            0.22597730159759521,
            0.5937899351119995,
            -0.08333803713321686
         ],
         "14": [
            0.33926862478256226,
            0.6843191385269165,
            -0.0997244268655777
         ],
         "15": [
            0.30516567826271057,
            0.7249981760978699,
            -0.07052096724510193
         ],
         "16": [
            0.2695434093475342,
            0.7010231018066406,
            -0.05248511582612991
         ],
         "17": [
            0.22005170583724976,
            0.6846579313278198,
            -0.1101078912615776
         ],
         "18": [
            0.30713385343551636,
            0.7588496208190918,
            -0.11735466867685318
         ],
         "19": [
            0.27486228942871094,
            0.7867056727409363,
            -0.09696631878614426
         ],
         "20": [
            0.2419920712709427,
            0.764657735824585,
            -0.08220234513282776
         ]
      }
   ]
}