{
   "h": [
      {
         "0": [
            0.039741575717926025,
            0.9064843654632568,
            0
         ],
         "1": [
            0.0725407600402832,
            0.7027962803840637,
            0.00039643567288294435
         ],
         "2": [
            0.15743103623390198,
            0.5969265699386597,
            -0.045994050800800323
         ],
         "3": [
            0.2699570655822754,
            0.6275926232337952,
            -0.09643720090389252
         ],
         "4": [
            0.3471126854419708,
            0.6730608344078064,
            -0.1422508955001831
         ],
         "5": [
            0.1377106010913849,
            0.4613227844238281,
            -0.10786055773496628
         ],
         "6": [
            0.2946564555168152,
            0.4473292827606201,
            -0.15523745119571686
         ],
         "7": [
            0.3828786611557007,
            0.4725945293903351,
            -0.17688170075416565
         ],
         "8": [
            0.4548928737640381,
            0.4766935408115387,
            -0.1916719526052475
         ],
         "9": [
            0.12568989396095276,
            0.5812501907348633,
            -0.14213064312934875
         ],
         "10": [
            0.3083665370941162,
            0.5584132075309753,
            -0.19792473316192627
         ],
         "11": [
            0.4119526445865631,
            0.5726736187934875,
            -0.20598120987415314
         ],
         "12": [
            0.49274182319641113,
            0.5792378187179565,
            -0.21127203106880188
         ],
         "13": [
            0.13121476769447327,
            0.7145332098007202,
            -0.16846449673175812
         ],
         "14": [
            0.301840215921402,
            0.7024000883102417,
            -0.18385596573352814
         ],
         "15": [
            0.29167523980140686,
            0.7262811064720154,
            -0.14008647203445435
         ],
         "16": [
            0.2558804750442505,
            0.7295935750007629,
            -0.11838207393884659
         ],
         "17": [
            0.15403945744037628,
            0.8368145823478699,
            -0.19816522300243378
         ],
         "18": [
            0.2887156903743744,
            0.7933729887008667,
            -0.19046950340270996
         ],
         "19": [
            0.2795928716659546,
            0.7982603311538696,
            -0.1494656503200531
         ],
         "20": [
            0.24181947112083435,
            0.8009568452835083,
            -0.12601768970489502
         ]
      }
   ]
}