{
   "k": [
      {
         "0": [
            0.26406508684158325,
            0.9460254907608032,
            0
         ],
         "1": [
            0.3326461911201477,
            0.8729432821273804,
            -0.007959532551467419
         ],
         "2": [
            0.35982388257980347,
            0.7275221347808838,
            -0.016841908916831017
         ],
         "3": [
            0.35169142484664917,
            0.5944177508354187,
            -0.03239669278264046
         ],
         "4": [
            0.3435532748699188,
            0.4930691123008728,
            -0.047259341925382614
         ],
         "5": [
            0.3512307107448578,
            0.6259924173355103,
            0.005166713614016771
         ],
         "6": [
            0.38868165016174316,
            0.4951515793800354,
            -0.020836852490901947
         ],
         "7": [
            0.40597444772720337,
            0.40562596917152405,
            -0.03730233758687973
         ],
         "8": [
            0.4187791049480438,
            0.3214028775691986,
            -0.049202173948287964
         ],
         "9": [
            0.30358272790908813,
            0.6109979152679443,
            -0.013563382439315319
         ],
         "10": [
            0.3081936240196228,
            0.4563114047050476,
            -0.04405367374420166
         ],
         "11": [
            0.30530717968940735,
            0.3664102852344513,
            -0.06183056905865669
         ],
         "12": [
            0.30044251680374146,
            0.28465375304222107,
            -0.07256470620632172
         ],
         "13": [
            0.25897878408432007,
            0.6301071643829346,
            -0.03739948198199272
         ],
         "14": [
            0.28332191705703735,
            0.5592666864395142,
            -0.07319612801074982
         ],
         "15": [
            0.302730917930603,
            0.671055793762207,
            -0.07290469855070114
         ],
         "16": [
            0.30702367424964905,
            0.7510251998901367,
            -0.06508481502532959
         ],
         "17": [
            0.2223692238330841,
            0.6679937243461609,
            -0.06523051857948303
         ],
         "18": [
            0.26939648389816284,
            0.654952883720398,
            -0.09281870722770691
         ],
         "19": [
            0.29380762577056885,
            0.7497348189353943,
            -0.09223585575819016
         ],
         "20": [
            0.2993691861629486,
            0.8234039545059204,
            -0.0851445272564888
         ]
      }
   ]
}