{
   "k": [
      {
         "0": [
            0.2325012981891632,
            0.9392786622047424,
            0
         ],
         "1": [
            0.28728535771369934,
            0.8763650059700012,
            -0.015876561403274536
         ],
         "2": [
            0.3105134069919586,
            0.7334773540496826,
            -0.030019333586096764
         ],
         "3": [
            0.31189608573913574,
            0.6118476986885071,
            -0.049883611500263214
         ],
         "4": [
            0.3245678246021271,
            0.5124912261962891,
            -0.0691039189696312
         ],
         "5": [
            0.30030691623687744,
            0.5988898277282715,
            -0.013028193265199661
         ],
         "6": [
            0.3248521387577057,
            0.4505959153175354,
            -0.04450886324048042
         ],
         "7": [
            0.3325943946838379,
            0.3581579923629761,
            -0.06202014535665512
         ],
         "8": [
            0.3348686993122101,
            0.2759356200695038,
            -0.07405759394168854
         ],
         "9": [
            0.2520563304424286,
            0.6043515205383301,
            -0.030589010566473007
         ],
         "10": [
            0.24568910896778107,
            0.4336273670196533,
            -0.06771688163280487
         ],
         "11": [
            0.2340708076953888,
            0.33227768540382385,
            -0.08555014431476593
         ],
         "12": [
            0.22068244218826294,
            0.2455464005470276,
            -0.09540797770023346
         ],
         "13": [
            0.21132124960422516,
            0.6432272791862488,
            -0.05335119739174843
         ],
         "14": [
            0.21670028567314148,
            0.5551227331161499,
            -0.09629964083433151
         ],
         "15": [
            0.24369806051254272,
            0.662839949131012,
            -0.0937732607126236
         ],
         "16": [
            0.25857406854629517,
            0.7464033365249634,
            -0.08277608454227448
         ],
         "17": [
            0.1779956817626953,
            0.7027060985565186,
            -0.08044785261154175
         ],
         "18": [
            0.20583076775074005,
            0.6633850336074829,
            -0.11522272229194641
         ],
         "19": [
            0.23516036570072174,
            0.7528365850448608,
            -0.11443014442920685
         ],
         "20": [
            0.2514384090900421,
            0.8273169994354248,
            -0.10551349073648453
         ]
      }
   ]
}