{
   "l": [
      {
         "0": [
            0.19062671065330505,
            0.8304309844970703,
            0
         ],
         "1": [
            0.2543111741542816,
            0.785330057144165,
            -0.03062106855213642
         ],
         "2": [
            0.3181252181529999,
            0.7113612294197083,
            -0.058190036565065384
         ],
         "3": [
            0.38463422656059265,
            0.6879190802574158,
            -0.08685976266860962
         ],
         "4": [
            0.4478500485420227,
            0.6993349194526672,
            -0.11357814073562622
         ],
         "5": [
            0.2696872353553772,
            0.4988442361354828,
            -0.04310465604066849
         ],
         "6": [
            0.2845613658428192,
            0.33968666195869446,
            -0.0780036672949791
         ],
         "7": [
            0.2894594669342041,
            0.24315974116325378,
            -0.10131970793008804
         ],
         "8": [
            0.293338805437088,
            0.16085338592529297,
            -0.11748082935810089
         ],
         "9": [
            0.21703854203224182,
            0.5044681429862976,
            -0.04970920458436012
         ],
         "10": [
            0.18850964307785034,
            0.43695470690727234,
            -0.09071241319179535
         ],
         "11": [
            0.19056642055511475,
            0.557822585105896,
            -0.0929139256477356
         ],
         "12": [
            0.20583267509937286,
            0.652294397354126,
            -0.08590911328792572
         ],
         "13": [
            0.17246921360492706,
            0.5431528091430664,
            -0.061292171478271484
         ],
         "14": [
            0.1506328284740448,
            0.5302537679672241,
            -0.09656644612550735
         ],
         "15": [
            0.16993805766105652,
            0.6421229243278503,
            -0.08906128257513046
         ],
         "16": [
            0.194096177816391,
            0.7112180590629578,
            -0.07735322415828705
         ],
         "17": [
            0.14075864851474762,
            0.5969619154930115,
            -0.07845398038625717
         ],
         "18": [
            0.1250181645154953,
            0.5968731045722961,
            -0.100669264793396
         ],
         "19": [
            0.14663688838481903,
            0.6808173656463623,
            -0.09806747734546661
         ],
         "20": [
            0.17207564413547516,
            0.7294832468032837,
            -0.09096258878707886
         ]
      }
   ]
}