{
   "m": [
      {
         "0": [
            0.21076303720474243,
            0.890606164932251,
            0
         ],
         "1": [
            0.2701995074748993,
            0.7832373380661011,
            -0.012405971996486187
         ],
         "2": [
            0.2761162221431732,
            0.637443482875824,
            -0.015185251832008362
         ],
         "3": [
            0.22051569819450378,
            0.5452402830123901,
            -0.02420111373066902
         ],
         "4": [
            0.16698038578033447,
            0.5210386514663696,
            -0.028073778375983238
         ],
         "5": [
            0.2731102406978607,
            0.5143925547599792,
            0.02056056261062622
         ],
         "6": [
            0.2850305438041687,
            0.40383464097976685,
            -0.004895808175206184
         ],
         "7": [
            0.2884073853492737,
            0.5068433284759521,
            -0.011611892841756344
         ],
         "8": [
            0.2840377688407898,
            0.5981358289718628,
            -0.01007870677858591
         ],
         "9": [
            0.2213849574327469,
            0.5060063600540161,
            0.010042057372629642
         ],
         "10": [
            0.2314564287662506,
            0.38994890451431274,
            -0.018569253385066986
         ],
         "11": [
            0.24088087677955627,
            0.5131365060806274,
            -0.02124469168484211
         ],
         "12": [
            0.240654855966568,
            0.602367103099823,
            -0.013780340552330017
         ],
         "13": [
            0.17391881346702576,
            0.5242997407913208,
            -0.008557737804949284
         ],
         "14": [
            0.17299795150756836,
            0.4090052843093872,
            -0.03652767464518547
         ],
         "15": [
            0.1937139928340912,
            0.5180739760398865,
            -0.028024913743138313
         ],
         "16": [
            0.2001340687274933,
            0.6007717251777649,
            -0.012912961654365063
         ],
         "17": [
            0.12407169491052628,
            0.5618599653244019,
            -0.03139669820666313
         ],
         "18": [
            0.11718598753213882,
            0.4514985680580139,
            -0.04610550403594971
         ],
         "19": [
            0.13659217953681946,
            0.5071514248847961,
            -0.03926419839262962
         ],
         "20": [
            0.14880380034446716,
            0.5670464038848877,
            -0.027218615636229515
         ]
      }
   ]
}