{
   "m-DGS": [
      {
         "0": [
            0.2500291168689728,
            0.3067258298397064,
            0
         ],
         "1": [
            0.3306749165058136,
            0.35846251249313354,
            -0.004058105871081352
         ],
         "2": [
            0.37642234563827515,
            0.47521817684173584,
            -0.025838395580649376
         ],
         "3": [
            0.372917115688324,
            0.6023203134536743,
            -0.04316728562116623
         ],
         "4": [
            0.3542516827583313,
            0.7003746032714844,
            -0.06154496595263481
         ],
         "5": [
            0.38426968455314636,
            0.49797770380973816,
            -0.10192341357469559
         ],
         "6": [
            0.39851537346839905,
            0.716056227684021,
            -0.13167095184326172
         ],
         "7": [
            0.3985521197319031,
            0.8356797099113464,
            -0.13701024651527405
         ],
         "8": [
            0.39918336272239685,
            0.9305433034896851,
            -0.1385357528924942
         ],
         "9": [
            0.3344500958919525,
            0.5110831260681152,
            -0.11403218656778336
         ],
         "10": [
            0.350157767534256,
            0.7437505722045898,
            -0.1443517804145813
         ],
         "11": [
            0.3563591241836548,
            0.8797431588172913,
            -0.14206351339817047
         ],
         "12": [
            0.3607342839241028,
            0.9795725345611572,
            -0.14206351339817047
         ],
         "13": [
            0.2842699885368347,
            0.5233119130134583,
            -0.11908545345067978
         ],
         "14": [
            0.3053337037563324,
            0.7345221042633057,
            -0.1385357528924942
         ],
         "15": [
            0.3161693215370178,
            0.8592556118965149,
            -0.1318616271018982
         ],
         "16": [
            0.3283384442329407,
            0.9522908926010132,
            -0.1315755993127823
         ],
         "17": [
            0.2398969829082489,
            0.5340298414230347,
            -0.12251785397529602
         ],
         "18": [
            0.26521483063697815,
            0.6912197470664978,
            -0.13405455648899078
         ],
         "19": [
            0.2812291979789734,
            0.7770541310310364,
            -0.1293826699256897
         ],
         "20": [
            0.29648250341415405,
            0.8389701843261719,
            -0.12928733229637146
         ]
      }
   ]
}