{
   "n": [
      {
         "0": [
            0.21830330789089203,
            0.8230646848678589,
            0
         ],
         "1": [
            0.27618342638015747,
            0.7424615621566772,
            -0.004772136453539133
         ],
         "2": [
            0.2938607633113861,
            0.6191754937171936,
            -0.012077444233000278
         ],
         "3": [
            0.27292272448539734,
            0.5297751426696777,
            -0.025431446731090546
         ],
         "4": [
            0.2379601150751114,
            0.4658588767051697,
            -0.03388864919543266
         ],
         "5": [
            0.2508225739002228,
            0.5049468874931335,
            0.011299541220068932
         ],
         "6": [
            0.28462257981300354,
            0.43273618817329407,
            -0.016445668414235115
         ],
         "7": [
            0.31189751625061035,
            0.5140662789344788,
            -0.02541150152683258
         ],
         "8": [
            0.31663718819618225,
            0.5837589502334595,
            -0.026887523010373116
         ],
         "9": [
            0.21256034076213837,
            0.511323869228363,
            -0.0033434873912483454
         ],
         "10": [
            0.2536390423774719,
            0.41716092824935913,
            -0.038396500051021576
         ],
         "11": [
            0.2825785279273987,
            0.5216445922851562,
            -0.042365800589323044
         ],
         "12": [
            0.2822239398956299,
            0.5934754014015198,
            -0.03556413576006889
         ],
         "13": [
            0.1761724054813385,
            0.5328953266143799,
            -0.02373601868748665
         ],
         "14": [
            0.22696657478809357,
            0.4856055676937103,
            -0.05668719485402107
         ],
         "15": [
            0.24169136583805084,
            0.6046667695045471,
            -0.048269886523485184
         ],
         "16": [
            0.22452230751514435,
            0.6606650948524475,
            -0.032831497490406036
         ],
         "17": [
            0.14011657238006592,
            0.56787109375,
            -0.04683375358581543
         ],
         "18": [
            0.1955607831478119,
            0.5300431251525879,
            -0.06654063612222672
         ],
         "19": [
            0.21133945882320404,
            0.6102182269096375,
            -0.0603971965610981
         ],
         "20": [
            0.19561368227005005,
            0.6507344245910645,
            -0.04862891510128975
         ]
      }
   ]
}