{
   "n-DGS": [
      {
         "0": [
            0.2311813235282898,
            0.14800620079040527,
            0
         ],
         "1": [
            0.30776911973953247,
            0.20079000294208527,
            -0.0002873193006962538
         ],
         "2": [
            0.3505639135837555,
            0.3216351866722107,
            -0.016635539010167122
         ],
         "3": [
            0.34702974557876587,
            0.44517040252685547,
            -0.03195923566818237
         ],
         "4": [
            0.33579903841018677,
            0.5386080741882324,
            -0.044647932052612305
         ],
         "5": [
            0.36898985505104065,
            0.33438441157341003,
            -0.06631597131490707
         ],
         "6": [
            0.37275630235671997,
            0.5342767238616943,
            -0.08784831315279007
         ],
         "7": [
            0.36597174406051636,
            0.6393886208534241,
            -0.09056247025728226
         ],
         "8": [
            0.3606626093387604,
            0.7261724472045898,
            -0.09169337898492813
         ],
         "9": [
            0.3198069930076599,
            0.3459136486053467,
            -0.07943441718816757
         ],
         "10": [
            0.3271503746509552,
            0.5592507123947144,
            -0.1063046008348465
         ],
         "11": [
            0.32694271206855774,
            0.6895945072174072,
            -0.10485704243183136
         ],
         "12": [
            0.32174375653266907,
            0.7855535745620728,
            -0.10313808172941208
         ],
         "13": [
            0.26815932989120483,
            0.35737746953964233,
            -0.08739595115184784
         ],
         "14": [
            0.2772630453109741,
            0.5127912163734436,
            -0.09662409126758575
         ],
         "15": [
            0.2838127017021179,
            0.4798782765865326,
            -0.07061339914798737
         ],
         "16": [
            0.28811967372894287,
            0.4335711896419525,
            -0.05419272556900978
         ],
         "17": [
            0.22188881039619446,
            0.36831802129745483,
            -0.09680504351854324
         ],
         "18": [
            0.24780893325805664,
            0.4911520183086395,
            -0.0977097600698471
         ],
         "19": [
            0.2578035593032837,
            0.4722100794315338,
            -0.07911776751279831
         ],
         "20": [
            0.26134562492370605,
            0.43602368235588074,
            -0.06590884923934937
         ]
      }
   ]
}