{
   "q": [
      {
         "0": [
            0.1777040660381317,
            0.8451946377754211,
            0
         ],
         "1": [
            0.24597658216953278,
            0.7473865747451782,
            0.0042745876125991344
         ],
         "2": [
            0.2805696725845337,
            0.6293318271636963,
            -0.012500562705099583
         ],
         "3": [
            0.3181365430355072,
            0.5606569647789001,
            -0.0366363450884819
         ],
         "4": [
            0.3687337040901184,
            0.5243505239486694,
            -0.05659136921167374
         ],
         "5": [
            0.2067929208278656,
            0.4498763680458069,
            0.00032711023231968284
         ],
         "6": [
            0.278553307056427,
            0.4319062829017639,
            -0.037658073008060455
         ],
         "7": [
            0.33383768796920776,
            0.4315284788608551,
            -0.060469772666692734
         ],
         "8": [
            0.3751630187034607,
            0.4204801917076111,
            -0.07343949377536774
         ],
         "9": [
            0.16755634546279907,
            0.4635411500930786,
            -0.026710961014032364
         ],
         "10": [
            0.2635650038719177,
            0.4631344676017761,
            -0.0714794471859932
         ],
         "11": [
            0.26690438389778137,
            0.5731545686721802,
            -0.07348120212554932
         ],
         "12": [
            0.24132338166236877,
            0.5994929075241089,
            -0.06726741045713425
         ],
         "13": [
            0.14185762405395508,
            0.5110299587249756,
            -0.05859312787652016
         ],
         "14": [
            0.23976223170757294,
            0.5311766862869263,
            -0.09708527475595474
         ],
         "15": [
            0.23895493149757385,
            0.6269320845603943,
            -0.08061246573925018
         ],
         "16": [
            0.21013931930065155,
            0.6402469277381897,
            -0.06234642118215561
         ],
         "17": [
            0.12685367465019226,
            0.5798172950744629,
            -0.0930817574262619
         ],
         "18": [
            0.21181224286556244,
            0.5923235416412354,
            -0.11485087126493454
         ],
         "19": [
            0.217581644654274,
            0.6568412184715271,
            -0.10200625658035278
         ],
         "20": [
            0.19077104330062866,
            0.6700339317321777,
            -0.08766032010316849
         ]
      }
   ]
}