{
   "q": [
      {
         "0": [
            0.25005125999450684,
            0.8160300850868225,
            0
         ],
         "1": [
            0.3018600344657898,
            0.7464001774787903,
            -0.008488754741847515
         ],
         "2": [
            0.3331228792667389,
            0.6333074569702148,
            -0.02767661027610302
         ],
         "3": [
            0.3628002107143402,
            0.5527984499931335,
            -0.05105293542146683
         ],
         "4": [
            0.40675780177116394,
            0.5028212070465088,
            -0.07121264934539795
         ],
         "5": [
            0.261909157037735,
            0.47266027331352234,
            -0.011696764267981052
         ],
         "6": [
            0.3254137635231018,
            0.43964093923568726,
            -0.049126408994197845
         ],
         "7": [
            0.37072429060935974,
            0.4176568388938904,
            -0.07196950167417526
         ],
         "8": [
            0.40605467557907104,
            0.3936994671821594,
            -0.08511115610599518
         ],
         "9": [
            0.22348839044570923,
            0.4855770468711853,
            -0.030033161863684654
         ],
         "10": [
            0.3054846227169037,
            0.47397688031196594,
            -0.0743088573217392
         ],
         "11": [
            0.3134934902191162,
            0.5774862170219421,
            -0.07823071628808975
         ],
         "12": [
            0.29277294874191284,
            0.6041073203086853,
            -0.0734144002199173
         ],
         "13": [
            0.1986207216978073,
            0.5296255946159363,
            -0.05359869822859764
         ],
         "14": [
            0.28608351945877075,
            0.5484403967857361,
            -0.09261085093021393
         ],
         "15": [
            0.2889249920845032,
            0.6401007175445557,
            -0.08118930459022522
         ],
         "16": [
            0.26497551798820496,
            0.6579023599624634,
            -0.06612112373113632
         ],
         "17": [
            0.1829884648323059,
            0.5931161642074585,
            -0.08063887059688568
         ],
         "18": [
            0.26445111632347107,
            0.6001161932945251,
            -0.10306913405656815
         ],
         "19": [
            0.2720065414905548,
            0.6630803346633911,
            -0.09495019912719727
         ],
         "20": [
            0.249995619058609,
            0.6839115023612976,
            -0.08387267589569092
         ]
      }
   ]
}