{
   "r": [
      {
         "0": [
            0.2615140676498413,
            0.9552700519561768,
            0
         ],
         "1": [
            0.3224395513534546,
            0.8679852485656738,
            0.00047868385445326567
         ],
         "2": [
            0.3593112826347351,
            0.7297744154930115,
            -0.008111079223453999
         ],
         "3": [
            0.3586006462574005,
            0.6100612878799438,
            -0.02560744620859623
         ],
         "4": [
            0.3192620575428009,
            0.5256500840187073,
            -0.03956891596317291
         ],
         "5": [
            0.30030426383018494,
            0.5687885880470276,
            0.028361376374959946
         ],
         "6": [
            0.306148886680603,
            0.42887890338897705,
            0.015523400157690048
         ],
         "7": [
            0.3101506233215332,
            0.3275931179523468,
            0.009083861485123634
         ],
         "8": [
            0.31063079833984375,
            0.24404478073120117,
            0.003990459255874157
         ],
         "9": [
            0.2625024616718292,
            0.5722745060920715,
            0.008371401578187943
         ],
         "10": [
            0.27577900886535645,
            0.3950405716896057,
            -0.005220137070864439
         ],
         "11": [
            0.3001234829425812,
            0.2944486439228058,
            -0.011063676327466965
         ],
         "12": [
            0.3180418312549591,
            0.21632683277130127,
            -0.013557286001741886
         ],
         "13": [
            0.23299771547317505,
            0.5991069674491882,
            -0.01715383678674698
         ],
         "14": [
            0.29209786653518677,
            0.48952001333236694,
            -0.035842202603816986
         ],
         "15": [
            0.316822350025177,
            0.6020413637161255,
            -0.024922389537096024
         ],
         "16": [
            0.314290314912796,
            0.6743648648262024,
            -0.011385653167963028
         ],
         "17": [
            0.21053476631641388,
            0.64201819896698,
            -0.04641949012875557
         ],
         "18": [
            0.26564821600914,
            0.5471702814102173,
            -0.06132633611559868
         ],
         "19": [
            0.2961350083351135,
            0.6181973218917847,
            -0.0539277158677578
         ],
         "20": [
            0.3007090389728546,
            0.6862947344779968,
            -0.04329562559723854
         ]
      }
   ]
}