{
   "r": [
      {
         "0": [
            0.1923975646495819,
            0.9799416065216064,
            0
         ],
         "1": [
            0.26080721616744995,
            0.8975681066513062,
            -0.004909624345600605
         ],
         "2": [
            0.30808302760124207,
            0.7511749863624573,
            -0.014563209377229214
         ],
         "3": [
            0.3136380910873413,
            0.624137282371521,
            -0.03177701309323311
         ],
         "4": [
            0.27184027433395386,
            0.5438761711120605,
            -0.044909507036209106
         ],
         "5": [
            0.2473933845758438,
            0.5500353574752808,
            0.026460764929652214
         ],
         "6": [
            0.2623327374458313,
            0.4088960886001587,
            0.013057189993560314
         ],
         "7": [
            0.27053430676460266,
            0.3014537990093231,
            0.007025581784546375
         ],
         "8": [
            0.2744213342666626,
            0.21431341767311096,
            0.001800634665414691
         ],
         "9": [
            0.20151986181735992,
            0.5481423735618591,
            0.008140036836266518
         ],
         "10": [
            0.22457219660282135,
            0.36361461877822876,
            -0.0058132354170084
         ],
         "11": [
            0.2580181062221527,
            0.2574549615383148,
            -0.009751477278769016
         ],
         "12": [
            0.28531184792518616,
            0.1761033535003662,
            -0.011287616565823555
         ],
         "13": [
            0.16684119403362274,
            0.5803647637367249,
            -0.016671637073159218
         ],
         "14": [
            0.24485084414482117,
            0.47428739070892334,
            -0.03849386051297188
         ],
         "15": [
            0.26690933108329773,
            0.6002002954483032,
            -0.0271836556494236
         ],
         "16": [
            0.2586807310581207,
            0.6744941473007202,
            -0.012387012131512165
         ],
         "17": [
            0.14267167448997498,
            0.6342882513999939,
            -0.045813120901584625
         ],
         "18": [
            0.22492660582065582,
            0.5711054801940918,
            -0.0656624585390091
         ],
         "19": [
            0.24556739628314972,
            0.6656601428985596,
            -0.06024078652262688
         ],
         "20": [
            0.23270834982395172,
            0.7313806414604187,
            -0.04954804852604866
         ]
      }
   ]
}