{
   "s": [
      {
         "0": [
            0.1884763091802597,
            0.7693790793418884,
            0
         ],
         "1": [
            0.2451479732990265,
            0.6976827383041382,
            -0.04250793159008026
         ],
         "2": [
            0.27534759044647217,
            0.56045001745224,
            -0.05482246354222298
         ],
         "3": [
            0.23059429228305817,
            0.4369017481803894,
            -0.06540384143590927
         ],
         "4": [
            0.17589546740055084,
            0.38669079542160034,
            -0.06855088472366333
         ],
         "5": [
            0.2879524827003479,
            0.4524860382080078,
            0.0036630025133490562
         ],
         "6": [
            0.28240767121315,
            0.35129672288894653,
            -0.027137575671076775
         ],
         "7": [
            0.27191123366355896,
            0.4427599608898163,
            -0.03785577788949013
         ],
         "8": [
            0.26882874965667725,
            0.5039736032485962,
            -0.03933808207511902
         ],
         "9": [
            0.23950491845607758,
            0.43451187014579773,
            0.008608768694102764
         ],
         "10": [
            0.23419484496116638,
            0.3088034987449646,
            -0.026977943256497383
         ],
         "11": [
            0.22792857885360718,
            0.4263037145137787,
            -0.032952770590782166
         ],
         "12": [
            0.22646187245845795,
            0.4740089774131775,
            -0.02583770826458931
         ],
         "13": [
            0.19234636425971985,
            0.4410396218299866,
            0.0022405602503567934
         ],
         "14": [
            0.17336110770702362,
            0.32633668184280396,
            -0.031835343688726425
         ],
         "15": [
            0.18256163597106934,
            0.4413485825061798,
            -0.025906123220920563
         ],
         "16": [
            0.19241765141487122,
            0.5006498098373413,
            -0.01022220030426979
         ],
         "17": [
            0.1447431743144989,
            0.46412408351898193,
            -0.010512960143387318
         ],
         "18": [
            0.13666978478431702,
            0.37921613454818726,
            -0.027912935242056847
         ],
         "19": [
            0.1473078727722168,
            0.45408961176872253,
            -0.024651866406202316
         ],
         "20": [
            0.15875780582427979,
            0.5055575966835022,
            -0.013910858891904354
         ]
      }
   ]
}