{
   "sch": [
      {
         "0": [
            0.23497575521469116,
            0.8826116919517517,
            0
         ],
         "1": [
            0.31986764073371887,
            0.8415050506591797,
            -0.02511165291070938
         ],
         "2": [
            0.40023982524871826,
            0.7589196562767029,
            -0.04047582671046257
         ],
         "3": [
            0.4701821208000183,
            0.7137515544891357,
            -0.058752354234457016
         ],
         "4": [
            0.5272112488746643,
            0.730063796043396,
            -0.07887139171361923
         ],
         "5": [
            0.34598517417907715,
            0.5148352980613708,
            -0.018187375739216805
         ],
         "6": [
            0.3803621232509613,
            0.36161965131759644,
            -0.04615195468068123
         ],
         "7": [
            0.3966021239757538,
            0.2666599154472351,
            -0.06799463927745819
         ],
         "8": [
            0.41023775935173035,
            0.179740309715271,
            -0.08404231816530228
         ],
         "9": [
            0.29301661252975464,
            0.4860987067222595,
            -0.03408646956086159
         ],
         "10": [
            0.30871742963790894,
            0.2989531457424164,
            -0.056790973991155624
         ],
         "11": [
            0.31578579545021057,
            0.1865825355052948,
            -0.07661283016204834
         ],
         "12": [
            0.32229381799697876,
            0.08823889493942261,
            -0.09361149370670319
         ],
         "13": [
            0.24111416935920715,
            0.4982259273529053,
            -0.056612662971019745
         ],
         "14": [
            0.2378547489643097,
            0.3191165328025818,
            -0.08647919446229935
         ],
         "15": [
            0.23750266432762146,
            0.21017977595329285,
            -0.11049128323793411
         ],
         "16": [
            0.240423321723938,
            0.11598062515258789,
            -0.12707388401031494
         ],
         "17": [
            0.19013813138008118,
            0.543079674243927,
            -0.08332908898591995
         ],
         "18": [
            0.1621958464384079,
            0.4134513735771179,
            -0.11263097077608109
         ],
         "19": [
            0.14368443191051483,
            0.3234632909297943,
            -0.13111552596092224
         ],
         "20": [
            0.13144053518772125,
            0.23825618624687195,
            -0.1440725326538086
         ]
      }
   ]
}