{
   "sch": [
      {
         "0": [
            0.2231643795967102,
            0.8578026294708252,
            0
         ],
         "1": [
            0.30701375007629395,
            0.81391841173172,
            -0.02676193229854107
         ],
         "2": [
            0.38445690274238586,
            0.7301557660102844,
            -0.04061358422040939
         ],
         "3": [
            0.4506620764732361,
            0.6829038262367249,
            -0.05699051171541214
         ],
         "4": [
            0.50652015209198,
            0.7033694386482239,
            -0.07489156723022461
         ],
         "5": [
            0.3258933424949646,
            0.48259973526000977,
            -0.012738439254462719
         ],
         "6": [
            0.3598366975784302,
            0.33358457684516907,
            -0.03825267776846886
         ],
         "7": [
            0.3750479817390442,
            0.24010714888572693,
            -0.05899280309677124
         ],
         "8": [
            0.38762229681015015,
            0.15302926301956177,
            -0.07423410564661026
         ],
         "9": [
            0.27287381887435913,
            0.4542449414730072,
            -0.026448141783475876
         ],
         "10": [
            0.28805801272392273,
            0.27231061458587646,
            -0.04641125723719597
         ],
         "11": [
            0.2935783863067627,
            0.1603134274482727,
            -0.06514909118413925
         ],
         "12": [
            0.29762208461761475,
            0.062131643295288086,
            -0.08146625012159348
         ],
         "13": [
            0.22208693623542786,
            0.46607935428619385,
            -0.047277919948101044
         ],
         "14": [
            0.21662917733192444,
            0.29420268535614014,
            -0.07525018602609634
         ],
         "15": [
            0.21519117057323456,
            0.18710103631019592,
            -0.09891903400421143
         ],
         "16": [
            0.216862291097641,
            0.09481918811798096,
            -0.11493734270334244
         ],
         "17": [
            0.17178091406822205,
            0.5106959939002991,
            -0.07268008589744568
         ],
         "18": [
            0.13951510190963745,
            0.3886148929595947,
            -0.1007121279835701
         ],
         "19": [
            0.11887985467910767,
            0.3026992082595825,
            -0.11894191056489944
         ],
         "20": [
            0.1048073023557663,
            0.22135087847709656,
            -0.13125449419021606
         ]
      }
   ]
}