{
   "t-DGS": [
      {
         "0": [
            0.18158912658691406,
            0.7960346341133118,
            0
         ],
         "1": [
            0.22712387144565582,
            0.7108199596405029,
            -0.047140564769506454
         ],
         "2": [
            0.27378150820732117,
            0.5870786309242249,
            -0.11088677495718002
         ],
         "3": [
            0.29362234473228455,
            0.5059271454811096,
            -0.16435331106185913
         ],
         "4": [
            0.3025127649307251,
            0.45401549339294434,
            -0.21374446153640747
         ],
         "5": [
            0.2002142369747162,
            0.514762282371521,
            -0.16921941936016083
         ],
         "6": [
            0.28340035676956177,
            0.4840965270996094,
            -0.2544982433319092
         ],
         "7": [
            0.316982626914978,
            0.43988388776779175,
            -0.30169960856437683
         ],
         "8": [
            0.34997129440307617,
            0.40043485164642334,
            -0.3277333974838257
         ],
         "9": [
            0.15996627509593964,
            0.5730915069580078,
            -0.16946274042129517
         ],
         "10": [
            0.2964077591896057,
            0.6018086671829224,
            -0.24841557443141937
         ],
         "11": [
            0.2797834277153015,
            0.6605007648468018,
            -0.24805060029029846
         ],
         "12": [
            0.2538414001464844,
            0.670674204826355,
            -0.2442793846130371
         ],
         "13": [
            0.1411779224872589,
            0.6636654734611511,
            -0.17007099092006683
         ],
         "14": [
            0.27968159317970276,
            0.712622344493866,
            -0.23272231221199036
         ],
         "15": [
            0.2521466910839081,
            0.7518274784088135,
            -0.20425552129745483
         ],
         "16": [
            0.2182116061449051,
            0.7522256374359131,
            -0.18016819655895233
         ],
         "17": [
            0.13184791803359985,
            0.7615745067596436,
            -0.17384223639965057
         ],
         "18": [
            0.23649263381958008,
            0.7954610586166382,
            -0.21423105895519257
         ],
         "19": [
            0.22913041710853577,
            0.8092299699783325,
            -0.1991460919380188
         ],
         "20": [
            0.20746608078479767,
            0.7966384291648865,
            -0.18393945693969727
         ]
      }
   ]
}