{
   "t-DGS": [
      {
         "0": [
            0.13138698041439056,
            0.8542834520339966,
            0
         ],
         "1": [
            0.16849082708358765,
            0.6707017421722412,
            0.008302298374474049
         ],
         "2": [
            0.2635422945022583,
            0.5416535139083862,
            -0.003034126479178667
         ],
         "3": [
            0.3490569591522217,
            0.45618319511413574,
            -0.014710682444274426
         ],
         "4": [
            0.4024273455142975,
            0.37061095237731934,
            -0.022974329069256783
         ],
         "5": [
            0.29248639941215515,
            0.5109175443649292,
            -0.049751948565244675
         ],
         "6": [
            0.43050503730773926,
            0.509402871131897,
            -0.06518153846263885
         ],
         "7": [
            0.5073520541191101,
            0.5145270824432373,
            -0.05936838313937187
         ],
         "8": [
            0.5632584691047668,
            0.519649863243103,
            -0.05411181226372719
         ],
         "9": [
            0.30483031272888184,
            0.6085588932037354,
            -0.06648021936416626
         ],
         "10": [
            0.4270959794521332,
            0.6386982798576355,
            -0.0796525850892067
         ],
         "11": [
            0.39346441626548767,
            0.6638750433921814,
            -0.04897892102599144
         ],
         "12": [
            0.3487013280391693,
            0.6607223749160767,
            -0.024798668920993805
         ],
         "13": [
            0.3113464415073395,
            0.7249923944473267,
            -0.0805802121758461
         ],
         "14": [
            0.4098128080368042,
            0.7385536432266235,
            -0.0914025753736496
         ],
         "15": [
            0.37585121393203735,
            0.7624018788337708,
            -0.05188549682497978
         ],
         "16": [
            0.33551469445228577,
            0.7624909281730652,
            -0.02448946051299572
         ],
         "17": [
            0.31281131505966187,
            0.8390499353408813,
            -0.09560784697532654
         ],
         "18": [
            0.3963450491428375,
            0.8241916298866272,
            -0.1048223003745079
         ],
         "19": [
            0.363631010055542,
            0.8382740616798401,
            -0.08119863271713257
         ],
         "20": [
            0.3252739906311035,
            0.8423171639442444,
            -0.06063614785671234
         ]
      }
   ]
}