{
   "x": [
      {
         "0": [
            0.2518766522407532,
            0.9173959493637085,
            0
         ],
         "1": [
            0.3068294823169708,
            0.8432241678237915,
            -0.01303908135741949
         ],
         "2": [
            0.3425014019012451,
            0.7159444689750671,
            -0.03916308656334877
         ],
         "3": [
            0.3339587450027466,
            0.6139466762542725,
            -0.07004822790622711
         ],
         "4": [
            0.28119805455207825,
            0.5641366243362427,
            -0.09142420440912247
         ],
         "5": [
            0.28915470838546753,
            0.5229943990707397,
            -0.015874803066253662
         ],
         "6": [
            0.26740238070487976,
            0.37954768538475037,
            -0.05883632227778435
         ],
         "7": [
            0.28837209939956665,
            0.38973915576934814,
            -0.07287739962339401
         ],
         "8": [
            0.3021923303604126,
            0.45623981952667236,
            -0.07591614127159119
         ],
         "9": [
            0.23786377906799316,
            0.5420973896980286,
            -0.03337376192212105
         ],
         "10": [
            0.2631729543209076,
            0.5082144737243652,
            -0.07769747823476791
         ],
         "11": [
            0.2905249297618866,
            0.6427389979362488,
            -0.07025779038667679
         ],
         "12": [
            0.2827655076980591,
            0.6686152219772339,
            -0.05495930463075638
         ],
         "13": [
            0.19619378447532654,
            0.5952299237251282,
            -0.05778847634792328
         ],
         "14": [
            0.23636460304260254,
            0.628940999507904,
            -0.08843784779310226
         ],
         "15": [
            0.26209306716918945,
            0.7328333854675293,
            -0.0677429735660553
         ],
         "16": [
            0.24373407661914825,
            0.7418166399002075,
            -0.0485936664044857
         ],
         "17": [
            0.15918175876140594,
            0.6577691435813904,
            -0.08718044310808182
         ],
         "18": [
            0.21351248025894165,
            0.7202794551849365,
            -0.09488207846879959
         ],
         "19": [
            0.23654820024967194,
            0.7915524244308472,
            -0.08236036449670792
         ],
         "20": [
            0.216684028506279,
            0.789921760559082,
            -0.06999583542346954
         ]
      }
   ]
}