{
   "x": [
      {
         "0": [
            0.19370684027671814,
            0.9653527736663818,
            0
         ],
         "1": [
            0.2535299062728882,
            0.8810814023017883,
            -0.022003579884767532
         ],
         "2": [
            0.28343692421913147,
            0.7375340461730957,
            -0.0410633385181427
         ],
         "3": [
            0.2375110387802124,
            0.6336637735366821,
            -0.06404318660497665
         ],
         "4": [
            0.17662791907787323,
            0.5905659794807434,
            -0.07918284833431244
         ],
         "5": [
            0.2667292654514313,
            0.5401919484138489,
            -0.006728739943355322
         ],
         "6": [
            0.2717891335487366,
            0.36227279901504517,
            -0.04430754855275154
         ],
         "7": [
            0.270836740732193,
            0.35833340883255005,
            -0.0560227669775486
         ],
         "8": [
            0.2617065906524658,
            0.4221348762512207,
            -0.0572844035923481
         ],
         "9": [
            0.20909546315670013,
            0.5715426802635193,
            -0.017362549901008606
         ],
         "10": [
            0.20670939981937408,
            0.5027376413345337,
            -0.05824565514922142
         ],
         "11": [
            0.2216409146785736,
            0.6306881904602051,
            -0.05367972329258919
         ],
         "12": [
            0.22483401000499725,
            0.6803762912750244,
            -0.03832978755235672
         ],
         "13": [
            0.15870743989944458,
            0.626783549785614,
            -0.036407288163900375
         ],
         "14": [
            0.15341249108314514,
            0.5877475142478943,
            -0.07029129564762115
         ],
         "15": [
            0.18566203117370605,
            0.7020692229270935,
            -0.04995488002896309
         ],
         "16": [
            0.19382363557815552,
            0.7453620433807373,
            -0.027050131931900978
         ],
         "17": [
            0.11750669032335281,
            0.6983298659324646,
            -0.061189476400613785
         ],
         "18": [
            0.12707029283046722,
            0.6779147982597351,
            -0.07762081921100616
         ],
         "19": [
            0.1599007397890091,
            0.758987545967102,
            -0.06446373462677002
         ],
         "20": [
            0.17400579154491425,
            0.7957031726837158,
            -0.04692094400525093
         ]
      }
   ]
}