{
   "y": [
      {
         "0": [
            0.26812079548835754,
            0.8222063183784485,
            0
         ],
         "1": [
            0.34544047713279724,
            0.7416994571685791,
            -0.017722131684422493
         ],
         "2": [
            0.39669498801231384,
            0.611268162727356,
            -0.03060728870332241
         ],
         "3": [
            0.4339064359664917,
            0.5146582126617432,
            -0.05043887346982956
         ],
         "4": [
            0.4728813171386719,
            0.46911996603012085,
            -0.06347183138132095
         ],
         "5": [
            0.3016219735145569,
            0.5035000443458557,
            0.001193287898786366
         ],
         "6": [
            0.28616389632225037,
            0.41696712374687195,
            -0.035121794790029526
         ],
         "7": [
            0.3051292896270752,
            0.5170425176620483,
            -0.04823536425828934
         ],
         "8": [
            0.320858359336853,
            0.5927603840827942,
            -0.052508022636175156
         ],
         "9": [
            0.25350308418273926,
            0.5146320462226868,
            -0.013032954186201096
         ],
         "10": [
            0.2414529025554657,
            0.4650406241416931,
            -0.06427799165248871
         ],
         "11": [
            0.2775566279888153,
            0.5845960378646851,
            -0.07825147360563278
         ],
         "12": [
            0.29864123463630676,
            0.635078489780426,
            -0.07604795694351196
         ],
         "13": [
            0.2080898880958557,
            0.5372923612594604,
            -0.03372444957494736
         ],
         "14": [
            0.18566447496414185,
            0.4655071794986725,
            -0.07776777446269989
         ],
         "15": [
            0.2287355363368988,
            0.570314884185791,
            -0.07422065734863281
         ],
         "16": [
            0.25747743248939514,
            0.6406946182250977,
            -0.06089211255311966
         ],
         "17": [
            0.16629645228385925,
            0.5660918951034546,
            -0.05879609286785126
         ],
         "18": [
            0.12172237038612366,
            0.4590842127799988,
            -0.08550693094730377
         ],
         "19": [
            0.09436002373695374,
            0.3807733654975891,
            -0.0924399197101593
         ],
         "20": [
            0.0669703483581543,
            0.29723721742630005,
            -0.09007517993450165
         ]
      }
   ]
}