{
   "a": [
      {
         "0": [
            0.8634013533592224,
            0.6872031688690186,
            0
         ],
         "1": [
            0.8064526915550232,
            0.6179683208465576,
            -0.02268470637500286
         ],
         "2": [
            0.7748096585273743,
            0.48748978972435,
            -0.0322011299431324
         ],
         "3": [
            0.7666428685188293,
            0.3800264298915863,
            -0.038605377078056335
         ],
         "4": [
            0.7594613432884216,
            0.30231237411499023,
            -0.03878527134656906
         ],
         "5": [
            0.7942527532577515,
            0.39697492122650146,
            -0.002412836067378521
         ],
         "6": [
            0.8115670680999756,
            0.3293725252151489,
            -0.006048955023288727
         ],
         "7": [
            0.8164598345756531,
            0.43695366382598877,
            0.0017775833839550614
         ],
         "8": [
            0.8152155876159668,
            0.4457564949989319,
            0.007047370541840792
         ],
         "9": [
            0.836361289024353,
            0.4039662480354309,
            0.00958838127553463
         ],
         "10": [
            0.8518922328948975,
            0.33511608839035034,
            -0.0009911067318171263
         ],
         "11": [
            0.8441364765167236,
            0.4576408267021179,
            0.01583072356879711
         ],
         "12": [
            0.8331220149993896,
            0.44211381673812866,
            0.03347838297486305
         ],
         "13": [
            0.8713313341140747,
            0.4237351715564728,
            0.018439196050167084
         ],
         "14": [
            0.8883733153343201,
            0.361037015914917,
            0.018493162468075752
         ],
         "15": [
            0.87382572889328,
            0.46695300936698914,
            0.04695248603820801
         ],
         "16": [
            0.8623567819595337,
            0.4620385468006134,
            0.06843189895153046
         ],
         "17": [
            0.9024641513824463,
            0.43859630823135376,
            0.02338629588484764
         ],
         "18": [
            0.9183664917945862,
            0.4149721562862396,
            0.03302864357829094
         ],
         "19": [
            0.9035378694534302,
            0.4754209816455841,
            0.05170170217752457
         ],
         "20": [
            0.8898335695266724,
            0.47046440839767456,
            0.06825200468301773
         ]
      }
   ]
}