{
   "a": [
      {
         "0": [
            0.8565687537193298,
            0.6461446285247803,
            0
         ],
         "1": [
            0.7889760732650757,
            0.5699293613433838,
            -0.017551036551594734
         ],
         "2": [
            0.7516874074935913,
            0.42738527059555054,
            -0.027362722903490067
         ],
         "3": [
            0.7403668165206909,
            0.31244003772735596,
            -0.03468956798315048
         ],
         "4": [
            0.7314178347587585,
            0.22669298946857452,
            -0.03596636652946472
         ],
         "5": [
            0.7745319604873657,
            0.332319438457489,
            -0.004392669536173344
         ],
         "6": [
            0.7896008491516113,
            0.26335641741752625,
            -0.0063299620524048805
         ],
         "7": [
            0.794152557849884,
            0.37975019216537476,
            0.004675038158893585
         ],
         "8": [
            0.7942583560943604,
            0.380625456571579,
            0.011775989085435867
         ],
         "9": [
            0.825304388999939,
            0.3417152166366577,
            0.005956745240837336
         ],
         "10": [
            0.8352425694465637,
            0.2664756774902344,
            -0.00337614375166595
         ],
         "11": [
            0.8261847496032715,
            0.40113359689712524,
            0.019102834165096283
         ],
         "12": [
            0.8168520331382751,
            0.3845616281032562,
            0.0404646135866642
         ],
         "13": [
            0.8663022518157959,
            0.36492955684661865,
            0.014231366105377674
         ],
         "14": [
            0.8782255053520203,
            0.291219025850296,
            0.016991209238767624
         ],
         "15": [
            0.8616085052490234,
            0.4090833365917206,
            0.051975421607494354
         ],
         "16": [
            0.8511027693748474,
            0.399829238653183,
            0.07707919180393219
         ],
         "17": [
            0.9009652137756348,
            0.3793524205684662,
            0.019132297486066818
         ],
         "18": [
            0.9138513207435608,
            0.3540390729904175,
            0.03101632185280323
         ],
         "19": [
            0.8951030969619751,
            0.4223511815071106,
            0.0534290075302124
         ],
         "20": [
            0.8814983367919922,
            0.41405540704727173,
            0.07248273491859436
         ]
      }
   ]
}