{
   "c": [
      {
         "0": [
            0.7699319124221802,
            0.7449453473091125,
            0
         ],
         "1": [
            0.7162955403327942,
            0.707587480545044,
            -0.03043346107006073
         ],
         "2": [
            0.6707711815834045,
            0.6536061763763428,
            -0.0509713776409626
         ],
         "3": [
            0.6609934568405151,
            0.6015156507492065,
            -0.07346973568201065
         ],
         "4": [
            0.6841086745262146,
            0.5513561964035034,
            -0.09540796279907227
         ],
         "5": [
            0.7063612937927246,
            0.4143892228603363,
            -0.0067215003073215485
         ],
         "6": [
            0.7089002728462219,
            0.30307620763778687,
            -0.0331173911690712
         ],
         "7": [
            0.7127262949943542,
            0.24034708738327026,
            -0.05633924528956413
         ],
         "8": [
            0.7180681228637695,
            0.20380815863609314,
            -0.07080914080142975
         ],
         "9": [
            0.7503068447113037,
            0.4033859372138977,
            -0.01417816523462534
         ],
         "10": [
            0.7536431550979614,
            0.2691631317138672,
            -0.044483259320259094
         ],
         "11": [
            0.7531427145004272,
            0.2093137800693512,
            -0.07080914080142975
         ],
         "12": [
            0.7533689737319946,
            0.19160419702529907,
            -0.08481226861476898
         ],
         "13": [
            0.790226399898529,
            0.41888749599456787,
            -0.028216298669576645
         ],
         "14": [
            0.7925689220428467,
            0.2950352728366852,
            -0.053071849048137665
         ],
         "15": [
            0.7892036437988281,
            0.23268580436706543,
            -0.06992227584123611
         ],
         "16": [
            0.7856070399284363,
            0.204506516456604,
            -0.07818412035703659
         ],
         "17": [
            0.8300598859786987,
            0.45902886986732483,
            -0.04763396829366684
         ],
         "18": [
            0.8308572769165039,
            0.35341978073120117,
            -0.0659080445766449
         ],
         "19": [
            0.8256800174713135,
            0.2862168550491333,
            -0.07739061117172241
         ],
         "20": [
            0.8197639584541321,
            0.23575633764266968,
            -0.08355198800563812
         ]
      }
   ]
}