{
   "l": [
      {
         "0": [
            0.7012765407562256,
            0.882095992565155,
            0
         ],
         "1": [
            0.6424897909164429,
            0.7633663415908813,
            -0.007947755977511406
         ],
         "2": [
            0.598642110824585,
            0.6156355142593384,
            -0.023620016872882843
         ],
         "3": [
            0.5565841794013977,
            0.4815932810306549,
            -0.04557308927178383
         ],
         "4": [
            0.5146514177322388,
            0.39401775598526,
            -0.06358204782009125
         ],
         "5": [
            0.6750398278236389,
            0.4358106255531311,
            0.005785936489701271
         ],
         "6": [
            0.6731469631195068,
            0.2653631865978241,
            -0.036434657871723175
         ],
         "7": [
            0.6719816327095032,
            0.16882532835006714,
            -0.06340344250202179
         ],
         "8": [
            0.6785507202148438,
            0.07133021950721741,
            -0.08096590638160706
         ],
         "9": [
            0.7313648462295532,
            0.48368585109710693,
            -0.014526236802339554
         ],
         "10": [
            0.7054669260978699,
            0.43392413854599,
            -0.0565570667386055
         ],
         "11": [
            0.6761916875839233,
            0.5794693231582642,
            -0.05125856399536133
         ],
         "12": [
            0.6878539323806763,
            0.577106773853302,
            -0.0392029769718647
         ],
         "13": [
            0.7746719121932983,
            0.5370572805404663,
            -0.04447171464562416
         ],
         "14": [
            0.7570377588272095,
            0.49583855271339417,
            -0.09930230677127838
         ],
         "15": [
            0.7152436971664429,
            0.6275192499160767,
            -0.09245593100786209
         ],
         "16": [
            0.7252029180526733,
            0.6248036623001099,
            -0.07501253485679626
         ],
         "17": [
            0.8117693066596985,
            0.5915314555168152,
            -0.0766199454665184
         ],
         "18": [
            0.7964797019958496,
            0.5613846182823181,
            -0.11269740015268326
         ],
         "19": [
            0.7581181526184082,
            0.6493852138519287,
            -0.11126858741044998
         ],
         "20": [
            0.7635822892189026,
            0.6655430793762207,
            -0.10239806026220322
         ]
      }
   ]
}