{
   "m": [
      {
         "0": [
            0.7714221477508545,
            0.4661588668823242,
            0
         ],
         "1": [
            0.7242113351821899,
            0.41190803050994873,
            -0.010149014182388783
         ],
         "2": [
            0.7055235505104065,
            0.32278865575790405,
            -0.011163914576172829
         ],
         "3": [
            0.7280946373939514,
            0.2561050355434418,
            -0.014822105877101421
         ],
         "4": [
            0.757636308670044,
            0.25623202323913574,
            -0.015200799331068993
         ],
         "5": [
            0.7311063408851624,
            0.23792999982833862,
            0.0031261236872524023
         ],
         "6": [
            0.742811381816864,
            0.15869687497615814,
            -0.01350424811244011
         ],
         "7": [
            0.734666109085083,
            0.2292041778564453,
            -0.015571920201182365
         ],
         "8": [
            0.7316606640815735,
            0.27868908643722534,
            -0.01373903825879097
         ],
         "9": [
            0.7658198475837708,
            0.2412489354610443,
            -0.0015810496406629682
         ],
         "10": [
            0.7771830558776855,
            0.17364652454853058,
            -0.0229034461081028
         ],
         "11": [
            0.7614668607711792,
            0.2599291205406189,
            -0.020994827151298523
         ],
         "12": [
            0.756630003452301,
            0.2994251549243927,
            -0.012512068264186382
         ],
         "13": [
            0.7957289814949036,
            0.2589769661426544,
            -0.01086853351444006
         ],
         "14": [
            0.8107808232307434,
            0.19387760758399963,
            -0.031780045479536057
         ],
         "15": [
            0.7910019755363464,
            0.2728579044342041,
            -0.023206403478980064
         ],
         "16": [
            0.7831857800483704,
            0.31582126021385193,
            -0.010717055760324001
         ],
         "17": [
            0.824748158454895,
            0.28667086362838745,
            -0.022585343569517136
         ],
         "18": [
            0.8344087600708008,
            0.22809281945228577,
            -0.0312650240957737
         ],
         "19": [
            0.8169903755187988,
            0.27669331431388855,
            -0.024145564064383507
         ],
         "20": [
            0.8077942132949829,
            0.31134408712387085,
            -0.014170749112963676
         ]
      }
   ]
}