{
   "m-DGS": [
      {
         "0": [
            0.8079231977462769,
            0.17342481017112732,
            0
         ],
         "1": [
            0.7352254390716553,
            0.2509962320327759,
            -0.01614716649055481
         ],
         "2": [
            0.7040144205093384,
            0.3752979040145874,
            -0.03385351598262787
         ],
         "3": [
            0.7211683988571167,
            0.4742327928543091,
            -0.0448959544301033
         ],
         "4": [
            0.7601276636123657,
            0.5327034592628479,
            -0.05775388330221176
         ],
         "5": [
            0.7431156635284424,
            0.422776460647583,
            -0.08479398488998413
         ],
         "6": [
            0.7554101347923279,
            0.6010684370994568,
            -0.1049138680100441
         ],
         "7": [
            0.7642331719398499,
            0.6968710422515869,
            -0.10910017043352127
         ],
         "8": [
            0.7742199897766113,
            0.7763751745223999,
            -0.11097972840070724
         ],
         "9": [
            0.7980700135231018,
            0.41072502732276917,
            -0.08727159351110458
         ],
         "10": [
            0.8075439929962158,
            0.6119644045829773,
            -0.10593907535076141
         ],
         "11": [
            0.811782956123352,
            0.7259541749954224,
            -0.10542647540569305
         ],
         "12": [
            0.8182862401008606,
            0.8127222061157227,
            -0.10764777660369873
         ],
         "13": [
            0.8438149094581604,
            0.40075376629829407,
            -0.08543474227190018
         ],
         "14": [
            0.845869243144989,
            0.5887569785118103,
            -0.09790821373462677
         ],
         "15": [
            0.8416045904159546,
            0.6979880332946777,
            -0.09824995696544647
         ],
         "16": [
            0.8430801033973694,
            0.7728545665740967,
            -0.10346147418022156
         ],
         "17": [
            0.8777285814285278,
            0.38425761461257935,
            -0.08351245522499084
         ],
         "18": [
            0.8555046916007996,
            0.49908775091171265,
            -0.0866735503077507
         ],
         "19": [
            0.8327351808547974,
            0.5089919567108154,
            -0.08120572566986084
         ],
         "20": [
            0.8202600479125977,
            0.4930323362350464,
            -0.08180376887321472
         ]
      }
   ]
}