{
   "n-DGS": [
      {
         "0": [
            0.8610890507698059,
            0.06418091058731079,
            0
         ],
         "1": [
            0.7902457118034363,
            0.12096112966537476,
            -0.011413956992328167
         ],
         "2": [
            0.7659651041030884,
            0.23304741084575653,
            -0.02530965581536293
         ],
         "3": [
            0.7850394248962402,
            0.3327259123325348,
            -0.03312406316399574
         ],
         "4": [
            0.8094935417175293,
            0.39931169152259827,
            -0.0407743863761425
         ],
         "5": [
            0.7688744068145752,
            0.2606622278690338,
            -0.07478038966655731
         ],
         "6": [
            0.7597406506538391,
            0.4416434168815613,
            -0.09114757180213928
         ],
         "7": [
            0.7599066495895386,
            0.5386380553245544,
            -0.09057328850030899
         ],
         "8": [
            0.7674822211265564,
            0.615606427192688,
            -0.08901450783014297
         ],
         "9": [
            0.8211610913276672,
            0.275871604681015,
            -0.07576488703489304
         ],
         "10": [
            0.8032332062721252,
            0.4754624366760254,
            -0.09139369428157806
         ],
         "11": [
            0.7970168590545654,
            0.5909199714660645,
            -0.08507653325796127
         ],
         "12": [
            0.8012524247169495,
            0.6778315305709839,
            -0.08171285688877106
         ],
         "13": [
            0.8672001957893372,
            0.28344807028770447,
            -0.07215508073568344
         ],
         "14": [
            0.8399659395217896,
            0.4042997360229492,
            -0.07395998388528824
         ],
         "15": [
            0.8255376815795898,
            0.3560810685157776,
            -0.05004502460360527
         ],
         "16": [
            0.8249419927597046,
            0.3120444715023041,
            -0.03618009015917778
         ],
         "17": [
            0.9034385681152344,
            0.2802881598472595,
            -0.07067833840847015
         ],
         "18": [
            0.8707902431488037,
            0.36139047145843506,
            -0.07067833840847015
         ],
         "19": [
            0.8567493557929993,
            0.32739394903182983,
            -0.056485243141651154
         ],
         "20": [
            0.8579152226448059,
            0.29100900888442993,
            -0.04614807292819023
         ]
      }
   ]
}