{
   "q": [
      {
         "0": [
            0.7230000495910645,
            0.6033393740653992,
            0
         ],
         "1": [
            0.6854758858680725,
            0.5853384733200073,
            -0.01931154541671276
         ],
         "2": [
            0.6414774656295776,
            0.5970997214317322,
            -0.04556617885828018
         ],
         "3": [
            0.6118675470352173,
            0.6562293171882629,
            -0.06663966923952103
         ],
         "4": [
            0.5920343399047852,
            0.7007758617401123,
            -0.08589887619018555
         ],
         "5": [
            0.6555205583572388,
            0.5080457925796509,
            -0.07291984558105469
         ],
         "6": [
            0.6033326983451843,
            0.597375750541687,
            -0.10564655065536499
         ],
         "7": [
            0.5810894966125488,
            0.6544046401977539,
            -0.1196025013923645
         ],
         "8": [
            0.5667011141777039,
            0.6956539750099182,
            -0.12685959041118622
         ],
         "9": [
            0.6784693002700806,
            0.5375389456748962,
            -0.07738575339317322
         ],
         "10": [
            0.6203813552856445,
            0.6400061845779419,
            -0.11367122083902359
         ],
         "11": [
            0.6354874968528748,
            0.6531476974487305,
            -0.11304319649934769
         ],
         "12": [
            0.6505714058876038,
            0.6376588344573975,
            -0.11004267632961273
         ],
         "13": [
            0.6977789402008057,
            0.5868401527404785,
            -0.0808747336268425
         ],
         "14": [
            0.6375620365142822,
            0.6788934469223022,
            -0.10725147277116776
         ],
         "15": [
            0.6521835327148438,
            0.6773607134819031,
            -0.09203949570655823
         ],
         "16": [
            0.6683157086372375,
            0.6447510719299316,
            -0.07996759563684464
         ],
         "17": [
            0.7082601189613342,
            0.6410237550735474,
            -0.08506151288747787
         ],
         "18": [
            0.6586239337921143,
            0.7057372331619263,
            -0.10236689448356628
         ],
         "19": [
            0.6661287546157837,
            0.7003901600837708,
            -0.09294663369655609
         ],
         "20": [
            0.6788349747657776,
            0.6670809388160706,
            -0.08443350344896317
         ]
      }
   ]
}