{
   "r": [
      {
         "0": [
            0.7711994647979736,
            0.862552285194397,
            0
         ],
         "1": [
            0.7191969156265259,
            0.812267005443573,
            -0.03400621563196182
         ],
         "2": [
            0.7024104595184326,
            0.6836304068565369,
            -0.051350560039281845
         ],
         "3": [
            0.7352585196495056,
            0.581838846206665,
            -0.06735348701477051
         ],
         "4": [
            0.7824421525001526,
            0.5122451186180115,
            -0.0817561149597168
         ],
         "5": [
            0.7191247940063477,
            0.5248157382011414,
            -0.019415313377976418
         ],
         "6": [
            0.7334238290786743,
            0.39114493131637573,
            -0.04393744096159935
         ],
         "7": [
            0.7481849193572998,
            0.3021278381347656,
            -0.05742226168513298
         ],
         "8": [
            0.765988826751709,
            0.22059723734855652,
            -0.06782416254281998
         ],
         "9": [
            0.7619215846061707,
            0.5304373502731323,
            -0.024733930826187134
         ],
         "10": [
            0.763190507888794,
            0.38137927651405334,
            -0.05111522227525711
         ],
         "11": [
            0.7555456757545471,
            0.301034539937973,
            -0.06175246462225914
         ],
         "12": [
            0.7562507390975952,
            0.22314512729644775,
            -0.06744761765003204
         ],
         "13": [
            0.8006343245506287,
            0.573406994342804,
            -0.03744214028120041
         ],
         "14": [
            0.8051182627677917,
            0.47698068618774414,
            -0.06867137551307678
         ],
         "15": [
            0.7719692587852478,
            0.5787950158119202,
            -0.06236433982849121
         ],
         "16": [
            0.7565816640853882,
            0.6478636264801025,
            -0.05106815695762634
         ],
         "17": [
            0.8357441425323486,
            0.6359738707542419,
            -0.05605730041861534
         ],
         "18": [
            0.8217619061470032,
            0.5806668996810913,
            -0.08142664283514023
         ],
         "19": [
            0.7895908355712891,
            0.6539567708969116,
            -0.07926154136657715
         ],
         "20": [
            0.7710281014442444,
            0.7036722898483276,
            -0.07154248654842377
         ]
      }
   ]
}