{
   "s": [
      {
         "0": [
            0.8274320960044861,
            0.6852947473526001,
            0
         ],
         "1": [
            0.7397840023040771,
            0.6087666153907776,
            -0.045475687831640244
         ],
         "2": [
            0.6903079748153687,
            0.42178910970687866,
            -0.05610532686114311
         ],
         "3": [
            0.7325668931007385,
            0.2582543194293976,
            -0.06495003402233124
         ],
         "4": [
            0.8058097958564758,
            0.23223888874053955,
            -0.06628207117319107
         ],
         "5": [
            0.7285488843917847,
            0.3206261992454529,
            -0.005774372722953558
         ],
         "6": [
            0.7127388119697571,
            0.17298543453216553,
            -0.03878886625170708
         ],
         "7": [
            0.7131210565567017,
            0.30104386806488037,
            -0.042252156883478165
         ],
         "8": [
            0.7238824963569641,
            0.35872164368629456,
            -0.03841589763760567
         ],
         "9": [
            0.7842077016830444,
            0.3224123418331146,
            0.001426110276952386
         ],
         "10": [
            0.7755751013755798,
            0.18662941455841064,
            -0.037856440991163254
         ],
         "11": [
            0.7626956105232239,
            0.34363800287246704,
            -0.03465955704450607
         ],
         "12": [
            0.769625723361969,
            0.3897363841533661,
            -0.018595213070511818
         ],
         "13": [
            0.8349080681800842,
            0.3409859538078308,
            -0.0027806235011667013
         ],
         "14": [
            0.8352364301681519,
            0.22755728662014008,
            -0.04406372830271721
         ],
         "15": [
            0.8124483823776245,
            0.38771647214889526,
            -0.03303447365760803
         ],
         "16": [
            0.8170165419578552,
            0.4489932060241699,
            -0.010423175059258938
         ],
         "17": [
            0.8891317248344421,
            0.3656686842441559,
            -0.0129007613286376
         ],
         "18": [
            0.8760834336280823,
            0.26571279764175415,
            -0.03135610744357109
         ],
         "19": [
            0.8579308390617371,
            0.3700943887233734,
            -0.022551357746124268
         ],
         "20": [
            0.8659176230430603,
            0.42789697647094727,
            -0.00517495721578598
         ]
      }
   ]
}