{
   "s": [
      {
         "0": [
            0.7818130850791931,
            0.5662537813186646,
            0
         ],
         "1": [
            0.7207456231117249,
            0.5142722129821777,
            -0.030211608856916428
         ],
         "2": [
            0.6813948154449463,
            0.39590761065483093,
            -0.04002392664551735
         ],
         "3": [
            0.7073912024497986,
            0.28521740436553955,
            -0.04882322996854782
         ],
         "4": [
            0.7549426555633545,
            0.2618872821331024,
            -0.05196158215403557
         ],
         "5": [
            0.7002561092376709,
            0.2997092306613922,
            -0.013606147840619087
         ],
         "6": [
            0.6889909505844116,
            0.18834853172302246,
            -0.03670680522918701
         ],
         "7": [
            0.6927187442779541,
            0.290936142206192,
            -0.03624995797872543
         ],
         "8": [
            0.700446605682373,
            0.3258921802043915,
            -0.032118454575538635
         ],
         "9": [
            0.7439282536506653,
            0.29492002725601196,
            -0.01108354888856411
         ],
         "10": [
            0.7339348793029785,
            0.20217908918857574,
            -0.03553488850593567
         ],
         "11": [
            0.7312077879905701,
            0.3219779431819916,
            -0.026397913694381714
         ],
         "12": [
            0.7389573454856873,
            0.34073588252067566,
            -0.01179861556738615
         ],
         "13": [
            0.7846353650093079,
            0.30775853991508484,
            -0.016059227287769318
         ],
         "14": [
            0.7791023850440979,
            0.2320886105298996,
            -0.042586248368024826
         ],
         "15": [
            0.7657831311225891,
            0.3481171131134033,
            -0.031085576862096786
         ],
         "16": [
            0.7702217102050781,
            0.3762251138687134,
            -0.014331147074699402
         ],
         "17": [
            0.82511967420578,
            0.3277433216571808,
            -0.024908188730478287
         ],
         "18": [
            0.8129420876502991,
            0.26374632120132446,
            -0.036825984716415405
         ],
         "19": [
            0.7981050610542297,
            0.34062957763671875,
            -0.02852325141429901
         ],
         "20": [
            0.8037479519844055,
            0.3740176856517792,
            -0.01578114554286003
         ]
      }
   ]
}