{
   "s": [
      {
         "0": [
            0.782306969165802,
            0.6404373049736023,
            0
         ],
         "1": [
            0.7133266925811768,
            0.6017138361930847,
            -0.03869256377220154
         ],
         "2": [
            0.6669548153877258,
            0.4645991027355194,
            -0.04963533207774162
         ],
         "3": [
            0.6957061886787415,
            0.33774638175964355,
            -0.05837421491742134
         ],
         "4": [
            0.7580579519271851,
            0.3154557943344116,
            -0.06193876639008522
         ],
         "5": [
            0.6944979429244995,
            0.39046671986579895,
            -0.00916528794914484
         ],
         "6": [
            0.6753318905830383,
            0.28855228424072266,
            -0.03579876571893692
         ],
         "7": [
            0.6795386075973511,
            0.3810260593891144,
            -0.039593279361724854
         ],
         "8": [
            0.6911572217941284,
            0.42105650901794434,
            -0.03758103772997856
         ],
         "9": [
            0.7386079430580139,
            0.38518327474594116,
            -0.0017044179840013385
         ],
         "10": [
            0.7235507965087891,
            0.2862844467163086,
            -0.032119233161211014
         ],
         "11": [
            0.7198125123977661,
            0.40568864345550537,
            -0.029762037098407745
         ],
         "12": [
            0.7289479970932007,
            0.4402202069759369,
            -0.017726903781294823
         ],
         "13": [
            0.7786266803741455,
            0.3949139714241028,
            -0.003428000258281827
         ],
         "14": [
            0.7698425054550171,
            0.307900071144104,
            -0.03522384166717529
         ],
         "15": [
            0.7579004764556885,
            0.4340527653694153,
            -0.027424002066254616
         ],
         "16": [
            0.7648766040802002,
            0.48140519857406616,
            -0.010664889588952065
         ],
         "17": [
            0.8210142850875854,
            0.40723717212677,
            -0.00985040981322527
         ],
         "18": [
            0.8018409609794617,
            0.33889350295066833,
            -0.02491348795592785
         ],
         "19": [
            0.7914042472839355,
            0.4215262830257416,
            -0.019240878522396088
         ],
         "20": [
            0.8004880547523499,
            0.4624796509742737,
            -0.00665477616712451
         ]
      }
   ]
}