{
   "t": [
      {
         "0": [
            0.804629921913147,
            0.7064017057418823,
            0
         ],
         "1": [
            0.7411494851112366,
            0.6890143156051636,
            -0.034264810383319855
         ],
         "2": [
            0.7107315063476562,
            0.5496485233306885,
            -0.04098154231905937
         ],
         "3": [
            0.7323360443115234,
            0.4166761338710785,
            -0.04552243649959564
         ],
         "4": [
            0.7542324066162109,
            0.34364867210388184,
            -0.04457641765475273
         ],
         "5": [
            0.7190094590187073,
            0.455536425113678,
            -0.0007562239770777524
         ],
         "6": [
            0.703028678894043,
            0.3591685891151428,
            -0.02353695221245289
         ],
         "7": [
            0.7084015011787415,
            0.4320908486843109,
            -0.025599274784326553
         ],
         "8": [
            0.7210398316383362,
            0.47496458888053894,
            -0.02255309373140335
         ],
         "9": [
            0.7606059312820435,
            0.4589458107948303,
            0.008651343174278736
         ],
         "10": [
            0.7590136528015137,
            0.3988240361213684,
            -0.017151325941085815
         ],
         "11": [
            0.7569670081138611,
            0.5174727439880371,
            -0.012355008162558079
         ],
         "12": [
            0.755398154258728,
            0.525128960609436,
            0.0008466870058327913
         ],
         "13": [
            0.7975733876228333,
            0.47352996468544006,
            0.008987180888652802
         ],
         "14": [
            0.799191951751709,
            0.41794025897979736,
            -0.022647695615887642
         ],
         "15": [
            0.7892273664474487,
            0.5355923771858215,
            -0.015864737331867218
         ],
         "16": [
            0.7897034287452698,
            0.5534037947654724,
            0.000007446204563166248
         ],
         "17": [
            0.8387523293495178,
            0.48824527859687805,
            0.005567321553826332
         ],
         "18": [
            0.8296998739242554,
            0.45850682258605957,
            -0.014341647736728191
         ],
         "19": [
            0.8248403072357178,
            0.5360197424888611,
            -0.012213106267154217
         ],
         "20": [
            0.8276509642601013,
            0.546198844909668,
            -0.0009856335818767548
         ]
      }
   ]
}