{
   "t": [
      {
         "0": [
            0.809707760810852,
            0.7125442624092102,
            0
         ],
         "1": [
            0.7399489283561707,
            0.6522720456123352,
            -0.022374333813786507
         ],
         "2": [
            0.7037654519081116,
            0.5136364698410034,
            -0.037654366344213486
         ],
         "3": [
            0.7190715074539185,
            0.37598925828933716,
            -0.05743655562400818
         ],
         "4": [
            0.7290835380554199,
            0.25869131088256836,
            -0.06998801231384277
         ],
         "5": [
            0.7049412727355957,
            0.38805535435676575,
            0.021476177498698235
         ],
         "6": [
            0.6873881816864014,
            0.29159015417099,
            -0.004641423933207989
         ],
         "7": [
            0.6977642178535461,
            0.39239615201950073,
            -0.010220796801149845
         ],
         "8": [
            0.7075405120849609,
            0.41742101311683655,
            -0.011744251474738121
         ],
         "9": [
            0.7587823271751404,
            0.3905738294124603,
            0.015109497122466564
         ],
         "10": [
            0.7536525130271912,
            0.3342280983924866,
            -0.019270576536655426
         ],
         "11": [
            0.754762589931488,
            0.47938278317451477,
            -0.015780271962285042
         ],
         "12": [
            0.7503460049629211,
            0.45386916399002075,
            -0.0033794566988945007
         ],
         "13": [
            0.8082187175750732,
            0.4113907217979431,
            -0.0011653299443423748
         ],
         "14": [
            0.8064520955085754,
            0.3708621561527252,
            -0.03606269508600235
         ],
         "15": [
            0.7946286201477051,
            0.5076009035110474,
            -0.023443028330802917
         ],
         "16": [
            0.7919607758522034,
            0.4884842336177826,
            -0.004851751960813999
         ],
         "17": [
            0.8568225502967834,
            0.43073585629463196,
            -0.02131701074540615
         ],
         "18": [
            0.853533923625946,
            0.4076237678527832,
            -0.03804091736674309
         ],
         "19": [
            0.8399736285209656,
            0.49333518743515015,
            -0.029786966741085052
         ],
         "20": [
            0.839323103427887,
            0.48720383644104004,
            -0.016905810683965683
         ]
      }
   ]
}