{
   "t": [
      {
         "0": [
            0.7369986772537231,
            0.5934016704559326,
            0
         ],
         "1": [
            0.6892672181129456,
            0.5520961284637451,
            -0.018210118636488914
         ],
         "2": [
            0.6695734858512878,
            0.43059977889060974,
            -0.027967872098088264
         ],
         "3": [
            0.6887232065200806,
            0.3288678526878357,
            -0.03919417783617973
         ],
         "4": [
            0.7102872729301453,
            0.2605157196521759,
            -0.04480733349919319
         ],
         "5": [
            0.6843414306640625,
            0.35487115383148193,
            -0.0008097465615719557
         ],
         "6": [
            0.6678426265716553,
            0.27220749855041504,
            -0.026678800582885742
         ],
         "7": [
            0.6660578846931458,
            0.3375431299209595,
            -0.03168821707367897
         ],
         "8": [
            0.6765128374099731,
            0.3780389130115509,
            -0.030953938141465187
         ],
         "9": [
            0.7212455868721008,
            0.3611879348754883,
            -0.003591847838833928
         ],
         "10": [
            0.707612156867981,
            0.3187364637851715,
            -0.03219405561685562
         ],
         "11": [
            0.7016036510467529,
            0.422023743391037,
            -0.02897954359650612
         ],
         "12": [
            0.7105659246444702,
            0.4223944842815399,
            -0.018715955317020416
         ],
         "13": [
            0.7526521682739258,
            0.37820306420326233,
            -0.013404670171439648
         ],
         "14": [
            0.7407205104827881,
            0.34400710463523865,
            -0.04392620176076889
         ],
         "15": [
            0.7270862460136414,
            0.4400915503501892,
            -0.035898081958293915
         ],
         "16": [
            0.7361886501312256,
            0.44417721033096313,
            -0.021799927577376366
         ],
         "17": [
            0.7859438061714172,
            0.3998783528804779,
            -0.025634493678808212
         ],
         "18": [
            0.7695946097373962,
            0.3752186596393585,
            -0.042849257588386536
         ],
         "19": [
            0.7585976123809814,
            0.43798932433128357,
            -0.03824777901172638
         ],
         "20": [
            0.7663821578025818,
            0.4412274658679962,
            -0.028310535475611687
         ]
      }
   ]
}