{
   "t-DGS": [
      {
         "0": [
            0.7369097471237183,
            0.5762858390808105,
            0
         ],
         "1": [
            0.6976749300956726,
            0.45173129439353943,
            0.002893969649448991
         ],
         "2": [
            0.666983962059021,
            0.3355958163738251,
            -0.014556902460753918
         ],
         "3": [
            0.6567723155021667,
            0.25552475452423096,
            -0.034362442791461945
         ],
         "4": [
            0.6632813811302185,
            0.1905621886253357,
            -0.05214666202664375
         ],
         "5": [
            0.7060888409614563,
            0.3607696294784546,
            -0.041819244623184204
         ],
         "6": [
            0.6248794198036194,
            0.37784895300865173,
            -0.06998183578252792
         ],
         "7": [
            0.6028634905815125,
            0.38631969690322876,
            -0.07718385010957718
         ],
         "8": [
            0.590670108795166,
            0.39280882477760315,
            -0.08003748208284378
         ],
         "9": [
            0.7193973064422607,
            0.4343937635421753,
            -0.06244010850787163
         ],
         "10": [
            0.6099748611450195,
            0.45983386039733887,
            -0.09539271891117096
         ],
         "11": [
            0.6055160164833069,
            0.4677165150642395,
            -0.09063667058944702
         ],
         "12": [
            0.6157693266868591,
            0.46713459491729736,
            -0.08581268042325974
         ],
         "13": [
            0.7215763330459595,
            0.511809766292572,
            -0.08160018175840378
         ],
         "14": [
            0.6145763993263245,
            0.5201129913330078,
            -0.10870964080095291
         ],
         "15": [
            0.6164141297340393,
            0.5188553929328918,
            -0.08907397091388702
         ],
         "16": [
            0.6339206099510193,
            0.5102876424789429,
            -0.07405845075845718
         ],
         "17": [
            0.7148510217666626,
            0.5821753740310669,
            -0.10055642575025558
         ],
         "18": [
            0.6325432062149048,
            0.5757572054862976,
            -0.11849351227283478
         ],
         "19": [
            0.6322518587112427,
            0.5630878210067749,
            -0.10510864108800888
         ],
         "20": [
            0.6487814784049988,
            0.5501738786697388,
            -0.09301469475030899
         ]
      }
   ]
}