{
   "v": [
      {
         "0": [
            0.7051519155502319,
            0.6870927810668945,
            0
         ],
         "1": [
            0.6662202477455139,
            0.6313203573226929,
            -0.020124545320868492
         ],
         "2": [
            0.6513727307319641,
            0.5368551015853882,
            -0.0342489518225193
         ],
         "3": [
            0.6861897110939026,
            0.4715667963027954,
            -0.04988434165716171
         ],
         "4": [
            0.7231773138046265,
            0.42975515127182007,
            -0.06170943006873131
         ],
         "5": [
            0.6682490706443787,
            0.3803154230117798,
            -0.010549508035182953
         ],
         "6": [
            0.6574339866638184,
            0.2504563331604004,
            -0.032321903854608536
         ],
         "7": [
            0.6501055955886841,
            0.17203368246555328,
            -0.04366522654891014
         ],
         "8": [
            0.6480658054351807,
            0.10576438903808594,
            -0.051680002361536026
         ],
         "9": [
            0.7084422707557678,
            0.39018699526786804,
            -0.019774170592427254
         ],
         "10": [
            0.7358075380325317,
            0.24098530411720276,
            -0.04189145937561989
         ],
         "11": [
            0.7529047727584839,
            0.14969918131828308,
            -0.053037699311971664
         ],
         "12": [
            0.7702117562294006,
            0.08149641752243042,
            -0.0601765476167202
         ],
         "13": [
            0.7409584522247314,
            0.43566659092903137,
            -0.03411756083369255
         ],
         "14": [
            0.7440266609191895,
            0.39477384090423584,
            -0.05803051218390465
         ],
         "15": [
            0.7162086367607117,
            0.46287474036216736,
            -0.055008549243211746
         ],
         "16": [
            0.7052716016769409,
            0.5104284882545471,
            -0.0460740402340889
         ],
         "17": [
            0.7644487619400024,
            0.499523788690567,
            -0.05290630832314491
         ],
         "18": [
            0.7631731629371643,
            0.4583393633365631,
            -0.07033736258745193
         ],
         "19": [
            0.7358404397964478,
            0.5052351355552673,
            -0.06880448013544083
         ],
         "20": [
            0.721552848815918,
            0.5485144853591919,
            -0.06205980107188225
         ]
      }
   ]
}