{
   "w": [
      {
         "0": [
            0.7451781034469604,
            0.9306596517562866,
            0
         ],
         "1": [
            0.6996429562568665,
            0.8864644765853882,
            -0.04572311043739319
         ],
         "2": [
            0.6854851245880127,
            0.790977954864502,
            -0.0663423240184784
         ],
         "3": [
            0.7367390394210815,
            0.6925058960914612,
            -0.08154899626970291
         ],
         "4": [
            0.7868958711624146,
            0.623979389667511,
            -0.09654948115348816
         ],
         "5": [
            0.6697431802749634,
            0.6051143407821655,
            -0.027655523270368576
         ],
         "6": [
            0.6384403705596924,
            0.46622398495674133,
            -0.04296528920531273
         ],
         "7": [
            0.6236642599105835,
            0.3734162747859955,
            -0.05330067127943039
         ],
         "8": [
            0.6159914135932922,
            0.2881474494934082,
            -0.06319789588451385
         ],
         "9": [
            0.7164463996887207,
            0.5787025690078735,
            -0.027320461347699165
         ],
         "10": [
            0.7031534314155579,
            0.4129829406738281,
            -0.03610939905047417
         ],
         "11": [
            0.700041651725769,
            0.3077160120010376,
            -0.04781080782413483
         ],
         "12": [
            0.6957980990409851,
            0.21949854493141174,
            -0.06139371171593666
         ],
         "13": [
            0.7591130137443542,
            0.5892137885093689,
            -0.034408316016197205
         ],
         "14": [
            0.7831442356109619,
            0.4484170377254486,
            -0.0593833401799202
         ],
         "15": [
            0.805844783782959,
            0.3450418710708618,
            -0.0869615450501442
         ],
         "16": [
            0.821686863899231,
            0.24756395816802979,
            -0.10598276555538177
         ],
         "17": [
            0.7972531914710999,
            0.6367724537849426,
            -0.04574888199567795
         ],
         "18": [
            0.795085608959198,
            0.555740475654602,
            -0.06943520903587341
         ],
         "19": [
            0.7834906578063965,
            0.5939919352531433,
            -0.08531200140714645
         ],
         "20": [
            0.7690727710723877,
            0.6448278427124023,
            -0.09706495702266693
         ]
      }
   ]
}