{
   "x": [
      {
         "0": [
            0.8307867646217346,
            0.5460904836654663,
            0
         ],
         "1": [
            0.7857341170310974,
            0.5214642286300659,
            -0.02594446763396263
         ],
         "2": [
            0.7611913084983826,
            0.42634063959121704,
            -0.03951516002416611
         ],
         "3": [
            0.778261125087738,
            0.34578031301498413,
            -0.051754068583250046
         ],
         "4": [
            0.8084006905555725,
            0.30950209498405457,
            -0.05893557518720627
         ],
         "5": [
            0.772324800491333,
            0.31149718165397644,
            -0.010123230516910553
         ],
         "6": [
            0.761364758014679,
            0.21619409322738647,
            -0.03678416088223457
         ],
         "7": [
            0.7726600170135498,
            0.16889677941799164,
            -0.04861848056316376
         ],
         "8": [
            0.78680020570755,
            0.1415768712759018,
            -0.05343986675143242
         ],
         "9": [
            0.8149909377098083,
            0.3043263554573059,
            -0.010258094407618046
         ],
         "10": [
            0.8282442092895508,
            0.2600700855255127,
            -0.043257635086774826
         ],
         "11": [
            0.8211515545845032,
            0.3554058372974396,
            -0.042145006358623505
         ],
         "12": [
            0.8122164607048035,
            0.38706275820732117,
            -0.031221020966768265
         ],
         "13": [
            0.8512386679649353,
            0.3199141323566437,
            -0.017313167452812195
         ],
         "14": [
            0.8656711578369141,
            0.31489408016204834,
            -0.048180170357227325
         ],
         "15": [
            0.8467955589294434,
            0.3960581123828888,
            -0.040863797068595886
         ],
         "16": [
            0.8316701054573059,
            0.41266068816185,
            -0.02655135467648506
         ],
         "17": [
            0.884800910949707,
            0.34811779856681824,
            -0.028658606112003326
         ],
         "18": [
            0.8926841020584106,
            0.3488451838493347,
            -0.04490971937775612
         ],
         "19": [
            0.8743727803230286,
            0.40296414494514465,
            -0.04197642579674721
         ],
         "20": [
            0.8554108738899231,
            0.41307926177978516,
            -0.03337884694337845
         ]
      }
   ]
}