{
   "y": [
      {
         "0": [
            0.7140412926673889,
            0.6235267519950867,
            0
         ],
         "1": [
            0.664289653301239,
            0.5658046007156372,
            -0.00921700894832611
         ],
         "2": [
            0.6308056116104126,
            0.47464317083358765,
            -0.018308250233530998
         ],
         "3": [
            0.6087056994438171,
            0.39434704184532166,
            -0.03075929544866085
         ],
         "4": [
            0.5797972679138184,
            0.34221354126930237,
            -0.039347466081380844
         ],
         "5": [
            0.6793847680091858,
            0.375557541847229,
            -0.011076580733060837
         ],
         "6": [
            0.6803736686706543,
            0.3450354337692261,
            -0.03153187409043312
         ],
         "7": [
            0.674911379814148,
            0.421288400888443,
            -0.03399333357810974
         ],
         "8": [
            0.670125424861908,
            0.4731665253639221,
            -0.0328434556722641
         ],
         "9": [
            0.7159655690193176,
            0.3780166804790497,
            -0.020661910995841026
         ],
         "10": [
            0.7137333750724792,
            0.3690456748008728,
            -0.049229249358177185
         ],
         "11": [
            0.698318362236023,
            0.45508769154548645,
            -0.04746849462389946
         ],
         "12": [
            0.6905395984649658,
            0.5064016580581665,
            -0.0394912026822567
         ],
         "13": [
            0.750659704208374,
            0.3934057354927063,
            -0.03354416415095329
         ],
         "14": [
            0.7557598352432251,
            0.35749173164367676,
            -0.05990157276391983
         ],
         "15": [
            0.7318884134292603,
            0.4318005442619324,
            -0.04833090305328369
         ],
         "16": [
            0.7149240374565125,
            0.4857249855995178,
            -0.03435267135500908
         ],
         "17": [
            0.7827567458152771,
            0.41784659028053284,
            -0.048833977431058884
         ],
         "18": [
            0.8138386011123657,
            0.33707037568092346,
            -0.07057390362024307
         ],
         "19": [
            0.8354050517082214,
            0.2835807502269745,
            -0.07190345227718353
         ],
         "20": [
            0.8514463901519775,
            0.22905753552913666,
            -0.0669805184006691
         ]
      }
   ]
}