{
   "a": [
      {
         "0": [
            0.8264352083206177,
            0.9338046312332153,
            -9.707167691885843e-7
         ],
         "1": [
            0.747105598449707,
            0.9406555891036987,
            -0.019877105951309204
         ],
         "2": [
            0.6585624814033508,
            0.8166455030441284,
            -0.023659592494368553
         ],
         "3": [
            0.638707160949707,
            0.6471500992774963,
            -0.032544635236263275
         ],
         "4": [
            0.6659750938415527,
            0.5286604166030884,
            -0.034423187375068665
         ],
         "5": [
            0.6723676323890686,
            0.6558337807655334,
            0.0195343978703022
         ],
         "6": [
            0.6321722269058228,
            0.5436472296714783,
            -0.025728540495038033
         ],
         "7": [
            0.6543340682983398,
            0.6584486365318298,
            -0.04417134448885918
         ],
         "8": [
            0.6825624704360962,
            0.7123427391052246,
            -0.04759843647480011
         ],
         "9": [
            0.7189157605171204,
            0.6209233999252319,
            0.011855184100568295
         ],
         "10": [
            0.6810649037361145,
            0.506137490272522,
            -0.03934803605079651
         ],
         "11": [
            0.7071289420127869,
            0.6660231947898865,
            -0.04241972416639328
         ],
         "12": [
            0.7373608350753784,
            0.7136067748069763,
            -0.02619817852973938
         ],
         "13": [
            0.7702889442443848,
            0.6014500260353088,
            -0.006117985118180513
         ],
         "14": [
            0.7317328453063965,
            0.48574215173721313,
            -0.05818432569503784
         ],
         "15": [
            0.7516402006149292,
            0.6548390984535217,
            -0.03688561171293259
         ],
         "16": [
            0.7791946530342102,
            0.7111841440200806,
            -0.0037095046136528254
         ],
         "17": [
            0.8312152028083801,
            0.5874010920524597,
            -0.02660435065627098
         ],
         "18": [
            0.7874821424484253,
            0.5203690528869629,
            -0.05412259325385094
         ],
         "19": [
            0.793426513671875,
            0.6292973160743713,
            -0.03726639971137047
         ],
         "20": [
            0.8146595358848572,
            0.6681159734725952,
            -0.014165294356644154
         ]
      }
   ]
}