{
   "a": [
      {
         "0": [
            0.4832696318626404,
            0.5131874084472656,
            0
         ],
         "1": [
            0.5091186761856079,
            0.4816868007183075,
            -0.009484812617301941
         ],
         "2": [
            0.5200597643852234,
            0.4325234293937683,
            -0.023826848715543747
         ],
         "3": [
            0.522456705570221,
            0.3932761251926422,
            -0.03821760043501854
         ],
         "4": [
            0.5153184533119202,
            0.3745793104171753,
            -0.04893411323428154
         ],
         "5": [
            0.4475378394126892,
            0.39000746607780457,
            -0.014028893783688545
         ],
         "6": [
            0.48578858375549316,
            0.3494695723056793,
            -0.026596443727612495
         ],
         "7": [
            0.4947566092014313,
            0.3865070641040802,
            -0.032873257994651794
         ],
         "8": [
            0.48804667592048645,
            0.407417356967926,
            -0.03780007362365723
         ],
         "9": [
            0.44043827056884766,
            0.3942316770553589,
            -0.018204160034656525
         ],
         "10": [
            0.48900163173675537,
            0.3539997935295105,
            -0.03587944805622101
         ],
         "11": [
            0.4974755644798279,
            0.40025877952575684,
            -0.03741038218140602
         ],
         "12": [
            0.4827580749988556,
            0.4121209681034088,
            -0.037939250469207764
         ],
         "13": [
            0.44239044189453125,
            0.40113863348960876,
            -0.023478912189602852
         ],
         "14": [
            0.48986440896987915,
            0.36111176013946533,
            -0.03523924574255943
         ],
         "15": [
            0.4977808892726898,
            0.4040524363517761,
            -0.029143355786800385
         ],
         "16": [
            0.4833398461341858,
            0.4212470054626465,
            -0.025385618209838867
         ],
         "17": [
            0.44750380516052246,
            0.40934067964553833,
            -0.03022892400622368
         ],
         "18": [
            0.4848102033138275,
            0.3785369098186493,
            -0.0340144969522953
         ],
         "19": [
            0.4906986951828003,
            0.4112686812877655,
            -0.029560882598161697
         ],
         "20": [
            0.4792281985282898,
            0.43025773763656616,
            -0.027000052854418755
         ]
      }
   ]
}