{
   "a": [
      {
         "0": [
            0.3420347571372986,
            0.8426586389541626,
            0
         ],
         "1": [
            0.4147033393383026,
            0.7795356512069702,
            -0.016775712370872498
         ],
         "2": [
            0.4700949788093567,
            0.6682844758033752,
            -0.027202794328331947
         ],
         "3": [
            0.49673348665237427,
            0.5480924248695374,
            -0.04162971302866936
         ],
         "4": [
            0.5167036056518555,
            0.4631035327911377,
            -0.050906967371702194
         ],
         "5": [
            0.4149034023284912,
            0.5374699831008911,
            0.008176562376320362
         ],
         "6": [
            0.4163540005683899,
            0.4603419899940491,
            -0.015301572158932686
         ],
         "7": [
            0.4167492687702179,
            0.565643846988678,
            -0.020303819328546524
         ],
         "8": [
            0.4153481423854828,
            0.6248759031295776,
            -0.019419334828853607
         ],
         "9": [
            0.3667755722999573,
            0.5330905914306641,
            -0.0003264605766162276
         ],
         "10": [
            0.36845022439956665,
            0.45919907093048096,
            -0.030013486742973328
         ],
         "11": [
            0.3765421509742737,
            0.5884152054786682,
            -0.029070040211081505
         ],
         "12": [
            0.3794424831867218,
            0.6320729851722717,
            -0.019006576389074326
         ],
         "13": [
            0.3212152123451233,
            0.5486985445022583,
            -0.015832262113690376
         ],
         "14": [
            0.31943750381469727,
            0.46341392397880554,
            -0.044342126697301865
         ],
         "15": [
            0.33497899770736694,
            0.5817893147468567,
            -0.030013486742973328
         ],
         "16": [
            0.34150224924087524,
            0.6377946734428406,
            -0.01251053437590599
         ],
         "17": [
            0.27593696117401123,
            0.5784410238265991,
            -0.03500590845942497
         ],
         "18": [
            0.2745633125305176,
            0.5030176639556885,
            -0.049727652221918106
         ],
         "19": [
            0.2948168218135834,
            0.5780487060546875,
            -0.038760051131248474
         ],
         "20": [
            0.30820232629776,
            0.6255429983139038,
            -0.02388106659054756
         ]
      }
   ]
}