{
   "a": [
      {
         "0": [
            0.3310419023036957,
            0.8702716827392578,
            0
         ],
         "1": [
            0.38987207412719727,
            0.8026907444000244,
            -0.008481835015118122
         ],
         "2": [
            0.4282374382019043,
            0.6972653269767761,
            -0.015433895401656628
         ],
         "3": [
            0.44387707114219666,
            0.6009843349456787,
            -0.026959259063005447
         ],
         "4": [
            0.45860081911087036,
            0.5335055589675903,
            -0.034632157534360886
         ],
         "5": [
            0.3707142770290375,
            0.6144438982009888,
            0.00742861395701766
         ],
         "6": [
            0.38273537158966064,
            0.5548498630523682,
            -0.012174115516245365
         ],
         "7": [
            0.387282133102417,
            0.6347231864929199,
            -0.016659315675497055
         ],
         "8": [
            0.38207849860191345,
            0.674061119556427,
            -0.016515150666236877
         ],
         "9": [
            0.3345491588115692,
            0.617909848690033,
            -0.002747185528278351
         ],
         "10": [
            0.3442518711090088,
            0.5676827430725098,
            -0.02699129655957222
         ],
         "11": [
            0.35458165407180786,
            0.6628522872924805,
            -0.026318516582250595
         ],
         "12": [
            0.34880486130714417,
            0.6939406991004944,
            -0.018998028710484505
         ],
         "13": [
            0.2980189621448517,
            0.6363298892974854,
            -0.017908765003085136
         ],
         "14": [
            0.30490702390670776,
            0.5711542963981628,
            -0.04148810729384422
         ],
         "15": [
            0.3232229948043823,
            0.6612898111343384,
            -0.029538249596953392
         ],
         "16": [
            0.32226860523223877,
            0.7039687037467957,
            -0.015562045387923717
         ],
         "17": [
            0.2603166997432709,
            0.666006863117218,
            -0.03565734624862671
         ],
         "18": [
            0.2655044198036194,
            0.5983626246452332,
            -0.04773535206913948
         ],
         "19": [
            0.2877880334854126,
            0.652378499507904,
            -0.03828439116477966
         ],
         "20": [
            0.29560112953186035,
            0.6922582387924194,
            -0.02630249597132206
         ]
      }
   ]
}