{
   "c": [
      {
         "0": [
            0.3306010663509369,
            0.7592406272888184,
            0
         ],
         "1": [
            0.3785027265548706,
            0.7227391004562378,
            -0.03234883025288582
         ],
         "2": [
            0.4124775528907776,
            0.6649388670921326,
            -0.050526827573776245
         ],
         "3": [
            0.427995502948761,
            0.6202513575553894,
            -0.06888697296380997
         ],
         "4": [
            0.4397916793823242,
            0.5726237893104553,
            -0.08764784038066864
         ],
         "5": [
            0.3646176755428314,
            0.4870415925979614,
            -0.01908872276544571
         ],
         "6": [
            0.3616378903388977,
            0.3894655704498291,
            -0.05070897564291954
         ],
         "7": [
            0.3705149292945862,
            0.3434714376926422,
            -0.07832205295562744
         ],
         "8": [
            0.3830936849117279,
            0.347323477268219,
            -0.09493360668420792
         ],
         "9": [
            0.32881471514701843,
            0.49210724234580994,
            -0.022931968793272972
         ],
         "10": [
            0.3178127110004425,
            0.38719290494918823,
            -0.06324050575494766
         ],
         "11": [
            0.324929416179657,
            0.34522971510887146,
            -0.09624505043029785
         ],
         "12": [
            0.34039461612701416,
            0.35865575075149536,
            -0.11343947052955627
         ],
         "13": [
            0.2955188751220703,
            0.5169132947921753,
            -0.03253097087144852
         ],
         "14": [
            0.28192147612571716,
            0.4225600063800812,
            -0.06648267060518265
         ],
         "15": [
            0.2882255017757416,
            0.3794478178024292,
            -0.09150930494070053
         ],
         "16": [
            0.30475860834121704,
            0.3864496350288391,
            -0.10353082418441772
         ],
         "17": [
            0.2629683017730713,
            0.5660095810890198,
            -0.04662894085049629
         ],
         "18": [
            0.2503345310688019,
            0.4810049533843994,
            -0.07650060951709747
         ],
         "19": [
            0.2568497061729431,
            0.4254416823387146,
            -0.09784792363643646
         ],
         "20": [
            0.2727704346179962,
            0.40255069732666016,
            -0.10950515419244766
         ]
      }
   ]
}