{
   "e": [
      {
         "0": [
            0.2896883189678192,
            0.6708580255508423,
            0
         ],
         "1": [
            0.3350258469581604,
            0.6626054048538208,
            -0.05142294242978096
         ],
         "2": [
            0.375654011964798,
            0.6045607328414917,
            -0.07999125123023987
         ],
         "3": [
            0.3543415665626526,
            0.5400791168212891,
            -0.1064123809337616
         ],
         "4": [
            0.3110206127166748,
            0.5037575960159302,
            -0.12839359045028687
         ],
         "5": [
            0.38685673475265503,
            0.45289742946624756,
            -0.03162529319524765
         ],
         "6": [
            0.3987424075603485,
            0.35242587327957153,
            -0.06841835379600525
         ],
         "7": [
            0.389868825674057,
            0.36273086071014404,
            -0.09221920371055603
         ],
         "8": [
            0.37631264328956604,
            0.419160395860672,
            -0.1037193089723587
         ],
         "9": [
            0.34745922684669495,
            0.4275355935096741,
            -0.02545672282576561
         ],
         "10": [
            0.35904601216316223,
            0.320499449968338,
            -0.06794524192810059
         ],
         "11": [
            0.344129353761673,
            0.376778244972229,
            -0.08967171609401703
         ],
         "12": [
            0.3355063199996948,
            0.43952271342277527,
            -0.09491226822137833
         ],
         "13": [
            0.31197983026504517,
            0.41471245884895325,
            -0.027858642861247063
         ],
         "14": [
            0.31672149896621704,
            0.31955486536026,
            -0.06001162528991699
         ],
         "15": [
            0.3103634715080261,
            0.3637012541294098,
            -0.06823638826608658
         ],
         "16": [
            0.30595603585243225,
            0.42790669202804565,
            -0.06645314395427704
         ],
         "17": [
            0.27559584379196167,
            0.4206381142139435,
            -0.036756668239831924
         ],
         "18": [
            0.27973344922065735,
            0.33677276968955994,
            -0.051896046847105026
         ],
         "19": [
            0.2798118591308594,
            0.35877203941345215,
            -0.05524418130517006
         ],
         "20": [
            0.2811734974384308,
            0.40822863578796387,
            -0.05404321849346161
         ]
      }
   ]
}