{
   "f": [
      {
         "0": [
            0.2493278682231903,
            0.8409300446510315,
            0
         ],
         "1": [
            0.30187609791755676,
            0.8050386905670166,
            -0.02649192325770855
         ],
         "2": [
            0.3459230065345764,
            0.7453499436378479,
            -0.033786799758672714
         ],
         "3": [
            0.349418044090271,
            0.6757150888442993,
            -0.04069773852825165
         ],
         "4": [
            0.3220956325531006,
            0.6224972009658813,
            -0.04496374353766441
         ],
         "5": [
            0.33840715885162354,
            0.5885984897613525,
            0.0010491719003766775
         ],
         "6": [
            0.3595963716506958,
            0.5023921728134155,
            -0.01263805478811264
         ],
         "7": [
            0.35011792182922363,
            0.5405252575874329,
            -0.016584113240242004
         ],
         "8": [
            0.33363187313079834,
            0.5804922580718994,
            -0.01617884263396263
         ],
         "9": [
            0.30489417910575867,
            0.5493015050888062,
            -0.0006275700870901346
         ],
         "10": [
            0.3220573663711548,
            0.42379921674728394,
            -0.0037220939993858337
         ],
         "11": [
            0.326404333114624,
            0.35572171211242676,
            -0.006852278485894203
         ],
         "12": [
            0.32723042368888855,
            0.2908667027950287,
            -0.011912832967936993
         ],
         "13": [
            0.26819300651550293,
            0.5440578460693359,
            -0.00995580106973648
         ],
         "14": [
            0.2786164879798889,
            0.4308494031429291,
            -0.01504835020750761
         ],
         "15": [
            0.2824595272541046,
            0.3579559922218323,
            -0.017053375020623207
         ],
         "16": [
            0.2860938310623169,
            0.2957419455051422,
            -0.020316872745752335
         ],
         "17": [
            0.22989141941070557,
            0.5625280141830444,
            -0.024550888687372208
         ],
         "18": [
            0.23811465501785278,
            0.4724043607711792,
            -0.032123055309057236
         ],
         "19": [
            0.24333493411540985,
            0.41464734077453613,
            -0.03425605967640877
         ],
         "20": [
            0.24894733726978302,
            0.35932081937789917,
            -0.03545054420828819
         ]
      }
   ]
}