{
   "f": [
      {
         "0": [
            0.30854564905166626,
            0.8357394933700562,
            0
         ],
         "1": [
            0.36505573987960815,
            0.7929879426956177,
            -0.022743599489331245
         ],
         "2": [
            0.41049516201019287,
            0.7232726812362671,
            -0.029288362711668015
         ],
         "3": [
            0.4181836247444153,
            0.6485347151756287,
            -0.03652891516685486
         ],
         "4": [
            0.3941730856895447,
            0.5936298370361328,
            -0.041421178728342056
         ],
         "5": [
            0.39292582869529724,
            0.5625070929527283,
            0.005588054191321135
         ],
         "6": [
            0.4110959470272064,
            0.47698232531547546,
            -0.00889305118471384
         ],
         "7": [
            0.4081901013851166,
            0.5139381885528564,
            -0.01376357302069664
         ],
         "8": [
            0.39712563157081604,
            0.5546326041221619,
            -0.014024494215846062
         ],
         "9": [
            0.35993584990501404,
            0.5295037031173706,
            0.0009716582717373967
         ],
         "10": [
            0.3761034309864044,
            0.4060055613517761,
            -0.0032995613291859627
         ],
         "11": [
            0.3860550820827484,
            0.33864855766296387,
            -0.006832863669842482
         ],
         "12": [
            0.3916258215904236,
            0.27674731612205505,
            -0.011904512532055378
         ],
         "13": [
            0.323152095079422,
            0.5309260487556458,
            -0.011360927484929562
         ],
         "14": [
            0.33098921179771423,
            0.41572457551956177,
            -0.01835143007338047
         ],
         "15": [
            0.33608198165893555,
            0.340016633272171,
            -0.020167004317045212
         ],
         "16": [
            0.3420644998550415,
            0.27561938762664795,
            -0.02287405915558338
         ],
         "17": [
            0.2850619852542877,
            0.5569712519645691,
            -0.028723033145070076
         ],
         "18": [
            0.2904302775859833,
            0.4655265808105469,
            -0.03835536167025566
         ],
         "19": [
            0.2949412763118744,
            0.4056534171104431,
            -0.04052969813346863
         ],
         "20": [
            0.3006109595298767,
            0.3475481867790222,
            -0.04131246358156204
         ]
      }
   ]
}