{
   "g": [
      {
         "0": [
            0.25608640909194946,
            0.7387663722038269,
            0
         ],
         "1": [
            0.3187280595302582,
            0.6333069205284119,
            0.01047649048268795
         ],
         "2": [
            0.39702117443084717,
            0.5558446049690247,
            -0.007492384873330593
         ],
         "3": [
            0.4642780125141144,
            0.525387167930603,
            -0.02880159020423889
         ],
         "4": [
            0.5111390948295593,
            0.5180054306983948,
            -0.047115009278059006
         ],
         "5": [
            0.39899134635925293,
            0.49533241987228394,
            -0.05223062261939049
         ],
         "6": [
            0.4941759705543518,
            0.5032312273979187,
            -0.08722233772277832
         ],
         "7": [
            0.5534513592720032,
            0.5066993832588196,
            -0.10352689027786255
         ],
         "8": [
            0.5991455912590027,
            0.5042548775672913,
            -0.11315077543258667
         ],
         "9": [
            0.37610262632369995,
            0.5492134094238281,
            -0.07745829969644547
         ],
         "10": [
            0.49038606882095337,
            0.6576868295669556,
            -0.11072144657373428
         ],
         "11": [
            0.46999332308769226,
            0.7028480172157288,
            -0.09894853830337524
         ],
         "12": [
            0.43983179330825806,
            0.6941998600959778,
            -0.0883902832865715
         ],
         "13": [
            0.3538822531700134,
            0.6294233798980713,
            -0.10044350475072861
         ],
         "14": [
            0.4562307894229889,
            0.734379768371582,
            -0.12333527952432632
         ],
         "15": [
            0.4334997534751892,
            0.7550603151321411,
            -0.09231458604335785
         ],
         "16": [
            0.4058164060115814,
            0.7257979512214661,
            -0.0713849663734436
         ],
         "17": [
            0.33411097526550293,
            0.7143092751502991,
            -0.12426964193582535
         ],
         "18": [
            0.41759756207466125,
            0.7919628024101257,
            -0.1373506635427475
         ],
         "19": [
            0.3984326720237732,
            0.803692102432251,
            -0.11586041003465652
         ],
         "20": [
            0.370571494102478,
            0.7785582542419434,
            -0.09904197603464127
         ]
      }
   ]
}