{
   "i": [
      {
         "0": [
            0.38990846276283264,
            0.8201243877410889,
            0
         ],
         "1": [
            0.4454675316810608,
            0.7865815162658691,
            -0.016282647848129272
         ],
         "2": [
            0.4893920421600342,
            0.7033045887947083,
            -0.025007061660289764
         ],
         "3": [
            0.49042582511901855,
            0.6135275363922119,
            -0.037072181701660156
         ],
         "4": [
            0.4533191919326782,
            0.5731322765350342,
            -0.043876346200704575
         ],
         "5": [
            0.47944849729537964,
            0.579758882522583,
            0.01030269917100668
         ],
         "6": [
            0.48878610134124756,
            0.5030636787414551,
            -0.010714806616306305
         ],
         "7": [
            0.48341381549835205,
            0.5697903037071228,
            -0.019220013171434402
         ],
         "8": [
            0.4774441123008728,
            0.6254855394363403,
            -0.021885564550757408
         ],
         "9": [
            0.4427078664302826,
            0.5642905235290527,
            0.002748847706243396
         ],
         "10": [
            0.4515996277332306,
            0.4973072409629822,
            -0.027199123054742813
         ],
         "11": [
            0.4509381651878357,
            0.5881786346435547,
            -0.03587969392538071
         ],
         "12": [
            0.44778895378112793,
            0.6429481506347656,
            -0.03328429162502289
         ],
         "13": [
            0.40628713369369507,
            0.5594595670700073,
            -0.010846330784261227
         ],
         "14": [
            0.4124387800693512,
            0.4779180586338043,
            -0.03561664745211601
         ],
         "15": [
            0.42309027910232544,
            0.5440366864204407,
            -0.032091811299324036
         ],
         "16": [
            0.425887793302536,
            0.6041775345802307,
            -0.022744853049516678
         ],
         "17": [
            0.3692484498023987,
            0.56401526927948,
            -0.028321461752057076
         ],
         "18": [
            0.3640790581703186,
            0.4672096371650696,
            -0.04124587029218674
         ],
         "19": [
            0.3676935136318207,
            0.4058269262313843,
            -0.04250849410891533
         ],
         "20": [
            0.3701104521751404,
            0.3534526526927948,
            -0.03903627023100853
         ]
      }
   ]
}