{
   "k": [
      {
         "0": [
            0.3485267460346222,
            0.7263516187667847,
            0
         ],
         "1": [
            0.39696842432022095,
            0.6524717807769775,
            0.000579035491682589
         ],
         "2": [
            0.43165212869644165,
            0.5461330413818359,
            -0.011626492254436016
         ],
         "3": [
            0.45170778036117554,
            0.4623439908027649,
            -0.028399445116519928
         ],
         "4": [
            0.4797414541244507,
            0.40505170822143555,
            -0.04177272692322731
         ],
         "5": [
            0.3885696530342102,
            0.44555550813674927,
            -0.007423863280564547
         ],
         "6": [
            0.40294310450553894,
            0.3423203229904175,
            -0.028530923649668694
         ],
         "7": [
            0.41317033767700195,
            0.275812029838562,
            -0.04072089493274689
         ],
         "8": [
            0.42100489139556885,
            0.21621868014335632,
            -0.049323372542858124
         ],
         "9": [
            0.3466218113899231,
            0.4487733244895935,
            -0.024661686271429062
         ],
         "10": [
            0.3569929897785187,
            0.39649689197540283,
            -0.04624301195144653
         ],
         "11": [
            0.3696834146976471,
            0.3653964400291443,
            -0.05210321024060249
         ],
         "12": [
            0.37828850746154785,
            0.3353877663612366,
            -0.056085146963596344
         ],
         "13": [
            0.3102506101131439,
            0.48021283745765686,
            -0.043838825076818466
         ],
         "14": [
            0.3408488929271698,
            0.5192175507545471,
            -0.059691425412893295
         ],
         "15": [
            0.36223137378692627,
            0.582455575466156,
            -0.05469522625207901
         ],
         "16": [
            0.3719008266925812,
            0.6140799522399902,
            -0.049699027091264725
         ],
         "17": [
            0.2803938388824463,
            0.5255294442176819,
            -0.06611510366201401
         ],
         "18": [
            0.31485414505004883,
            0.5737167596817017,
            -0.07407896965742111
         ],
         "19": [
            0.3442549705505371,
            0.615510106086731,
            -0.07201287895441055
         ],
         "20": [
            0.3597904145717621,
            0.6325498819351196,
            -0.06927060335874557
         ]
      }
   ]
}