{
   "k": [
      {
         "0": [
            0.34266752004623413,
            0.710787296295166,
            0
         ],
         "1": [
            0.3980071246623993,
            0.6708148121833801,
            -0.00188465416431427
         ],
         "2": [
            0.4449555277824402,
            0.593752920627594,
            -0.0127677908167243
         ],
         "3": [
            0.47526198625564575,
            0.5321372151374817,
            -0.028644109144806862
         ],
         "4": [
            0.5096301436424255,
            0.4993787407875061,
            -0.042430512607097626
         ],
         "5": [
            0.4254741072654724,
            0.4820239841938019,
            -0.0026123919524252415
         ],
         "6": [
            0.4569157361984253,
            0.40202486515045166,
            -0.022374369204044342
         ],
         "7": [
            0.4764508605003357,
            0.3478683531284332,
            -0.03503678739070892
         ],
         "8": [
            0.4921773374080658,
            0.2960967719554901,
            -0.044256992638111115
         ],
         "9": [
            0.38733968138694763,
            0.4735924005508423,
            -0.018738973885774612
         ],
         "10": [
            0.3931705951690674,
            0.3989581763744354,
            -0.04021766409277916
         ],
         "11": [
            0.3940797448158264,
            0.355820894241333,
            -0.04878806695342064
         ],
         "12": [
            0.3951334059238434,
            0.31616896390914917,
            -0.05402163043618202
         ],
         "13": [
            0.3491324186325073,
            0.4914246201515198,
            -0.03740769252181053
         ],
         "14": [
            0.3536958396434784,
            0.49004364013671875,
            -0.05785021185874939
         ],
         "15": [
            0.36183470487594604,
            0.5573153495788574,
            -0.05352988466620445
         ],
         "16": [
            0.3688933849334717,
            0.5999341011047363,
            -0.04710208252072334
         ],
         "17": [
            0.31439685821533203,
            0.5254377722740173,
            -0.05883369967341423
         ],
         "18": [
            0.3229113817214966,
            0.538416862487793,
            -0.07298891246318817
         ],
         "19": [
            0.33931344747543335,
            0.5928371548652649,
            -0.07049506902694702
         ],
         "20": [
            0.3523740768432617,
            0.6286119818687439,
            -0.06554249674081802
         ]
      }
   ]
}