{
   "m": [
      {
         "0": [
            0.4586879312992096,
            0.7604751586914062,
            0
         ],
         "1": [
            0.5040982961654663,
            0.7063151001930237,
            -0.010525689460337162
         ],
         "2": [
            0.5352806448936462,
            0.6106324791908264,
            -0.02608289010822773
         ],
         "3": [
            0.5396358966827393,
            0.5327427387237549,
            -0.0448787622153759
         ],
         "4": [
            0.53133624792099,
            0.46960848569869995,
            -0.06165046617388725
         ],
         "5": [
            0.4850846230983734,
            0.4591573476791382,
            -0.024347884580492973
         ],
         "6": [
            0.5422573089599609,
            0.4690728783607483,
            -0.0539875328540802
         ],
         "7": [
            0.5693893432617188,
            0.5459907054901123,
            -0.06593014299869537
         ],
         "8": [
            0.5797747373580933,
            0.6158291101455688,
            -0.07067248970270157
         ],
         "9": [
            0.44648274779319763,
            0.4661902189254761,
            -0.03738933056592941
         ],
         "10": [
            0.5140893459320068,
            0.4695162773132324,
            -0.06986282020807266
         ],
         "11": [
            0.5435967445373535,
            0.561524510383606,
            -0.07321716099977493
         ],
         "12": [
            0.5547751188278198,
            0.6274796724319458,
            -0.07136648893356323
         ],
         "13": [
            0.4143325090408325,
            0.5070140361785889,
            -0.05358269810676575
         ],
         "14": [
            0.48013314604759216,
            0.5090522766113281,
            -0.08530434966087341
         ],
         "15": [
            0.5064991116523743,
            0.5933166146278381,
            -0.0802728459239006
         ],
         "16": [
            0.5183738470077515,
            0.652593195438385,
            -0.07171348482370377
         ],
         "17": [
            0.3892003893852234,
            0.569847583770752,
            -0.07200265675783157
         ],
         "18": [
            0.4501692056655884,
            0.5729101300239563,
            -0.09646621346473694
         ],
         "19": [
            0.4848427176475525,
            0.6131842732429504,
            -0.09409503638744354
         ],
         "20": [
            0.5061315298080444,
            0.6417192816734314,
            -0.0868658497929573
         ]
      }
   ]
}