{
   "m": [
      {
         "0": [
            0.35144540667533875,
            0.7463453412055969,
            0
         ],
         "1": [
            0.3996501564979553,
            0.7374563217163086,
            -0.023680657148361206
         ],
         "2": [
            0.4328683316707611,
            0.6622058153152466,
            -0.03997363522648811
         ],
         "3": [
            0.4205242693424225,
            0.585785984992981,
            -0.056438419967889786
         ],
         "4": [
            0.3989447057247162,
            0.5251504182815552,
            -0.070039764046669
         ],
         "5": [
            0.4535796642303467,
            0.5188936591148376,
            -0.022792989388108253
         ],
         "6": [
            0.4715115427970886,
            0.5287890434265137,
            -0.055751193314790726
         ],
         "7": [
            0.4492985010147095,
            0.6164114475250244,
            -0.06923799961805344
         ],
         "8": [
            0.42705315351486206,
            0.6803410053253174,
            -0.07376223802566528
         ],
         "9": [
            0.4162578880786896,
            0.48195159435272217,
            -0.028548507019877434
         ],
         "10": [
            0.4302632808685303,
            0.4912416338920593,
            -0.06866531074047089
         ],
         "11": [
            0.4136105179786682,
            0.6052289605140686,
            -0.0751366913318634
         ],
         "12": [
            0.40151751041412354,
            0.6724218130111694,
            -0.07129967957735062
         ],
         "13": [
            0.3745326101779938,
            0.47496268153190613,
            -0.03980182856321335
         ],
         "14": [
            0.3831838071346283,
            0.46934470534324646,
            -0.07456400245428085
         ],
         "15": [
            0.37637820839881897,
            0.5747119188308716,
            -0.07044064253568649
         ],
         "16": [
            0.37409722805023193,
            0.6334351897239685,
            -0.06041860207915306
         ],
         "17": [
            0.3336219787597656,
            0.4917148947715759,
            -0.05492079630494118
         ],
         "18": [
            0.3389554023742676,
            0.5071374773979187,
            -0.07605298608541489
         ],
         "19": [
            0.3411105275154114,
            0.5876856446266174,
            -0.07404857873916626
         ],
         "20": [
            0.34746789932250977,
            0.6331862211227417,
            -0.06677544116973877
         ]
      }
   ]
}