{
   "n": [
      {
         "0": [
            0.3032996356487274,
            0.8094824552536011,
            0
         ],
         "1": [
            0.3505857586860657,
            0.776370644569397,
            -0.027971385046839714
         ],
         "2": [
            0.37439778447151184,
            0.6827988624572754,
            -0.04292638599872589
         ],
         "3": [
            0.34323352575302124,
            0.6006671786308289,
            -0.058281414210796356
         ],
         "4": [
            0.30485108494758606,
            0.5501349568367004,
            -0.06917455792427063
         ],
         "5": [
            0.3814293444156647,
            0.5986425280570984,
            -0.014716517180204391
         ],
         "6": [
            0.39965248107910156,
            0.5512153506278992,
            -0.04757289960980415
         ],
         "7": [
            0.3839532434940338,
            0.629523515701294,
            -0.06197400763630867
         ],
         "8": [
            0.3653784692287445,
            0.7019639611244202,
            -0.06615894287824631
         ],
         "9": [
            0.34602251648902893,
            0.5724387168884277,
            -0.016416650265455246
         ],
         "10": [
            0.3621189296245575,
            0.5149686336517334,
            -0.05843526870012283
         ],
         "11": [
            0.35228583216667175,
            0.6124392151832581,
            -0.07151320576667786
         ],
         "12": [
            0.3417150676250458,
            0.6805964708328247,
            -0.07034388184547424
         ],
         "13": [
            0.30871036648750305,
            0.5585864782333374,
            -0.024494195356965065
         ],
         "14": [
            0.31430962681770325,
            0.4876026213169098,
            -0.059050701558589935
         ],
         "15": [
            0.31313246488571167,
            0.5673578977584839,
            -0.05831218510866165
         ],
         "16": [
            0.3090553879737854,
            0.6246681809425354,
            -0.04926533252000809
         ],
         "17": [
            0.2695607841014862,
            0.5578604340553284,
            -0.03667975217103958
         ],
         "18": [
            0.27210870385169983,
            0.4825652241706848,
            -0.055388882756233215
         ],
         "19": [
            0.279902845621109,
            0.5232520699501038,
            -0.05443496257066727
         ],
         "20": [
            0.28715625405311584,
            0.562343180179596,
            -0.04809601604938507
         ]
      }
   ]
}