{
   "n-DGS": [
      {
         "0": [
            0.5303863883018494,
            0.31642216444015503,
            0
         ],
         "1": [
            0.6283811330795288,
            0.3410798907279968,
            -0.0064793978817760944
         ],
         "2": [
            0.7040355205535889,
            0.42373526096343994,
            -0.054897960275411606
         ],
         "3": [
            0.7349380254745483,
            0.5522986650466919,
            -0.105155348777771
         ],
         "4": [
            0.756178081035614,
            0.6383882164955139,
            -0.1527675986289978
         ],
         "5": [
            0.7494426965713501,
            0.3196728229522705,
            -0.11991236358880997
         ],
         "6": [
            0.793093204498291,
            0.5146474838256836,
            -0.17318613827228546
         ],
         "7": [
            0.8163163065910339,
            0.639965295791626,
            -0.1984308362007141
         ],
         "8": [
            0.8382351994514465,
            0.7414237856864929,
            -0.2145800143480301
         ],
         "9": [
            0.6860567927360535,
            0.31663110852241516,
            -0.1513754427433014
         ],
         "10": [
            0.7385643124580383,
            0.5371184349060059,
            -0.21365191042423248
         ],
         "11": [
            0.7678689956665039,
            0.6738103628158569,
            -0.22404679656028748
         ],
         "12": [
            0.7909244298934937,
            0.779021143913269,
            -0.22980110347270966
         ],
         "13": [
            0.6179528832435608,
            0.34326764941215515,
            -0.17615608870983124
         ],
         "14": [
            0.6664814352989197,
            0.5614648461341858,
            -0.20641261339187622
         ],
         "15": [
            0.6604775190353394,
            0.5659621953964233,
            -0.17216520011425018
         ],
         "16": [
            0.6487112045288086,
            0.5252473950386047,
            -0.15341728925704956
         ],
         "17": [
            0.5599521398544312,
            0.39123985171318054,
            -0.20307141542434692
         ],
         "18": [
            0.6064940094947815,
            0.5704731345176697,
            -0.21253816783428192
         ],
         "19": [
            0.6096649765968323,
            0.5774882435798645,
            -0.18163196742534637
         ],
         "20": [
            0.6048247814178467,
            0.5407794713973999,
            -0.16251280903816223
         ]
      }
   ]
}