{
   "p": [
      {
         "0": [
            0.4859647750854492,
            0.7533812522888184,
            0
         ],
         "1": [
            0.5506524443626404,
            0.7198376655578613,
            -0.03359876945614815
         ],
         "2": [
            0.6061292290687561,
            0.6908016800880432,
            -0.08424974232912064
         ],
         "3": [
            0.6370815634727478,
            0.7113927602767944,
            -0.131535604596138
         ],
         "4": [
            0.6642066836357117,
            0.7562315464019775,
            -0.1779845654964447
         ],
         "5": [
            0.5854665040969849,
            0.5121610164642334,
            -0.12979203462600708
         ],
         "6": [
            0.6451152563095093,
            0.49813419580459595,
            -0.19960494339466095
         ],
         "7": [
            0.6895341277122498,
            0.48384860157966614,
            -0.24758823215961456
         ],
         "8": [
            0.7330392599105835,
            0.4704049229621887,
            -0.27911216020584106
         ],
         "9": [
            0.5309033989906311,
            0.5133492350578308,
            -0.1449263095855713
         ],
         "10": [
            0.6087176203727722,
            0.6465854644775391,
            -0.2167617678642273
         ],
         "11": [
            0.6477848291397095,
            0.7426825165748596,
            -0.23726625740528107
         ],
         "12": [
            0.676599383354187,
            0.7917395830154419,
            -0.25037795305252075
         ],
         "13": [
            0.48214757442474365,
            0.5573022365570068,
            -0.15887492895126343
         ],
         "14": [
            0.5319943428039551,
            0.6695266366004944,
            -0.21201921999454498
         ],
         "15": [
            0.5462687015533447,
            0.7068192362785339,
            -0.2093689739704132
         ],
         "16": [
            0.5527753829956055,
            0.7157949209213257,
            -0.20839257538318634
         ],
         "17": [
            0.44075050950050354,
            0.6226333379745483,
            -0.17617124319076538
         ],
         "18": [
            0.4824922978878021,
            0.6955808997154236,
            -0.2121587097644806
         ],
         "19": [
            0.49217596650123596,
            0.7197060585021973,
            -0.21104280650615692
         ],
         "20": [
            0.49058499932289124,
            0.7177022099494934,
            -0.21020591259002686
         ]
      }
   ]
}