{
   "q": [
      {
         "0": [
            0.3633415699005127,
            0.7864476442337036,
            0
         ],
         "1": [
            0.4225141704082489,
            0.7756460905075073,
            -0.035752180963754654
         ],
         "2": [
            0.4733023941516876,
            0.7595536708831787,
            -0.07854176312685013
         ],
         "3": [
            0.49584078788757324,
            0.7879080772399902,
            -0.1195993423461914
         ],
         "4": [
            0.5283858776092529,
            0.8405828475952148,
            -0.1560625582933426
         ],
         "5": [
            0.4845447242259979,
            0.5289663076400757,
            -0.08714707940816879
         ],
         "6": [
            0.5276299118995667,
            0.6589273810386658,
            -0.14753016829490662
         ],
         "7": [
            0.5480762124061584,
            0.7690975666046143,
            -0.17925316095352173
         ],
         "8": [
            0.5609405040740967,
            0.843224823474884,
            -0.19602623581886292
         ],
         "9": [
            0.4301026463508606,
            0.498941570520401,
            -0.10041969269514084
         ],
         "10": [
            0.4683487117290497,
            0.6548580527305603,
            -0.16145910322666168
         ],
         "11": [
            0.45134636759757996,
            0.7462186813354492,
            -0.16933517158031464
         ],
         "12": [
            0.4317036271095276,
            0.7460929751396179,
            -0.17166879773139954
         ],
         "13": [
            0.37446993589401245,
            0.5134629607200623,
            -0.11711984127759933
         ],
         "14": [
            0.40924471616744995,
            0.6516117453575134,
            -0.16306349635124207
         ],
         "15": [
            0.39645493030548096,
            0.7149274349212646,
            -0.15081185102462769
         ],
         "16": [
            0.38107430934906006,
            0.7013532519340515,
            -0.13965411484241486
         ],
         "17": [
            0.32187408208847046,
            0.5576898455619812,
            -0.13892483711242676
         ],
         "18": [
            0.3571668267250061,
            0.6473466753959656,
            -0.16495957970619202
         ],
         "19": [
            0.3590524196624756,
            0.6979741454124451,
            -0.15693767368793488
         ],
         "20": [
            0.35161292552948,
            0.6970725655555725,
            -0.14876991510391235
         ]
      }
   ]
}