{
   "t": [
      {
         "0": [
            0.5315315127372742,
            0.7154823541641235,
            0
         ],
         "1": [
            0.5912584662437439,
            0.669459342956543,
            -0.009851580485701561
         ],
         "2": [
            0.6232317686080933,
            0.5540233850479126,
            -0.01859407313168049
         ],
         "3": [
            0.6099953055381775,
            0.45394816994667053,
            -0.03269393742084503
         ],
         "4": [
            0.5806164741516113,
            0.38813793659210205,
            -0.04409341514110565
         ],
         "5": [
            0.6097145676612854,
            0.4371079206466675,
            0.004417056683450937
         ],
         "6": [
            0.6399092078208923,
            0.359555184841156,
            -0.025557206943631172
         ],
         "7": [
            0.6624496579170227,
            0.40347903966903687,
            -0.03815257176756859
         ],
         "8": [
            0.6668873429298401,
            0.45936885476112366,
            -0.04216456785798073
         ],
         "9": [
            0.568159282207489,
            0.4327813386917114,
            -0.008978777565062046
         ],
         "10": [
            0.5989245772361755,
            0.3405578136444092,
            -0.04806683957576752
         ],
         "11": [
            0.6166896820068359,
            0.4418795704841614,
            -0.05443202704191208
         ],
         "12": [
            0.6116767525672913,
            0.5095705986022949,
            -0.04779680073261261
         ],
         "13": [
            0.5246197581291199,
            0.4470439553260803,
            -0.028354033827781677
         ],
         "14": [
            0.5537950396537781,
            0.37425512075424194,
            -0.06392195075750351
         ],
         "15": [
            0.5687970519065857,
            0.47914788126945496,
            -0.055319301784038544
         ],
         "16": [
            0.5598422884941101,
            0.5336400270462036,
            -0.039502762258052826
         ],
         "17": [
            0.4788680970668793,
            0.4768615961074829,
            -0.05099868401885033
         ],
         "18": [
            0.512197732925415,
            0.4327271282672882,
            -0.07337329536676407
         ],
         "19": [
            0.5283014178276062,
            0.5066797733306885,
            -0.06739386916160583
         ],
         "20": [
            0.5219012498855591,
            0.5477961301803589,
            -0.055164992809295654
         ]
      }
   ]
}