{
   "t": [
      {
         "0": [
            0.31808170676231384,
            0.7965307831764221,
            0
         ],
         "1": [
            0.3841942548751831,
            0.7323834300041199,
            -0.020307885482907295
         ],
         "2": [
            0.41913217306137085,
            0.6198008060455322,
            -0.027638688683509827
         ],
         "3": [
            0.4263494908809662,
            0.5040135979652405,
            -0.03793301060795784
         ],
         "4": [
            0.4384891390800476,
            0.4232637584209442,
            -0.043090566992759705
         ],
         "5": [
            0.4252018332481384,
            0.5216032266616821,
            0.011074191890656948
         ],
         "6": [
            0.44972145557403564,
            0.4344747066497803,
            -0.015753429383039474
         ],
         "7": [
            0.44209155440330505,
            0.48292964696884155,
            -0.02568380907177925
         ],
         "8": [
            0.4251735806465149,
            0.5443535447120667,
            -0.02736833319067955
         ],
         "9": [
            0.3830350935459137,
            0.5074169039726257,
            0.006025816313922405
         ],
         "10": [
            0.39789333939552307,
            0.41226285696029663,
            -0.030903756618499756
         ],
         "11": [
            0.3905603587627411,
            0.5184996724128723,
            -0.03774583712220192
         ],
         "12": [
            0.3856578767299652,
            0.5789095163345337,
            -0.030487822368741035
         ],
         "13": [
            0.34015926718711853,
            0.5126731395721436,
            -0.006857681088149548
         ],
         "14": [
            0.34461987018585205,
            0.4296838641166687,
            -0.041676394641399384
         ],
         "15": [
            0.3483009338378906,
            0.5242026448249817,
            -0.036851584911346436
         ],
         "16": [
            0.3487854599952698,
            0.5849349498748779,
            -0.022356349974870682
         ],
         "17": [
            0.29367029666900635,
            0.5337321162223816,
            -0.023853706195950508
         ],
         "18": [
            0.298019677400589,
            0.4688277244567871,
            -0.044712699949741364
         ],
         "19": [
            0.30816006660461426,
            0.5319527983665466,
            -0.04153081774711609
         ],
         "20": [
            0.3155272603034973,
            0.5820663571357727,
            -0.030425434932112694
         ]
      }
   ]
}