{
   "t-DGS": [
      {
         "0": [
            0.43454474210739136,
            0.857418954372406,
            0
         ],
         "1": [
            0.4629002511501312,
            0.7426734566688538,
            -0.019949009642004967
         ],
         "2": [
            0.47638019919395447,
            0.6215622425079346,
            -0.057792700827121735
         ],
         "3": [
            0.4800081253051758,
            0.5354726910591125,
            -0.0943291038274765
         ],
         "4": [
            0.48670250177383423,
            0.4818514287471771,
            -0.12780947983264923
         ],
         "5": [
            0.3914966285228729,
            0.5420845150947571,
            -0.0884208008646965
         ],
         "6": [
            0.4233333468437195,
            0.470944881439209,
            -0.15089939534664154
         ],
         "7": [
            0.4452170431613922,
            0.402263879776001,
            -0.18757162988185883
         ],
         "8": [
            0.46045833826065063,
            0.33782145380973816,
            -0.20889583230018616
         ],
         "9": [
            0.353729248046875,
            0.6134135127067566,
            -0.10567032545804977
         ],
         "10": [
            0.46562325954437256,
            0.582165539264679,
            -0.16774146258831024
         ],
         "11": [
            0.5000607967376709,
            0.6364015340805054,
            -0.1686922311782837
         ],
         "12": [
            0.49472129344940186,
            0.6573282480239868,
            -0.16407422721385956
         ],
         "13": [
            0.3476576805114746,
            0.7110721468925476,
            -0.12454972416162491
         ],
         "14": [
            0.4616362452507019,
            0.6915038228034973,
            -0.1762983202934265
         ],
         "15": [
            0.481112003326416,
            0.7363499402999878,
            -0.1561965048313141
         ],
         "16": [
            0.46370184421539307,
            0.7503108978271484,
            -0.1379282921552658
         ],
         "17": [
            0.3545820415019989,
            0.8174320459365845,
            -0.14655305445194244
         ],
         "18": [
            0.45641160011291504,
            0.7949767112731934,
            -0.1780640184879303
         ],
         "19": [
            0.4729933440685272,
            0.8134027719497681,
            -0.16597574949264526
         ],
         "20": [
            0.4567558765411377,
            0.8172955513000488,
            -0.15334421396255493
         ]
      }
   ]
}