{
   "u": [
      {
         "0": [
            0.19145818054676056,
            0.8453128337860107,
            0
         ],
         "1": [
            0.2565363347530365,
            0.7968339920043945,
            -0.018287163227796555
         ],
         "2": [
            0.2944371700286865,
            0.6897598505020142,
            -0.03273444622755051
         ],
         "3": [
            0.2628917992115021,
            0.6083682179450989,
            -0.04981236159801483
         ],
         "4": [
            0.2111608237028122,
            0.6032142639160156,
            -0.06555374711751938
         ],
         "5": [
            0.27509865164756775,
            0.5676144361495972,
            -0.015656527131795883
         ],
         "6": [
            0.2970786988735199,
            0.44503262639045715,
            -0.042578116059303284
         ],
         "7": [
            0.3043769896030426,
            0.365481972694397,
            -0.05914687737822533
         ],
         "8": [
            0.30963048338890076,
            0.2954120934009552,
            -0.07009372115135193
         ],
         "9": [
            0.22961536049842834,
            0.567970871925354,
            -0.027473174035549164
         ],
         "10": [
            0.24586714804172516,
            0.42865848541259766,
            -0.055837370455265045
         ],
         "11": [
            0.24974799156188965,
            0.3330756723880768,
            -0.07064530998468399
         ],
         "12": [
            0.2517984211444855,
            0.24518492817878723,
            -0.08031925559043884
         ],
         "13": [
            0.18857327103614807,
            0.5921967625617981,
            -0.0438297875225544
         ],
         "14": [
            0.18532483279705048,
            0.5328943729400635,
            -0.07145146280527115
         ],
         "15": [
            0.19611060619354248,
            0.6157237887382507,
            -0.06555374711751938
         ],
         "16": [
            0.2079174816608429,
            0.6812350749969482,
            -0.0557100772857666
         ],
         "17": [
            0.1498253494501114,
            0.6330243349075317,
            -0.06495973467826843
         ],
         "18": [
            0.14813023805618286,
            0.5803558826446533,
            -0.08468950539827347
         ],
         "19": [
            0.16250215470790863,
            0.6323534250259399,
            -0.08027681708335876
         ],
         "20": [
            0.177029088139534,
            0.68213951587677,
            -0.0722576305270195
         ]
      }
   ]
}