{
   "v": [
      {
         "0": [
            0.4337395429611206,
            0.9251827001571655,
            0
         ],
         "1": [
            0.4894140958786011,
            0.854561448097229,
            -0.0022341615986078978
         ],
         "2": [
            0.5286536812782288,
            0.7459802627563477,
            -0.00970055814832449
         ],
         "3": [
            0.5316310524940491,
            0.6655033826828003,
            -0.024332841858267784
         ],
         "4": [
            0.494101345539093,
            0.6588769555091858,
            -0.03628581762313843
         ],
         "5": [
            0.48592379689216614,
            0.6047772169113159,
            0.01598598062992096
         ],
         "6": [
            0.5134116411209106,
            0.49431532621383667,
            -0.0034713055938482285
         ],
         "7": [
            0.5298687815666199,
            0.4253685474395752,
            -0.014885049313306808
         ],
         "8": [
            0.5417664647102356,
            0.3644508421421051,
            -0.022220851853489876
         ],
         "9": [
            0.4439857304096222,
            0.6059378981590271,
            -0.002852031495422125
         ],
         "10": [
            0.4628203511238098,
            0.466968834400177,
            -0.02295106090605259
         ],
         "11": [
            0.48297548294067383,
            0.3899114429950714,
            -0.03316276893019676
         ],
         "12": [
            0.4987768232822418,
            0.32846567034721375,
            -0.03868989273905754
         ],
         "13": [
            0.4027436375617981,
            0.6320328712463379,
            -0.02675938419997692
         ],
         "14": [
            0.4420279860496521,
            0.5798587203025818,
            -0.04758722335100174
         ],
         "15": [
            0.4667854905128479,
            0.6670609712600708,
            -0.040779415518045425
         ],
         "16": [
            0.4786008298397064,
            0.7391948103904724,
            -0.030084650963544846
         ],
         "17": [
            0.3673313856124878,
            0.6750873327255249,
            -0.05477697774767876
         ],
         "18": [
            0.408863365650177,
            0.6392775177955627,
            -0.06992041319608688
         ],
         "19": [
            0.4398748576641083,
            0.6857947707176208,
            -0.06551668792963028
         ],
         "20": [
            0.4582959711551666,
            0.7295829653739929,
            -0.05724846199154854
         ]
      }
   ]
}