{
   "v": [
      {
         "0": [
            0.46440938115119934,
            0.8366106748580933,
            0
         ],
         "1": [
            0.5173181891441345,
            0.7755845785140991,
            -0.0066534169018268585
         ],
         "2": [
            0.5576071739196777,
            0.6725502014160156,
            -0.01734759472310543
         ],
         "3": [
            0.5640845894813538,
            0.5964224934577942,
            -0.033366721123456955
         ],
         "4": [
            0.5341001749038696,
            0.5784592628479004,
            -0.046097882091999054
         ],
         "5": [
            0.5084896683692932,
            0.5219390392303467,
            0.0050454153679311275
         ],
         "6": [
            0.53634113073349,
            0.40868738293647766,
            -0.016052335500717163
         ],
         "7": [
            0.5518745183944702,
            0.33668777346611023,
            -0.027875714004039764
         ],
         "8": [
            0.5611433982849121,
            0.2739599049091339,
            -0.03573581948876381
         ],
         "9": [
            0.46499383449554443,
            0.5194817781448364,
            -0.011435906402766705
         ],
         "10": [
            0.484695702791214,
            0.3844504952430725,
            -0.03398667275905609
         ],
         "11": [
            0.500545859336853,
            0.30198386311531067,
            -0.0443708710372448
         ],
         "12": [
            0.5081368088722229,
            0.23217475414276123,
            -0.05021613836288452
         ],
         "13": [
            0.4270809292793274,
            0.5438240766525269,
            -0.03248107060790062
         ],
         "14": [
            0.484701544046402,
            0.5161485075950623,
            -0.054290108382701874
         ],
         "15": [
            0.5068060159683228,
            0.6056839823722839,
            -0.04835628345608711
         ],
         "16": [
            0.505765438079834,
            0.6654674410820007,
            -0.03865845501422882
         ],
         "17": [
            0.39845606684684753,
            0.5884437561035156,
            -0.058054108172655106
         ],
         "18": [
            0.45980942249298096,
            0.5900720357894897,
            -0.07390717417001724
         ],
         "19": [
            0.4837098717689514,
            0.6496025323867798,
            -0.07160449773073196
         ],
         "20": [
            0.4828824996948242,
            0.6869338750839233,
            -0.06509499251842499
         ]
      }
   ]
}