{
   "w": [
      {
         "0": [
            0.38839325308799744,
            0.9204368591308594,
            0
         ],
         "1": [
            0.4369826912879944,
            0.856473445892334,
            -0.026523509994149208
         ],
         "2": [
            0.46315544843673706,
            0.7286586761474609,
            -0.0294202733784914
         ],
         "3": [
            0.4199255108833313,
            0.6304023861885071,
            -0.03238493204116821
         ],
         "4": [
            0.3701182007789612,
            0.6052231192588806,
            -0.03627746179699898
         ],
         "5": [
            0.4604019224643707,
            0.6158344745635986,
            0.012232044711709023
         ],
         "6": [
            0.49489057064056396,
            0.503189206123352,
            0.01016131043434143
         ],
         "7": [
            0.514991044998169,
            0.4363209009170532,
            0.009397514164447784
         ],
         "8": [
            0.5320698618888855,
            0.37694767117500305,
            0.0066591654904186726
         ],
         "9": [
            0.41571930050849915,
            0.5989075303077698,
            0.006749690044671297
         ],
         "10": [
            0.4278143346309662,
            0.4628976583480835,
            0.013307016342878342
         ],
         "11": [
            0.4374370872974396,
            0.3755421042442322,
            0.013499380089342594
         ],
         "12": [
            0.4456733167171478,
            0.303591251373291,
            0.007949131540954113
         ],
         "13": [
            0.3757801055908203,
            0.6172850728034973,
            -0.006857186555862427
         ],
         "14": [
            0.3693283200263977,
            0.48199033737182617,
            -0.0183650404214859
         ],
         "15": [
            0.371337890625,
            0.3863253891468048,
            -0.03265650197863579
         ],
         "16": [
            0.37256842851638794,
            0.2976853847503662,
            -0.043134644627571106
         ],
         "17": [
            0.3388864994049072,
            0.6621254086494446,
            -0.02478092350065708
         ],
         "18": [
            0.35830119252204895,
            0.5898382067680359,
            -0.04107522591948509
         ],
         "19": [
            0.3709205090999603,
            0.6370527148246765,
            -0.04702717810869217
         ],
         "20": [
            0.37750303745269775,
            0.6942971348762512,
            -0.050150252878665924
         ]
      }
   ]
}