{
   "x": [
      {
         "0": [
            0.39711806178092957,
            0.7400622963905334,
            0
         ],
         "1": [
            0.4578174650669098,
            0.7282377481460571,
            -0.01883026398718357
         ],
         "2": [
            0.5116393566131592,
            0.6469181180000305,
            -0.031290195882320404
         ],
         "3": [
            0.5056837797164917,
            0.5676531791687012,
            -0.048889584839344025
         ],
         "4": [
            0.45790380239486694,
            0.5361135601997375,
            -0.06521490216255188
         ],
         "5": [
            0.5142871737480164,
            0.47242891788482666,
            0.004089427646249533
         ],
         "6": [
            0.54129958152771,
            0.37370699644088745,
            -0.023127537220716476
         ],
         "7": [
            0.5692085027694702,
            0.3369308114051819,
            -0.042778387665748596
         ],
         "8": [
            0.590024471282959,
            0.3177027106285095,
            -0.05389947071671486
         ],
         "9": [
            0.4728381335735321,
            0.4464270770549774,
            -0.007039754651486874
         ],
         "10": [
            0.49520474672317505,
            0.34511318802833557,
            -0.04318867623806
         ],
         "11": [
            0.4881744980812073,
            0.4437330663204193,
            -0.050789885222911835
         ],
         "12": [
            0.4731392562389374,
            0.5271487832069397,
            -0.04478665813803673
         ],
         "13": [
            0.4302471876144409,
            0.44078850746154785,
            -0.025286972522735596
         ],
         "14": [
            0.4481910169124603,
            0.33355945348739624,
            -0.055367883294820786
         ],
         "15": [
            0.44974637031555176,
            0.4268462061882019,
            -0.04716203734278679
         ],
         "16": [
            0.44143128395080566,
            0.5069549679756165,
            -0.03295296058058739
         ],
         "17": [
            0.3823472857475281,
            0.45706772804260254,
            -0.04880320653319359
         ],
         "18": [
            0.39850008487701416,
            0.3618832230567932,
            -0.06387605518102646
         ],
         "19": [
            0.40817931294441223,
            0.4201319217681885,
            -0.05649079009890556
         ],
         "20": [
            0.40774473547935486,
            0.48681384325027466,
            -0.04543448984622955
         ]
      }
   ]
}