{
   "y": [
      {
         "0": [
            0.2428046464920044,
            0.8116823434829712,
            0
         ],
         "1": [
            0.31057092547416687,
            0.7841537594795227,
            -0.03017825074493885
         ],
         "2": [
            0.37773096561431885,
            0.6942687630653381,
            -0.04692982882261276
         ],
         "3": [
            0.41998153924942017,
            0.6057668924331665,
            -0.06404142826795578
         ],
         "4": [
            0.4687340259552002,
            0.556434154510498,
            -0.07590094953775406
         ],
         "5": [
            0.3520820140838623,
            0.5342398285865784,
            -0.015840934589505196
         ],
         "6": [
            0.31885039806365967,
            0.5007001161575317,
            -0.04612507298588753
         ],
         "7": [
            0.306249737739563,
            0.5914763808250427,
            -0.05552798509597778
         ],
         "8": [
            0.3150012493133545,
            0.6353341937065125,
            -0.05845050513744354
         ],
         "9": [
            0.29940035939216614,
            0.5168930292129517,
            -0.018032830208539963
         ],
         "10": [
            0.27165496349334717,
            0.5106788277626038,
            -0.05701042339205742
         ],
         "11": [
            0.27093181014060974,
            0.6186502575874329,
            -0.06128832325339317
         ],
         "12": [
            0.28766363859176636,
            0.6426333785057068,
            -0.05637509003281593
         ],
         "13": [
            0.2518857717514038,
            0.5218303799629211,
            -0.026853347197175026
         ],
         "14": [
            0.2270921766757965,
            0.5077237486839294,
            -0.06814990937709808
         ],
         "15": [
            0.2313607931137085,
            0.6024150848388672,
            -0.06560857594013214
         ],
         "16": [
            0.24923297762870789,
            0.6390830874443054,
            -0.053283143788576126
         ],
         "17": [
            0.2107720971107483,
            0.5418969392776489,
            -0.03905171528458595
         ],
         "18": [
            0.18927070498466492,
            0.47495490312576294,
            -0.06933586299419403
         ],
         "19": [
            0.16547250747680664,
            0.4497215151786804,
            -0.07484206557273865
         ],
         "20": [
            0.15071631968021393,
            0.39760857820510864,
            -0.07014060765504837
         ]
      }
   ]
}