{
   "y": [
      {
         "0": [
            0.5400971174240112,
            0.9159445762634277,
            0
         ],
         "1": [
            0.6035717129707336,
            0.7768827676773071,
            -0.0014285442885011435
         ],
         "2": [
            0.637499213218689,
            0.6194856762886047,
            -0.017021186649799347
         ],
         "3": [
            0.6574905514717102,
            0.5040755867958069,
            -0.03924911469221115
         ],
         "4": [
            0.6866605877876282,
            0.41569283604621887,
            -0.05528852343559265
         ],
         "5": [
            0.5264220833778381,
            0.5284948348999023,
            -0.0025909601245075464
         ],
         "6": [
            0.5772680044174194,
            0.497062087059021,
            -0.02989463321864605
         ],
         "7": [
            0.5924707651138306,
            0.5955365896224976,
            -0.039822742342948914
         ],
         "8": [
            0.5780537128448486,
            0.6449019908905029,
            -0.04456616938114166
         ],
         "9": [
            0.47966158390045166,
            0.5579192638397217,
            -0.022680208086967468
         ],
         "10": [
            0.5468044877052307,
            0.5477122068405151,
            -0.05392065271735191
         ],
         "11": [
            0.5681297779083252,
            0.6583211421966553,
            -0.05047890916466713
         ],
         "12": [
            0.5486935377120972,
            0.6967821717262268,
            -0.04498535394668579
         ],
         "13": [
            0.44429582357406616,
            0.6076080203056335,
            -0.04637528955936432
         ],
         "14": [
            0.5058038830757141,
            0.5939499735832214,
            -0.07227662205696106
         ],
         "15": [
            0.5350990295410156,
            0.6901193261146545,
            -0.05520027503371239
         ],
         "16": [
            0.5207087397575378,
            0.7244578003883362,
            -0.04110236093401909
         ],
         "17": [
            0.41591209173202515,
            0.6663196682929993,
            -0.07254137098789215
         ],
         "18": [
            0.44589370489120483,
            0.6335831880569458,
            -0.08454334735870361
         ],
         "19": [
            0.46746158599853516,
            0.6755812764167786,
            -0.0726737454533577
         ],
         "20": [
            0.4584139287471771,
            0.6864062547683716,
            -0.06155426427721977
         ]
      }
   ]
}