{
   "y": [
      {
         "0": [
            0.39420896768569946,
            0.7152137756347656,
            0
         ],
         "1": [
            0.4699114263057709,
            0.6781152486801147,
            -0.00650105532258749
         ],
         "2": [
            0.5318669080734253,
            0.6037468910217285,
            -0.013568815775215626
         ],
         "3": [
            0.5730298161506653,
            0.5293200612068176,
            -0.0266671571880579
         ],
         "4": [
            0.6082611083984375,
            0.4896344542503357,
            -0.03472932428121567
         ],
         "5": [
            0.47719863057136536,
            0.48425835371017456,
            0.00881064124405384
         ],
         "6": [
            0.4840910732746124,
            0.4287036657333374,
            -0.014573912136256695
         ],
         "7": [
            0.4751966595649719,
            0.5088478922843933,
            -0.0208825021982193
         ],
         "8": [
            0.46591702103614807,
            0.5641874074935913,
            -0.02167375013232231
         ],
         "9": [
            0.43375515937805176,
            0.4727833569049835,
            -0.00482232915237546
         ],
         "10": [
            0.4380013346672058,
            0.42474377155303955,
            -0.03821508586406708
         ],
         "11": [
            0.43916842341423035,
            0.5227556228637695,
            -0.042748719453811646
         ],
         "12": [
            0.43597063422203064,
            0.5731110572814941,
            -0.03695337101817131
         ],
         "13": [
            0.3913918435573578,
            0.47657790780067444,
            -0.022582614794373512
         ],
         "14": [
            0.39120516180992126,
            0.4067215919494629,
            -0.05243614315986633
         ],
         "15": [
            0.4017336368560791,
            0.4953508973121643,
            -0.04435259476304054
         ],
         "16": [
            0.40557312965393066,
            0.5523761510848999,
            -0.031008323654532433
         ],
         "17": [
            0.35100439190864563,
            0.489254355430603,
            -0.043005336076021194
         ],
         "18": [
            0.3376360237598419,
            0.41108453273773193,
            -0.06013476476073265
         ],
         "19": [
            0.33474522829055786,
            0.36926108598709106,
            -0.05932212993502617
         ],
         "20": [
            0.33129003643989563,
            0.3177609443664551,
            -0.052906617522239685
         ]
      }
   ]
}