{
   "a": [
      {
         "0": [
            0.31588178873062134,
            0.4431896209716797,
            0
         ],
         "1": [
            0.3707571029663086,
            0.4575085937976837,
            -0.01910370960831642
         ],
         "2": [
            0.4176931381225586,
            0.4915168285369873,
            -0.05054755136370659
         ],
         "3": [
            0.4300825893878937,
            0.52320396900177,
            -0.07982753962278366
         ],
         "4": [
            0.41959846019744873,
            0.5452792644500732,
            -0.1053486093878746
         ],
         "5": [
            0.41129085421562195,
            0.3659704923629761,
            -0.06983673572540283
         ],
         "6": [
            0.41689828038215637,
            0.5352019667625427,
            -0.11187726259231567
         ],
         "7": [
            0.4048541784286499,
            0.5336007475852966,
            -0.13631023466587067
         ],
         "8": [
            0.3963892161846161,
            0.4993249177932739,
            -0.15045563876628876
         ],
         "9": [
            0.3681795597076416,
            0.35690638422966003,
            -0.08056943118572235
         ],
         "10": [
            0.3739805817604065,
            0.5529487133026123,
            -0.12147239595651627
         ],
         "11": [
            0.3708513379096985,
            0.5253809690475464,
            -0.12622050940990448
         ],
         "12": [
            0.3706139624118805,
            0.4670579433441162,
            -0.13175995647907257
         ],
         "13": [
            0.32876771688461304,
            0.3719925880432129,
            -0.09085699915885925
         ],
         "14": [
            0.33738186955451965,
            0.5501289367675781,
            -0.11840590834617615
         ],
         "15": [
            0.3368470370769501,
            0.5227136015892029,
            -0.10475510358810425
         ],
         "16": [
            0.34114426374435425,
            0.470561683177948,
            -0.09733618050813675
         ],
         "17": [
            0.2916342318058014,
            0.4014245569705963,
            -0.10386483371257782
         ],
         "18": [
            0.3016759753227234,
            0.5277819633483887,
            -0.11830698698759079
         ],
         "19": [
            0.30433574318885803,
            0.5087711215019226,
            -0.10890969634056091
         ],
         "20": [
            0.3115837574005127,
            0.46828415989875793,
            -0.1036669909954071
         ]
      }
   ]
}