{
   "a": [
      {
         "0": [
            0.4215516746044159,
            0.5825411081314087,
            0
         ],
         "1": [
            0.40971696376800537,
            0.6566627025604248,
            -0.018948247656226158
         ],
         "2": [
            0.3951631486415863,
            0.7058861255645752,
            -0.049887947738170624
         ],
         "3": [
            0.3780565559864044,
            0.6888943910598755,
            -0.0790693461894989
         ],
         "4": [
            0.3657407760620117,
            0.638575553894043,
            -0.10528016835451126
         ],
         "5": [
            0.4691463112831116,
            0.7029349207878113,
            -0.062207043170928955
         ],
         "6": [
            0.3996911942958832,
            0.7234145998954773,
            -0.09645585715770721
         ],
         "7": [
            0.39370718598365784,
            0.7010759711265564,
            -0.11829822510480881
         ],
         "8": [
            0.4117949903011322,
            0.6805661916732788,
            -0.132714182138443
         ],
         "9": [
            0.47466641664505005,
            0.6340221166610718,
            -0.07347770035266876
         ],
         "10": [
            0.38803988695144653,
            0.6571657657623291,
            -0.10676544904708862
         ],
         "11": [
            0.3948446810245514,
            0.6465030312538147,
            -0.11095919460058212
         ],
         "12": [
            0.4248560070991516,
            0.632337212562561,
            -0.11768663674592972
         ],
         "13": [
            0.46574413776397705,
            0.5703253149986267,
            -0.08404940366744995
         ],
         "14": [
            0.38316991925239563,
            0.5971788763999939,
            -0.10388226062059402
         ],
         "15": [
            0.39422371983528137,
            0.5951175093650818,
            -0.09252423793077469
         ],
         "16": [
            0.4238317906856537,
            0.5897156000137329,
            -0.08911682665348053
         ],
         "17": [
            0.44918370246887207,
            0.5163781642913818,
            -0.0976790338754654
         ],
         "18": [
            0.39101120829582214,
            0.5384080410003662,
            -0.10711492598056793
         ],
         "19": [
            0.3948574364185333,
            0.5424765944480896,
            -0.09960115700960159
         ],
         "20": [
            0.41743195056915283,
            0.5422263145446777,
            -0.09750429540872574
         ]
      }
   ]
}