{
   "a": [
      {
         "0": [
            0.2917431592941284,
            0.5406416058540344,
            0
         ],
         "1": [
            0.31698983907699585,
            0.6203103065490723,
            -0.009741503745317459
         ],
         "2": [
            0.3583492040634155,
            0.6807193756103516,
            -0.015517777763307095
         ],
         "3": [
            0.3921208083629608,
            0.670693039894104,
            -0.023575330153107643
         ],
         "4": [
            0.3913966715335846,
            0.6037823557853699,
            -0.027731195092201233
         ],
         "5": [
            0.3992654085159302,
            0.6141506433486938,
            0.0031216659117490053
         ],
         "6": [
            0.4310910999774933,
            0.6391797661781311,
            -0.010084648616611958
         ],
         "7": [
            0.39642345905303955,
            0.6369765400886536,
            -0.012073618359863758
         ],
         "8": [
            0.3798089325428009,
            0.6189402937889099,
            -0.011292011477053165
         ],
         "9": [
            0.40041911602020264,
            0.5665997862815857,
            -0.001919069909490645
         ],
         "10": [
            0.428576797246933,
            0.5902446508407593,
            -0.016013430431485176
         ],
         "11": [
            0.3861960470676422,
            0.5939552187919617,
            -0.013268270529806614
         ],
         "12": [
            0.37666651606559753,
            0.5767205953598022,
            -0.007650861516594887
         ],
         "13": [
            0.39622175693511963,
            0.5211817026138306,
            -0.011114084161818027
         ],
         "14": [
            0.4211372137069702,
            0.5432593822479248,
            -0.024134526029229164
         ],
         "15": [
            0.3814150094985962,
            0.5567272305488586,
            -0.015072960406541824
         ],
         "16": [
            0.36566051840782166,
            0.5412538647651672,
            -0.005827109795063734
         ],
         "17": [
            0.3888891637325287,
            0.47085854411125183,
            -0.022660275921225548
         ],
         "18": [
            0.4182903468608856,
            0.49336060881614685,
            -0.02635861374437809
         ],
         "19": [
            0.39564135670661926,
            0.5151791572570801,
            -0.019089024513959885
         ],
         "20": [
            0.3807511329650879,
            0.509293258190155,
            -0.011666927486658096
         ]
      }
   ]
}