{
   "a": [
      {
         "0": [
            0.28110647201538086,
            0.631646454334259,
            -2.0361534325274988e-7
         ],
         "1": [
            0.3309707045555115,
            0.6126177310943604,
            -0.010044297203421593
         ],
         "2": [
            0.37549448013305664,
            0.5797003507614136,
            -0.013549244031310081
         ],
         "3": [
            0.39600762724876404,
            0.5143856406211853,
            -0.018315007910132408
         ],
         "4": [
            0.38368481397628784,
            0.4637385904788971,
            -0.021198594942688942
         ],
         "5": [
            0.36521029472351074,
            0.4993756413459778,
            0.006575545761734247
         ],
         "6": [
            0.37103796005249023,
            0.44038811326026917,
            -0.01184804830700159
         ],
         "7": [
            0.3596903085708618,
            0.4859344959259033,
            -0.024950876832008362
         ],
         "8": [
            0.3525077700614929,
            0.5286685824394226,
            -0.03028370626270771
         ],
         "9": [
            0.33948463201522827,
            0.4835510849952698,
            0.005356958135962486
         ],
         "10": [
            0.34373241662979126,
            0.4254263639450073,
            -0.014997069723904133
         ],
         "11": [
            0.334269255399704,
            0.4875619113445282,
            -0.023599572479724884
         ],
         "12": [
            0.33064135909080505,
            0.5304242372512817,
            -0.024178702384233475
         ],
         "13": [
            0.313650906085968,
            0.4784022271633148,
            0.0011597693664953113
         ],
         "14": [
            0.31760239601135254,
            0.4224350154399872,
            -0.01855630986392498
         ],
         "15": [
            0.311577171087265,
            0.48404350876808167,
            -0.015045330859720707
         ],
         "16": [
            0.3086943030357361,
            0.5271775722503662,
            -0.0068228826858103275
         ],
         "17": [
            0.2855997383594513,
            0.4809083342552185,
            -0.004044865258038044
         ],
         "18": [
            0.2901341915130615,
            0.4400438070297241,
            -0.016867179423570633
         ],
         "19": [
            0.2903750538825989,
            0.48461657762527466,
            -0.012203971855342388
         ],
         "20": [
            0.2910470962524414,
            0.5196003913879395,
            -0.004379675257951021
         ]
      }
   ]
}