{
   "b": [
      {
         "0": [
            0.2748929262161255,
            0.9484925270080566,
            3.243378614570247e-7
         ],
         "1": [
            0.3325382471084595,
            0.8928382992744446,
            -0.027532128617167473
         ],
         "2": [
            0.3682238459587097,
            0.7896528840065002,
            -0.033327262848615646
         ],
         "3": [
            0.37707993388175964,
            0.6921530961990356,
            -0.036800164729356766
         ],
         "4": [
            0.3775457739830017,
            0.6146812438964844,
            -0.03912239894270897
         ],
         "5": [
            0.3332329988479614,
            0.6569074988365173,
            -0.00661105802282691
         ],
         "6": [
            0.33852168917655945,
            0.5504652857780457,
            -0.020167911425232887
         ],
         "7": [
            0.3369026184082031,
            0.48370712995529175,
            -0.03426871448755264
         ],
         "8": [
            0.3341284990310669,
            0.4219811260700226,
            -0.04498029872775078
         ],
         "9": [
            0.29918745160102844,
            0.6458914279937744,
            -0.003820710349828005
         ],
         "10": [
            0.3039569854736328,
            0.5254065990447998,
            -0.014487841166555882
         ],
         "11": [
            0.3045719861984253,
            0.4477270841598511,
            -0.027322916314005852
         ],
         "12": [
            0.30499523878097534,
            0.3806931674480438,
            -0.03719766438007355
         ],
         "13": [
            0.26650533080101013,
            0.6582280397415161,
            -0.005706221796572208
         ],
         "14": [
            0.27042102813720703,
            0.5442818403244019,
            -0.018107187002897263
         ],
         "15": [
            0.2741257846355438,
            0.47267889976501465,
            -0.02847357653081417
         ],
         "16": [
            0.27786925435066223,
            0.41033071279525757,
            -0.03567042201757431
         ],
         "17": [
            0.23263944685459137,
            0.6897602081298828,
            -0.010722048580646515
         ],
         "18": [
            0.23209847509860992,
            0.6053445339202881,
            -0.02376633696258068
         ],
         "19": [
            0.2353026568889618,
            0.5488830804824829,
            -0.03008449822664261
         ],
         "20": [
            0.23935875296592712,
            0.4957292079925537,
            -0.0338502898812294
         ]
      }
   ]
}