{
   "b": [
      {
         "0": [
            0.26093482971191406,
            0.8924685716629028,
            3.520001428114483e-7
         ],
         "1": [
            0.31676363945007324,
            0.8372889161109924,
            -0.032434605062007904
         ],
         "2": [
            0.3520891070365906,
            0.7363043427467346,
            -0.04155620560050011
         ],
         "3": [
            0.35847795009613037,
            0.6395246982574463,
            -0.04739972576498985
         ],
         "4": [
            0.3524180054664612,
            0.558869481086731,
            -0.05232701450586319
         ],
         "5": [
            0.31491395831108093,
            0.6039328575134277,
            -0.015474136918783188
         ],
         "6": [
            0.3172247111797333,
            0.49804410338401794,
            -0.03153873607516289
         ],
         "7": [
            0.31400689482688904,
            0.43276649713516235,
            -0.0475626103579998
         ],
         "8": [
            0.3094283640384674,
            0.36998724937438965,
            -0.059616148471832275
         ],
         "9": [
            0.2800612151622772,
            0.5953381657600403,
            -0.011381635442376137
         ],
         "10": [
            0.28364768624305725,
            0.47710922360420227,
            -0.02418852038681507
         ],
         "11": [
            0.28156211972236633,
            0.397821843624115,
            -0.039133280515670776
         ],
         "12": [
            0.2789728045463562,
            0.32742443680763245,
            -0.05090176686644554
         ],
         "13": [
            0.24695801734924316,
            0.6100592613220215,
            -0.011951735243201256
         ],
         "14": [
            0.2493884265422821,
            0.4988185167312622,
            -0.02561376988887787
         ],
         "15": [
            0.2512868642807007,
            0.4262802004814148,
            -0.037463702261447906
         ],
         "16": [
            0.2524312436580658,
            0.3624582588672638,
            -0.04605591669678688
         ],
         "17": [
            0.21221736073493958,
            0.642183780670166,
            -0.015922073274850845
         ],
         "18": [
            0.21118921041488647,
            0.5572890639305115,
            -0.029665548354387283
         ],
         "19": [
            0.21352076530456543,
            0.5007522106170654,
            -0.036710355430841446
         ],
         "20": [
            0.21602636575698853,
            0.44729503989219666,
            -0.04133223742246628
         ]
      }
   ]
}