{
   "c": [
      {
         "0": [
            0.28179115056991577,
            0.8889778852462769,
            2.4036506829361315e-7
         ],
         "1": [
            0.3504243493080139,
            0.8140077590942383,
            -0.01403855625540018
         ],
         "2": [
            0.39438992738723755,
            0.7263455986976624,
            -0.010049402713775635
         ],
         "3": [
            0.39993786811828613,
            0.6310532689094543,
            -0.006993771996349096
         ],
         "4": [
            0.3649601638317108,
            0.6072908639907837,
            -0.0027010957710444927
         ],
         "5": [
            0.3376407325267792,
            0.5870158672332764,
            0.035524893552064896
         ],
         "6": [
            0.3370150625705719,
            0.4955730438232422,
            0.02756699174642563
         ],
         "7": [
            0.3439698815345764,
            0.46613383293151855,
            0.006254095118492842
         ],
         "8": [
            0.3511272966861725,
            0.46331119537353516,
            -0.008993450552225113
         ],
         "9": [
            0.3025710880756378,
            0.5824328064918518,
            0.037442952394485474
         ],
         "10": [
            0.3004879355430603,
            0.47335705161094666,
            0.03421897813677788
         ],
         "11": [
            0.30447620153427124,
            0.4410683214664459,
            0.01139612402766943
         ],
         "12": [
            0.3128673732280731,
            0.44342243671417236,
            -0.0074630845338106155
         ],
         "13": [
            0.2668754458427429,
            0.5971506237983704,
            0.034361813217401505
         ],
         "14": [
            0.26483505964279175,
            0.4953419268131256,
            0.026893630623817444
         ],
         "15": [
            0.2671091854572296,
            0.45718976855278015,
            0.006182678043842316
         ],
         "16": [
            0.2788715660572052,
            0.4800386428833008,
            -0.008304785005748272
         ],
         "17": [
            0.229751855134964,
            0.6333415508270264,
            0.029505452141165733
         ],
         "18": [
            0.22990098595619202,
            0.5500224828720093,
            0.022506579756736755
         ],
         "19": [
            0.23209314048290253,
            0.5071704387664795,
            0.012253128923475742
         ],
         "20": [
            0.24397295713424683,
            0.5045238137245178,
            0.004601300228387117
         ]
      }
   ]
}