{
   "d": [
      {
         "0": [
            0.3814549148082733,
            0.8333147764205933,
            2.5645104528848606e-7
         ],
         "1": [
            0.4380281865596771,
            0.7900063991546631,
            -0.025356562808156013
         ],
         "2": [
            0.4803733229637146,
            0.6940369009971619,
            -0.03521419316530228
         ],
         "3": [
            0.4910673201084137,
            0.5952842831611633,
            -0.04684815555810928
         ],
         "4": [
            0.45134618878364563,
            0.5648745894432068,
            -0.05910675600171089
         ],
         "5": [
            0.43963244557380676,
            0.5546616315841675,
            0.0071297031827270985
         ],
         "6": [
            0.4433166980743408,
            0.4468558430671692,
            -0.0018629459664225578
         ],
         "7": [
            0.4424286484718323,
            0.38008758425712585,
            -0.015372049994766712
         ],
         "8": [
            0.4397553503513336,
            0.32299500703811646,
            -0.028147932142019272
         ],
         "9": [
            0.4095650315284729,
            0.5552757382392883,
            0.0054558576084673405
         ],
         "10": [
            0.4089539349079132,
            0.44327419996261597,
            -0.022252872586250305
         ],
         "11": [
            0.4263133704662323,
            0.4799489974975586,
            -0.04798031598329544
         ],
         "12": [
            0.4393135905265808,
            0.5390118956565857,
            -0.05961427092552185
         ],
         "13": [
            0.3791983723640442,
            0.5686521530151367,
            0.0007893425645306706
         ],
         "14": [
            0.37553563714027405,
            0.46905332803726196,
            -0.021725831553339958
         ],
         "15": [
            0.3977917730808258,
            0.4884580373764038,
            -0.03913772851228714
         ],
         "16": [
            0.41181784868240356,
            0.5460194945335388,
            -0.04571599140763283
         ],
         "17": [
            0.3466836214065552,
            0.5942464470863342,
            -0.006900342646986246
         ],
         "18": [
            0.34461116790771484,
            0.5075154900550842,
            -0.02145254984498024
         ],
         "19": [
            0.3644271790981293,
            0.5027552247047424,
            -0.031642019748687744
         ],
         "20": [
            0.3815382421016693,
            0.5366514325141907,
            -0.037341877818107605
         ]
      }
   ]
}