{
   "f": [
      {
         "0": [
            0.3741132616996765,
            0.8392801284790039,
            8.879832336106119e-8
         ],
         "1": [
            0.4208044409751892,
            0.7826061844825745,
            -0.011140909045934677
         ],
         "2": [
            0.45071306824684143,
            0.6896132230758667,
            -0.014863284304738045
         ],
         "3": [
            0.45644229650497437,
            0.606386125087738,
            -0.021338120102882385
         ],
         "4": [
            0.42669355869293213,
            0.5764904022216797,
            -0.027542075142264366
         ],
         "5": [
            0.42209649085998535,
            0.6130807399749756,
            0.010800128802657127
         ],
         "6": [
            0.43070030212402344,
            0.5461976528167725,
            -0.007986502721905708
         ],
         "7": [
            0.4293118715286255,
            0.5507468581199646,
            -0.025479916483163834
         ],
         "8": [
            0.4240620732307434,
            0.5792094469070435,
            -0.033711083233356476
         ],
         "9": [
            0.3913247585296631,
            0.6008139848709106,
            0.006640855688601732
         ],
         "10": [
            0.3949204683303833,
            0.5097873210906982,
            0.002054514829069376
         ],
         "11": [
            0.39437147974967957,
            0.4514303505420685,
            -0.005282101687043905
         ],
         "12": [
            0.39424702525138855,
            0.40125927329063416,
            -0.011368096806108952
         ],
         "13": [
            0.3620469868183136,
            0.6112435460090637,
            -0.0030255215242505074
         ],
         "14": [
            0.3594243824481964,
            0.5246784090995789,
            -0.010441872291266918
         ],
         "15": [
            0.3577784597873688,
            0.4697231650352478,
            -0.018507016822695732
         ],
         "16": [
            0.3580111563205719,
            0.4250229597091675,
            -0.024955637753009796
         ],
         "17": [
            0.33175399899482727,
            0.6411052346229553,
            -0.014906973578035831
         ],
         "18": [
            0.3121892809867859,
            0.5926632285118103,
            -0.022788621485233307
         ],
         "19": [
            0.2979462742805481,
            0.555209755897522,
            -0.026703231036663055
         ],
         "20": [
            0.28700822591781616,
            0.5179638862609863,
            -0.029936280101537704
         ]
      }
   ]
}