{
   "g": [
      {
         "0": [
            0.2135106474161148,
            0.7593847513198853,
            2.1775557002001733e-7
         ],
         "1": [
            0.27472415566444397,
            0.7031159996986389,
            -0.00458891037851572
         ],
         "2": [
            0.3094671964645386,
            0.6542560458183289,
            -0.02145177312195301
         ],
         "3": [
            0.3447123169898987,
            0.6310659050941467,
            -0.04207097738981247
         ],
         "4": [
            0.38035982847213745,
            0.6139453649520874,
            -0.0626511499285698
         ],
         "5": [
            0.2509855628013611,
            0.5140295028686523,
            -0.024209676310420036
         ],
         "6": [
            0.31450551748275757,
            0.5143293142318726,
            -0.05250415951013565
         ],
         "7": [
            0.35275986790657043,
            0.5239567160606384,
            -0.06988413631916046
         ],
         "8": [
            0.3841027617454529,
            0.5293167233467102,
            -0.08075962215662003
         ],
         "9": [
            0.22921815514564514,
            0.5365595817565918,
            -0.03796014562249184
         ],
         "10": [
            0.3091233968734741,
            0.568096935749054,
            -0.06743844598531723
         ],
         "11": [
            0.3025110065937042,
            0.6226298809051514,
            -0.07253795862197876
         ],
         "12": [
            0.2818000912666321,
            0.6316520571708679,
            -0.07311035692691803
         ],
         "13": [
            0.2172633558511734,
            0.5871832370758057,
            -0.05273832380771637
         ],
         "14": [
            0.29487964510917664,
            0.622532069683075,
            -0.08096776902675629
         ],
         "15": [
            0.28563734889030457,
            0.6751198172569275,
            -0.07446329295635223
         ],
         "16": [
            0.263444185256958,
            0.6814125180244446,
            -0.06582533568143845
         ],
         "17": [
            0.212638258934021,
            0.6450092196464539,
            -0.06832305341959
         ],
         "18": [
            0.27704674005508423,
            0.6743547916412354,
            -0.08455823361873627
         ],
         "19": [
            0.27200326323509216,
            0.7117606401443481,
            -0.07722118496894836
         ],
         "20": [
            0.2523108422756195,
            0.717129647731781,
            -0.06905155628919601
         ]
      }
   ]
}