{
   "m": [
      {
         "0": [
            0.3111598789691925,
            0.8049331903457642,
            -1.918162979563931e-7
         ],
         "1": [
            0.3549133837223053,
            0.7466813921928406,
            -0.011998135596513748
         ],
         "2": [
            0.3751164674758911,
            0.6511993408203125,
            -0.015126167796552181
         ],
         "3": [
            0.3551329970359802,
            0.5907430648803711,
            -0.01976681873202324
         ],
         "4": [
            0.33372926712036133,
            0.5561444163322449,
            -0.02182280272245407
         ],
         "5": [
            0.3622952997684479,
            0.5893542766571045,
            0.00360164325684309
         ],
         "6": [
            0.36391112208366394,
            0.5169715285301208,
            -0.02051578275859356
         ],
         "7": [
            0.35813936591148376,
            0.569562554359436,
            -0.03556852415204048
         ],
         "8": [
            0.3561073839664459,
            0.625060498714447,
            -0.04123716428875923
         ],
         "9": [
            0.32852107286453247,
            0.5958504676818848,
            -0.00039054517401382327
         ],
         "10": [
            0.32593435049057007,
            0.5150114893913269,
            -0.028357895091176033
         ],
         "11": [
            0.32835638523101807,
            0.582592785358429,
            -0.03812381997704506
         ],
         "12": [
            0.3346777856349945,
            0.6426239013671875,
            -0.03633217513561249
         ],
         "13": [
            0.2959163784980774,
            0.6128358840942383,
            -0.008480934426188469
         ],
         "14": [
            0.29487407207489014,
            0.540388822555542,
            -0.03926929458975792
         ],
         "15": [
            0.3062182068824768,
            0.6233330368995667,
            -0.0383000485599041
         ],
         "16": [
            0.3162371516227722,
            0.681347131729126,
            -0.028343208134174347
         ],
         "17": [
            0.26420465111732483,
            0.6434515714645386,
            -0.01738774962723255
         ],
         "18": [
            0.2733333110809326,
            0.6143249869346619,
            -0.04373371601104736
         ],
         "19": [
            0.287201464176178,
            0.6783254146575928,
            -0.04344000667333603
         ],
         "20": [
            0.2974105775356293,
            0.720132052898407,
            -0.03606783598661423
         ]
      }
   ]
}