{
   "n-DGS": [
      {
         "0": [
            0.4521940052509308,
            0.34538543224334717,
            6.446475708798971e-7
         ],
         "1": [
            0.503465473651886,
            0.38511520624160767,
            0.0030969013459980488
         ],
         "2": [
            0.5189778208732605,
            0.47635287046432495,
            -0.0044888099655508995
         ],
         "3": [
            0.5031203031539917,
            0.5529183149337769,
            -0.010886306874454021
         ],
         "4": [
            0.48481985926628113,
            0.5979492664337158,
            -0.017909973859786987
         ],
         "5": [
            0.5244705677032471,
            0.5164623260498047,
            -0.040859486907720566
         ],
         "6": [
            0.5409523844718933,
            0.6466541886329651,
            -0.05670234188437462
         ],
         "7": [
            0.5509927272796631,
            0.7233256101608276,
            -0.06451815366744995
         ],
         "8": [
            0.5547728538513184,
            0.7837187647819519,
            -0.0682600811123848
         ],
         "9": [
            0.49016645550727844,
            0.5353538393974304,
            -0.04632150009274483
         ],
         "10": [
            0.510237991809845,
            0.6798357367515564,
            -0.0611383430659771
         ],
         "11": [
            0.5241720080375671,
            0.7622071504592896,
            -0.06638911366462708
         ],
         "12": [
            0.530203640460968,
            0.8267143368721008,
            -0.06910503655672073
         ],
         "13": [
            0.45582202076911926,
            0.5405332446098328,
            -0.04683450609445572
         ],
         "14": [
            0.4678524136543274,
            0.6565378904342651,
            -0.05332253500819206
         ],
         "15": [
            0.47748199105262756,
            0.6191694736480713,
            -0.04013524204492569
         ],
         "16": [
            0.47830256819725037,
            0.5754549503326416,
            -0.028049403801560402
         ],
         "17": [
            0.4273430109024048,
            0.5302165746688843,
            -0.046743977814912796
         ],
         "18": [
            0.4502064287662506,
            0.5948381423950195,
            -0.04653273895382881
         ],
         "19": [
            0.46325674653053284,
            0.56784987449646,
            -0.031323596835136414
         ],
         "20": [
            0.46396005153656006,
            0.53940749168396,
            -0.017276259139180183
         ]
      }
   ]
}