{
   "q": [
      {
         "0": [
            0.35458052158355713,
            0.5614624619483948,
            -1.616200648868471e-7
         ],
         "1": [
            0.3880089819431305,
            0.5419349074363708,
            -0.019795171916484833
         ],
         "2": [
            0.4180065095424652,
            0.5234227180480957,
            -0.03938835486769676
         ],
         "3": [
            0.43683329224586487,
            0.5480143427848816,
            -0.05883004516363144
         ],
         "4": [
            0.43358540534973145,
            0.591036319732666,
            -0.0764538049697876
         ],
         "5": [
            0.37689462304115295,
            0.3919951021671295,
            -0.03698970377445221
         ],
         "6": [
            0.40315258502960205,
            0.5002570152282715,
            -0.0764538049697876
         ],
         "7": [
            0.42524391412734985,
            0.5739177465438843,
            -0.10473261773586273
         ],
         "8": [
            0.443338006734848,
            0.6143838167190552,
            -0.1187710389494896
         ],
         "9": [
            0.33540230989456177,
            0.4138651490211487,
            -0.03880762681365013
         ],
         "10": [
            0.3761141300201416,
            0.5550082921981812,
            -0.06115294620394707
         ],
         "11": [
            0.39704030752182007,
            0.5826237201690674,
            -0.0642838105559349
         ],
         "12": [
            0.4090826213359833,
            0.5824406147003174,
            -0.06478879600763321
         ],
         "13": [
            0.3044753968715668,
            0.46171486377716064,
            -0.04418565332889557
         ],
         "14": [
            0.34961602091789246,
            0.5854255557060242,
            -0.05428522825241089
         ],
         "15": [
            0.36025846004486084,
            0.5784208178520203,
            -0.040171071887016296
         ],
         "16": [
            0.3613062798976898,
            0.5480082631111145,
            -0.028657549992203712
         ],
         "17": [
            0.2845302224159241,
            0.514641284942627,
            -0.054083239287137985
         ],
         "18": [
            0.31993424892425537,
            0.5996978878974915,
            -0.058325063437223434
         ],
         "19": [
            0.33005717396736145,
            0.5870065689086914,
            -0.0486547127366066
         ],
         "20": [
            0.3287459909915924,
            0.552786648273468,
            -0.03850464150309563
         ]
      }
   ]
}