{
   "s": [
      {
         "0": [
            0.284000039100647,
            0.7678408622741699,
            -1.6184662854357157e-7
         ],
         "1": [
            0.321622371673584,
            0.7187430262565613,
            -0.014852222986519337
         ],
         "2": [
            0.3421066999435425,
            0.6507925391197205,
            -0.01775987260043621
         ],
         "3": [
            0.32732874155044556,
            0.5824154615402222,
            -0.021295467391610146
         ],
         "4": [
            0.3010815680027008,
            0.5482826232910156,
            -0.021691342815756798
         ],
         "5": [
            0.3592543601989746,
            0.597062885761261,
            0.015493815764784813
         ],
         "6": [
            0.363539457321167,
            0.5254536867141724,
            0.002817212836816907
         ],
         "7": [
            0.34665074944496155,
            0.5454197525978088,
            -0.009337242692708969
         ],
         "8": [
            0.33753490447998047,
            0.5776695609092712,
            -0.01557572279125452
         ],
         "9": [
            0.3309660851955414,
            0.5850901007652283,
            0.01636747643351555
         ],
         "10": [
            0.33303698897361755,
            0.5219403505325317,
            0.0007947406265884638
         ],
         "11": [
            0.3196965157985687,
            0.564070463180542,
            -0.011221072636544704
         ],
         "12": [
            0.31653985381126404,
            0.5974891781806946,
            -0.014429043047130108
         ],
         "13": [
            0.30453377962112427,
            0.5844389200210571,
            0.013241411186754704
         ],
         "14": [
            0.3040522336959839,
            0.5280950665473938,
            -0.0044570318423211575
         ],
         "15": [
            0.29896047711372375,
            0.5678022503852844,
            -0.01053170021623373
         ],
         "16": [
            0.2965065538883209,
            0.6036916971206665,
            -0.008456757292151451
         ],
         "17": [
            0.279249370098114,
            0.5922909379005432,
            0.008845808915793896
         ],
         "18": [
            0.280622273683548,
            0.5421190857887268,
            -0.0028530466370284557
         ],
         "19": [
            0.27824440598487854,
            0.5677751898765564,
            -0.0023718506563454866
         ],
         "20": [
            0.2769552171230316,
            0.5981099009513855,
            0.0023053025361150503
         ]
      }
   ]
}