{
   "s": [
      {
         "0": [
            0.28801649808883667,
            0.766093373298645,
            -1.7929842499597726e-7
         ],
         "1": [
            0.3255203366279602,
            0.718242883682251,
            -0.015448974445462227
         ],
         "2": [
            0.3468456268310547,
            0.6518739461898804,
            -0.019775234162807465
         ],
         "3": [
            0.33200719952583313,
            0.5812730193138123,
            -0.02477021887898445
         ],
         "4": [
            0.30719268321990967,
            0.5421216487884521,
            -0.02606673538684845
         ],
         "5": [
            0.3647516667842865,
            0.5975872874259949,
            0.012794535607099533
         ],
         "6": [
            0.36800292134284973,
            0.5245819091796875,
            -0.0022023660130798817
         ],
         "7": [
            0.35026654601097107,
            0.5485475063323975,
            -0.01401598658412695
         ],
         "8": [
            0.3413057029247284,
            0.5802112817764282,
            -0.01947498880326748
         ],
         "9": [
            0.3359858989715576,
            0.5844939351081848,
            0.013313140720129013
         ],
         "10": [
            0.3366384208202362,
            0.5234362483024597,
            -0.004104487132281065
         ],
         "11": [
            0.32358717918395996,
            0.5712817907333374,
            -0.01405692845582962
         ],
         "12": [
            0.3224446177482605,
            0.5995111465454102,
            -0.01536708977073431
         ],
         "13": [
            0.30927127599716187,
            0.5824697017669678,
            0.009573725052177906
         ],
         "14": [
            0.3067481517791748,
            0.5281404852867126,
            -0.009983149357140064
         ],
         "15": [
            0.30225348472595215,
            0.5747811198234558,
            -0.012992423959076405
         ],
         "16": [
            0.30165091156959534,
            0.6069775819778442,
            -0.00844098161906004
         ],
         "17": [
            0.2834800183773041,
            0.5885873436927795,
            0.004486617166548967
         ],
         "18": [
            0.2835618257522583,
            0.5412966012954712,
            -0.007785901427268982
         ],
         "19": [
            0.2813224196434021,
            0.5713281631469727,
            -0.005489708855748177
         ],
         "20": [
            0.2810402810573578,
            0.5989363193511963,
            0.0008086146553978324
         ]
      }
   ]
}