{
   "sch": [
      {
         "0": [
            0.39755478501319885,
            0.743579626083374,
            4.2703621261352964e-7
         ],
         "1": [
            0.4474782943725586,
            0.7307475209236145,
            -0.023147080093622208
         ],
         "2": [
            0.490567684173584,
            0.6936254501342773,
            -0.03397901728749275
         ],
         "3": [
            0.5256394743919373,
            0.6599225997924805,
            -0.043477561324834824
         ],
         "4": [
            0.5582312345504761,
            0.6558232307434082,
            -0.05282628536224365
         ],
         "5": [
            0.4678228795528412,
            0.5451820492744446,
            -0.01568607985973358
         ],
         "6": [
            0.49222445487976074,
            0.47332727909088135,
            -0.027072345837950706
         ],
         "7": [
            0.5055586099624634,
            0.42515891790390015,
            -0.037634607404470444
         ],
         "8": [
            0.5151011943817139,
            0.38269078731536865,
            -0.04620427265763283
         ],
         "9": [
            0.43961334228515625,
            0.5254203677177429,
            -0.015671098604798317
         ],
         "10": [
            0.45013660192489624,
            0.4374837875366211,
            -0.025259533897042274
         ],
         "11": [
            0.4559286832809448,
            0.3797125220298767,
            -0.03487793356180191
         ],
         "12": [
            0.45924481749534607,
            0.32920369505882263,
            -0.04203929379582405
         ],
         "13": [
            0.41036272048950195,
            0.5291075110435486,
            -0.018817303702235222
         ],
         "14": [
            0.4111848473548889,
            0.4458756744861603,
            -0.03140212222933769
         ],
         "15": [
            0.41190385818481445,
            0.39004331827163696,
            -0.043537482619285583
         ],
         "16": [
            0.4127318859100342,
            0.3402628004550934,
            -0.05156780406832695
         ],
         "17": [
            0.37993600964546204,
            0.552350640296936,
            -0.024240760132670403
         ],
         "18": [
            0.3610314130783081,
            0.49536287784576416,
            -0.03886312618851662
         ],
         "19": [
            0.34856826066970825,
            0.45625147223472595,
            -0.04773242399096489
         ],
         "20": [
            0.33907845616340637,
            0.4170377850532532,
            -0.05282628536224365
         ]
      }
   ]
}