{
   "t": [
      {
         "0": [
            0.3878406584262848,
            0.8730208873748779,
            -1.2263011228696996e-7
         ],
         "1": [
            0.43228384852409363,
            0.8030579090118408,
            -0.015971744433045387
         ],
         "2": [
            0.44467973709106445,
            0.6868002414703369,
            -0.018356168642640114
         ],
         "3": [
            0.42831337451934814,
            0.6016052961349487,
            -0.021921081468462944
         ],
         "4": [
            0.4139707088470459,
            0.5386221408843994,
            -0.022734129801392555
         ],
         "5": [
            0.4209679067134857,
            0.63311368227005,
            0.004119974561035633
         ],
         "6": [
            0.4257088899612427,
            0.5547643899917603,
            -0.02547035552561283
         ],
         "7": [
            0.4352187216281891,
            0.5841544270515442,
            -0.04327927902340889
         ],
         "8": [
            0.43853524327278137,
            0.6362029314041138,
            -0.04850155860185623
         ],
         "9": [
            0.3892301619052887,
            0.6449432969093323,
            0.0019397889263927937
         ],
         "10": [
            0.39041566848754883,
            0.5696101188659668,
            -0.03224056214094162
         ],
         "11": [
            0.41005316376686096,
            0.6391182541847229,
            -0.04356072098016739
         ],
         "12": [
            0.42256200313568115,
            0.7039629220962524,
            -0.04055869206786156
         ],
         "13": [
            0.3583224415779114,
            0.6667995452880859,
            -0.005460725631564856
         ],
         "14": [
            0.3728821277618408,
            0.6232043504714966,
            -0.04377961903810501
         ],
         "15": [
            0.39196398854255676,
            0.7135370373725891,
            -0.04152809455990791
         ],
         "16": [
            0.3986749053001404,
            0.7720077037811279,
            -0.026908831670880318
         ],
         "17": [
            0.326429158449173,
            0.6994754076004028,
            -0.013845304027199745
         ],
         "18": [
            0.349062979221344,
            0.663803219795227,
            -0.038995128124952316
         ],
         "19": [
            0.36272069811820984,
            0.7258580923080444,
            -0.033772848546504974
         ],
         "20": [
            0.36376461386680603,
            0.7644153833389282,
            -0.021780360490083694
         ]
      }
   ]
}