{
   "v": [
      {
         "0": [
            0.36276718974113464,
            0.9439194202423096,
            4.118760443816427e-7
         ],
         "1": [
            0.3965409994125366,
            0.91000896692276,
            -0.02570345625281334
         ],
         "2": [
            0.4118797481060028,
            0.8392872214317322,
            -0.03394487872719765
         ],
         "3": [
            0.39016351103782654,
            0.7754808068275452,
            -0.0410928912460804
         ],
         "4": [
            0.3628881573677063,
            0.731476902961731,
            -0.04660893231630325
         ],
         "5": [
            0.4265126585960388,
            0.7227674722671509,
            -0.005720038898289204
         ],
         "6": [
            0.4489634037017822,
            0.6415390372276306,
            -0.0138798663392663
         ],
         "7": [
            0.46178486943244934,
            0.5912930965423584,
            -0.022619040682911873
         ],
         "8": [
            0.47011813521385193,
            0.5473744869232178,
            -0.03012608177959919
         ],
         "9": [
            0.39702463150024414,
            0.7081919312477112,
            -0.004016674589365721
         ],
         "10": [
            0.4025406241416931,
            0.6119898557662964,
            -0.014891684986650944
         ],
         "11": [
            0.40465646982192993,
            0.5539916157722473,
            -0.027743414044380188
         ],
         "12": [
            0.404458224773407,
            0.5036654472351074,
            -0.03645810857415199
         ],
         "13": [
            0.36919814348220825,
            0.7246237993240356,
            -0.005695559550076723
         ],
         "14": [
            0.36942827701568604,
            0.6499098539352417,
            -0.02939169481396675
         ],
         "15": [
            0.37693485617637634,
            0.6966448426246643,
            -0.04050538316369057
         ],
         "16": [
            0.3789163827896118,
            0.7392229437828064,
            -0.04151720181107521
         ],
         "17": [
            0.3451801538467407,
            0.7586503624916077,
            -0.009106367826461792
         ],
         "18": [
            0.3516872525215149,
            0.7037504315376282,
            -0.03203548118472099
         ],
         "19": [
            0.3604799807071686,
            0.7370226383209229,
            -0.037861596792936325
         ],
         "20": [
            0.36445382237434387,
            0.7746174335479736,
            -0.037274088710546494
         ]
      }
   ]
}