{
   "v": [
      {
         "0": [
            0.36248475313186646,
            0.91263747215271,
            3.853986925150821e-7
         ],
         "1": [
            0.3949034512042999,
            0.8818177580833435,
            -0.02925725281238556
         ],
         "2": [
            0.40631791949272156,
            0.8097881078720093,
            -0.03939212113618851
         ],
         "3": [
            0.3827764093875885,
            0.747787594795227,
            -0.047614745795726776
         ],
         "4": [
            0.35475045442581177,
            0.7004449367523193,
            -0.05360643193125725
         ],
         "5": [
            0.42257681488990784,
            0.6959290504455566,
            -0.008947684429585934
         ],
         "6": [
            0.4406734108924866,
            0.6167756915092468,
            -0.019935090094804764
         ],
         "7": [
            0.45085230469703674,
            0.5669397115707397,
            -0.03022930957376957
         ],
         "8": [
            0.4566012918949127,
            0.521676778793335,
            -0.038627222180366516
         ],
         "9": [
            0.39245548844337463,
            0.6835941076278687,
            -0.005900053307414055
         ],
         "10": [
            0.392551451921463,
            0.5911563038825989,
            -0.020365344360470772
         ],
         "11": [
            0.3921832740306854,
            0.5363271236419678,
            -0.03426094725728035
         ],
         "12": [
            0.3897964656352997,
            0.48686742782592773,
            -0.04305724427103996
         ],
         "13": [
            0.3656589686870575,
            0.6998898386955261,
            -0.006788447964936495
         ],
         "14": [
            0.3603501319885254,
            0.6323695182800293,
            -0.03330482915043831
         ],
         "15": [
            0.37076741456985474,
            0.674091100692749,
            -0.045479413121938705
         ],
         "16": [
            0.37671005725860596,
            0.7110053300857544,
            -0.04684985429048538
         ],
         "17": [
            0.34352970123291016,
            0.7315626740455627,
            -0.009760386310517788
         ],
         "18": [
            0.3470644950866699,
            0.6870888471603394,
            -0.03477087616920471
         ],
         "19": [
            0.3576604723930359,
            0.7178450226783752,
            -0.04257918521761894
         ],
         "20": [
            0.3653365969657898,
            0.7506663799285889,
            -0.04328034073114395
         ]
      }
   ]
}