{
   "x": [
      {
         "0": [
            0.38042575120925903,
            0.8546324968338013,
            6.398818896968805e-8
         ],
         "1": [
            0.4159693121910095,
            0.8155670166015625,
            -0.016434837132692337
         ],
         "2": [
            0.43722614645957947,
            0.7246930599212646,
            -0.022460490465164185
         ],
         "3": [
            0.4281601309776306,
            0.6525960564613342,
            -0.028716856613755226
         ],
         "4": [
            0.4086017608642578,
            0.6088247299194336,
            -0.033819664269685745
         ],
         "5": [
            0.4143502116203308,
            0.6540116667747498,
            -0.002030604984611273
         ],
         "6": [
            0.4052391052246094,
            0.5808241367340088,
            -0.016719834879040718
         ],
         "7": [
            0.40972816944122314,
            0.5388234257698059,
            -0.02450975775718689
         ],
         "8": [
            0.4118019938468933,
            0.5279161334037781,
            -0.02769901230931282
         ],
         "9": [
            0.38945460319519043,
            0.6539202332496643,
            -0.0025072963908314705
         ],
         "10": [
            0.39748895168304443,
            0.5831339359283447,
            -0.026979733258485794
         ],
         "11": [
            0.41094112396240234,
            0.6430556774139404,
            -0.03210968151688576
         ],
         "12": [
            0.4121016561985016,
            0.694348156452179,
            -0.026925446465611458
         ],
         "13": [
            0.36644986271858215,
            0.6635145545005798,
            -0.006358151324093342
         ],
         "14": [
            0.3745138347148895,
            0.603272020816803,
            -0.032571107149124146
         ],
         "15": [
            0.3878757953643799,
            0.6610127687454224,
            -0.02898828312754631
         ],
         "16": [
            0.3865186870098114,
            0.7053330540657043,
            -0.017615539953112602
         ],
         "17": [
            0.34072205424308777,
            0.6805269122123718,
            -0.01138631533831358
         ],
         "18": [
            0.34746837615966797,
            0.6205886602401733,
            -0.029503993690013885
         ],
         "19": [
            0.36258620023727417,
            0.6507980823516846,
            -0.02550046145915985
         ],
         "20": [
            0.3655226528644562,
            0.6830868124961853,
            -0.016787691041827202
         ]
      }
   ]
}