{
   "y": [
      {
         "0": [
            0.3910147547721863,
            0.8313468098640442,
            -3.5046664947913087e-7
         ],
         "1": [
            0.4295969307422638,
            0.7760940790176392,
            -0.00840467493981123
         ],
         "2": [
            0.45064714550971985,
            0.6946454644203186,
            -0.010409396141767502
         ],
         "3": [
            0.4625634253025055,
            0.6303604245185852,
            -0.014728846959769726
         ],
         "4": [
            0.47751080989837646,
            0.596849799156189,
            -0.016836903989315033
         ],
         "5": [
            0.40286293625831604,
            0.6496507525444031,
            -0.002967469859868288
         ],
         "6": [
            0.3992004096508026,
            0.5956710577011108,
            -0.01950986683368683
         ],
         "7": [
            0.4087073802947998,
            0.6471380591392517,
            -0.02590293250977993
         ],
         "8": [
            0.4143795669078827,
            0.6909800171852112,
            -0.025227801874279976
         ],
         "9": [
            0.375465989112854,
            0.6635873913764954,
            -0.006093388888984919
         ],
         "10": [
            0.37284237146377563,
            0.6150308847427368,
            -0.029623031616210938
         ],
         "11": [
            0.3892679810523987,
            0.6784677505493164,
            -0.03656722232699394
         ],
         "12": [
            0.3972714841365814,
            0.7252845764160156,
            -0.034280046820640564
         ],
         "13": [
            0.35074666142463684,
            0.6823066473007202,
            -0.011628761887550354
         ],
         "14": [
            0.34514883160591125,
            0.6363742351531982,
            -0.03320535272359848
         ],
         "15": [
            0.36595937609672546,
            0.6921579837799072,
            -0.03331557661294937
         ],
         "16": [
            0.3775334358215332,
            0.7341068983078003,
            -0.026026936247944832
         ],
         "17": [
            0.3275468647480011,
            0.7039209604263306,
            -0.01784271001815796
         ],
         "18": [
            0.3046782314777374,
            0.6476280093193054,
            -0.027087854221463203
         ],
         "19": [
            0.2958822250366211,
            0.611545979976654,
            -0.027404749765992165
         ],
         "20": [
            0.2870807945728302,
            0.5734764933586121,
            -0.025007348507642746
         ]
      }
   ]
}