{
   "a": [
      {
         "0": [
            0.296366810798645,
            0.6792348623275757,
            0
         ],
         "1": [
            0.3406665325164795,
            0.6422944664955139,
            -0.015448429621756077
         ],
         "2": [
            0.36891597509384155,
            0.5622888207435608,
            -0.022467339411377907
         ],
         "3": [
            0.3488386869430542,
            0.5067967772483826,
            -0.02973652072250843
         ],
         "4": [
            0.30800914764404297,
            0.5192741751670837,
            -0.033490557223558426
         ],
         "5": [
            0.33302071690559387,
            0.5044755339622498,
            -0.004968410357832909
         ],
         "6": [
            0.3370870351791382,
            0.451355904340744,
            -0.020055657252669334
         ],
         "7": [
            0.33914121985435486,
            0.5079749226570129,
            -0.022182945162057877
         ],
         "8": [
            0.33387139439582825,
            0.5365960001945496,
            -0.021238746121525764
         ],
         "9": [
            0.3030105531215668,
            0.5104766488075256,
            -0.0066833230666816235
         ],
         "10": [
            0.3073371946811676,
            0.4580456018447876,
            -0.023616304621100426
         ],
         "11": [
            0.3161405920982361,
            0.5298320055007935,
            -0.02107948437333107
         ],
         "12": [
            0.3117247521877289,
            0.5494739413261414,
            -0.01477725338190794
         ],
         "13": [
            0.2760578393936157,
            0.5246002674102783,
            -0.01278647594153881
         ],
         "14": [
            0.2805060148239136,
            0.4853234589099884,
            -0.029691018164157867
         ],
         "15": [
            0.29464730620384216,
            0.5554220080375671,
            -0.021648278459906578
         ],
         "16": [
            0.2907896339893341,
            0.578787624835968,
            -0.011631825007498264
         ],
         "17": [
            0.2479034662246704,
            0.5417991280555725,
            -0.021375257521867752
         ],
         "18": [
            0.25710350275039673,
            0.5016588568687439,
            -0.02894021011888981
         ],
         "19": [
            0.2710084915161133,
            0.5468805432319641,
            -0.023684557527303696
         ],
         "20": [
            0.2683049738407135,
            0.568984866142273,
            -0.016506385058164597
         ]
      }
   ]
}