{
   "a": [
      {
         "0": [
            0.39101970195770264,
            0.67551589012146,
            0
         ],
         "1": [
            0.4339052140712738,
            0.68939608335495,
            -0.032721858471632004
         ],
         "2": [
            0.4825681447982788,
            0.6034353971481323,
            -0.04527735710144043
         ],
         "3": [
            0.49756261706352234,
            0.5178470015525818,
            -0.05419709160923958
         ],
         "4": [
            0.4833066165447235,
            0.4668028950691223,
            -0.06006278842687607
         ],
         "5": [
            0.4530494511127472,
            0.5104485154151917,
            -0.02661377750337124
         ],
         "6": [
            0.4636876881122589,
            0.4573604166507721,
            -0.04719218984246254
         ],
         "7": [
            0.46199390292167664,
            0.5268577933311462,
            -0.04910702258348465
         ],
         "8": [
            0.45591968297958374,
            0.5639259815216064,
            -0.04719218984246254
         ],
         "9": [
            0.4199262857437134,
            0.5065072774887085,
            -0.020142121240496635
         ],
         "10": [
            0.4332563877105713,
            0.44734498858451843,
            -0.044089674949645996
         ],
         "11": [
            0.4334198832511902,
            0.5449486970901489,
            -0.03863602876663208
         ],
         "12": [
            0.4273325204849243,
            0.560897707939148,
            -0.028237752616405487
         ],
         "13": [
            0.38857340812683105,
            0.5129619240760803,
            -0.019463445991277695
         ],
         "14": [
            0.4014081060886383,
            0.4592879116535187,
            -0.044259343296289444
         ],
         "15": [
            0.4063515067100525,
            0.5508934259414673,
            -0.03383682668209076
         ],
         "16": [
            0.39831632375717163,
            0.5698550939559937,
            -0.02074808068573475
         ],
         "17": [
            0.35603228211402893,
            0.5195192694664001,
            -0.022093312814831734
         ],
         "18": [
            0.37371018528938293,
            0.4838646650314331,
            -0.03698781877756119
         ],
         "19": [
            0.3802182376384735,
            0.5466945171356201,
            -0.03226132690906525
         ],
         "20": [
            0.37098217010498047,
            0.5646033883094788,
            -0.02353549934923649
         ]
      }
   ]
}