{
   "b": [
      {
         "0": [
            0.3315482437610626,
            0.7647902369499207,
            0
         ],
         "1": [
            0.3783673346042633,
            0.7198954224586487,
            -0.021186260506510735
         ],
         "2": [
            0.407356858253479,
            0.6351166367530823,
            -0.0254476647824049
         ],
         "3": [
            0.4101314842700958,
            0.5507791638374329,
            -0.028811931610107422
         ],
         "4": [
            0.3983606696128845,
            0.4959983825683594,
            -0.03240048140287399
         ],
         "5": [
            0.37353038787841797,
            0.5288451910018921,
            -0.002194321947172284
         ],
         "6": [
            0.3813749849796295,
            0.4294341504573822,
            -0.00996340811252594
         ],
         "7": [
            0.3833935558795929,
            0.37218719720840454,
            -0.016916226595640182
         ],
         "8": [
            0.38259240984916687,
            0.3196640610694885,
            -0.021945375949144363
         ],
         "9": [
            0.3458573818206787,
            0.5197532773017883,
            -0.0024132151156663895
         ],
         "10": [
            0.35548385977745056,
            0.41434770822525024,
            -0.006396422162652016
         ],
         "11": [
            0.35971882939338684,
            0.34930968284606934,
            -0.014940798282623291
         ],
         "12": [
            0.36236342787742615,
            0.2927665114402771,
            -0.023049546405673027
         ],
         "13": [
            0.31888124346733093,
            0.5297256112098694,
            -0.007133972831070423
         ],
         "14": [
            0.32631823420524597,
            0.43359553813934326,
            -0.0157516747713089
         ],
         "15": [
            0.33078140020370483,
            0.37629252672195435,
            -0.02774226851761341
         ],
         "16": [
            0.335411936044693,
            0.3277987241744995,
            -0.0368516705930233
         ],
         "17": [
            0.2901206314563751,
            0.5535835027694702,
            -0.014776898548007011
         ],
         "18": [
            0.2937273383140564,
            0.4780755043029785,
            -0.025154370814561844
         ],
         "19": [
            0.29931285977363586,
            0.43231725692749023,
            -0.03422926738858223
         ],
         "20": [
            0.3057980537414551,
            0.39027100801467896,
            -0.04061274603009224
         ]
      }
   ]
}