{
   "e": [
      {
         "0": [
            0.32738354802131653,
            0.7502310276031494,
            0
         ],
         "1": [
            0.39490094780921936,
            0.7009710669517517,
            -0.021833324804902077
         ],
         "2": [
            0.44196781516075134,
            0.5849547982215881,
            -0.02950998581945896
         ],
         "3": [
            0.42395535111427307,
            0.4907647371292114,
            -0.040212154388427734
         ],
         "4": [
            0.36577677726745605,
            0.4899371564388275,
            -0.046421218663454056
         ],
         "5": [
            0.39947208762168884,
            0.44482648372650146,
            0.005723627749830484
         ],
         "6": [
            0.40234243869781494,
            0.3155255913734436,
            -0.014043773524463177
         ],
         "7": [
            0.4171734154224396,
            0.38494688272476196,
            -0.0213478896766901
         ],
         "8": [
            0.4131723642349243,
            0.4590184688568115,
            -0.02212684601545334
         ],
         "9": [
            0.36260631680488586,
            0.43448612093925476,
            0.0009010198409669101
         ],
         "10": [
            0.3630200922489166,
            0.29327094554901123,
            -0.017475690692663193
         ],
         "11": [
            0.3827674984931946,
            0.3673759698867798,
            -0.02223973721265793
         ],
         "12": [
            0.38037335872650146,
            0.4441336393356323,
            -0.02038830704987049
         ],
         "13": [
            0.3277229070663452,
            0.44270581007003784,
            -0.011204537935554981
         ],
         "14": [
            0.3255935609340668,
            0.30816614627838135,
            -0.02652963623404503
         ],
         "15": [
            0.34905368089675903,
            0.37313854694366455,
            -0.022928377613425255
         ],
         "16": [
            0.3502812385559082,
            0.45174577832221985,
            -0.016166143119335175
         ],
         "17": [
            0.2894516587257385,
            0.4648979902267456,
            -0.02813270315527916
         ],
         "18": [
            0.2944709360599518,
            0.355267196893692,
            -0.034815914928913116
         ],
         "19": [
            0.31670111417770386,
            0.3786122500896454,
            -0.030864691361784935
         ],
         "20": [
            0.32342633605003357,
            0.4301183223724365,
            -0.02458789199590683
         ]
      }
   ]
}