{
   "l": [
      {
         "0": [
            0.25027939677238464,
            0.6983885765075684,
            0
         ],
         "1": [
            0.31616711616516113,
            0.6492490768432617,
            -0.012682433240115643
         ],
         "2": [
            0.3699105679988861,
            0.6085250973701477,
            -0.01895884983241558
         ],
         "3": [
            0.4160718321800232,
            0.5730100274085999,
            -0.02969725988805294
         ],
         "4": [
            0.45169416069984436,
            0.5576401352882385,
            -0.038954511284828186
         ],
         "5": [
            0.3261200189590454,
            0.45474153757095337,
            0.02438359707593918
         ],
         "6": [
            0.3403412401676178,
            0.3506971001625061,
            0.00945628248155117
         ],
         "7": [
            0.34483426809310913,
            0.288302481174469,
            -0.005605265498161316
         ],
         "8": [
            0.3501112163066864,
            0.23110732436180115,
            -0.015431836247444153
         ],
         "9": [
            0.29108569025993347,
            0.4483157694339752,
            0.017588775604963303
         ],
         "10": [
            0.29007840156555176,
            0.38177424669265747,
            -0.008252838626503944
         ],
         "11": [
            0.2872062921524048,
            0.4691365659236908,
            -0.017394373193383217
         ],
         "12": [
            0.28869834542274475,
            0.5302325487136841,
            -0.013561872765421867
         ],
         "13": [
            0.2540956139564514,
            0.45907166600227356,
            0.0047049978747963905
         ],
         "14": [
            0.25458502769470215,
            0.4057367146015167,
            -0.019903087988495827
         ],
         "15": [
            0.2566285729408264,
            0.49312931299209595,
            -0.019773487001657486
         ],
         "16": [
            0.26346322894096375,
            0.5374097228050232,
            -0.011238303035497665
         ],
         "17": [
            0.22200128436088562,
            0.4844997227191925,
            -0.011497505940496922
         ],
         "18": [
            0.2185763567686081,
            0.42004045844078064,
            -0.02336530201137066
         ],
         "19": [
            0.2288697361946106,
            0.4732513427734375,
            -0.021180590614676476
         ],
         "20": [
            0.2381652295589447,
            0.5049740672111511,
            -0.014376510865986347
         ]
      }
   ]
}