{
   "l": [
      {
         "0": [
            0.24719923734664917,
            0.7336264848709106,
            0
         ],
         "1": [
            0.31910035014152527,
            0.6677923202514648,
            -0.007209822069853544
         ],
         "2": [
            0.3775579631328583,
            0.6236374974250793,
            -0.009989512152969837
         ],
         "3": [
            0.42848503589630127,
            0.581439733505249,
            -0.018466545268893242
         ],
         "4": [
            0.466242253780365,
            0.5567057132720947,
            -0.02495589852333069
         ],
         "5": [
            0.3275873064994812,
            0.46137019991874695,
            0.03869083896279335
         ],
         "6": [
            0.3428637385368347,
            0.3484349250793457,
            0.025875648483633995
         ],
         "7": [
            0.34758278727531433,
            0.28224748373031616,
            0.012018073350191116
         ],
         "8": [
            0.3526230454444885,
            0.21828106045722961,
            0.0030453961808234453
         ],
         "9": [
            0.2912791073322296,
            0.45611411333084106,
            0.02967728301882744
         ],
         "10": [
            0.29444706439971924,
            0.37763968110084534,
            0.004161871038377285
         ],
         "11": [
            0.29298123717308044,
            0.47924625873565674,
            -0.0041772001422941685
         ],
         "12": [
            0.29354631900787354,
            0.5439009666442871,
            0.0015980665339156985
         ],
         "13": [
            0.2520233392715454,
            0.4699188768863678,
            0.014113061130046844
         ],
         "14": [
            0.2542000114917755,
            0.41271549463272095,
            -0.009723806753754616
         ],
         "15": [
            0.2572993338108063,
            0.5130266547203064,
            -0.008180669508874416
         ],
         "16": [
            0.2626320719718933,
            0.5532597303390503,
            0.0021524715702980757
         ],
         "17": [
            0.2177070528268814,
            0.5036715865135193,
            -0.0045374357141554356
         ],
         "18": [
            0.2144269198179245,
            0.43182122707366943,
            -0.014695568941533566
         ],
         "19": [
            0.2289605736732483,
            0.49805277585983276,
            -0.010832617990672588
         ],
         "20": [
            0.23821601271629333,
            0.5325482487678528,
            -0.0020579416304826736
         ]
      }
   ]
}