{
   "l": [
      {
         "0": [
            0.31037086248397827,
            0.6577590703964233,
            0
         ],
         "1": [
            0.3712201416492462,
            0.6212474703788757,
            -0.013052958995103836
         ],
         "2": [
            0.4224787652492523,
            0.5817641019821167,
            -0.024834703654050827
         ],
         "3": [
            0.4742199182510376,
            0.542386531829834,
            -0.03968394175171852
         ],
         "4": [
            0.5136743783950806,
            0.5177335739135742,
            -0.051880210638046265
         ],
         "5": [
            0.39520612359046936,
            0.420683354139328,
            0.01785224862396717
         ],
         "6": [
            0.4078340530395508,
            0.32038670778274536,
            0.009451189078390598
         ],
         "7": [
            0.4120498299598694,
            0.26475879549980164,
            0.003852787660434842
         ],
         "8": [
            0.4154331386089325,
            0.20305776596069336,
            -0.0007939321803860366
         ],
         "9": [
            0.36131057143211365,
            0.42083948850631714,
            0.012822666205465794
         ],
         "10": [
            0.367669016122818,
            0.37981879711151123,
            -0.0009004422463476658
         ],
         "11": [
            0.36596301198005676,
            0.47344130277633667,
            0.0025055785663425922
         ],
         "12": [
            0.36777210235595703,
            0.48433852195739746,
            0.010768461041152477
         ],
         "13": [
            0.3277602195739746,
            0.42931827902793884,
            0.0021658975165337324
         ],
         "14": [
            0.3305627405643463,
            0.3901311159133911,
            -0.01841416023671627
         ],
         "15": [
            0.33319929242134094,
            0.484704852104187,
            -0.01584409922361374
         ],
         "16": [
            0.3357307016849518,
            0.48351773619651794,
            -0.008004955016076565
         ],
         "17": [
            0.29564714431762695,
            0.4457443654537201,
            -0.010575015097856522
         ],
         "18": [
            0.29904109239578247,
            0.39303550124168396,
            -0.023950383067131042
         ],
         "19": [
            0.30923113226890564,
            0.45886239409446716,
            -0.021444804966449738
         ],
         "20": [
            0.3103172481060028,
            0.48476356267929077,
            -0.015005836263298988
         ]
      }
   ]
}