{
   "n-DGS": [
      {
         "0": [
            0.3961825668811798,
            0.10896456241607666,
            0
         ],
         "1": [
            0.4677696228027344,
            0.22432054579257965,
            0.01981024630367756
         ],
         "2": [
            0.4768702983856201,
            0.3748075067996979,
            0.009099412709474564
         ],
         "3": [
            0.43174606561660767,
            0.48663753271102905,
            0.0023771654814481735
         ],
         "4": [
            0.391940712928772,
            0.5412217974662781,
            -0.00388147821649909
         ],
         "5": [
            0.4767812490463257,
            0.40550267696380615,
            -0.09371819347143173
         ],
         "6": [
            0.4663916230201721,
            0.6190100908279419,
            -0.12042172998189926
         ],
         "7": [
            0.455964058637619,
            0.7279163002967834,
            -0.12881135940551758
         ],
         "8": [
            0.44527700543403625,
            0.8219618797302246,
            -0.13321079313755035
         ],
         "9": [
            0.40573593974113464,
            0.3949594795703888,
            -0.10185202956199646
         ],
         "10": [
            0.4147503077983856,
            0.6313667893409729,
            -0.12308186292648315
         ],
         "11": [
            0.4140884280204773,
            0.757848858833313,
            -0.11530611664056778
         ],
         "12": [
            0.40667369961738586,
            0.8580912947654724,
            -0.11346449702978134
         ],
         "13": [
            0.3485344350337982,
            0.38190820813179016,
            -0.0986291840672493
         ],
         "14": [
            0.36307159066200256,
            0.5683420896530151,
            -0.08225920051336288
         ],
         "15": [
            0.3856240212917328,
            0.5171037316322327,
            -0.036013975739479065
         ],
         "16": [
            0.39142048358917236,
            0.45306089520454407,
            -0.013965647667646408
         ],
         "17": [
            0.300919771194458,
            0.37316641211509705,
            -0.09530403465032578
         ],
         "18": [
            0.33068567514419556,
            0.5130406022071838,
            -0.07294876873493195
         ],
         "19": [
            0.34979334473609924,
            0.4749182462692261,
            -0.04031109809875488
         ],
         "20": [
            0.353225976228714,
            0.42586374282836914,
            -0.0211019404232502
         ]
      }
   ]
}