{
   "q": [
      {
         "0": [
            0.3755607604980469,
            0.5392909049987793,
            0
         ],
         "1": [
            0.41803184151649475,
            0.5557219386100769,
            -0.04151519015431404
         ],
         "2": [
            0.4481643736362457,
            0.5963648557662964,
            -0.0962010994553566
         ],
         "3": [
            0.44776448607444763,
            0.6776403784751892,
            -0.14389006793498993
         ],
         "4": [
            0.4457818865776062,
            0.7545813322067261,
            -0.1882314682006836
         ],
         "5": [
            0.4505019187927246,
            0.45153433084487915,
            -0.1420242041349411
         ],
         "6": [
            0.46246257424354553,
            0.6151891946792603,
            -0.20315827429294586
         ],
         "7": [
            0.46055740118026733,
            0.7172473669052124,
            -0.2335606813430786
         ],
         "8": [
            0.4613097906112671,
            0.7828696966171265,
            -0.2513411343097687
         ],
         "9": [
            0.40296995639801025,
            0.4545139670372009,
            -0.15091444551944733
         ],
         "10": [
            0.4141038656234741,
            0.6314226984977722,
            -0.21709729731082916
         ],
         "11": [
            0.41435107588768005,
            0.6755018830299377,
            -0.2252192199230194
         ],
         "12": [
            0.41820257902145386,
            0.6610059142112732,
            -0.23246312141418457
         ],
         "13": [
            0.3569485545158386,
            0.4808894395828247,
            -0.1566217541694641
         ],
         "14": [
            0.3704338073730469,
            0.6293045878410339,
            -0.19975584745407104
         ],
         "15": [
            0.3754221200942993,
            0.626010000705719,
            -0.18296317756175995
         ],
         "16": [
            0.37763217091560364,
            0.5831874012947083,
            -0.17396318912506104
         ],
         "17": [
            0.31939828395843506,
            0.5199859142303467,
            -0.1657314896583557
         ],
         "18": [
            0.33930912613868713,
            0.6197690963745117,
            -0.18878024816513062
         ],
         "19": [
            0.34820693731307983,
            0.6200801134109497,
            -0.1776949018239975
         ],
         "20": [
            0.35064178705215454,
            0.5892865657806396,
            -0.17165832221508026
         ]
      }
   ]
}