{
   "s": [
      {
         "0": [
            0.2850732207298279,
            0.5516419410705566,
            0
         ],
         "1": [
            0.3304281532764435,
            0.5369975566864014,
            -0.045251041650772095
         ],
         "2": [
            0.3574843406677246,
            0.4108585715293884,
            -0.059699010103940964
         ],
         "3": [
            0.3301202356815338,
            0.3154824674129486,
            -0.06813663244247437
         ],
         "4": [
            0.28133532404899597,
            0.30827587842941284,
            -0.07293335348367691
         ],
         "5": [
            0.31873294711112976,
            0.33106979727745056,
            -0.03314364328980446
         ],
         "6": [
            0.31593263149261475,
            0.2545827031135559,
            -0.05611591413617134
         ],
         "7": [
            0.3210452198982239,
            0.32568085193634033,
            -0.05874544754624367
         ],
         "8": [
            0.31697702407836914,
            0.3579730689525604,
            -0.057040587067604065
         ],
         "9": [
            0.281281054019928,
            0.3426516354084015,
            -0.019967095926404
         ],
         "10": [
            0.27466753125190735,
            0.2596295475959778,
            -0.04614681378006935
         ],
         "11": [
            0.29222285747528076,
            0.365572988986969,
            -0.03984750062227249
         ],
         "12": [
            0.2913605272769928,
            0.379928320646286,
            -0.027884582057595253
         ],
         "13": [
            0.24929015338420868,
            0.365119069814682,
            -0.014093995094299316
         ],
         "14": [
            0.24122169613838196,
            0.2889193594455719,
            -0.04077216982841492
         ],
         "15": [
            0.26470401883125305,
            0.3845072388648987,
            -0.02905486710369587
         ],
         "16": [
            0.2658529281616211,
            0.4135545492172241,
            -0.014065098948776722
         ],
         "17": [
            0.21526309847831726,
            0.38753312826156616,
            -0.012981501407921314
         ],
         "18": [
            0.21787503361701965,
            0.32982853055000305,
            -0.028187990188598633
         ],
         "19": [
            0.23571822047233582,
            0.3934892416000366,
            -0.023275678977370262
         ],
         "20": [
            0.2360268235206604,
            0.42208898067474365,
            -0.013595541007816792
         ]
      }
   ]
}