{
   "u": [
      {
         "0": [
            0.2898285686969757,
            0.7948764562606812,
            0
         ],
         "1": [
            0.3206227719783783,
            0.7214997410774231,
            -0.01882038079202175
         ],
         "2": [
            0.32082632184028625,
            0.6197072267532349,
            -0.025679001584649086
         ],
         "3": [
            0.27729493379592896,
            0.5560316443443298,
            -0.03327247500419617
         ],
         "4": [
            0.23696181178092957,
            0.5168004631996155,
            -0.038538914173841476
         ],
         "5": [
            0.32018473744392395,
            0.5005360245704651,
            0.0016904153162613511
         ],
         "6": [
            0.3169246017932892,
            0.3952285051345825,
            -0.010318550281226635
         ],
         "7": [
            0.31174832582473755,
            0.32756200432777405,
            -0.01622798480093479
         ],
         "8": [
            0.30573412775993347,
            0.27109861373901367,
            -0.020239053294062614
         ],
         "9": [
            0.28153905272483826,
            0.5100048780441284,
            -0.0020182919688522816
         ],
         "10": [
            0.28134799003601074,
            0.37988561391830444,
            -0.013125277124345303
         ],
         "11": [
            0.28525128960609436,
            0.3084336519241333,
            -0.018942855298519135
         ],
         "12": [
            0.2852669656276703,
            0.25289490818977356,
            -0.02253546752035618
         ],
         "13": [
            0.2516573667526245,
            0.5480070114135742,
            -0.01099216379225254
         ],
         "14": [
            0.24332091212272644,
            0.49319013953208923,
            -0.027291594073176384
         ],
         "15": [
            0.2646382749080658,
            0.5572382807731628,
            -0.02331114374101162
         ],
         "16": [
            0.2759491205215454,
            0.6032828092575073,
            -0.014513330534100533
         ],
         "17": [
            0.2268507182598114,
            0.6059283018112183,
            -0.02418888546526432
         ],
         "18": [
            0.22649909555912018,
            0.5587766170501709,
            -0.039192114025354385
         ],
         "19": [
            0.24946075677871704,
            0.6057649254798889,
            -0.03798777982592583
         ],
         "20": [
            0.2661651074886322,
            0.6466134786605835,
            -0.031333282589912415
         ]
      }
   ]
}