{
   "u": [
      {
         "0": [
            0.3258492946624756,
            0.8012882471084595,
            0
         ],
         "1": [
            0.37125757336616516,
            0.7290856838226318,
            -0.006419026758521795
         ],
         "2": [
            0.3888998031616211,
            0.6309608817100525,
            -0.015372955240309238
         ],
         "3": [
            0.3633589744567871,
            0.5618346333503723,
            -0.02939668670296669
         ],
         "4": [
            0.3244205415248871,
            0.541406512260437,
            -0.04186677187681198
         ],
         "5": [
            0.36362406611442566,
            0.5183416604995728,
            0.0009128969395533204
         ],
         "6": [
            0.37003982067108154,
            0.40291231870651245,
            -0.016027122735977173
         ],
         "7": [
            0.36910727620124817,
            0.33286580443382263,
            -0.02457219548523426
         ],
         "8": [
            0.3649250864982605,
            0.2748221457004547,
            -0.03045971319079399
         ],
         "9": [
            0.3274742364883423,
            0.5221866369247437,
            -0.01408506091684103
         ],
         "10": [
            0.3371041417121887,
            0.3842852711677551,
            -0.0300508551299572
         ],
         "11": [
            0.3463270664215088,
            0.30545860528945923,
            -0.03732847794890404
         ],
         "12": [
            0.3493979871273041,
            0.24122652411460876,
            -0.042316511273384094
         ],
         "13": [
            0.2964528799057007,
            0.5520004034042358,
            -0.03299460932612419
         ],
         "14": [
            0.31300365924835205,
            0.47315195202827454,
            -0.04967590421438217
         ],
         "15": [
            0.33526137471199036,
            0.5435794591903687,
            -0.0418054424226284
         ],
         "16": [
            0.3445369601249695,
            0.6027001142501831,
            -0.032790184020996094
         ],
         "17": [
            0.2714380621910095,
            0.5975727438926697,
            -0.05552253499627113
         ],
         "18": [
            0.2997317612171173,
            0.5511642694473267,
            -0.06713401526212692
         ],
         "19": [
            0.3285015821456909,
            0.5961905121803284,
            -0.06165536120533943
         ],
         "20": [
            0.3435441255569458,
            0.6398913264274597,
            -0.05441862344741821
         ]
      }
   ]
}