{
   "v": [
      {
         "0": [
            0.26852884888648987,
            0.9008980989456177,
            0
         ],
         "1": [
            0.30648648738861084,
            0.7951557636260986,
            -0.03313623368740082
         ],
         "2": [
            0.3004351258277893,
            0.6584147214889526,
            -0.04786991700530052
         ],
         "3": [
            0.2358701527118683,
            0.571445643901825,
            -0.06359361857175827
         ],
         "4": [
            0.17776642739772797,
            0.5090705156326294,
            -0.07576491683721542
         ],
         "5": [
            0.30195140838623047,
            0.4669373631477356,
            -0.002214784501120448
         ],
         "6": [
            0.31500256061553955,
            0.3155534863471985,
            -0.02393495850265026
         ],
         "7": [
            0.3205404281616211,
            0.21623662114143372,
            -0.036863330751657486
         ],
         "8": [
            0.3227410614490509,
            0.1325770914554596,
            -0.04586077854037285
         ],
         "9": [
            0.2452099323272705,
            0.49215179681777954,
            -0.00623124185949564
         ],
         "10": [
            0.20776627957820892,
            0.3147796094417572,
            -0.02876853570342064
         ],
         "11": [
            0.18346574902534485,
            0.20984187722206116,
            -0.04172602668404579
         ],
         "12": [
            0.16178154945373535,
            0.13118332624435425,
            -0.049471404403448105
         ],
         "13": [
            0.20543071627616882,
            0.5612630248069763,
            -0.018504459410905838
         ],
         "14": [
            0.18713513016700745,
            0.5056025981903076,
            -0.04856874793767929
         ],
         "15": [
            0.22256013751029968,
            0.5821847915649414,
            -0.046443138271570206
         ],
         "16": [
            0.24047315120697021,
            0.6339142322540283,
            -0.034999780356884
         ],
         "17": [
            0.17680279910564423,
            0.6552287936210632,
            -0.037416569888591766
         ],
         "18": [
            0.16920305788516998,
            0.6002155542373657,
            -0.06499128043651581
         ],
         "19": [
            0.20047640800476074,
            0.6535037755966187,
            -0.06598128378391266
         ],
         "20": [
            0.22331322729587555,
            0.6951468586921692,
            -0.05744972452521324
         ]
      }
   ]
}