{
   "w": [
      {
         "0": [
            0.3856236934661865,
            0.9811586141586304,
            0
         ],
         "1": [
            0.43827277421951294,
            0.8900679349899292,
            -0.017449071630835533
         ],
         "2": [
            0.453957200050354,
            0.7583237886428833,
            -0.030997762456536293
         ],
         "3": [
            0.3904227018356323,
            0.6807727813720703,
            -0.04900402948260307
         ],
         "4": [
            0.32767683267593384,
            0.6475772857666016,
            -0.0695616826415062
         ],
         "5": [
            0.4299299120903015,
            0.5687214136123657,
            -0.00483515253290534
         ],
         "6": [
            0.4549778699874878,
            0.41441816091537476,
            -0.021525409072637558
         ],
         "7": [
            0.4645671844482422,
            0.3200720548629761,
            -0.03398903086781502
         ],
         "8": [
            0.4698439836502075,
            0.23665103316307068,
            -0.04539690911769867
         ],
         "9": [
            0.3773147463798523,
            0.5666707754135132,
            -0.02532314881682396
         ],
         "10": [
            0.37087005376815796,
            0.38375842571258545,
            -0.029766064137220383
         ],
         "11": [
            0.36375540494918823,
            0.27933457493782043,
            -0.03961965814232826
         ],
         "12": [
            0.3569135367870331,
            0.19025170803070068,
            -0.054898589849472046
         ],
         "13": [
            0.3351147770881653,
            0.6117729544639587,
            -0.05202462524175644
         ],
         "14": [
            0.3056618571281433,
            0.46553993225097656,
            -0.07267025113105774
         ],
         "15": [
            0.28546902537345886,
            0.36485555768013,
            -0.09677635878324509
         ],
         "16": [
            0.2675014138221741,
            0.25202810764312744,
            -0.11689411848783493
         ],
         "17": [
            0.3053106367588043,
            0.6992430090904236,
            -0.08170270919799805
         ],
         "18": [
            0.315857857465744,
            0.616527259349823,
            -0.10563285648822784
         ],
         "19": [
            0.3475801348686218,
            0.6791744232177734,
            -0.11413745582103729
         ],
         "20": [
            0.3764195144176483,
            0.7486602067947388,
            -0.12129303812980652
         ]
      }
   ]
}