{
   "x": [
      {
         "0": [
            0.3248535990715027,
            0.8135862350463867,
            0
         ],
         "1": [
            0.3756731152534485,
            0.745282769203186,
            -0.015980523079633713
         ],
         "2": [
            0.40607428550720215,
            0.6411899328231812,
            -0.030245620757341385
         ],
         "3": [
            0.38604187965393066,
            0.5627257823944092,
            -0.048889562487602234
         ],
         "4": [
            0.34044715762138367,
            0.5266308784484863,
            -0.06333523243665695
         ],
         "5": [
            0.3709201216697693,
            0.4845658540725708,
            0.0024772067554295063
         ],
         "6": [
            0.3620847463607788,
            0.3566855788230896,
            -0.02649877406656742
         ],
         "7": [
            0.379281222820282,
            0.3134883642196655,
            -0.043404720723629
         ],
         "8": [
            0.39499831199645996,
            0.30717933177948,
            -0.051146697252988815
         ],
         "9": [
            0.33286482095718384,
            0.5041471123695374,
            -0.008249832317233086
         ],
         "10": [
            0.3407672047615051,
            0.43376681208610535,
            -0.04232129827141762
         ],
         "11": [
            0.35821908712387085,
            0.5155386328697205,
            -0.047851283103227615
         ],
         "12": [
            0.36064210534095764,
            0.5605933666229248,
            -0.04153130203485489
         ],
         "13": [
            0.29880133271217346,
            0.5414267182350159,
            -0.025189638137817383
         ],
         "14": [
            0.3087371289730072,
            0.48285940289497375,
            -0.05277183651924133
         ],
         "15": [
            0.329550176858902,
            0.5557512640953064,
            -0.04205043986439705
         ],
         "16": [
            0.3310939073562622,
            0.5971025824546814,
            -0.027537059038877487
         ],
         "17": [
            0.26515769958496094,
            0.5911068320274353,
            -0.046677567064762115
         ],
         "18": [
            0.2737126350402832,
            0.5346977114677429,
            -0.059814102947711945
         ],
         "19": [
            0.2951679229736328,
            0.5698336362838745,
            -0.051462698727846146
         ],
         "20": [
            0.30080199241638184,
            0.5941534042358398,
            -0.04015444591641426
         ]
      }
   ]
}