{
   "x": [
      {
         "0": [
            0.3329785466194153,
            0.8061143755912781,
            0
         ],
         "1": [
            0.3819625973701477,
            0.7306320071220398,
            -0.018685240298509598
         ],
         "2": [
            0.4082087576389313,
            0.6234230399131775,
            -0.031940970569849014
         ],
         "3": [
            0.37895873188972473,
            0.5466126799583435,
            -0.04902461916208267
         ],
         "4": [
            0.3299776315689087,
            0.5098661184310913,
            -0.062155406922101974
         ],
         "5": [
            0.3808059096336365,
            0.45439374446868896,
            0.008411197923123837
         ],
         "6": [
            0.38147875666618347,
            0.34556227922439575,
            -0.017549360170960426
         ],
         "7": [
            0.39475083351135254,
            0.3003700077533722,
            -0.03353120759129524
         ],
         "8": [
            0.4059867858886719,
            0.2723948359489441,
            -0.04159596189856529
         ],
         "9": [
            0.3364839553833008,
            0.46909698843955994,
            -0.000920773483812809
         ],
         "10": [
            0.33801859617233276,
            0.40401357412338257,
            -0.035235024988651276
         ],
         "11": [
            0.349886029958725,
            0.5023943781852722,
            -0.0387108214199543
         ],
         "12": [
            0.35219815373420715,
            0.5550119280815125,
            -0.029373880475759506
         ],
         "13": [
            0.2972833216190338,
            0.5078638195991516,
            -0.017413053661584854
         ],
         "14": [
            0.30052560567855835,
            0.46226590871810913,
            -0.04600317403674126
         ],
         "15": [
            0.3177643120288849,
            0.5526582598686218,
            -0.03428088501095772
         ],
         "16": [
            0.32011860609054565,
            0.5941585898399353,
            -0.01712908409535885
         ],
         "17": [
            0.2605648934841156,
            0.5633130073547363,
            -0.038960717618465424
         ],
         "18": [
            0.2620486915111542,
            0.5098634958267212,
            -0.05256856977939606
         ],
         "19": [
            0.2799137830734253,
            0.5545184016227722,
            -0.04402674734592438
         ],
         "20": [
            0.2861323356628418,
            0.5825194120407104,
            -0.0312594436109066
         ]
      }
   ]
}