{
   "y": [
      {
         "0": [
            0.3526782691478729,
            0.783230185508728,
            0
         ],
         "1": [
            0.41457104682922363,
            0.72804856300354,
            -0.029922857880592346
         ],
         "2": [
            0.46661117672920227,
            0.6261570453643799,
            -0.047683075070381165
         ],
         "3": [
            0.5069540143013,
            0.5438165068626404,
            -0.06772378832101822
         ],
         "4": [
            0.5403587818145752,
            0.5063426494598389,
            -0.08269673585891724
         ],
         "5": [
            0.4031587541103363,
            0.5135245323181152,
            -0.019614560529589653
         ],
         "6": [
            0.3901188373565674,
            0.5052468776702881,
            -0.05652863159775734
         ],
         "7": [
            0.39626049995422363,
            0.5984986424446106,
            -0.07108694314956665
         ],
         "8": [
            0.4046839475631714,
            0.6553864479064941,
            -0.0769839808344841
         ],
         "9": [
            0.3550398051738739,
            0.5185514688491821,
            -0.025223657488822937
         ],
         "10": [
            0.3393597900867462,
            0.5088794827461243,
            -0.07620078325271606
         ],
         "11": [
            0.3638874292373657,
            0.6213258504867554,
            -0.08592167496681213
         ],
         "12": [
            0.382186621427536,
            0.649168074131012,
            -0.0819135382771492
         ],
         "13": [
            0.31191423535346985,
            0.5402511954307556,
            -0.03694862499833107
         ],
         "14": [
            0.29228055477142334,
            0.5131530165672302,
            -0.08145282417535782
         ],
         "15": [
            0.32239094376564026,
            0.612932026386261,
            -0.07666148245334625
         ],
         "16": [
            0.3464863896369934,
            0.6655985116958618,
            -0.06247173994779587
         ],
         "17": [
            0.2786884307861328,
            0.5745850801467896,
            -0.05316547676920891
         ],
         "18": [
            0.24350346624851227,
            0.5102951526641846,
            -0.080623559653759
         ],
         "19": [
            0.21651005744934082,
            0.46723562479019165,
            -0.08569132536649704
         ],
         "20": [
            0.1902666687965393,
            0.40820980072021484,
            -0.08159103989601135
         ]
      }
   ]
}