{
   "y": [
      {
         "0": [
            0.36632174253463745,
            0.7851212620735168,
            0
         ],
         "1": [
            0.43009212613105774,
            0.726382315158844,
            -0.01604682207107544
         ],
         "2": [
            0.479881227016449,
            0.6232325434684753,
            -0.026457687839865685
         ],
         "3": [
            0.5129092335700989,
            0.5352987051010132,
            -0.04188947379589081
         ],
         "4": [
            0.539139986038208,
            0.48928630352020264,
            -0.0518418550491333
         ],
         "5": [
            0.4100722074508667,
            0.5123888850212097,
            0.0026083076372742653
         ],
         "6": [
            0.40388596057891846,
            0.45885902643203735,
            -0.026301132515072823
         ],
         "7": [
            0.4128267467021942,
            0.5497245192527771,
            -0.036253515630960464
         ],
         "8": [
            0.4192523658275604,
            0.6144455671310425,
            -0.03922804817557335
         ],
         "9": [
            0.3650291860103607,
            0.5181935429573059,
            -0.008660810999572277
         ],
         "10": [
            0.3588101267814636,
            0.4608471393585205,
            -0.05211023986339569
         ],
         "11": [
            0.38353675603866577,
            0.5729156136512756,
            -0.06065363064408302
         ],
         "12": [
            0.39644521474838257,
            0.6257538795471191,
            -0.05506240576505661
         ],
         "13": [
            0.3245343863964081,
            0.5368537902832031,
            -0.025451265275478363
         ],
         "14": [
            0.3098219633102417,
            0.45734280347824097,
            -0.06230863556265831
         ],
         "15": [
            0.34012463688850403,
            0.5519542098045349,
            -0.05542024224996567
         ],
         "16": [
            0.35858532786369324,
            0.6178752779960632,
            -0.0409054160118103
         ],
         "17": [
            0.2885681390762329,
            0.5660796165466309,
            -0.04607170820236206
         ],
         "18": [
            0.2558336853981018,
            0.4883307218551636,
            -0.06709472835063934
         ],
         "19": [
            0.23534651100635529,
            0.436461865901947,
            -0.06906282901763916
         ],
         "20": [
            0.2147177755832672,
            0.37645307183265686,
            -0.06365053355693817
         ]
      }
   ]
}