{
   "a": [
      {
         "0": [
            0.601394772529602,
            0.6106702089309692,
            -1.4229891576178488e-7
         ],
         "1": [
            0.6923887133598328,
            0.5368455648422241,
            -0.021622616797685623
         ],
         "2": [
            0.7569223642349243,
            0.43387043476104736,
            -0.030904941260814667
         ],
         "3": [
            0.7796468734741211,
            0.3089781403541565,
            -0.04357054457068443
         ],
         "4": [
            0.7570275664329529,
            0.20679329335689545,
            -0.053611937910318375
         ],
         "5": [
            0.7000011801719666,
            0.30452093482017517,
            0.01055105496197939
         ],
         "6": [
            0.7110304236412048,
            0.20342499017715454,
            -0.034223154187202454
         ],
         "7": [
            0.721849262714386,
            0.291131854057312,
            -0.06731855124235153
         ],
         "8": [
            0.7195199131965637,
            0.37614500522613525,
            -0.08059141039848328
         ],
         "9": [
            0.6493780016899109,
            0.3055764436721802,
            0.00564964022487402
         ],
         "10": [
            0.6638002395629883,
            0.1907959133386612,
            -0.04463324323296547
         ],
         "11": [
            0.6779449582099915,
            0.3103383779525757,
            -0.07174284011125565
         ],
         "12": [
            0.673957884311676,
            0.40195661783218384,
            -0.07751176506280899
         ],
         "13": [
            0.5994960069656372,
            0.3144797682762146,
            -0.0057526566088199615
         ],
         "14": [
            0.6132906675338745,
            0.19911672174930573,
            -0.055260203778743744
         ],
         "15": [
            0.6327832937240601,
            0.3222018778324127,
            -0.05643133819103241
         ],
         "16": [
            0.6305385828018188,
            0.4111195206642151,
            -0.041770465672016144
         ],
         "17": [
            0.5448254942893982,
            0.3314546048641205,
            -0.01873815432190895
         ],
         "18": [
            0.5706530213356018,
            0.2362235188484192,
            -0.05283118411898613
         ],
         "19": [
            0.591276228427887,
            0.322317898273468,
            -0.04671525955200195
         ],
         "20": [
            0.5921798348426819,
            0.3963946998119354,
            -0.031100131571292877
         ]
      }
   ]
}