{
   "a": [
      {
         "0": [
            0.1988615244626999,
            0.5827715396881104,
            0
         ],
         "1": [
            0.24526290595531464,
            0.6099072098731995,
            -0.052631162106990814
         ],
         "2": [
            0.3031643033027649,
            0.5135270357131958,
            -0.0658753365278244
         ],
         "3": [
            0.3232885003089905,
            0.4065340459346771,
            -0.07053957879543304
         ],
         "4": [
            0.33142417669296265,
            0.33842867612838745,
            -0.07105783373117447
         ],
         "5": [
            0.2886658012866974,
            0.4009954035282135,
            -0.032189082354307175
         ],
         "6": [
            0.2870495319366455,
            0.3318325877189636,
            -0.05545274540781975
         ],
         "7": [
            0.2696746587753296,
            0.4118945300579071,
            -0.058216750621795654
         ],
         "8": [
            0.26757851243019104,
            0.4445740878582001,
            -0.0560285821557045
         ],
         "9": [
            0.2473587542772293,
            0.38914406299591064,
            -0.012121290899813175
         ],
         "10": [
            0.24389919638633728,
            0.33270731568336487,
            -0.03990525007247925
         ],
         "11": [
            0.23325124382972717,
            0.4434143006801605,
            -0.03573045879602432
         ],
         "12": [
            0.24151194095611572,
            0.4542432725429535,
            -0.024184999987483025
         ],
         "13": [
            0.21143095195293427,
            0.38632825016975403,
            -0.00018489648937247694
         ],
         "14": [
            0.20536211133003235,
            0.3333580791950226,
            -0.029396289959549904
         ],
         "15": [
            0.19981728494167328,
            0.4395582377910614,
            -0.020931540057063103
         ],
         "16": [
            0.20983433723449707,
            0.46170854568481445,
            -0.006784035824239254
         ],
         "17": [
            0.1777287721633911,
            0.3854947090148926,
            0.006733650341629982
         ],
         "18": [
            0.17142373323440552,
            0.34925180673599243,
            -0.012445197440683842
         ],
         "19": [
            0.16902950406074524,
            0.4178667366504669,
            -0.010912040248513222
         ],
         "20": [
            0.17626473307609558,
            0.43704450130462646,
            -0.002013617195188999
         ]
      }
   ]
}