{
   "a": [
      {
         "0": [
            0.2731487452983856,
            0.5129384398460388,
            0
         ],
         "1": [
            0.31618958711624146,
            0.5039129257202148,
            -0.03042382001876831
         ],
         "2": [
            0.3568275272846222,
            0.4197702407836914,
            -0.03808099403977394
         ],
         "3": [
            0.36783137917518616,
            0.3317491412162781,
            -0.04258822277188301
         ],
         "4": [
            0.36858728528022766,
            0.27509620785713196,
            -0.043510161340236664
         ],
         "5": [
            0.3354046046733856,
            0.33743715286254883,
            -0.01300951186567545
         ],
         "6": [
            0.3365711569786072,
            0.2757350206375122,
            -0.031192097812891006
         ],
         "7": [
            0.32819876074790955,
            0.34474676847457886,
            -0.03354815021157265
         ],
         "8": [
            0.32709527015686035,
            0.37889742851257324,
            -0.031576234847307205
         ],
         "9": [
            0.30458274483680725,
            0.3348613381385803,
            -0.004872164689004421
         ],
         "10": [
            0.30558744072914124,
            0.28670597076416016,
            -0.027069004252552986
         ],
         "11": [
            0.3015612065792084,
            0.3766341507434845,
            -0.025417206808924675
         ],
         "12": [
            0.3039699196815491,
            0.3916740119457245,
            -0.017145410180091858
         ],
         "13": [
            0.2776203155517578,
            0.3394317626953125,
            -0.0026697670109570026
         ],
         "14": [
            0.2752114236354828,
            0.2934318780899048,
            -0.026211094111204147
         ],
         "15": [
            0.2758690416812897,
            0.38132935762405396,
            -0.019680727273225784
         ],
         "16": [
            0.2794678509235382,
            0.4034976661205292,
            -0.008335819467902184
         ],
         "17": [
            0.25007253885269165,
            0.3471873700618744,
            -0.0037261496763676405
         ],
         "18": [
            0.24765518307685852,
            0.3063936233520508,
            -0.01774722896516323
         ],
         "19": [
            0.25049373507499695,
            0.3645979166030884,
            -0.014738138765096664
         ],
         "20": [
            0.2533961236476898,
            0.3877411484718323,
            -0.0065559749491512775
         ]
      }
   ]
}