{
   "b": [
      {
         "0": [
            0.21198555827140808,
            0.7216247320175171,
            0
         ],
         "1": [
            0.26198145747184753,
            0.675568699836731,
            -0.026687445119023323
         ],
         "2": [
            0.29707950353622437,
            0.5992462038993835,
            -0.03797535598278046
         ],
         "3": [
            0.3072540760040283,
            0.5112168192863464,
            -0.0478927306830883
         ],
         "4": [
            0.3085048198699951,
            0.43698620796203613,
            -0.05824791267514229
         ],
         "5": [
            0.2643539607524872,
            0.466094970703125,
            -0.014276450499892235
         ],
         "6": [
            0.2713480293750763,
            0.36177825927734375,
            -0.026992008090019226
         ],
         "7": [
            0.26977527141571045,
            0.2971380949020386,
            -0.036776136606931686
         ],
         "8": [
            0.2647062838077545,
            0.23963072896003723,
            -0.04340040683746338
         ],
         "9": [
            0.23105190694332123,
            0.4530187249183655,
            -0.014857025817036629
         ],
         "10": [
            0.2378457933664322,
            0.33685076236724854,
            -0.02269003912806511
         ],
         "11": [
            0.2373795211315155,
            0.2641723155975342,
            -0.03222670778632164
         ],
         "12": [
            0.23579615354537964,
            0.20127815008163452,
            -0.040887754410505295
         ],
         "13": [
            0.20045441389083862,
            0.46245330572128296,
            -0.020139310508966446
         ],
         "14": [
            0.2054174840450287,
            0.3541485667228699,
            -0.03123687207698822
         ],
         "15": [
            0.20707009732723236,
            0.2859165668487549,
            -0.04324812814593315
         ],
         "16": [
            0.20878231525421143,
            0.2265511155128479,
            -0.052879974246025085
         ],
         "17": [
            0.16882985830307007,
            0.49174827337265015,
            -0.028895536437630653
         ],
         "18": [
            0.17041832208633423,
            0.4066707491874695,
            -0.04054511711001396
         ],
         "19": [
            0.17350636422634125,
            0.35342997312545776,
            -0.04899677634239197
         ],
         "20": [
            0.17646072804927826,
            0.3035447299480438,
            -0.05539263039827347
         ]
      }
   ]
}