{
   "b": [
      {
         "0": [
            0.35283637046813965,
            0.5787022113800049,
            0
         ],
         "1": [
            0.39884212613105774,
            0.547042727470398,
            -0.017596494406461716
         ],
         "2": [
            0.43233874440193176,
            0.48320817947387695,
            -0.023954350501298904
         ],
         "3": [
            0.4431155323982239,
            0.4121241867542267,
            -0.030167710036039352
         ],
         "4": [
            0.4455287754535675,
            0.35473933815956116,
            -0.036734286695718765
         ],
         "5": [
            0.4102143347263336,
            0.370563268661499,
            -0.005928380880504847
         ],
         "6": [
            0.4202919602394104,
            0.2838731110095978,
            -0.015982946380972862
         ],
         "7": [
            0.4221022129058838,
            0.23281504213809967,
            -0.023697469383478165
         ],
         "8": [
            0.42124053835868835,
            0.18552760779857635,
            -0.02889934927225113
         ],
         "9": [
            0.38446491956710815,
            0.35569238662719727,
            -0.008902606554329395
         ],
         "10": [
            0.3954545259475708,
            0.2605533003807068,
            -0.015364821068942547
         ],
         "11": [
            0.3983757793903351,
            0.20113790035247803,
            -0.023263977840542793
         ],
         "12": [
            0.3998911380767822,
            0.14918935298919678,
            -0.030312206596136093
         ],
         "13": [
            0.3594004809856415,
            0.3594402074813843,
            -0.015718035399913788
         ],
         "14": [
            0.36924535036087036,
            0.2692463994026184,
            -0.025479594245553017
         ],
         "15": [
            0.3736222982406616,
            0.2129540741443634,
            -0.03541776165366173
         ],
         "16": [
            0.37729325890541077,
            0.16369596123695374,
            -0.04306003078818321
         ],
         "17": [
            0.3321949243545532,
            0.37861907482147217,
            -0.02511032298207283
         ],
         "18": [
            0.3377884328365326,
            0.30741366744041443,
            -0.03544986993074417
         ],
         "19": [
            0.34238845109939575,
            0.2619796693325043,
            -0.04264259710907936
         ],
         "20": [
            0.34678468108177185,
            0.22013144195079803,
            -0.04781236872076988
         ]
      }
   ]
}