{
   "d": [
      {
         "0": [
            0.2945208251476288,
            0.7121015787124634,
            0
         ],
         "1": [
            0.3239663243293762,
            0.6771836280822754,
            -0.04677329584956169
         ],
         "2": [
            0.34242185950279236,
            0.620725691318512,
            -0.06918399035930634
         ],
         "3": [
            0.32544606924057007,
            0.5640798211097717,
            -0.08819694072008133
         ],
         "4": [
            0.2962890565395355,
            0.5166722536087036,
            -0.10533027350902557
         ],
         "5": [
            0.3385579288005829,
            0.45754265785217285,
            -0.027254300191998482
         ],
         "6": [
            0.339705228805542,
            0.34811586141586304,
            -0.04894207417964935
         ],
         "7": [
            0.3357473909854889,
            0.2728339433670044,
            -0.06940086930990219
         ],
         "8": [
            0.3313855230808258,
            0.21228858828544617,
            -0.0837148055434227
         ],
         "9": [
            0.2999820113182068,
            0.4622291326522827,
            -0.018443644046783447
         ],
         "10": [
            0.29402583837509155,
            0.36268651485443115,
            -0.04890592768788338
         ],
         "11": [
            0.28670358657836914,
            0.42278552055358887,
            -0.06101493164896965
         ],
         "12": [
            0.28770777583122253,
            0.47063586115837097,
            -0.06029200926423073
         ],
         "13": [
            0.2675688564777374,
            0.47444942593574524,
            -0.016247756779193878
         ],
         "14": [
            0.25698888301849365,
            0.387270450592041,
            -0.03820662572979927
         ],
         "15": [
            0.2543523907661438,
            0.432746559381485,
            -0.03958018496632576
         ],
         "16": [
            0.2597156763076782,
            0.47788646817207336,
            -0.03564023971557617
         ],
         "17": [
            0.24008740484714508,
            0.5095375776290894,
            -0.020440723747015
         ],
         "18": [
            0.22749289870262146,
            0.4324778914451599,
            -0.030688194558024406
         ],
         "19": [
            0.23146073520183563,
            0.44826242327690125,
            -0.03164607286453247
         ],
         "20": [
            0.24055734276771545,
            0.47972625494003296,
            -0.02965802699327469
         ]
      }
   ]
}