{
   "d": [
      {
         "0": [
            0.2154594212770462,
            0.7694912552833557,
            0
         ],
         "1": [
            0.24043187499046326,
            0.7496436238288879,
            -0.06072540208697319
         ],
         "2": [
            0.254230797290802,
            0.699438214302063,
            -0.08841996639966965
         ],
         "3": [
            0.23085513710975647,
            0.6507177352905273,
            -0.10875183343887329
         ],
         "4": [
            0.20256799459457397,
            0.6048456430435181,
            -0.1269897222518921
         ],
         "5": [
            0.2500520646572113,
            0.5326358675956726,
            -0.04880322888493538
         ],
         "6": [
            0.2620263695716858,
            0.42045074701309204,
            -0.07349192351102829
         ],
         "7": [
            0.26056087017059326,
            0.3455621600151062,
            -0.09436416625976562
         ],
         "8": [
            0.2572146952152252,
            0.28325772285461426,
            -0.10922466218471527
         ],
         "9": [
            0.20927053689956665,
            0.5372610688209534,
            -0.03144346550107002
         ],
         "10": [
            0.1924319863319397,
            0.45211857557296753,
            -0.06349486112594604
         ],
         "11": [
            0.17474913597106934,
            0.5172135829925537,
            -0.07612628489732742
         ],
         "12": [
            0.17454367876052856,
            0.5754916667938232,
            -0.07693685591220856
         ],
         "13": [
            0.1762811541557312,
            0.5517168045043945,
            -0.021024229004979134
         ],
         "14": [
            0.1570875644683838,
            0.48693180084228516,
            -0.04934360831975937
         ],
         "15": [
            0.15028175711631775,
            0.545101523399353,
            -0.05670631304383278
         ],
         "16": [
            0.1612861305475235,
            0.5920080542564392,
            -0.05579441785812378
         ],
         "17": [
            0.15274667739868164,
            0.5826151967048645,
            -0.017114903777837753
         ],
         "18": [
            0.1310904622077942,
            0.5285808444023132,
            -0.03566519543528557
         ],
         "19": [
            0.12994858622550964,
            0.5644276142120361,
            -0.042521290481090546
         ],
         "20": [
            0.14297929406166077,
            0.6004221439361572,
            -0.04370337724685669
         ]
      }
   ]
}