{
   "e": [
      {
         "0": [
            0.3001115322113037,
            0.7122070789337158,
            0
         ],
         "1": [
            0.341378390789032,
            0.6582049131393433,
            -0.0221527349203825
         ],
         "2": [
            0.36079999804496765,
            0.5720438361167908,
            -0.028680499643087387
         ],
         "3": [
            0.33321020007133484,
            0.516008198261261,
            -0.03631937503814697
         ],
         "4": [
            0.2925097346305847,
            0.5382921099662781,
            -0.04124991595745087
         ],
         "5": [
            0.3535265028476715,
            0.47747260332107544,
            0.005568565335124731
         ],
         "6": [
            0.3634754419326782,
            0.3867223262786865,
            -0.009340259246528149
         ],
         "7": [
            0.3685219883918762,
            0.4017529785633087,
            -0.017491284757852554
         ],
         "8": [
            0.3633813261985779,
            0.44426724314689636,
            -0.019930515438318253
         ],
         "9": [
            0.3224869668483734,
            0.4684961140155792,
            0.005464398767799139
         ],
         "10": [
            0.3259546458721161,
            0.36126017570495605,
            -0.008741302415728569
         ],
         "11": [
            0.3325384259223938,
            0.3948298692703247,
            -0.01615448296070099
         ],
         "12": [
            0.3304625153541565,
            0.45074737071990967,
            -0.016840243712067604
         ],
         "13": [
            0.29470333456993103,
            0.4777977466583252,
            -0.0008398420177400112
         ],
         "14": [
            0.2898741662502289,
            0.38700568675994873,
            -0.012091989628970623
         ],
         "15": [
            0.3015058636665344,
            0.41634804010391235,
            -0.0143576106056571
         ],
         "16": [
            0.30454158782958984,
            0.46966317296028137,
            -0.011536435224115849
         ],
         "17": [
            0.2645903527736664,
            0.5014110803604126,
            -0.011571157723665237
         ],
         "18": [
            0.26183849573135376,
            0.4305318593978882,
            -0.01702253520488739
         ],
         "19": [
            0.2719592750072479,
            0.4399392306804657,
            -0.017552049830555916
         ],
         "20": [
            0.2775515019893646,
            0.47440019249916077,
            -0.014704831875860691
         ]
      }
   ]
}