{
   "f": [
      {
         "0": [
            0.2065965235233307,
            0.7585395574569702,
            0
         ],
         "1": [
            0.2420911341905594,
            0.7221869826316833,
            -0.04449223726987839
         ],
         "2": [
            0.2744412422180176,
            0.6511028409004211,
            -0.06985129415988922
         ],
         "3": [
            0.2823922336101532,
            0.6014419794082642,
            -0.09179370105266571
         ],
         "4": [
            0.25795191526412964,
            0.5744197368621826,
            -0.11153429001569748
         ],
         "5": [
            0.23770403861999512,
            0.5177873373031616,
            -0.046959806233644485
         ],
         "6": [
            0.2477041780948639,
            0.4400240182876587,
            -0.0792660191655159
         ],
         "7": [
            0.24894964694976807,
            0.49592188000679016,
            -0.09361590445041656
         ],
         "8": [
            0.24683886766433716,
            0.5534461736679077,
            -0.10052511096000671
         ],
         "9": [
            0.19906331598758698,
            0.4997260272502899,
            -0.0474153608083725
         ],
         "10": [
            0.1996901035308838,
            0.3707541227340698,
            -0.07178737968206406
         ],
         "11": [
            0.19935129582881927,
            0.30092471837997437,
            -0.08845299482345581
         ],
         "12": [
            0.19638670980930328,
            0.2288110852241516,
            -0.10348620265722275
         ],
         "13": [
            0.16129590570926666,
            0.5177000761032104,
            -0.054856035858392715
         ],
         "14": [
            0.14348357915878296,
            0.3983205556869507,
            -0.07820306718349457
         ],
         "15": [
            0.1326029896736145,
            0.32595470547676086,
            -0.09353999048471451
         ],
         "16": [
            0.12527571618556976,
            0.2583237886428833,
            -0.10599174350500107
         ],
         "17": [
            0.12687087059020996,
            0.5610856413841248,
            -0.06726982444524765
         ],
         "18": [
            0.09400654584169388,
            0.4860062003135681,
            -0.08784559369087219
         ],
         "19": [
            0.07151312381029129,
            0.43543362617492676,
            -0.09961401671171188
         ],
         "20": [
            0.05432334542274475,
            0.38326019048690796,
            -0.10887690633535385
         ]
      }
   ]
}