{
   "f": [
      {
         "0": [
            0.3972202241420746,
            0.635732889175415,
            0
         ],
         "1": [
            0.42389318346977234,
            0.6103031635284424,
            -0.029815994203090668
         ],
         "2": [
            0.4473778009414673,
            0.5602496862411499,
            -0.04383129999041557
         ],
         "3": [
            0.44977667927742004,
            0.519160270690918,
            -0.056001704186201096
         ],
         "4": [
            0.4373098611831665,
            0.48494091629981995,
            -0.06665452569723129
         ],
         "5": [
            0.43122032284736633,
            0.44542354345321655,
            -0.022600049152970314
         ],
         "6": [
            0.43930572271347046,
            0.38584470748901367,
            -0.04240299016237259
         ],
         "7": [
            0.4392331540584564,
            0.42627546191215515,
            -0.051508475095033646
         ],
         "8": [
            0.4354400336742401,
            0.4685080945491791,
            -0.05573389679193497
         ],
         "9": [
            0.40587031841278076,
            0.4263682961463928,
            -0.0227785874158144
         ],
         "10": [
            0.40956032276153564,
            0.3336521089076996,
            -0.036332666873931885
         ],
         "11": [
            0.41218775510787964,
            0.2820627987384796,
            -0.047431834042072296
         ],
         "12": [
            0.41254234313964844,
            0.23199009895324707,
            -0.05778709053993225
         ],
         "13": [
            0.3807259500026703,
            0.4362320601940155,
            -0.028476953506469727
         ],
         "14": [
            0.37233874201774597,
            0.3480997681617737,
            -0.04406934976577759
         ],
         "15": [
            0.36785611510276794,
            0.29336851835250854,
            -0.055793408304452896
         ],
         "16": [
            0.36546391248703003,
            0.24278481304645538,
            -0.06480962038040161
         ],
         "17": [
            0.35550010204315186,
            0.46528467535972595,
            -0.037731219083070755
         ],
         "18": [
            0.33565008640289307,
            0.40816983580589294,
            -0.05263921990990639
         ],
         "19": [
            0.32069045305252075,
            0.3711848855018616,
            -0.061417385935783386
         ],
         "20": [
            0.3100680112838745,
            0.33249372243881226,
            -0.06778527051210403
         ]
      }
   ]
}