{
   "i": [
      {
         "0": [
            0.2239157110452652,
            0.74163419008255,
            0
         ],
         "1": [
            0.2612744867801666,
            0.7023088335990906,
            -0.02771090157330036
         ],
         "2": [
            0.299934446811676,
            0.630354642868042,
            -0.03992786258459091
         ],
         "3": [
            0.3090440332889557,
            0.5440648794174194,
            -0.05333782732486725
         ],
         "4": [
            0.2896133065223694,
            0.486594557762146,
            -0.06040523946285248
         ],
         "5": [
            0.31008556485176086,
            0.5353293418884277,
            0.009121190756559372
         ],
         "6": [
            0.31126073002815247,
            0.47515401244163513,
            -0.01564495638012886
         ],
         "7": [
            0.2904278635978699,
            0.5165296196937561,
            -0.028677385300397873
         ],
         "8": [
            0.27891451120376587,
            0.5707477927207947,
            -0.03346450254321098
         ],
         "9": [
            0.27740609645843506,
            0.5156375765800476,
            0.010661524720489979
         ],
         "10": [
            0.2772676646709442,
            0.46007028222084045,
            -0.024373512715101242
         ],
         "11": [
            0.253154456615448,
            0.5533051490783691,
            -0.0397164449095726
         ],
         "12": [
            0.2538025975227356,
            0.5821805596351624,
            -0.03935401141643524
         ],
         "13": [
            0.2463475465774536,
            0.5027748942375183,
            0.004805991891771555
         ],
         "14": [
            0.24213092029094696,
            0.45327138900756836,
            -0.0238298662006855
         ],
         "15": [
            0.2308465838432312,
            0.5267106294631958,
            -0.02665381133556366
         ],
         "16": [
            0.2269807904958725,
            0.5867169499397278,
            -0.01931457407772541
         ],
         "17": [
            0.21503989398479462,
            0.5027956366539001,
            -0.005338313058018684
         ],
         "18": [
            0.21096663177013397,
            0.4184798002243042,
            -0.01880113035440445
         ],
         "19": [
            0.2024366855621338,
            0.36066964268684387,
            -0.02410169132053852
         ],
         "20": [
            0.19812451303005219,
            0.3109070658683777,
            -0.02253115363419056
         ]
      }
   ]
}