{
   "l": [
      {
         "0": [
            0.19142574071884155,
            0.7161206603050232,
            0
         ],
         "1": [
            0.23072737455368042,
            0.659450352191925,
            -0.028769807890057564
         ],
         "2": [
            0.2635178864002228,
            0.5902992486953735,
            -0.057658251374959946
         ],
         "3": [
            0.3006093502044678,
            0.5470746755599976,
            -0.08708057552576065
         ],
         "4": [
            0.3417304754257202,
            0.522024393081665,
            -0.11436738818883896
         ],
         "5": [
            0.1971508264541626,
            0.4447382092475891,
            -0.05152859911322594
         ],
         "6": [
            0.185508131980896,
            0.3196682035923004,
            -0.08684328943490982
         ],
         "7": [
            0.17668366432189941,
            0.24604009091854095,
            -0.10898911952972412
         ],
         "8": [
            0.16762793064117432,
            0.1793385148048401,
            -0.12409573793411255
         ],
         "9": [
            0.1533743441104889,
            0.4665306508541107,
            -0.05884462967514992
         ],
         "10": [
            0.12498354911804199,
            0.4530235528945923,
            -0.10013078898191452
         ],
         "11": [
            0.147125244140625,
            0.5441965460777283,
            -0.10281992703676224
         ],
         "12": [
            0.17088358104228973,
            0.5907034873962402,
            -0.09759984165430069
         ],
         "13": [
            0.1192479282617569,
            0.5124173164367676,
            -0.06995709985494614
         ],
         "14": [
            0.09626944363117218,
            0.5301457643508911,
            -0.1032944768667221
         ],
         "15": [
            0.12688663601875305,
            0.6003245115280151,
            -0.09649255126714706
         ],
         "16": [
            0.1555657833814621,
            0.6245852708816528,
            -0.08731784671545029
         ],
         "17": [
            0.09472928196191788,
            0.5648273825645447,
            -0.08565691113471985
         ],
         "18": [
            0.07225987315177917,
            0.5786344408988953,
            -0.10471813380718231
         ],
         "19": [
            0.09902994334697723,
            0.6243119239807129,
            -0.10179172456264496
         ],
         "20": [
            0.12605063617229462,
            0.635398268699646,
            -0.0967298224568367
         ]
      }
   ]
}