{
   "n-DGS": [
      {
         "0": [
            0.2059820592403412,
            0.31929811835289,
            0
         ],
         "1": [
            0.2723678946495056,
            0.3880520462989807,
            -0.05473943054676056
         ],
         "2": [
            0.28005343675613403,
            0.5244234800338745,
            -0.0830630511045456
         ],
         "3": [
            0.24615009129047394,
            0.625952959060669,
            -0.09047415107488632
         ],
         "4": [
            0.2123306691646576,
            0.6809494495391846,
            -0.09649109095335007
         ],
         "5": [
            0.22662460803985596,
            0.4889317452907562,
            -0.1471947878599167
         ],
         "6": [
            0.2256350964307785,
            0.6769070625305176,
            -0.1718495488166809
         ],
         "7": [
            0.22348752617835999,
            0.7709448337554932,
            -0.173463836312294
         ],
         "8": [
            0.21690206229686737,
            0.8543959856033325,
            -0.1733170747756958
         ],
         "9": [
            0.17392262816429138,
            0.49712416529655457,
            -0.11564255505800247
         ],
         "10": [
            0.18479768931865692,
            0.6957262754440308,
            -0.14323242008686066
         ],
         "11": [
            0.1837330162525177,
            0.8140194416046143,
            -0.14088432490825653
         ],
         "12": [
            0.17452308535575867,
            0.895551323890686,
            -0.14007718861103058
         ],
         "13": [
            0.13939517736434937,
            0.5090956687927246,
            -0.07741300761699677
         ],
         "14": [
            0.17260713875293732,
            0.6684749722480774,
            -0.0866585373878479
         ],
         "15": [
            0.20266522467136383,
            0.6796408295631409,
            -0.07022203505039215
         ],
         "16": [
            0.2150210440158844,
            0.6684144735336304,
            -0.06079305708408356
         ],
         "17": [
            0.12066653370857239,
            0.5275719165802002,
            -0.04208185896277428
         ],
         "18": [
            0.15875746309757233,
            0.6417037844657898,
            -0.045860785990953445
         ],
         "19": [
            0.1853344887495041,
            0.6416184902191162,
            -0.03844968229532242
         ],
         "20": [
            0.1952521651983261,
            0.6257216930389404,
            -0.03254281356930733
         ]
      }
   ]
}