{
   "o": [
      {
         "0": [
            0.25094807147979736,
            0.7094367742538452,
            0
         ],
         "1": [
            0.2802603840827942,
            0.6750161051750183,
            -0.044797319918870926
         ],
         "2": [
            0.3026232421398163,
            0.6159532070159912,
            -0.0712180882692337
         ],
         "3": [
            0.2975590229034424,
            0.5535366535186768,
            -0.09588699787855148
         ],
         "4": [
            0.26968783140182495,
            0.5054146647453308,
            -0.1162656769156456
         ],
         "5": [
            0.29380562901496887,
            0.4752965271472931,
            -0.028994914144277573
         ],
         "6": [
            0.2924705743789673,
            0.38472795486450195,
            -0.05723903328180313
         ],
         "7": [
            0.279898464679718,
            0.40505897998809814,
            -0.07486479729413986
         ],
         "8": [
            0.2688886523246765,
            0.4726366400718689,
            -0.0833737850189209
         ],
         "9": [
            0.25468024611473083,
            0.46362003684043884,
            -0.023542724549770355
         ],
         "10": [
            0.24747444689273834,
            0.34376633167266846,
            -0.055951956659555435
         ],
         "11": [
            0.2408789098262787,
            0.3941997289657593,
            -0.07322020828723907
         ],
         "12": [
            0.2398592233657837,
            0.4584481120109558,
            -0.07758195698261261
         ],
         "13": [
            0.2174532264471054,
            0.4672636091709137,
            -0.02486555278301239
         ],
         "14": [
            0.20255663990974426,
            0.36058005690574646,
            -0.04626315459609032
         ],
         "15": [
            0.2021789401769638,
            0.38558876514434814,
            -0.05201923847198486
         ],
         "16": [
            0.20773495733737946,
            0.44476690888404846,
            -0.052054986357688904
         ],
         "17": [
            0.1800035834312439,
            0.4920559227466583,
            -0.03210534527897835
         ],
         "18": [
            0.1633395105600357,
            0.41196227073669434,
            -0.042687948793172836
         ],
         "19": [
            0.17006170749664307,
            0.40384551882743835,
            -0.04594138637185097
         ],
         "20": [
            0.1843254715204239,
            0.4293414056301117,
            -0.0461558997631073
         ]
      }
   ]
}