{
   "o": [
      {
         "0": [
            0.26222530007362366,
            0.7724489569664001,
            0
         ],
         "1": [
            0.30015793442726135,
            0.7041395306587219,
            -0.056544478982686996
         ],
         "2": [
            0.3312806189060211,
            0.6058253049850464,
            -0.08033861219882965
         ],
         "3": [
            0.33721038699150085,
            0.4986162483692169,
            -0.10212761163711548
         ],
         "4": [
            0.3226902186870575,
            0.4017331004142761,
            -0.11968358606100082
         ],
         "5": [
            0.34178322553634644,
            0.475539892911911,
            0.01353458222001791
         ],
         "6": [
            0.3466440737247467,
            0.35666823387145996,
            -0.0037150478456169367
         ],
         "7": [
            0.3338949680328369,
            0.32830673456192017,
            -0.02709144353866577
         ],
         "8": [
            0.31160518527030945,
            0.3740796446800232,
            -0.04088223725557327
         ],
         "9": [
            0.3053698241710663,
            0.4639560282230377,
            0.029408475384116173
         ],
         "10": [
            0.3101692199707031,
            0.32811620831489563,
            0.01370167639106512
         ],
         "11": [
            0.29634740948677063,
            0.30881184339523315,
            -0.01975046470761299
         ],
         "12": [
            0.28097355365753174,
            0.33915188908576965,
            -0.039211299270391464
         ],
         "13": [
            0.26840996742248535,
            0.4596983790397644,
            0.034510400146245956
         ],
         "14": [
            0.26778674125671387,
            0.3434455394744873,
            0.027737539261579514
         ],
         "15": [
            0.2632846236228943,
            0.2995658814907074,
            0.0027375505305826664
         ],
         "16": [
            0.2557842433452606,
            0.3247849941253662,
            -0.013657117262482643
         ],
         "17": [
            0.22882585227489471,
            0.4683990478515625,
            0.0321265310049057
         ],
         "18": [
            0.22476640343666077,
            0.3744029402732849,
            0.03165867179632187
         ],
         "19": [
            0.22531457245349884,
            0.32459211349487305,
            0.018747903406620026
         ],
         "20": [
            0.22622841596603394,
            0.32107123732566833,
            0.008521773852407932
         ]
      }
   ]
}