{
   "q": [
      {
         "0": [
            0.2985116243362427,
            0.4290998578071594,
            0
         ],
         "1": [
            0.3580910563468933,
            0.4557294249534607,
            -0.0023360741324722767
         ],
         "2": [
            0.40480661392211914,
            0.5414448380470276,
            -0.020773880183696747
         ],
         "3": [
            0.41932976245880127,
            0.6371713876724243,
            -0.036808475852012634
         ],
         "4": [
            0.4214146137237549,
            0.7024825811386108,
            -0.0518794059753418
         ],
         "5": [
            0.4116845428943634,
            0.50220787525177,
            -0.07355375587940216
         ],
         "6": [
            0.4369874596595764,
            0.6382392048835754,
            -0.09699743986129761
         ],
         "7": [
            0.4522969722747803,
            0.7184615731239319,
            -0.09952505677938461
         ],
         "8": [
            0.46341729164123535,
            0.78290194272995,
            -0.09901953488588333
         ],
         "9": [
            0.36642712354660034,
            0.5167363882064819,
            -0.08467528969049454
         ],
         "10": [
            0.38458073139190674,
            0.6699712872505188,
            -0.10773981362581253
         ],
         "11": [
            0.3749018609523773,
            0.6418392062187195,
            -0.08777162432670593
         ],
         "12": [
            0.3674512505531311,
            0.5947332382202148,
            -0.07014146447181702
         ],
         "13": [
            0.32343631982803345,
            0.5367001295089722,
            -0.0925741046667099
         ],
         "14": [
            0.34377938508987427,
            0.6713571548461914,
            -0.10666558146476746
         ],
         "15": [
            0.33959314227104187,
            0.636360228061676,
            -0.07399608939886093
         ],
         "16": [
            0.3367947041988373,
            0.5895541310310364,
            -0.051563456654548645
         ],
         "17": [
            0.28560319542884827,
            0.5569573044776917,
            -0.10110481083393097
         ],
         "18": [
            0.31090596318244934,
            0.6630429029464722,
            -0.10856129974126816
         ],
         "19": [
            0.31030139327049255,
            0.6336441040039062,
            -0.08789800107479095
         ],
         "20": [
            0.3068809509277344,
            0.5880323052406311,
            -0.07153166085481644
         ]
      }
   ]
}