{
   "sch": [
      {
         "0": [
            0.3124307692050934,
            0.7241579294204712,
            0
         ],
         "1": [
            0.3543172776699066,
            0.6835929155349731,
            -0.017172332853078842
         ],
         "2": [
            0.3884595036506653,
            0.618302583694458,
            -0.024022584781050682
         ],
         "3": [
            0.41110098361968994,
            0.558807909488678,
            -0.031121937558054924
         ],
         "4": [
            0.4363079071044922,
            0.5196471810340881,
            -0.03823685646057129
         ],
         "5": [
            0.35361072421073914,
            0.5089951753616333,
            -0.0038552123587578535
         ],
         "6": [
            0.36891454458236694,
            0.4285758435726166,
            -0.01447115559130907
         ],
         "7": [
            0.37671348452568054,
            0.3776291310787201,
            -0.022761516273021698
         ],
         "8": [
            0.3813697397708893,
            0.33337968587875366,
            -0.029020152986049652
         ],
         "9": [
            0.3234337270259857,
            0.49844294786453247,
            -0.007741561625152826
         ],
         "10": [
            0.3288308382034302,
            0.4082462191581726,
            -0.015740009024739265
         ],
         "11": [
            0.32990819215774536,
            0.351770281791687,
            -0.023726778104901314
         ],
         "12": [
            0.328095942735672,
            0.30487820506095886,
            -0.03070157952606678
         ],
         "13": [
            0.29491177201271057,
            0.5123467445373535,
            -0.015716655179858208
         ],
         "14": [
            0.28683310747146606,
            0.43136274814605713,
            -0.028957879170775414
         ],
         "15": [
            0.28095194697380066,
            0.381858766078949,
            -0.03889074549078941
         ],
         "16": [
            0.2767591178417206,
            0.34045273065567017,
            -0.04518052190542221
         ],
         "17": [
            0.26786336302757263,
            0.5444520711898804,
            -0.026357898488640785
         ],
         "18": [
            0.24761530756950378,
            0.4892546236515045,
            -0.04007396847009659
         ],
         "19": [
            0.23540419340133667,
            0.45598384737968445,
            -0.0475781075656414
         ],
         "20": [
            0.22662565112113953,
            0.42308807373046875,
            -0.05190621688961983
         ]
      }
   ]
}