{
   "sch": [
      {
         "0": [
            0.24133671820163727,
            0.7279551029205322,
            0
         ],
         "1": [
            0.28640124201774597,
            0.6655750274658203,
            -0.026417601853609085
         ],
         "2": [
            0.3211103677749634,
            0.5840829014778137,
            -0.041292376816272736
         ],
         "3": [
            0.3447897434234619,
            0.510767936706543,
            -0.05577049031853676
         ],
         "4": [
            0.3716813623905182,
            0.4536130726337433,
            -0.07076426595449448
         ],
         "5": [
            0.25440481305122375,
            0.4550698697566986,
            -0.02324431575834751
         ],
         "6": [
            0.2649334967136383,
            0.3417590260505676,
            -0.0433153472840786
         ],
         "7": [
            0.26868948340415955,
            0.27045369148254395,
            -0.0577537938952446
         ],
         "8": [
            0.2684110403060913,
            0.21009615063667297,
            -0.06822563707828522
         ],
         "9": [
            0.21300019323825836,
            0.45523735880851746,
            -0.028817396610975266
         ],
         "10": [
            0.2045159935951233,
            0.33021968603134155,
            -0.04676629602909088
         ],
         "11": [
            0.19582445919513702,
            0.25206804275512695,
            -0.06144274026155472
         ],
         "12": [
            0.18498359620571136,
            0.18562722206115723,
            -0.07334255427122116
         ],
         "13": [
            0.1787324845790863,
            0.4833639860153198,
            -0.038872744888067245
         ],
         "14": [
            0.15381062030792236,
            0.37791818380355835,
            -0.060808081179857254
         ],
         "15": [
            0.1371806263923645,
            0.3129022717475891,
            -0.0772298276424408
         ],
         "16": [
            0.1226227656006813,
            0.25673240423202515,
            -0.08829666674137115
         ],
         "17": [
            0.1499752253293991,
            0.534932017326355,
            -0.052200544625520706
         ],
         "18": [
            0.11352304369211197,
            0.47040167450904846,
            -0.07298556715250015
         ],
         "19": [
            0.0897851288318634,
            0.42972156405448914,
            -0.08504404127597809
         ],
         "20": [
            0.0699985921382904,
            0.38982030749320984,
            -0.0930565893650055
         ]
      }
   ]
}