{
   "t-DGS": [
      {
         "0": [
            0.2487904578447342,
            0.7071897983551025,
            0
         ],
         "1": [
            0.27196764945983887,
            0.5931075811386108,
            0.001633321400731802
         ],
         "2": [
            0.3026856482028961,
            0.4771471321582794,
            -0.014308994635939598
         ],
         "3": [
            0.31848394870758057,
            0.38369837403297424,
            -0.031559232622385025
         ],
         "4": [
            0.3063950538635254,
            0.2990138530731201,
            -0.045741450041532516
         ],
         "5": [
            0.27939373254776,
            0.44610491394996643,
            -0.03799954801797867
         ],
         "6": [
            0.3626876771450043,
            0.43454694747924805,
            -0.05791212245821953
         ],
         "7": [
            0.4027489423751831,
            0.4357849359512329,
            -0.060616716742515564
         ],
         "8": [
            0.4357348680496216,
            0.4303724467754364,
            -0.060819562524557114
         ],
         "9": [
            0.27568480372428894,
            0.5065914988517761,
            -0.053889039903879166
         ],
         "10": [
            0.36434489488601685,
            0.5072528719902039,
            -0.07633717358112335
         ],
         "11": [
            0.3471422791481018,
            0.5346706509590149,
            -0.06288181245326996
         ],
         "12": [
            0.3232429027557373,
            0.5337529182434082,
            -0.051454901695251465
         ],
         "13": [
            0.27998071908950806,
            0.5765432119369507,
            -0.06876430660486221
         ],
         "14": [
            0.3620949983596802,
            0.5745747685432434,
            -0.08458618074655533
         ],
         "15": [
            0.3398650884628296,
            0.5950968265533447,
            -0.05696551501750946
         ],
         "16": [
            0.31511786580085754,
            0.5908060073852539,
            -0.038134776055812836
         ],
         "17": [
            0.28694435954093933,
            0.6481261253356934,
            -0.08445096015930176
         ],
         "18": [
            0.355806827545166,
            0.626714289188385,
            -0.09134767204523087
         ],
         "19": [
            0.3343293070793152,
            0.6390389800071716,
            -0.07146890461444855
         ],
         "20": [
            0.30836668610572815,
            0.6461097598075867,
            -0.056424595415592194
         ]
      }
   ]
}