{
   "u": [
      {
         "0": [
            0.3615240752696991,
            0.6543551683425903,
            0
         ],
         "1": [
            0.3974014222621918,
            0.6083502769470215,
            -0.023051653057336807
         ],
         "2": [
            0.4089946746826172,
            0.545116662979126,
            -0.033863648772239685
         ],
         "3": [
            0.378721684217453,
            0.4948285222053528,
            -0.04481492564082146
         ],
         "4": [
            0.34946808218955994,
            0.46783676743507385,
            -0.05449522286653519
         ],
         "5": [
            0.39922845363616943,
            0.4161219000816345,
            -0.009619365446269512
         ],
         "6": [
            0.4003867506980896,
            0.31923606991767883,
            -0.0234172772616148
         ],
         "7": [
            0.3980829417705536,
            0.2582401931285858,
            -0.03290606290102005
         ],
         "8": [
            0.3941936492919922,
            0.20602896809577942,
            -0.03983549028635025
         ],
         "9": [
            0.36758336424827576,
            0.4147022068500519,
            -0.011551942676305771
         ],
         "10": [
            0.37435540556907654,
            0.30066218972206116,
            -0.02376548945903778
         ],
         "11": [
            0.3748086094856262,
            0.23683670163154602,
            -0.033619899302721024
         ],
         "12": [
            0.37451374530792236,
            0.17978757619857788,
            -0.040775664150714874
         ],
         "13": [
            0.34091970324516296,
            0.43851715326309204,
            -0.0178458821028471
         ],
         "14": [
            0.32999342679977417,
            0.3707067370414734,
            -0.03280159831047058
         ],
         "15": [
            0.33790895342826843,
            0.43051469326019287,
            -0.03226187080144882
         ],
         "16": [
            0.3479217290878296,
            0.47920331358909607,
            -0.028240017592906952
         ],
         "17": [
            0.315514475107193,
            0.4810878038406372,
            -0.028292249888181686
         ],
         "18": [
            0.30601927638053894,
            0.43383345007896423,
            -0.04119351506233215
         ],
         "19": [
            0.31474044919013977,
            0.4689203202724457,
            -0.04136762022972107
         ],
         "20": [
            0.32554835081100464,
            0.50518399477005,
            -0.037885501980781555
         ]
      }
   ]
}