{
   "u": [
      {
         "0": [
            0.2657625079154968,
            0.7570303678512573,
            0
         ],
         "1": [
            0.29791098833084106,
            0.7081540822982788,
            -0.033751074224710464
         ],
         "2": [
            0.3051179349422455,
            0.6320850253105164,
            -0.0482776015996933
         ],
         "3": [
            0.2631654143333435,
            0.5816957354545593,
            -0.06101533770561218
         ],
         "4": [
            0.22840164601802826,
            0.5464881062507629,
            -0.07178737968206406
         ],
         "5": [
            0.30016613006591797,
            0.4869523346424103,
            -0.016983652487397194
         ],
         "6": [
            0.3045586943626404,
            0.3713071048259735,
            -0.03451770171523094
         ],
         "7": [
            0.3039710223674774,
            0.29974013566970825,
            -0.04772720858454704
         ],
         "8": [
            0.30012643337249756,
            0.24003896117210388,
            -0.057319823652505875
         ],
         "9": [
            0.2649398148059845,
            0.486189067363739,
            -0.01382870227098465
         ],
         "10": [
            0.27862367033958435,
            0.3550770878791809,
            -0.029701733961701393
         ],
         "11": [
            0.2808000445365906,
            0.2803686857223511,
            -0.04414963349699974
         ],
         "12": [
            0.27895447611808777,
            0.2089182734489441,
            -0.05468578264117241
         ],
         "13": [
            0.2345219999551773,
            0.5091151595115662,
            -0.015882859006524086
         ],
         "14": [
            0.214921772480011,
            0.42397621273994446,
            -0.0333382785320282
         ],
         "15": [
            0.2178928554058075,
            0.4897192716598511,
            -0.035107407718896866
         ],
         "16": [
            0.22588187456130981,
            0.5433663725852966,
            -0.032551996409893036
         ],
         "17": [
            0.20639297366142273,
            0.5526087880134583,
            -0.02317560836672783
         ],
         "18": [
            0.18708208203315735,
            0.49945124983787537,
            -0.03837047144770622
         ],
         "19": [
            0.194417804479599,
            0.5325246453285217,
            -0.04057205840945244
         ],
         "20": [
            0.20729312300682068,
            0.5691558122634888,
            -0.038193561136722565
         ]
      }
   ]
}