{
   "v": [
      {
         "0": [
            0.2936376631259918,
            0.7662246227264404,
            0
         ],
         "1": [
            0.322526752948761,
            0.7100852131843567,
            -0.026242630556225777
         ],
         "2": [
            0.32702121138572693,
            0.6436856985092163,
            -0.03699393570423126
         ],
         "3": [
            0.28849756717681885,
            0.5997731685638428,
            -0.04718225076794624
         ],
         "4": [
            0.25362613797187805,
            0.5732848048210144,
            -0.055608950555324554
         ],
         "5": [
            0.31555289030075073,
            0.5084497928619385,
            -0.008549286052584648
         ],
         "6": [
            0.33034420013427734,
            0.4086860120296478,
            -0.02152077481150627
         ],
         "7": [
            0.33744603395462036,
            0.3429716229438782,
            -0.030710231512784958
         ],
         "8": [
            0.34060847759246826,
            0.28625285625457764,
            -0.03773853927850723
         ],
         "9": [
            0.2781231105327606,
            0.5137622356414795,
            -0.008240548893809319
         ],
         "10": [
            0.26313385367393494,
            0.39928364753723145,
            -0.02128468081355095
         ],
         "11": [
            0.24722477793693542,
            0.3356286287307739,
            -0.0322175957262516
         ],
         "12": [
            0.23526009917259216,
            0.2820274829864502,
            -0.03977257013320923
         ],
         "13": [
            0.2514614760875702,
            0.5468794703483582,
            -0.012630968354642391
         ],
         "14": [
            0.23216184973716736,
            0.5000138878822327,
            -0.03003827854990959
         ],
         "15": [
            0.24899962544441223,
            0.5593535304069519,
            -0.03149115666747093
         ],
         "16": [
            0.2640227973461151,
            0.6028156876564026,
            -0.02740493230521679
         ],
         "17": [
            0.2315051108598709,
            0.5977163910865784,
            -0.02152077481150627
         ],
         "18": [
            0.21779486536979675,
            0.5610836148262024,
            -0.0374116376042366
         ],
         "19": [
            0.23260478675365448,
            0.5964854955673218,
            -0.03940935060381889
         ],
         "20": [
            0.24781066179275513,
            0.6284959316253662,
            -0.03612220659852028
         ]
      }
   ]
}