{
   "v": [
      {
         "0": [
            0.3532417416572571,
            0.7362362742424011,
            0
         ],
         "1": [
            0.38754773139953613,
            0.6959690451622009,
            -0.02264508232474327
         ],
         "2": [
            0.3992857038974762,
            0.6346656680107117,
            -0.033958882093429565
         ],
         "3": [
            0.3701525032520294,
            0.5822679996490479,
            -0.04539508745074272
         ],
         "4": [
            0.34231019020080566,
            0.5472424626350403,
            -0.05525749921798706
         ],
         "5": [
            0.3960658609867096,
            0.4973786473274231,
            -0.009906130842864513
         ],
         "6": [
            0.41222333908081055,
            0.40520110726356506,
            -0.023204652592539787
         ],
         "7": [
            0.42108154296875,
            0.3430563807487488,
            -0.032262686640024185
         ],
         "8": [
            0.42638957500457764,
            0.2892535328865051,
            -0.03927479311823845
         ],
         "9": [
            0.36241793632507324,
            0.4940129816532135,
            -0.012467910535633564
         ],
         "10": [
            0.36718618869781494,
            0.3819153904914856,
            -0.025320526212453842
         ],
         "11": [
            0.36535975337028503,
            0.3177318572998047,
            -0.03495561704039574
         ],
         "12": [
            0.3625916838645935,
            0.2636882960796356,
            -0.04203766584396362
         ],
         "13": [
            0.3345971703529358,
            0.518700361251831,
            -0.01928766444325447
         ],
         "14": [
            0.32172197103500366,
            0.4646036922931671,
            -0.035585131496191025
         ],
         "15": [
            0.3335568308830261,
            0.5239325761795044,
            -0.03546272590756416
         ],
         "16": [
            0.3449254631996155,
            0.5674138069152832,
            -0.031335897743701935
         ],
         "17": [
            0.3095320463180542,
            0.5629815459251404,
            -0.03016429953277111
         ],
         "18": [
            0.2990666925907135,
            0.5240322351455688,
            -0.044590700417757034
         ],
         "19": [
            0.31071439385414124,
            0.5617650747299194,
            -0.045465029776096344
         ],
         "20": [
            0.3233061730861664,
            0.5962479114532471,
            -0.042212534695863724
         ]
      }
   ]
}