{
   "a": [
      {
         "0": [
            0.7333087921142578,
            0.6520639657974243,
            -5.23326093571086e-7
         ],
         "1": [
            0.6782693266868591,
            0.6455116271972656,
            -0.022143738344311714
         ],
         "2": [
            0.6289719343185425,
            0.5675797462463379,
            -0.028361879289150238
         ],
         "3": [
            0.6103786826133728,
            0.4675714075565338,
            -0.034326523542404175
         ],
         "4": [
            0.6095781326293945,
            0.3929441571235657,
            -0.03465458005666733
         ],
         "5": [
            0.6460321545600891,
            0.4617989659309387,
            0.00472697988152504
         ],
         "6": [
            0.6403250694274902,
            0.3944243788719177,
            -0.02622951939702034
         ],
         "7": [
            0.6484289765357971,
            0.4750415086746216,
            -0.039992932230234146
         ],
         "8": [
            0.654994785785675,
            0.5090646743774414,
            -0.04392959922552109
         ],
         "9": [
            0.678918719291687,
            0.45334315299987793,
            0.0051855118945240974
         ],
         "10": [
            0.6725116968154907,
            0.3922695517539978,
            -0.02578217163681984
         ],
         "11": [
            0.676594078540802,
            0.4921530783176422,
            -0.030449504032731056
         ],
         "12": [
            0.6792836785316467,
            0.507601797580719,
            -0.02515588328242302
         ],
         "13": [
            0.7112733125686646,
            0.45217758417129517,
            -0.0013681401032954454
         ],
         "14": [
            0.7072023153305054,
            0.3953034579753876,
            -0.03390900045633316
         ],
         "15": [
            0.7066807150840759,
            0.49317169189453125,
            -0.024455038830637932
         ],
         "16": [
            0.707996129989624,
            0.5117241144180298,
            -0.00865618884563446
         ],
         "17": [
            0.7461432814598083,
            0.4520215392112732,
            -0.009960954077541828
         ],
         "18": [
            0.7389125823974609,
            0.41138166189193726,
            -0.026154959574341774
         ],
         "19": [
            0.7360838651657104,
            0.47868284583091736,
            -0.016760647296905518
         ],
         "20": [
            0.7368859052658081,
            0.4976867735385895,
            -0.0044697546400129795
         ]
      }
   ]
}