{
   "b_closed": [
      {
         "0": [
            0.7329685688018799,
            0.6499431133270264,
            -5.309567541189608e-7
         ],
         "1": [
            0.678548276424408,
            0.6465981602668762,
            -0.02234601229429245
         ],
         "2": [
            0.6285550594329834,
            0.5682766437530518,
            -0.0285862535238266
         ],
         "3": [
            0.6095237731933594,
            0.4681660532951355,
            -0.034469909965991974
         ],
         "4": [
            0.6085873246192932,
            0.3944838047027588,
            -0.034737348556518555
         ],
         "5": [
            0.6456952691078186,
            0.462192177772522,
            0.0032296967692673206
         ],
         "6": [
            0.6397184133529663,
            0.39404845237731934,
            -0.027783935889601707
         ],
         "7": [
            0.6481529474258423,
            0.474943608045578,
            -0.041304461658000946
         ],
         "8": [
            0.6548210978507996,
            0.5087217688560486,
            -0.045018889009952545
         ],
         "9": [
            0.6786446571350098,
            0.4537543058395386,
            0.003814719384536147
         ],
         "10": [
            0.6720024943351746,
            0.3924163579940796,
            -0.027531353756785393
         ],
         "11": [
            0.6761922240257263,
            0.4924888610839844,
            -0.03215210512280464
         ],
         "12": [
            0.6786780953407288,
            0.5087992548942566,
            -0.02672903798520565
         ],
         "13": [
            0.7107999920845032,
            0.45242345333099365,
            -0.0024886680766940117
         ],
         "14": [
            0.7066055536270142,
            0.39573538303375244,
            -0.03533165901899338
         ],
         "15": [
            0.7065489888191223,
            0.49423933029174805,
            -0.025793001055717468
         ],
         "16": [
            0.7077484726905823,
            0.5131833553314209,
            -0.009880383498966694
         ],
         "17": [
            0.7455471158027649,
            0.45165571570396423,
            -0.01080156210809946
         ],
         "18": [
            0.738096296787262,
            0.4115832448005676,
            -0.027278771623969078
         ],
         "19": [
            0.7359532117843628,
            0.4790933132171631,
            -0.017948124557733536
         ],
         "20": [
            0.737236499786377,
            0.49834123253822327,
            -0.005679363384842873
         ]
      }
   ]
}