{
   "a": [
      {
         "0": [
            0.44313380122184753,
            0.723315954208374,
            0
         ],
         "1": [
            0.45970213413238525,
            0.6017999649047852,
            0.025942139327526093
         ],
         "2": [
            0.5013917088508606,
            0.5309079885482788,
            0.04324788600206375
         ],
         "3": [
            0.5357221364974976,
            0.5488786697387695,
            0.05887249857187271
         ],
         "4": [
            0.5447130799293518,
            0.6017226576805115,
            0.07667268812656403
         ],
         "5": [
            0.601199746131897,
            0.5371453166007996,
            0.028150679543614388
         ],
         "6": [
            0.60162353515625,
            0.5635554194450378,
            0.04934610053896904
         ],
         "7": [
            0.5711639523506165,
            0.5974017977714539,
            0.06556405127048492
         ],
         "8": [
            0.5464351773262024,
            0.6041457653045654,
            0.07548601180315018
         ],
         "9": [
            0.6211193799972534,
            0.6306514739990234,
            0.019646141678094864
         ],
         "10": [
            0.6126065850257874,
            0.6549093127250671,
            0.045192718505859375
         ],
         "11": [
            0.5835167765617371,
            0.6731517910957336,
            0.06272920966148376
         ],
         "12": [
            0.5615166425704956,
            0.6665143966674805,
            0.07027781009674072
         ],
         "13": [
            0.6229245662689209,
            0.723700761795044,
            0.014240157790482044
         ],
         "14": [
            0.6041138768196106,
            0.7402558922767639,
            0.03840227425098419
         ],
         "15": [
            0.5779139399528503,
            0.7540404796600342,
            0.0488186813890934
         ],
         "16": [
            0.5588957071304321,
            0.7468134164810181,
            0.0511590801179409
         ],
         "17": [
            0.6110591888427734,
            0.8125842809677124,
            0.009905478917062283
         ],
         "18": [
            0.5948373079299927,
            0.8281691074371338,
            0.025826767086982727
         ],
         "19": [
            0.5714879631996155,
            0.8326206803321838,
            0.032831475138664246
         ],
         "20": [
            0.5527272820472717,
            0.827608048915863,
            0.03678707405924797
         ]
      }
   ]
}