{
   "a": [
      {
         "0": [
            0.5240762233734131,
            0.6270800232887268,
            0
         ],
         "1": [
            0.4900246858596802,
            0.7001319527626038,
            0.019115792587399483
         ],
         "2": [
            0.44977644085884094,
            0.7187585234642029,
            0.025248458608984947
         ],
         "3": [
            0.42226624488830566,
            0.6886769533157349,
            0.02903887629508972
         ],
         "4": [
            0.40976378321647644,
            0.6449156403541565,
            0.03513376787304878
         ],
         "5": [
            0.40012964606285095,
            0.740788459777832,
            0.006642674561589956
         ],
         "6": [
            0.38798221945762634,
            0.7273101806640625,
            0.010137162171304226
         ],
         "7": [
            0.40735453367233276,
            0.69647616147995,
            0.016786133870482445
         ],
         "8": [
            0.43011611700057983,
            0.6906343102455139,
            0.022352125495672226
         ],
         "9": [
            0.38940441608428955,
            0.6727294921875,
            -0.003941529896110296
         ],
         "10": [
            0.387410432100296,
            0.6462304592132568,
            0.004350794479250908
         ],
         "11": [
            0.40994617342948914,
            0.6255561709403992,
            0.015967603772878647
         ],
         "12": [
            0.4301774799823761,
            0.6311164498329163,
            0.021722489967942238
         ],
         "13": [
            0.39054763317108154,
            0.5998263955116272,
            -0.012510895729064941
         ],
         "14": [
            0.39785194396972656,
            0.5772678852081299,
            -0.0022918800823390484
         ],
         "15": [
            0.41822636127471924,
            0.5661136507987976,
            0.007687872741371393
         ],
         "16": [
            0.4345686733722687,
            0.5774072408676147,
            0.011560142040252686
         ],
         "17": [
            0.4012922942638397,
            0.5298816561698914,
            -0.02043803036212921
         ],
         "18": [
            0.41092002391815186,
            0.5128037929534912,
            -0.013537203893065453
         ],
         "19": [
            0.4312558174133301,
            0.5095568299293518,
            -0.006944900378584862
         ],
         "20": [
            0.4469078779220581,
            0.5190430879592896,
            -0.002487067598849535
         ]
      }
   ]
}