{
   "a": [
      {
         "0": [
            0.33110350370407104,
            0.5137171745300293,
            0
         ],
         "1": [
            0.37206417322158813,
            0.5647278428077698,
            0.01700080931186676
         ],
         "2": [
            0.41094374656677246,
            0.5844810009002686,
            0.01608063280582428
         ],
         "3": [
            0.43514055013656616,
            0.6030318140983582,
            0.010172431357204914
         ],
         "4": [
            0.4464808702468872,
            0.6067725419998169,
            0.007215524557977915
         ],
         "5": [
            0.4587786793708801,
            0.4899079501628876,
            0.010267815552651882
         ],
         "6": [
            0.4609796702861786,
            0.6008172631263733,
            0.0007953348685987294
         ],
         "7": [
            0.43709656596183777,
            0.6032608151435852,
            -0.003725589718669653
         ],
         "8": [
            0.4253169000148773,
            0.5789289474487305,
            -0.006480506621301174
         ],
         "9": [
            0.4546051323413849,
            0.48846161365509033,
            -0.007400682661682367
         ],
         "10": [
            0.4519120752811432,
            0.6152204871177673,
            -0.016731489449739456
         ],
         "11": [
            0.4259650409221649,
            0.6056478023529053,
            -0.014419827610254288
         ],
         "12": [
            0.4180157780647278,
            0.5737033486366272,
            -0.013982183299958706
         ],
         "13": [
            0.4450467526912689,
            0.49844586849212646,
            -0.024979406967759132
         ],
         "14": [
            0.43966880440711975,
            0.6200782060623169,
            -0.030365802347660065
         ],
         "15": [
            0.41473856568336487,
            0.6075354218482971,
            -0.02164657600224018
         ],
         "16": [
            0.4062356650829315,
            0.574516773223877,
            -0.017472118139266968
         ],
         "17": [
            0.42976903915405273,
            0.5204224586486816,
            -0.04264229163527489
         ],
         "18": [
            0.42568743228912354,
            0.6090237498283386,
            -0.043113600462675095
         ],
         "19": [
            0.40575167536735535,
            0.6001172065734863,
            -0.03539310395717621
         ],
         "20": [
            0.39812082052230835,
            0.5719752907752991,
            -0.03088199719786644
         ]
      }
   ]
}