{
   "b": [
      {
         "0": [
            0.5394854545593262,
            0.519825279712677,
            4.0638647647028847e-7
         ],
         "1": [
            0.5135443210601807,
            0.4783836007118225,
            -0.03068617358803749
         ],
         "2": [
            0.5000045895576477,
            0.40888911485671997,
            -0.04623550549149513
         ],
         "3": [
            0.5231661200523376,
            0.3481433093547821,
            -0.05839519202709198
         ],
         "4": [
            0.557443380355835,
            0.3298007845878601,
            -0.06937119364738464
         ],
         "5": [
            0.5018040537834167,
            0.2769427001476288,
            -0.027260655537247658
         ],
         "6": [
            0.500683069229126,
            0.17138361930847168,
            -0.044621389359235764
         ],
         "7": [
            0.5035536289215088,
            0.10455082356929779,
            -0.06051148474216461
         ],
         "8": [
            0.5061655640602112,
            0.04762032628059387,
            -0.07245595753192902
         ],
         "9": [
            0.5255355834960938,
            0.2639436721801758,
            -0.023637859150767326
         ],
         "10": [
            0.5234489440917969,
            0.1513669341802597,
            -0.035905156284570694
         ],
         "11": [
            0.523560106754303,
            0.07844765484333038,
            -0.04828006029129028
         ],
         "12": [
            0.5222083330154419,
            0.014512747526168823,
            -0.05785715579986572
         ],
         "13": [
            0.5487257838249207,
            0.2723962962627411,
            -0.023315034806728363
         ],
         "14": [
            0.5469727516174316,
            0.17208203673362732,
            -0.03310735151171684
         ],
         "15": [
            0.5452332496643066,
            0.10739389061927795,
            -0.04272031784057617
         ],
         "16": [
            0.541898250579834,
            0.05345892906188965,
            -0.050288740545511246
         ],
         "17": [
            0.5735015273094177,
            0.29905200004577637,
            -0.0267226193100214
         ],
         "18": [
            0.5761932730674744,
            0.2269115149974823,
            -0.03434484079480171
         ],
         "19": [
            0.5751664042472839,
            0.1792449951171875,
            -0.03884643688797951
         ],
         "20": [
            0.5725568532943726,
            0.14048129320144653,
            -0.04250510409474373
         ]
      }
   ]
}