{
   "e": [
      {
         "0": [
            0.5825855731964111,
            0.5177013278007507,
            -9.10071733528639e-8
         ],
         "1": [
            0.5615799427032471,
            0.4914284646511078,
            -0.0239888746291399
         ],
         "2": [
            0.5527632832527161,
            0.4435163140296936,
            -0.04114890471100807
         ],
         "3": [
            0.5758276581764221,
            0.4151427149772644,
            -0.05715125799179077
         ],
         "4": [
            0.6043844819068909,
            0.40315645933151245,
            -0.07057447731494904
         ],
         "5": [
            0.5642647743225098,
            0.31786778569221497,
            -0.028267892077565193
         ],
         "6": [
            0.5717054009437561,
            0.21767425537109375,
            -0.05410318821668625
         ],
         "7": [
            0.588631272315979,
            0.24245578050613403,
            -0.07385700941085815
         ],
         "8": [
            0.5934435725212097,
            0.2868773341178894,
            -0.0841735377907753
         ],
         "9": [
            0.5916022658348083,
            0.3182874321937561,
            -0.027916189283132553
         ],
         "10": [
            0.603123128414154,
            0.21707502007484436,
            -0.047772590070962906
         ],
         "11": [
            0.6186230778694153,
            0.25725021958351135,
            -0.062133677303791046
         ],
         "12": [
            0.6171897053718567,
            0.30527710914611816,
            -0.07004692405462265
         ],
         "13": [
            0.6146008968353271,
            0.331577330827713,
            -0.030597900971770287
         ],
         "14": [
            0.6285387873649597,
            0.2460501492023468,
            -0.04478313773870468
         ],
         "15": [
            0.6392806172370911,
            0.27779147028923035,
            -0.051817137748003006
         ],
         "16": [
            0.6358022689819336,
            0.3202188014984131,
            -0.054953135550022125
         ],
         "17": [
            0.634801983833313,
            0.3567500114440918,
            -0.0359027124941349
         ],
         "18": [
            0.6492904424667358,
            0.29153844714164734,
            -0.04604339599609375
         ],
         "19": [
            0.657953679561615,
            0.30110809206962585,
            -0.04923800751566887
         ],
         "20": [
            0.6539852023124695,
            0.3315947651863098,
            -0.05046895518898964
         ]
      }
   ]
}