{
   "e": [
      {
         "0": [
            0.48528778553009033,
            0.49533045291900635,
            -1.2024632667362312e-7
         ],
         "1": [
            0.44768181443214417,
            0.4697270393371582,
            -0.02069397270679474
         ],
         "2": [
            0.4177950620651245,
            0.4210388958454132,
            -0.0387507863342762
         ],
         "3": [
            0.42415136098861694,
            0.3832195997238159,
            -0.05789348483085632
         ],
         "4": [
            0.4564059376716614,
            0.3718283474445343,
            -0.07458517700433731
         ],
         "5": [
            0.44678810238838196,
            0.2881692945957184,
            -0.02036820538341999
         ],
         "6": [
            0.44416940212249756,
            0.1837996244430542,
            -0.04799636825919151
         ],
         "7": [
            0.4497081935405731,
            0.21103796362876892,
            -0.06732521951198578
         ],
         "8": [
            0.45386040210723877,
            0.2603694796562195,
            -0.07663285732269287
         ],
         "9": [
            0.4779520034790039,
            0.2862711548805237,
            -0.023455237969756126
         ],
         "10": [
            0.48191288113594055,
            0.17929159104824066,
            -0.04759303480386734
         ],
         "11": [
            0.4842437207698822,
            0.22137059271335602,
            -0.05873116850852966
         ],
         "12": [
            0.48259633779525757,
            0.2696925401687622,
            -0.061957813799381256
         ],
         "13": [
            0.5069103837013245,
            0.2994668483734131,
            -0.030404938384890556
         ],
         "14": [
            0.5157167911529541,
            0.2010287046432495,
            -0.04948559030890465
         ],
         "15": [
            0.5138676166534424,
            0.24299737811088562,
            -0.04979584366083145
         ],
         "16": [
            0.5083863139152527,
            0.2895807921886444,
            -0.04585560783743858
         ],
         "17": [
            0.5351651310920715,
            0.3249494433403015,
            -0.03986769914627075
         ],
         "18": [
            0.5474231243133545,
            0.2537827491760254,
            -0.05144019424915314
         ],
         "19": [
            0.5434520244598389,
            0.2727721929550171,
            -0.04920635372400284
         ],
         "20": [
            0.5354781746864319,
            0.30349552631378174,
            -0.04495587199926376
         ]
      }
   ]
}