{
   "g": [
      {
         "0": [
            0.5417597889900208,
            0.49603939056396484,
            -8.098384540744519e-8
         ],
         "1": [
            0.5179664492607117,
            0.4082183241844177,
            0.0030471263453364372
         ],
         "2": [
            0.4630313217639923,
            0.36006397008895874,
            -0.003944939933717251
         ],
         "3": [
            0.41075122356414795,
            0.3572123944759369,
            -0.009601796977221966
         ],
         "4": [
            0.3758620023727417,
            0.35792097449302673,
            -0.01680942252278328
         ],
         "5": [
            0.45469823479652405,
            0.3180983364582062,
            -0.0351591520011425
         ],
         "6": [
            0.38031336665153503,
            0.3024255335330963,
            -0.049155838787555695
         ],
         "7": [
            0.33558085560798645,
            0.2981404960155487,
            -0.05575237050652504
         ],
         "8": [
            0.2991645932197571,
            0.29691141843795776,
            -0.060205861926078796
         ],
         "9": [
            0.4471644461154938,
            0.38490986824035645,
            -0.041588254272937775
         ],
         "10": [
            0.38215431571006775,
            0.38230398297309875,
            -0.050528720021247864
         ],
         "11": [
            0.39949893951416016,
            0.3918963372707367,
            -0.04322901368141174
         ],
         "12": [
            0.4232427775859833,
            0.3960210978984833,
            -0.03880900517106056
         ],
         "13": [
            0.4455101788043976,
            0.4521539509296417,
            -0.04527159035205841
         ],
         "14": [
            0.3915041387081146,
            0.4375074505805969,
            -0.048687051981687546
         ],
         "15": [
            0.41158798336982727,
            0.44518741965293884,
            -0.030990278348326683
         ],
         "16": [
            0.4327801465988159,
            0.4523995816707611,
            -0.020626701414585114
         ],
         "17": [
            0.4470424950122833,
            0.5157106518745422,
            -0.04858659952878952
         ],
         "18": [
            0.40840157866477966,
            0.49127739667892456,
            -0.048184774816036224
         ],
         "19": [
            0.42528191208839417,
            0.49512675404548645,
            -0.03366906940937042
         ],
         "20": [
            0.4416406452655792,
            0.5015939474105835,
            -0.0237742830067873
         ]
      }
   ]
}