{
   "a": [
      {
         "0": [
            0.535469651222229,
            0.19424322247505188,
            0
         ],
         "1": [
            0.5007770657539368,
            0.1926937848329544,
            -0.03280438482761383
         ],
         "2": [
            0.46681249141693115,
            0.2715546786785126,
            -0.038169682025909424
         ],
         "3": [
            0.4725770056247711,
            0.3543509244918823,
            -0.03768385201692581
         ],
         "4": [
            0.49840056896209717,
            0.3854665160179138,
            -0.034367501735687256
         ],
         "5": [
            0.470981240272522,
            0.3200905919075012,
            -0.01535659097135067
         ],
         "6": [
            0.4733469486236572,
            0.3802606165409088,
            -0.029319049790501595
         ],
         "7": [
            0.480281263589859,
            0.3255557119846344,
            -0.031283505260944366
         ],
         "8": [
            0.4820878505706787,
            0.3046588897705078,
            -0.029614774510264397
         ],
         "9": [
            0.5009841322898865,
            0.3262875974178314,
            -0.0009393238578923047
         ],
         "10": [
            0.5009858012199402,
            0.38148564100265503,
            -0.01583186350762844
         ],
         "11": [
            0.5046981573104858,
            0.30549004673957825,
            -0.013666732236742973
         ],
         "12": [
            0.5040974617004395,
            0.29626408219337463,
            -0.0071554952301084995
         ],
         "13": [
            0.5265541076660156,
            0.3268846571445465,
            0.008053232915699482
         ],
         "14": [
            0.5293731689453125,
            0.3728640377521515,
            -0.008787265047430992
         ],
         "15": [
            0.5286744236946106,
            0.2986987233161926,
            -0.004979802295565605
         ],
         "16": [
            0.5278756022453308,
            0.28388428688049316,
            0.0028965233359485865
         ],
         "17": [
            0.5521907210350037,
            0.32780078053474426,
            0.013983580283820629
         ],
         "18": [
            0.5510503649711609,
            0.35188814997673035,
            0.0024885807652026415
         ],
         "19": [
            0.5511416792869568,
            0.3015311360359192,
            0.0028305130545049906
         ],
         "20": [
            0.5522193312644958,
            0.2852022349834442,
            0.008396484889090061
         ]
      }
   ]
}