{
   "a": [
      {
         "0": [
            0.4641115069389343,
            0.3142859637737274,
            0
         ],
         "1": [
            0.39432042837142944,
            0.37026554346084595,
            0.005731781478971243
         ],
         "2": [
            0.35531389713287354,
            0.46005621552467346,
            -0.004944423213601112
         ],
         "3": [
            0.33808600902557373,
            0.5373547673225403,
            -0.021971048787236214
         ],
         "4": [
            0.34746861457824707,
            0.6046899557113647,
            -0.03470000624656677
         ],
         "5": [
            0.4349784851074219,
            0.6181540489196777,
            -0.0026198411360383034
         ],
         "6": [
            0.37422415614128113,
            0.6859652996063232,
            -0.025607893243432045
         ],
         "7": [
            0.35207870602607727,
            0.6281760931015015,
            -0.03237542510032654
         ],
         "8": [
            0.35723763704299927,
            0.5825656652450562,
            -0.03499995544552803
         ],
         "9": [
            0.4533105194568634,
            0.613798201084137,
            -0.024333124980330467
         ],
         "10": [
            0.37471964955329895,
            0.6855987310409546,
            -0.05177818983793259
         ],
         "11": [
            0.35738664865493774,
            0.5971452593803406,
            -0.04761643707752228
         ],
         "12": [
            0.37215062975883484,
            0.5580838918685913,
            -0.04008029028773308
         ],
         "13": [
            0.4614097774028778,
            0.5882540345191956,
            -0.04870373755693436
         ],
         "14": [
            0.3805021047592163,
            0.6394234895706177,
            -0.07333680987358093
         ],
         "15": [
            0.36945387721061707,
            0.553251326084137,
            -0.05770212411880493
         ],
         "16": [
            0.3902130424976349,
            0.517720103263855,
            -0.04371713474392891
         ],
         "17": [
            0.4608120620250702,
            0.5483508706092834,
            -0.07431162893772125
         ],
         "18": [
            0.3893427848815918,
            0.5705025792121887,
            -0.0887090414762497
         ],
         "19": [
            0.38123154640197754,
            0.5106061697006226,
            -0.07828591763973236
         ],
         "20": [
            0.4021681845188141,
            0.4828058183193207,
            -0.06778780370950699
         ]
      }
   ]
}