{
   "a": [
      {
         "0": [
            0.3516724407672882,
            0.28922390937805176,
            0
         ],
         "1": [
            0.42538926005363464,
            0.33178043365478516,
            0.02820376679301262
         ],
         "2": [
            0.45560798048973083,
            0.4112553000450134,
            0.0445500910282135
         ],
         "3": [
            0.4493425190448761,
            0.49050137400627136,
            0.059592101722955704
         ],
         "4": [
            0.43240422010421753,
            0.5367422103881836,
            0.07792031764984131
         ],
         "5": [
            0.4544998109340668,
            0.5560294985771179,
            0.02186850644648075
         ],
         "6": [
            0.4573425054550171,
            0.5912883877754211,
            0.041094496846199036
         ],
         "7": [
            0.4399877190589905,
            0.5622720718383789,
            0.05952434241771698
         ],
         "8": [
            0.4328714609146118,
            0.5176205039024353,
            0.0721609815955162
         ],
         "9": [
            0.40801459550857544,
            0.5854082703590393,
            0.01416963990777731
         ],
         "10": [
            0.40033963322639465,
            0.593090295791626,
            0.03862137347459793
         ],
         "11": [
            0.3873131275177002,
            0.5435523986816406,
            0.05928719416260719
         ],
         "12": [
            0.3894878029823303,
            0.49880021810531616,
            0.07006052136421204
         ],
         "13": [
            0.36132001876831055,
            0.5823779702186584,
            0.010019536130130291
         ],
         "14": [
            0.3559843599796295,
            0.5623956918716431,
            0.03506414219737053
         ],
         "15": [
            0.34811556339263916,
            0.5214909315109253,
            0.048276714980602264
         ],
         "16": [
            0.3538724184036255,
            0.48554208874702454,
            0.05254539102315903
         ],
         "17": [
            0.31580406427383423,
            0.5522071719169617,
            0.0074998303316533566
         ],
         "18": [
            0.3126669228076935,
            0.5433291792869568,
            0.02352854795753956
         ],
         "19": [
            0.31266355514526367,
            0.5038324594497681,
            0.031828753650188446
         ],
         "20": [
            0.31986433267593384,
            0.46472617983818054,
            0.03723235800862312
         ]
      }
   ]
}