{
   "y": [
      {
         "0": [
            0.2946079671382904,
            0.8933796882629395,
            0
         ],
         "1": [
            0.3490089178085327,
            0.834852397441864,
            -0.03365334868431091
         ],
         "2": [
            0.3983173966407776,
            0.7184471487998962,
            -0.05360155180096626
         ],
         "3": [
            0.42142361402511597,
            0.5994099378585815,
            -0.07295869290828705
         ],
         "4": [
            0.45504260063171387,
            0.5358285307884216,
            -0.0850384384393692
         ],
         "5": [
            0.34847137331962585,
            0.6052305102348328,
            -0.010084923356771469
         ],
         "6": [
            0.3153206706047058,
            0.5693557858467102,
            -0.04207592457532883
         ],
         "7": [
            0.3192494809627533,
            0.6523706316947937,
            -0.05507919564843178
         ],
         "8": [
            0.3335060775279999,
            0.7155284881591797,
            -0.05954907089471817
         ],
         "9": [
            0.30214089155197144,
            0.6055182814598083,
            -0.008039308711886406
         ],
         "10": [
            0.2764352262020111,
            0.579777717590332,
            -0.05282578989863396
         ],
         "11": [
            0.29222437739372253,
            0.7041894793510437,
            -0.06571823358535767
         ],
         "12": [
            0.30961284041404724,
            0.7209579944610596,
            -0.06268905848264694
         ],
         "13": [
            0.2605907917022705,
            0.6175251603126526,
            -0.012578447349369526
         ],
         "14": [
            0.23339231312274933,
            0.5937166810035706,
            -0.05127426236867905
         ],
         "15": [
            0.2540619373321533,
            0.7014275193214417,
            -0.046287212520837784
         ],
         "16": [
            0.2758212685585022,
            0.7538763284683228,
            -0.031695470213890076
         ],
         "17": [
            0.22684361040592194,
            0.6460260152816772,
            -0.021148784086108208
         ],
         "18": [
            0.21051746606826782,
            0.5554590225219727,
            -0.04137404263019562
         ],
         "19": [
            0.19283828139305115,
            0.5015901923179626,
            -0.04322109743952751
         ],
         "20": [
            0.1754188984632492,
            0.4294290542602539,
            -0.037365932017564774
         ]
      }
   ]
}