{
   "a": [
      {
         "0": [
            0.28468775749206543,
            0.6798204183578491,
            0
         ],
         "1": [
            0.328856498003006,
            0.6900734305381775,
            -0.030282918363809586
         ],
         "2": [
            0.369252473115921,
            0.5993002653121948,
            -0.03620132431387901
         ],
         "3": [
            0.37655097246170044,
            0.5055058598518372,
            -0.03859632462263107
         ],
         "4": [
            0.3721504509449005,
            0.4526815414428711,
            -0.03834301233291626
         ],
         "5": [
            0.345234215259552,
            0.5270419716835022,
            -0.012654345482587814
         ],
         "6": [
            0.3477832078933716,
            0.4697498083114624,
            -0.02864786982536316
         ],
         "7": [
            0.34330111742019653,
            0.5305719971656799,
            -0.02996051497757435
         ],
         "8": [
            0.342041015625,
            0.564363420009613,
            -0.027634603902697563
         ],
         "9": [
            0.31616511940956116,
            0.5245569348335266,
            -0.003759457264095545
         ],
         "10": [
            0.32265546917915344,
            0.4742721915245056,
            -0.0242493636906147
         ],
         "11": [
            0.3188156485557556,
            0.5590898394584656,
            -0.0222573671489954
         ],
         "12": [
            0.3179842531681061,
            0.5802345275878906,
            -0.013817301951348782
         ],
         "13": [
            0.2899015247821808,
            0.5281025171279907,
            -0.0006689156871289015
         ],
         "14": [
            0.2959635853767395,
            0.4792199730873108,
            -0.02376575767993927
         ],
         "15": [
            0.29480743408203125,
            0.5634684562683105,
            -0.017847346141934395
         ],
         "16": [
            0.29301539063453674,
            0.589158296585083,
            -0.006758963223546743
         ],
         "17": [
            0.2627677023410797,
            0.5329170823097229,
            -0.0006498449365608394
         ],
         "18": [
            0.2702412009239197,
            0.49684223532676697,
            -0.015429319813847542
         ],
         "19": [
            0.27084779739379883,
            0.5563545823097229,
            -0.01356398407369852
         ],
         "20": [
            0.2669956088066101,
            0.5798044800758362,
            -0.005993254017084837
         ]
      }
   ]
}