{
   "b": [
      {
         "0": [
            0.30768463015556335,
            0.6877620816230774,
            0
         ],
         "1": [
            0.3505057394504547,
            0.64853435754776,
            -0.014181213453412056
         ],
         "2": [
            0.37298449873924255,
            0.5720675587654114,
            -0.01847209967672825
         ],
         "3": [
            0.374406099319458,
            0.4955034852027893,
            -0.02251952514052391
         ],
         "4": [
            0.37550586462020874,
            0.437081515789032,
            -0.02691691927611828
         ],
         "5": [
            0.34850654006004333,
            0.48256760835647583,
            -0.004233823157846928
         ],
         "6": [
            0.3574282228946686,
            0.39745789766311646,
            -0.012111852876842022
         ],
         "7": [
            0.35922303795814514,
            0.34728026390075684,
            -0.017969973385334015
         ],
         "8": [
            0.3588937520980835,
            0.3037302792072296,
            -0.02198696881532669
         ],
         "9": [
            0.3252839744091034,
            0.4729636013507843,
            -0.006759662181138992
         ],
         "10": [
            0.33511996269226074,
            0.3803827464580536,
            -0.011655377224087715
         ],
         "11": [
            0.33943840861320496,
            0.3235071301460266,
            -0.01859382539987564
         ],
         "12": [
            0.34288206696510315,
            0.27481406927108765,
            -0.024938851594924927
         ],
         "13": [
            0.30239492654800415,
            0.4783439636230469,
            -0.012309659272432327
         ],
         "14": [
            0.3107132911682129,
            0.3921995162963867,
            -0.020358867943286896
         ],
         "15": [
            0.31674933433532715,
            0.3395429849624634,
            -0.02956448681652546
         ],
         "16": [
            0.32253751158714294,
            0.29225432872772217,
            -0.036761604249477386
         ],
         "17": [
            0.27783358097076416,
            0.49677982926368713,
            -0.019902393221855164
         ],
         "18": [
            0.28287991881370544,
            0.42993053793907166,
            -0.028940632939338684
         ],
         "19": [
            0.28904488682746887,
            0.3887871503829956,
            -0.03572692349553108
         ],
         "20": [
            0.29552415013313293,
            0.3486025929450989,
            -0.040687307715415955
         ]
      }
   ]
}