{
   "g": [
      {
         "0": [
            0.3224985599517822,
            0.8789124488830566,
            0
         ],
         "1": [
            0.33675920963287354,
            0.791484534740448,
            -0.0026400198694318533
         ],
         "2": [
            0.38028931617736816,
            0.7251895070075989,
            -0.016918115317821503
         ],
         "3": [
            0.42809194326400757,
            0.7094478011131287,
            -0.030122794210910797
         ],
         "4": [
            0.4584324061870575,
            0.7090855836868286,
            -0.04255791753530502
         ],
         "5": [
            0.35732096433639526,
            0.7278788685798645,
            -0.04443906247615814
         ],
         "6": [
            0.42743492126464844,
            0.7195754647254944,
            -0.05731393024325371
         ],
         "7": [
            0.4494715929031372,
            0.7207308411598206,
            -0.05413797125220299
         ],
         "8": [
            0.46029797196388245,
            0.7240685820579529,
            -0.04978933557868004
         ],
         "9": [
            0.3588714897632599,
            0.7902489304542542,
            -0.052036941051483154
         ],
         "10": [
            0.44687172770500183,
            0.7698497772216797,
            -0.06415446847677231
         ],
         "11": [
            0.4414219260215759,
            0.7743760347366333,
            -0.05042453482747078
         ],
         "12": [
            0.4214690923690796,
            0.7772703766822815,
            -0.038624607026576996
         ],
         "13": [
            0.36663851141929626,
            0.8506167531013489,
            -0.0578514002263546
         ],
         "14": [
            0.448483407497406,
            0.819633960723877,
            -0.06220003217458725
         ],
         "15": [
            0.43883493542671204,
            0.8227994441986084,
            -0.03987056016921997
         ],
         "16": [
            0.41580653190612793,
            0.824510395526886,
            -0.025383280590176582
         ],
         "17": [
            0.3783673346042633,
            0.9048668146133423,
            -0.06420332938432693
         ],
         "18": [
            0.44237685203552246,
            0.8714157938957214,
            -0.06444764137268066
         ],
         "19": [
            0.4352778196334839,
            0.8644812107086182,
            -0.04905642569065094
         ],
         "20": [
            0.4126426875591278,
            0.8635413646697998,
            -0.03757409378886223
         ]
      }
   ]
}