{
   "h": [
      {
         "0": [
            0.17067988216876984,
            0.770715057849884,
            0
         ],
         "1": [
            0.20108625292778015,
            0.6591947078704834,
            -0.02462359145283699
         ],
         "2": [
            0.25801634788513184,
            0.5972099304199219,
            -0.07006531208753586
         ],
         "3": [
            0.3140478730201721,
            0.6184566617012024,
            -0.10856765508651733
         ],
         "4": [
            0.3425884246826172,
            0.6445502042770386,
            -0.14460764825344086
         ],
         "5": [
            0.21144331991672516,
            0.5666409134864807,
            -0.13677285611629486
         ],
         "6": [
            0.2922618091106415,
            0.5660099387168884,
            -0.18098340928554535
         ],
         "7": [
            0.3427792489528656,
            0.5838838815689087,
            -0.19262365996837616
         ],
         "8": [
            0.38482871651649475,
            0.5986077189445496,
            -0.19665296375751495
         ],
         "9": [
            0.20133455097675323,
            0.6616453528404236,
            -0.14404802024364471
         ],
         "10": [
            0.31049010157585144,
            0.6573892831802368,
            -0.19754835963249207
         ],
         "11": [
            0.3733641803264618,
            0.6655702590942383,
            -0.19698873162269592
         ],
         "12": [
            0.4195557236671448,
            0.6731148362159729,
            -0.1923997849225998
         ],
         "13": [
            0.2038748860359192,
            0.7492688298225403,
            -0.14505533874034882
         ],
         "14": [
            0.3034208416938782,
            0.7364011406898499,
            -0.17538714408874512
         ],
         "15": [
            0.31876203417778015,
            0.7179924845695496,
            -0.14841310679912567
         ],
         "16": [
            0.31428802013397217,
            0.6984395384788513,
            -0.12927386164665222
         ],
         "17": [
            0.2163749635219574,
            0.8146950006484985,
            -0.14695806801319122
         ],
         "18": [
            0.2952893078327179,
            0.7903257012367249,
            -0.15635980665683746
         ],
         "19": [
            0.3136993646621704,
            0.7603536248207092,
            -0.13408665359020233
         ],
         "20": [
            0.3158320188522339,
            0.732995867729187,
            -0.11830516904592514
         ]
      }
   ]
}