{
   "i": [
      {
         "0": [
            0.3167828917503357,
            0.9715763330459595,
            0
         ],
         "1": [
            0.369787335395813,
            0.9241947531700134,
            -0.02765197679400444
         ],
         "2": [
            0.4170089364051819,
            0.8096927404403687,
            -0.04348849877715111
         ],
         "3": [
            0.424241840839386,
            0.6924799084663391,
            -0.06033504754304886
         ],
         "4": [
            0.3833228647708893,
            0.6342759132385254,
            -0.06921569257974625
         ],
         "5": [
            0.39470115303993225,
            0.6865643858909607,
            0.004264045041054487
         ],
         "6": [
            0.4005335867404938,
            0.60646653175354,
            -0.02014344558119774
         ],
         "7": [
            0.39616790413856506,
            0.6849484443664551,
            -0.028433319181203842
         ],
         "8": [
            0.39110708236694336,
            0.7307909727096558,
            -0.031082268804311752
         ],
         "9": [
            0.3541261553764343,
            0.6807076334953308,
            0.0037590297870337963
         ],
         "10": [
            0.3609899580478668,
            0.6231279969215393,
            -0.028395207598805428
         ],
         "11": [
            0.3571922183036804,
            0.7484737634658813,
            -0.03439822047948837
         ],
         "12": [
            0.36066415905952454,
            0.738328754901886,
            -0.029786381870508194
         ],
         "13": [
            0.31668609380722046,
            0.6824116110801697,
            -0.0043093059211969376
         ],
         "14": [
            0.3188784718513489,
            0.6175193786621094,
            -0.03094886988401413
         ],
         "15": [
            0.32454606890678406,
            0.7196165919303894,
            -0.024278854951262474
         ],
         "16": [
            0.32380813360214233,
            0.7659329175949097,
            -0.013054171577095985
         ],
         "17": [
            0.2780446410179138,
            0.6856198310852051,
            -0.01675126515328884
         ],
         "18": [
            0.26704084873199463,
            0.5897627472877502,
            -0.027118375524878502
         ],
         "19": [
            0.26191750168800354,
            0.5276036262512207,
            -0.02732800506055355
         ],
         "20": [
            0.2568793296813965,
            0.45153719186782837,
            -0.023840539157390594
         ]
      }
   ]
}