{
   "k": [
      {
         "0": [
            0.32267123460769653,
            0.6363511085510254,
            0
         ],
         "1": [
            0.36774447560310364,
            0.5654016733169556,
            0.003261193633079529
         ],
         "2": [
            0.3916177749633789,
            0.47026580572128296,
            -0.0063369376584887505
         ],
         "3": [
            0.4100496172904968,
            0.3993021845817566,
            -0.020788410678505898
         ],
         "4": [
            0.43636006116867065,
            0.34447506070137024,
            -0.031752534210681915
         ],
         "5": [
            0.3475934565067291,
            0.37371018528938293,
            0.0006615111487917602
         ],
         "6": [
            0.35124725103378296,
            0.2660978138446808,
            -0.014844988472759724
         ],
         "7": [
            0.35109788179397583,
            0.1998024582862854,
            -0.025781972333788872
         ],
         "8": [
            0.35082969069480896,
            0.14129769802093506,
            -0.0343397781252861
         ],
         "9": [
            0.32001176476478577,
            0.3807508647441864,
            -0.014501229859888554
         ],
         "10": [
            0.3497304618358612,
            0.33731600642204285,
            -0.029545238241553307
         ],
         "11": [
            0.37693139910697937,
            0.3199814260005951,
            -0.03367035463452339
         ],
         "12": [
            0.39659038186073303,
            0.30175572633743286,
            -0.03692702576518059
         ],
         "13": [
            0.29701146483421326,
            0.40820395946502686,
            -0.031300220638513565
         ],
         "14": [
            0.34330618381500244,
            0.4295884966850281,
            -0.04334989935159683
         ],
         "15": [
            0.35158005356788635,
            0.4890146553516388,
            -0.03703557699918747
         ],
         "16": [
            0.34626397490501404,
            0.5218427181243896,
            -0.031571611762046814
         ],
         "17": [
            0.27869275212287903,
            0.4469909071922302,
            -0.050333648920059204
         ],
         "18": [
            0.32007503509521484,
            0.46509504318237305,
            -0.057751622051000595
         ],
         "19": [
            0.33063584566116333,
            0.5064744353294373,
            -0.05406072735786438
         ],
         "20": [
            0.3246895670890808,
            0.527782678604126,
            -0.050007984042167664
         ]
      }
   ]
}