{
   "k": [
      {
         "0": [
            0.3076865077018738,
            0.8304001092910767,
            0
         ],
         "1": [
            0.36376747488975525,
            0.7575271725654602,
            -0.0005998021806590259
         ],
         "2": [
            0.3915625512599945,
            0.6286514401435852,
            -0.011894668452441692
         ],
         "3": [
            0.3886999189853668,
            0.5171370506286621,
            -0.027422618120908737
         ],
         "4": [
            0.38872194290161133,
            0.4195314645767212,
            -0.039122648537158966
         ],
         "5": [
            0.3505195677280426,
            0.5265815854072571,
            -0.0058608278632164
         ],
         "6": [
            0.3599926233291626,
            0.3898857533931732,
            -0.025908751413226128
         ],
         "7": [
            0.3626326322555542,
            0.3053164482116699,
            -0.0372411273419857
         ],
         "8": [
            0.36295875906944275,
            0.22928902506828308,
            -0.045935049653053284
         ],
         "9": [
            0.30845165252685547,
            0.5250383615493774,
            -0.021453658118844032
         ],
         "10": [
            0.3462478220462799,
            0.46505117416381836,
            -0.04093929007649422
         ],
         "11": [
            0.3700990080833435,
            0.4257497489452362,
            -0.046194568276405334
         ],
         "12": [
            0.38167136907577515,
            0.382793664932251,
            -0.05060640722513199
         ],
         "13": [
            0.2718678414821625,
            0.5520415902137756,
            -0.039144277572631836
         ],
         "14": [
            0.3256285786628723,
            0.5959155559539795,
            -0.05584006756544113
         ],
         "15": [
            0.33597221970558167,
            0.6830562353134155,
            -0.04870326444506645
         ],
         "16": [
            0.3281133770942688,
            0.7281204462051392,
            -0.0416962206363678
         ],
         "17": [
            0.2388521134853363,
            0.5937180519104004,
            -0.059992384165525436
         ],
         "18": [
            0.28911343216896057,
            0.6409143209457397,
            -0.07158428430557251
         ],
         "19": [
            0.3042973279953003,
            0.704570472240448,
            -0.06898908317089081
         ],
         "20": [
            0.29730716347694397,
            0.7343847155570984,
            -0.06444748491048813
         ]
      }
   ]
}