{
   "m": [
      {
         "0": [
            0.30063095688819885,
            0.7131559252738953,
            0
         ],
         "1": [
            0.35126230120658875,
            0.6628930568695068,
            -0.010135767981410027
         ],
         "2": [
            0.3759061396121979,
            0.5791417956352234,
            -0.012789438478648663
         ],
         "3": [
            0.36423081159591675,
            0.5051751732826233,
            -0.018528589978814125
         ],
         "4": [
            0.34330153465270996,
            0.46464595198631287,
            -0.020962432026863098
         ],
         "5": [
            0.36205029487609863,
            0.490806519985199,
            0.006657731253653765
         ],
         "6": [
            0.36721789836883545,
            0.4100744426250458,
            -0.012915056198835373
         ],
         "7": [
            0.36727070808410645,
            0.4644337296485901,
            -0.01666002906858921
         ],
         "8": [
            0.36351850628852844,
            0.5162476897239685,
            -0.014838575385510921
         ],
         "9": [
            0.3284014165401459,
            0.488616943359375,
            -0.0000955625728238374
         ],
         "10": [
            0.33397722244262695,
            0.41133344173431396,
            -0.024856574833393097
         ],
         "11": [
            0.33656078577041626,
            0.4994053840637207,
            -0.02366320975124836
         ],
         "12": [
            0.3350260555744171,
            0.5498674511909485,
            -0.014218338765203953
         ],
         "13": [
            0.2966247498989105,
            0.502508282661438,
            -0.012318371795117855
         ],
         "14": [
            0.3006340265274048,
            0.4425589144229889,
            -0.036774542182683945
         ],
         "15": [
            0.30949124693870544,
            0.5271628499031067,
            -0.028452379629015923
         ],
         "16": [
            0.3103823661804199,
            0.5693997740745544,
            -0.014500978402793407
         ],
         "17": [
            0.2632933259010315,
            0.5267857313156128,
            -0.027227608487010002
         ],
         "18": [
            0.27092111110687256,
            0.47864171862602234,
            -0.04145379737019539
         ],
         "19": [
            0.2812995910644531,
            0.5360144376754761,
            -0.03624066710472107
         ],
         "20": [
            0.2840067148208618,
            0.5725386142730713,
            -0.025877218693494797
         ]
      }
   ]
}