{
   "m": [
      {
         "0": [
            0.22786295413970947,
            0.734287440776825,
            0
         ],
         "1": [
            0.29669854044914246,
            0.6873141527175903,
            -0.021045323461294174
         ],
         "2": [
            0.3465641736984253,
            0.5803021192550659,
            -0.03246510028839111
         ],
         "3": [
            0.34376341104507446,
            0.49259254336357117,
            -0.04610128700733185
         ],
         "4": [
            0.3020625710487366,
            0.4685598313808441,
            -0.055009134113788605
         ],
         "5": [
            0.3243584632873535,
            0.42612388730049133,
            -0.011335344985127449
         ],
         "6": [
            0.3292505443096161,
            0.3355948328971863,
            -0.04458146542310715
         ],
         "7": [
            0.3191542625427246,
            0.44033125042915344,
            -0.052433885633945465
         ],
         "8": [
            0.3096851408481598,
            0.5072788000106812,
            -0.052560534328222275
         ],
         "9": [
            0.2715097665786743,
            0.4177081882953644,
            -0.021087538450956345
         ],
         "10": [
            0.279317170381546,
            0.32358479499816895,
            -0.06104620546102524
         ],
         "11": [
            0.2761038839817047,
            0.4617103338241577,
            -0.058724258095026016
         ],
         "12": [
            0.2753980755805969,
            0.5196254849433899,
            -0.04648124426603317
         ],
         "13": [
            0.22161075472831726,
            0.4353374242782593,
            -0.03824887052178383
         ],
         "14": [
            0.22178605198860168,
            0.35576215386390686,
            -0.07607556879520416
         ],
         "15": [
            0.23103450238704681,
            0.4853668510913849,
            -0.06319929659366608
         ],
         "16": [
            0.23953574895858765,
            0.539687991142273,
            -0.044750336557626724
         ],
         "17": [
            0.17397403717041016,
            0.47146618366241455,
            -0.0594419501721859
         ],
         "18": [
            0.1800314486026764,
            0.4310281276702881,
            -0.08105720579624176
         ],
         "19": [
            0.19553732872009277,
            0.527259886264801,
            -0.072993703186512
         ],
         "20": [
            0.2075805366039276,
            0.5738033056259155,
            -0.05939973518252373
         ]
      }
   ]
}