{
   "m-DGS": [
      {
         "0": [
            0.3027759790420532,
            0.29335886240005493,
            0
         ],
         "1": [
            0.3748646378517151,
            0.34866464138031006,
            -0.01712738163769245
         ],
         "2": [
            0.42565420269966125,
            0.4582577049732208,
            -0.04022159427404404
         ],
         "3": [
            0.43808698654174805,
            0.573456883430481,
            -0.054593525826931
         ],
         "4": [
            0.42461881041526794,
            0.6584175229072571,
            -0.06779588758945465
         ],
         "5": [
            0.39475950598716736,
            0.477045476436615,
            -0.1023678258061409
         ],
         "6": [
            0.3818998634815216,
            0.6719866991043091,
            -0.11989167332649231
         ],
         "7": [
            0.373493492603302,
            0.7642951011657715,
            -0.11212091147899628
         ],
         "8": [
            0.36527305841445923,
            0.8367115259170532,
            -0.10435015708208084
         ],
         "9": [
            0.3422948718070984,
            0.4739481806755066,
            -0.10086124390363693
         ],
         "10": [
            0.33731940388679504,
            0.6863920092582703,
            -0.11616487801074982
         ],
         "11": [
            0.33658671379089355,
            0.792826235294342,
            -0.09998901188373566
         ],
         "12": [
            0.33604732155799866,
            0.8635550737380981,
            -0.08960158377885818
         ],
         "13": [
            0.2962374985218048,
            0.47262194752693176,
            -0.0934869572520256
         ],
         "14": [
            0.3106185495853424,
            0.6538034081459045,
            -0.100702665746212
         ],
         "15": [
            0.3248836398124695,
            0.7296398878097534,
            -0.08115682750940323
         ],
         "16": [
            0.33784860372543335,
            0.7643264532089233,
            -0.07037291675806046
         ],
         "17": [
            0.2590131461620331,
            0.4747482240200043,
            -0.08603337407112122
         ],
         "18": [
            0.28458163142204285,
            0.611987829208374,
            -0.08865005522966385
         ],
         "19": [
            0.3058128356933594,
            0.6530832648277283,
            -0.07639921456575394
         ],
         "20": [
            0.3227226436138153,
            0.6651463508605957,
            -0.06827164441347122
         ]
      }
   ]
}