{
   "n": [
      {
         "0": [
            0.2942703366279602,
            0.7661445736885071,
            0
         ],
         "1": [
            0.3358217179775238,
            0.7271950244903564,
            -0.02049291878938675
         ],
         "2": [
            0.35141968727111816,
            0.6376795172691345,
            -0.028174256905913353
         ],
         "3": [
            0.3297073543071747,
            0.5595093965530396,
            -0.03509867936372757
         ],
         "4": [
            0.3011053204536438,
            0.5145910978317261,
            -0.038210462778806686
         ],
         "5": [
            0.35581907629966736,
            0.5523350834846497,
            -0.012811577878892422
         ],
         "6": [
            0.3658093810081482,
            0.5113250017166138,
            -0.03341663256287575
         ],
         "7": [
            0.353192538022995,
            0.5802616477012634,
            -0.03753764554858208
         ],
         "8": [
            0.34100329875946045,
            0.6400366425514221,
            -0.03602380305528641
         ],
         "9": [
            0.3217143714427948,
            0.5333669185638428,
            -0.011704230681061745
         ],
         "10": [
            0.33283987641334534,
            0.4892113208770752,
            -0.0371171310544014
         ],
         "11": [
            0.3303556442260742,
            0.5659928917884827,
            -0.04017284885048866
         ],
         "12": [
            0.32844582200050354,
            0.6331806778907776,
            -0.03613593801856041
         ],
         "13": [
            0.2891139090061188,
            0.5351455807685852,
            -0.015026270411908627
         ],
         "14": [
            0.29542309045791626,
            0.5520952939987183,
            -0.03989250957965851
         ],
         "15": [
            0.30220553278923035,
            0.6507832407951355,
            -0.039135586470365524
         ],
         "16": [
            0.3072592318058014,
            0.7196277379989624,
            -0.030108612030744553
         ],
         "17": [
            0.25847041606903076,
            0.5504845380783081,
            -0.021502144634723663
         ],
         "18": [
            0.2699033319950104,
            0.5647479295730591,
            -0.03784601762890816
         ],
         "19": [
            0.2776566445827484,
            0.6268190741539001,
            -0.03994857519865036
         ],
         "20": [
            0.2843797206878662,
            0.6694805026054382,
            -0.034818340092897415
         ]
      }
   ]
}