{
   "n": [
      {
         "0": [
            0.2756800353527069,
            0.5737746953964233,
            0
         ],
         "1": [
            0.31572505831718445,
            0.5415993332862854,
            -0.018493905663490295
         ],
         "2": [
            0.33772313594818115,
            0.45499274134635925,
            -0.028072362765669823
         ],
         "3": [
            0.3273996114730835,
            0.3783176839351654,
            -0.03834205120801926
         ],
         "4": [
            0.304675817489624,
            0.32720211148262024,
            -0.045564692467451096
         ],
         "5": [
            0.3370073437690735,
            0.33854982256889343,
            -0.01568666845560074
         ],
         "6": [
            0.3517584204673767,
            0.3159192204475403,
            -0.04031699150800705
         ],
         "7": [
            0.33941394090652466,
            0.38797727227211,
            -0.04694715142250061
         ],
         "8": [
            0.3268483877182007,
            0.4467035233974457,
            -0.04691893607378006
         ],
         "9": [
            0.300706148147583,
            0.3188116252422333,
            -0.018437478691339493
         ],
         "10": [
            0.3126291036605835,
            0.2934167683124542,
            -0.04968385025858879
         ],
         "11": [
            0.31021809577941895,
            0.38080793619155884,
            -0.05287197232246399
         ],
         "12": [
            0.30880287289619446,
            0.45380911231040955,
            -0.04773712903261185
         ],
         "13": [
            0.26546013355255127,
            0.32430946826934814,
            -0.025547262281179428
         ],
         "14": [
            0.27297523617744446,
            0.3527294099330902,
            -0.0551854744553566
         ],
         "15": [
            0.2823372483253479,
            0.45886293053627014,
            -0.052364129573106766
         ],
         "16": [
            0.29039862751960754,
            0.5326393246650696,
            -0.041106969118118286
         ],
         "17": [
            0.23331239819526672,
            0.3488660454750061,
            -0.03591569885611534
         ],
         "18": [
            0.24262535572052002,
            0.3716796934604645,
            -0.05493155121803284
         ],
         "19": [
            0.2521298825740814,
            0.43972891569137573,
            -0.05555224418640137
         ],
         "20": [
            0.262060284614563,
            0.4850108325481415,
            -0.048696380108594894
         ]
      }
   ]
}