{
   "n": [
      {
         "0": [
            0.26886552572250366,
            0.8419000506401062,
            0
         ],
         "1": [
            0.3154408931732178,
            0.8103330135345459,
            -0.05415913462638855
         ],
         "2": [
            0.337861567735672,
            0.6991292238235474,
            -0.07429302483797073
         ],
         "3": [
            0.3144208788871765,
            0.5990992188453674,
            -0.08766988664865494
         ],
         "4": [
            0.28497064113616943,
            0.5344844460487366,
            -0.09624480456113815
         ],
         "5": [
            0.3492761254310608,
            0.5858408808708191,
            -0.04949438199400902
         ],
         "6": [
            0.35738635063171387,
            0.5256003141403198,
            -0.08972786366939545
         ],
         "7": [
            0.33718109130859375,
            0.6086114645004272,
            -0.103241927921772
         ],
         "8": [
            0.3175642788410187,
            0.6872519254684448,
            -0.1056428998708725
         ],
         "9": [
            0.3054882287979126,
            0.5623310208320618,
            -0.03707791492342949
         ],
         "10": [
            0.30972957611083984,
            0.49561649560928345,
            -0.0901394635438919
         ],
         "11": [
            0.2979508340358734,
            0.6007113456726074,
            -0.10262453556060791
         ],
         "12": [
            0.29179665446281433,
            0.6925323605537415,
            -0.09898876398801804
         ],
         "13": [
            0.26488083600997925,
            0.565498411655426,
            -0.03231026232242584
         ],
         "14": [
            0.25919026136398315,
            0.5666869878768921,
            -0.08327953517436981
         ],
         "15": [
            0.2617940306663513,
            0.6974121332168579,
            -0.08746408671140671
         ],
         "16": [
            0.2697669267654419,
            0.7924486398696899,
            -0.07504761964082718
         ],
         "17": [
            0.22780689597129822,
            0.5868527293205261,
            -0.03304770588874817
         ],
         "18": [
            0.22997517883777618,
            0.5841609239578247,
            -0.06859928369522095
         ],
         "19": [
            0.23518012464046478,
            0.6695762276649475,
            -0.07655680924654007
         ],
         "20": [
            0.24680635333061218,
            0.7316082119941711,
            -0.07086306065320969
         ]
      }
   ]
}