{
   "n-DGS": [
      {
         "0": [
            0.3247867822647095,
            0.4324369430541992,
            0
         ],
         "1": [
            0.38661858439445496,
            0.47585082054138184,
            -0.006798186339437962
         ],
         "2": [
            0.4087463915348053,
            0.5672770738601685,
            -0.016314029693603516
         ],
         "3": [
            0.3913969099521637,
            0.6555473208427429,
            -0.020447133108973503
         ],
         "4": [
            0.3661439120769501,
            0.7060163021087646,
            -0.023197146132588387
         ],
         "5": [
            0.39205998182296753,
            0.5995749831199646,
            -0.05697373300790787
         ],
         "6": [
            0.38358384370803833,
            0.7450570464134216,
            -0.06480317562818527
         ],
         "7": [
            0.37624984979629517,
            0.8154956698417664,
            -0.05975610390305519
         ],
         "8": [
            0.369482159614563,
            0.8750429153442383,
            -0.05610020458698273
         ],
         "9": [
            0.34863048791885376,
            0.6104092001914978,
            -0.055032555013895035
         ],
         "10": [
            0.3460371196269989,
            0.7654286623001099,
            -0.06422082334756851
         ],
         "11": [
            0.34419798851013184,
            0.8519058227539062,
            -0.05726492032408714
         ],
         "12": [
            0.3385833501815796,
            0.9126549959182739,
            -0.052961960434913635
         ],
         "13": [
            0.3124547004699707,
            0.6153824925422668,
            -0.048464883118867874
         ],
         "14": [
            0.33014389872550964,
            0.7128154039382935,
            -0.0452619306743145
         ],
         "15": [
            0.3459224998950958,
            0.6857444047927856,
            -0.026853037998080254
         ],
         "16": [
            0.3510110080242157,
            0.652073085308075,
            -0.016330206766724586
         ],
         "17": [
            0.2864028811454773,
            0.6149960160255432,
            -0.04286780580878258
         ],
         "18": [
            0.3150797486305237,
            0.6821678280830383,
            -0.03665601834654808
         ],
         "19": [
            0.3259378969669342,
            0.6607667207717896,
            -0.02458832412958145
         ],
         "20": [
            0.3263777792453766,
            0.632440447807312,
            -0.016314029693603516
         ]
      }
   ]
}