{
   "o": [
      {
         "0": [
            0.3270556330680847,
            0.7171353697776794,
            0
         ],
         "1": [
            0.3608124852180481,
            0.7043513655662537,
            -0.02932860516011715
         ],
         "2": [
            0.38782769441604614,
            0.6569711565971375,
            -0.047270502895116806
         ],
         "3": [
            0.3777967095375061,
            0.6160345673561096,
            -0.06471619009971619
         ],
         "4": [
            0.3453332781791687,
            0.6098543405532837,
            -0.07866229116916656
         ],
         "5": [
            0.3782999813556671,
            0.5392612218856812,
            -0.022512249648571014
         ],
         "6": [
            0.38025540113449097,
            0.47074973583221436,
            -0.04672205448150635
         ],
         "7": [
            0.3767535984516144,
            0.5258050560951233,
            -0.05756032466888428
         ],
         "8": [
            0.3717641830444336,
            0.5759250521659851,
            -0.06189563125371933
         ],
         "9": [
            0.3495427370071411,
            0.5304640531539917,
            -0.022055214270949364
         ],
         "10": [
            0.35030829906463623,
            0.45363304018974304,
            -0.05131852626800537
         ],
         "11": [
            0.35082533955574036,
            0.5251563787460327,
            -0.0585005097091198
         ],
         "12": [
            0.3512142598628998,
            0.5721967816352844,
            -0.05651566758751869
         ],
         "13": [
            0.3229401707649231,
            0.5327609777450562,
            -0.026847554370760918
         ],
         "14": [
            0.3179997205734253,
            0.4588920772075653,
            -0.04975154623389244
         ],
         "15": [
            0.3243148922920227,
            0.5145847797393799,
            -0.04761001095175743
         ],
         "16": [
            0.32821252942085266,
            0.5599998831748962,
            -0.04110705479979515
         ],
         "17": [
            0.29472246766090393,
            0.5463176369667053,
            -0.03562263026833534
         ],
         "18": [
            0.2883772850036621,
            0.4871231019496918,
            -0.04630419984459877
         ],
         "19": [
            0.29586705565452576,
            0.5083271265029907,
            -0.044684987515211105
         ],
         "20": [
            0.30419018864631653,
            0.5327139496803284,
            -0.04058472812175751
         ]
      }
   ]
}