{
   "p": [
      {
         "0": [
            0.35244041681289673,
            0.6550242900848389,
            0
         ],
         "1": [
            0.3908776044845581,
            0.63885498046875,
            -0.0026974098291248083
         ],
         "2": [
            0.42602482438087463,
            0.6302129626274109,
            -0.018551679328083992
         ],
         "3": [
            0.4476386308670044,
            0.6330277919769287,
            -0.03407575190067291
         ],
         "4": [
            0.46240079402923584,
            0.63289475440979,
            -0.046897340565919876
         ],
         "5": [
            0.43436458706855774,
            0.5489076972007751,
            -0.04157363623380661
         ],
         "6": [
            0.4607506990432739,
            0.5540327429771423,
            -0.06746064126491547
         ],
         "7": [
            0.48409098386764526,
            0.5584846138954163,
            -0.08318791538476944
         ],
         "8": [
            0.5068842768669128,
            0.5678350329399109,
            -0.09265679121017456
         ],
         "9": [
            0.4087517261505127,
            0.5371126532554626,
            -0.05108315125107765
         ],
         "10": [
            0.43901944160461426,
            0.6714365482330322,
            -0.07534460723400116
         ],
         "11": [
            0.44694983959198,
            0.7245306968688965,
            -0.0750194862484932
         ],
         "12": [
            0.4543459415435791,
            0.75136399269104,
            -0.07473501563072205
         ],
         "13": [
            0.3803732991218567,
            0.5584511756896973,
            -0.05933285504579544
         ],
         "14": [
            0.4055633246898651,
            0.6885141134262085,
            -0.0750194862484932
         ],
         "15": [
            0.3958294689655304,
            0.6896349191665649,
            -0.06359994411468506
         ],
         "16": [
            0.38703176379203796,
            0.6674544215202332,
            -0.0571383535861969
         ],
         "17": [
            0.35183221101760864,
            0.5933910012245178,
            -0.06884237378835678
         ],
         "18": [
            0.37528058886528015,
            0.6964320540428162,
            -0.07920529693365097
         ],
         "19": [
            0.3721129894256592,
            0.6968292593955994,
            -0.07201220840215683
         ],
         "20": [
            0.3682543933391571,
            0.6727746725082397,
            -0.06644466519355774
         ]
      }
   ]
}