{
   "q": [
      {
         "0": [
            0.30847612023353577,
            0.753498911857605,
            0
         ],
         "1": [
            0.3656579256057739,
            0.7374382615089417,
            -0.021884141489863396
         ],
         "2": [
            0.410308301448822,
            0.7052760124206543,
            -0.04789621755480766
         ],
         "3": [
            0.44148895144462585,
            0.700894832611084,
            -0.0736958310008049
         ],
         "4": [
            0.48062413930892944,
            0.7202073335647583,
            -0.09518539160490036
         ],
         "5": [
            0.41037699580192566,
            0.4950926899909973,
            -0.0459536612033844
         ],
         "6": [
            0.45989346504211426,
            0.5737356543540955,
            -0.08747585862874985
         ],
         "7": [
            0.4819507598876953,
            0.657852828502655,
            -0.10999740660190582
         ],
         "8": [
            0.497134804725647,
            0.7180975675582886,
            -0.1216527447104454
         ],
         "9": [
            0.3681691288948059,
            0.474579781293869,
            -0.05654667317867279
         ],
         "10": [
            0.4127991199493408,
            0.6042051315307617,
            -0.09749217331409454
         ],
         "11": [
            0.3933113217353821,
            0.683854877948761,
            -0.1025913879275322
         ],
         "12": [
            0.3751659095287323,
            0.6905844807624817,
            -0.10356267541646957
         ],
         "13": [
            0.3273365795612335,
            0.495469868183136,
            -0.07072129100561142
         ],
         "14": [
            0.36998939514160156,
            0.6365289688110352,
            -0.10301632434129715
         ],
         "15": [
            0.35042208433151245,
            0.7012794017791748,
            -0.09585313498973846
         ],
         "16": [
            0.3350028693675995,
            0.7017329335212708,
            -0.08784008771181107
         ],
         "17": [
            0.28924816846847534,
            0.5438668727874756,
            -0.08881136775016785
         ],
         "18": [
            0.33185815811157227,
            0.6464868783950806,
            -0.10726567357778549
         ],
         "19": [
            0.32496511936187744,
            0.6966361403465271,
            -0.10246998071670532
         ],
         "20": [
            0.3143533766269684,
            0.7022749781608582,
            -0.09639949351549149
         ]
      }
   ]
}