{
   "q": [
      {
         "0": [
            0.3336660861968994,
            0.7028326392173767,
            0
         ],
         "1": [
            0.3966386914253235,
            0.6798558235168457,
            -0.013271110132336617
         ],
         "2": [
            0.44538378715515137,
            0.6479070782661438,
            -0.035389628261327744
         ],
         "3": [
            0.47925570607185364,
            0.648537814617157,
            -0.05951892212033272
         ],
         "4": [
            0.5179981589317322,
            0.6756079792976379,
            -0.08024536073207855
         ],
         "5": [
            0.4373069703578949,
            0.45414233207702637,
            -0.03740040212869644
         ],
         "6": [
            0.48791754245758057,
            0.5411816835403442,
            -0.07467706501483917
         ],
         "7": [
            0.5109313130378723,
            0.6215704083442688,
            -0.09503228217363358
         ],
         "8": [
            0.5286116600036621,
            0.67650306224823,
            -0.10604514926671982
         ],
         "9": [
            0.39719176292419434,
            0.4377531409263611,
            -0.05249667540192604
         ],
         "10": [
            0.4425765872001648,
            0.5603949427604675,
            -0.09039203822612762
         ],
         "11": [
            0.4240443706512451,
            0.6309774518013,
            -0.09497042000293732
         ],
         "12": [
            0.40592917799949646,
            0.636672854423523,
            -0.09620781242847443
         ],
         "13": [
            0.35810256004333496,
            0.45710238814353943,
            -0.07022242248058319
         ],
         "14": [
            0.4026571810245514,
            0.5908556580543518,
            -0.09905382990837097
         ],
         "15": [
            0.38190943002700806,
            0.6508046388626099,
            -0.09020642936229706
         ],
         "16": [
            0.3653548061847687,
            0.6515636444091797,
            -0.08210145682096481
         ],
         "17": [
            0.32149359583854675,
            0.4994511604309082,
            -0.09138195961713791
         ],
         "18": [
            0.3639301657676697,
            0.5910040140151978,
            -0.10833432525396347
         ],
         "19": [
            0.35826635360717773,
            0.637450098991394,
            -0.1016523689031601
         ],
         "20": [
            0.34756946563720703,
            0.6420844793319702,
            -0.09478481113910675
         ]
      }
   ]
}