{
   "r": [
      {
         "0": [
            0.3117332458496094,
            0.7971934080123901,
            0
         ],
         "1": [
            0.3549917936325073,
            0.7438158392906189,
            -0.016342777758836746
         ],
         "2": [
            0.37543919682502747,
            0.6444197297096252,
            -0.0227169431746006
         ],
         "3": [
            0.3472828269004822,
            0.565767228603363,
            -0.030691834166646004
         ],
         "4": [
            0.309058278799057,
            0.5258594155311584,
            -0.03684553876519203
         ],
         "5": [
            0.3545256555080414,
            0.5247347354888916,
            0.004624862689524889
         ],
         "6": [
            0.3446739912033081,
            0.428653359413147,
            -0.005808635614812374
         ],
         "7": [
            0.33573728799819946,
            0.3587726950645447,
            -0.01189524307847023
         ],
         "8": [
            0.32734522223472595,
            0.2984394133090973,
            -0.016429046168923378
         ],
         "9": [
            0.32030364871025085,
            0.5213820338249207,
            -0.000036749534046975896
         ],
         "10": [
            0.328410267829895,
            0.40539059042930603,
            -0.009987786412239075
         ],
         "11": [
            0.34079402685165405,
            0.3379769027233124,
            -0.015873102471232414
         ],
         "12": [
            0.3477560877799988,
            0.2829436957836151,
            -0.019726356491446495
         ],
         "13": [
            0.2915623188018799,
            0.546295702457428,
            -0.009637925773859024
         ],
         "14": [
            0.300002783536911,
            0.4808870255947113,
            -0.023694632574915886
         ],
         "15": [
            0.31789714097976685,
            0.5578316450119019,
            -0.018307747319340706
         ],
         "16": [
            0.32448503375053406,
            0.6153000593185425,
            -0.009997371584177017
         ],
         "17": [
            0.2658115327358246,
            0.5873664021492004,
            -0.023426245898008347
         ],
         "18": [
            0.27611809968948364,
            0.5425162315368652,
            -0.03575282171368599
         ],
         "19": [
            0.2954804003238678,
            0.590522825717926,
            -0.03387412428855896
         ],
         "20": [
            0.30640527606010437,
            0.6310139894485474,
            -0.028065485879778862
         ]
      }
   ]
}