{
   "t": [
      {
         "0": [
            0.2713160514831543,
            0.7209988236427307,
            0
         ],
         "1": [
            0.3408086895942688,
            0.6577411890029907,
            -0.03595512732863426
         ],
         "2": [
            0.37407949566841125,
            0.5173823833465576,
            -0.04853356257081032
         ],
         "3": [
            0.3571411371231079,
            0.3837094306945801,
            -0.060245331376791
         ],
         "4": [
            0.3500877618789673,
            0.29017317295074463,
            -0.06502373516559601
         ],
         "5": [
            0.3624718487262726,
            0.4106646776199341,
            -0.010066263377666473
         ],
         "6": [
            0.37664490938186646,
            0.2748252749443054,
            -0.04532453790307045
         ],
         "7": [
            0.37414082884788513,
            0.31656551361083984,
            -0.054483138024806976
         ],
         "8": [
            0.3633764386177063,
            0.3923909068107605,
            -0.05331196263432503
         ],
         "9": [
            0.31190890073776245,
            0.4130847156047821,
            -0.006728409789502621
         ],
         "10": [
            0.31288689374923706,
            0.3539601266384125,
            -0.04970473796129227
         ],
         "11": [
            0.3158383369445801,
            0.4954181909561157,
            -0.050407446920871735
         ],
         "12": [
            0.3207162022590637,
            0.5372719764709473,
            -0.037946123629808426
         ],
         "13": [
            0.2663513720035553,
            0.4310726523399353,
            -0.012953214347362518
         ],
         "14": [
            0.2670975625514984,
            0.39901289343833923,
            -0.05373358726501465
         ],
         "15": [
            0.2801133990287781,
            0.5216930508613586,
            -0.045183997601270676
         ],
         "16": [
            0.28518664836883545,
            0.5540266036987305,
            -0.027780313044786453
         ],
         "17": [
            0.22050845623016357,
            0.455798864364624,
            -0.02421993389725685
         ],
         "18": [
            0.2267061173915863,
            0.4233081042766571,
            -0.04752635210752487
         ],
         "19": [
            0.23812861740589142,
            0.5060765743255615,
            -0.04328669235110283
         ],
         "20": [
            0.2431676834821701,
            0.5329081416130066,
            -0.030895642936229706
         ]
      }
   ]
}