{
   "t-DGS": [
      {
         "0": [
            0.30634719133377075,
            1.0062140226364136,
            0
         ],
         "1": [
            0.34861570596694946,
            0.8592715263366699,
            0.0015695664333179593
         ],
         "2": [
            0.37667056918144226,
            0.7078855633735657,
            -0.017009053379297256
         ],
         "3": [
            0.3846885859966278,
            0.5927734971046448,
            -0.03913642838597298
         ],
         "4": [
            0.3715607821941376,
            0.4885217249393463,
            -0.0567176528275013
         ],
         "5": [
            0.3378515839576721,
            0.6642264127731323,
            -0.029648810625076294
         ],
         "6": [
            0.4333326518535614,
            0.6744459271430969,
            -0.05883988365530968
         ],
         "7": [
            0.4515487253665924,
            0.6842984557151794,
            -0.06828588992357254
         ],
         "8": [
            0.46075931191444397,
            0.681980550289154,
            -0.07215584069490433
         ],
         "9": [
            0.3184533715248108,
            0.73512202501297,
            -0.051516108214855194
         ],
         "10": [
            0.4258815050125122,
            0.7627492547035217,
            -0.08397375047206879
         ],
         "11": [
            0.404156893491745,
            0.7901798486709595,
            -0.07594256848096848
         ],
         "12": [
            0.3752593994140625,
            0.7852637767791748,
            -0.06853556632995605
         ],
         "13": [
            0.31178587675094604,
            0.8185530304908752,
            -0.07407001405954361
         ],
         "14": [
            0.4154888391494751,
            0.8405779600143433,
            -0.1004522517323494
         ],
         "15": [
            0.3894483149051666,
            0.8635010719299316,
            -0.07373710721731186
         ],
         "16": [
            0.3611415922641754,
            0.8574903011322021,
            -0.0543457493185997
         ],
         "17": [
            0.313412606716156,
            0.9097542762756348,
            -0.09803873300552368
         ],
         "18": [
            0.3939327299594879,
            0.9013639688491821,
            -0.11326885968446732
         ],
         "19": [
            0.3725457787513733,
            0.916946291923523,
            -0.09371104836463928
         ],
         "20": [
            0.3464331030845642,
            0.9203369617462158,
            -0.07769028842449188
         ]
      }
   ]
}