{
   "u": [
      {
         "0": [
            0.32767006754875183,
            0.8657920360565186,
            0
         ],
         "1": [
            0.3874760568141937,
            0.8003647327423096,
            -0.024679778143763542
         ],
         "2": [
            0.4103427827358246,
            0.704718291759491,
            -0.039820119738578796
         ],
         "3": [
            0.36974817514419556,
            0.622553825378418,
            -0.05856651812791824
         ],
         "4": [
            0.3238607347011566,
            0.5791197419166565,
            -0.075497105717659
         ],
         "5": [
            0.3859632909297943,
            0.5175158381462097,
            -0.0037850849330425262
         ],
         "6": [
            0.3852621912956238,
            0.38238316774368286,
            -0.02456469088792801
         ],
         "7": [
            0.3790775239467621,
            0.29793840646743774,
            -0.0377485528588295
         ],
         "8": [
            0.37114667892456055,
            0.21968361735343933,
            -0.04695551097393036
         ],
         "9": [
            0.34031978249549866,
            0.510066568851471,
            -0.014130132272839546
         ],
         "10": [
            0.34538692235946655,
            0.34416061639785767,
            -0.033707719296216965
         ],
         "11": [
            0.3489779531955719,
            0.24630042910575867,
            -0.04659746587276459
         ],
         "12": [
            0.3516852855682373,
            0.15745261311531067,
            -0.055088333785533905
         ],
         "13": [
            0.30049392580986023,
            0.538784384727478,
            -0.03107350319623947
         ],
         "14": [
            0.29779133200645447,
            0.43085119128227234,
            -0.05350269377231598
         ],
         "15": [
            0.3156738877296448,
            0.5256741046905518,
            -0.0476716086268425
         ],
         "16": [
            0.32974299788475037,
            0.6062348484992981,
            -0.03818332776427269
         ],
         "17": [
            0.26257139444351196,
            0.5917314291000366,
            -0.05396303907036781
         ],
         "18": [
            0.2600645124912262,
            0.5095464587211609,
            -0.0713539719581604
         ],
         "19": [
            0.2784709632396698,
            0.5582602024078369,
            -0.0675177350640297
         ],
         "20": [
            0.2948545515537262,
            0.6157565712928772,
            -0.059742964804172516
         ]
      }
   ]
}