{
   "v": [
      {
         "0": [
            0.3720892667770386,
            0.9648116827011108,
            0
         ],
         "1": [
            0.42425185441970825,
            0.8732814192771912,
            -0.039382852613925934
         ],
         "2": [
            0.4416518807411194,
            0.7556789517402649,
            -0.053090546280145645
         ],
         "3": [
            0.3912421762943268,
            0.6612239480018616,
            -0.06714629381895065
         ],
         "4": [
            0.3370054364204407,
            0.6295618414878845,
            -0.07956889271736145
         ],
         "5": [
            0.410801500082016,
            0.5868390202522278,
            -0.006559346802532673
         ],
         "6": [
            0.42518144845962524,
            0.4352254569530487,
            -0.020722180604934692
         ],
         "7": [
            0.4306206703186035,
            0.3386117219924927,
            -0.02886112593114376
         ],
         "8": [
            0.4332551658153534,
            0.2574214041233063,
            -0.03590238466858864
         ],
         "9": [
            0.36072251200675964,
            0.5857647657394409,
            -0.008808266371488571
         ],
         "10": [
            0.3552902340888977,
            0.4194241166114807,
            -0.023265602067112923
         ],
         "11": [
            0.35038459300994873,
            0.31959277391433716,
            -0.03389441967010498
         ],
         "12": [
            0.3470282554626465,
            0.2295154631137848,
            -0.04160499945282936
         ],
         "13": [
            0.3215913474559784,
            0.6209904551506042,
            -0.019196130335330963
         ],
         "14": [
            0.3103739023208618,
            0.4946637451648712,
            -0.041497908532619476
         ],
         "15": [
            0.33607274293899536,
            0.5877994894981384,
            -0.03927576169371605
         ],
         "16": [
            0.35642266273498535,
            0.6696456670761108,
            -0.03194000571966171
         ],
         "17": [
            0.2861364781856537,
            0.6792011260986328,
            -0.036812663078308105
         ],
         "18": [
            0.27818816900253296,
            0.5911442041397095,
            -0.057026155292987823
         ],
         "19": [
            0.2967769503593445,
            0.6328020095825195,
            -0.05772225186228752
         ],
         "20": [
            0.3145993649959564,
            0.6888498663902283,
            -0.052581869065761566
         ]
      }
   ]
}