{
   "w": [
      {
         "0": [
            0.3966808021068573,
            0.9013925790786743,
            0
         ],
         "1": [
            0.43043339252471924,
            0.8493255972862244,
            -0.016929633915424347
         ],
         "2": [
            0.4428587853908539,
            0.7856308221817017,
            -0.02359047532081604
         ],
         "3": [
            0.4054622948169708,
            0.7371742129325867,
            -0.030936989933252335
         ],
         "4": [
            0.36903896927833557,
            0.7220877408981323,
            -0.0391814149916172
         ],
         "5": [
            0.4303233027458191,
            0.6795796155929565,
            -0.001995803089812398
         ],
         "6": [
            0.4456130266189575,
            0.5959459543228149,
            -0.00927293486893177
         ],
         "7": [
            0.45224499702453613,
            0.540578305721283,
            -0.015966424718499184
         ],
         "8": [
            0.4568547010421753,
            0.49309948086738586,
            -0.021549776196479797
         ],
         "9": [
            0.4001576006412506,
            0.6711747050285339,
            -0.0068281772546470165
         ],
         "10": [
            0.39821773767471313,
            0.5688862204551697,
            -0.006530235055834055
         ],
         "11": [
            0.3939308226108551,
            0.5044332146644592,
            -0.011583005078136921
         ],
         "12": [
            0.39319711923599243,
            0.45176684856414795,
            -0.019394798204302788
         ],
         "13": [
            0.37394046783447266,
            0.6875605583190918,
            -0.01579500548541546
         ],
         "14": [
            0.3592302203178406,
            0.5979509353637695,
            -0.023100705817341805
         ],
         "15": [
            0.3524966835975647,
            0.5417349934577942,
            -0.03392457216978073
         ],
         "16": [
            0.35132285952568054,
            0.4903000593185425,
            -0.04326280951499939
         ],
         "17": [
            0.35120612382888794,
            0.7255468368530273,
            -0.027492288500070572
         ],
         "18": [
            0.35217228531837463,
            0.6654852628707886,
            -0.036699920892715454
         ],
         "19": [
            0.3604141175746918,
            0.6840044856071472,
            -0.040258899331092834
         ],
         "20": [
            0.36968377232551575,
            0.7152377367019653,
            -0.04336076229810715
         ]
      }
   ]
}