{
   "w": [
      {
         "0": [
            0.3924877941608429,
            0.7811753153800964,
            0
         ],
         "1": [
            0.43511903285980225,
            0.7365164756774902,
            -0.022364528849720955
         ],
         "2": [
            0.4552038908004761,
            0.6667913198471069,
            -0.033663276582956314
         ],
         "3": [
            0.41676315665245056,
            0.6066511869430542,
            -0.0456220880150795
         ],
         "4": [
            0.37496867775917053,
            0.5758392214775085,
            -0.0589398555457592
         ],
         "5": [
            0.4473569691181183,
            0.5289621949195862,
            -0.011182264424860477
         ],
         "6": [
            0.4710983633995056,
            0.4308744966983795,
            -0.024461204186081886
         ],
         "7": [
            0.4834928512573242,
            0.3666659891605377,
            -0.036051154136657715
         ],
         "8": [
            0.4932602047920227,
            0.3106428384780884,
            -0.045311469584703445
         ],
         "9": [
            0.41113027930259705,
            0.513998806476593,
            -0.017627596855163574
         ],
         "10": [
            0.41417548060417175,
            0.38794150948524475,
            -0.02294693887233734
         ],
         "11": [
            0.41320183873176575,
            0.30824053287506104,
            -0.03385741263628006
         ],
         "12": [
            0.41454219818115234,
            0.24265679717063904,
            -0.04647628962993622
         ],
         "13": [
            0.3789210021495819,
            0.5303598046302795,
            -0.028712794184684753
         ],
         "14": [
            0.3679666221141815,
            0.421918123960495,
            -0.04278769716620445
         ],
         "15": [
            0.3642711639404297,
            0.354955792427063,
            -0.06076473370194435
         ],
         "16": [
            0.36492860317230225,
            0.29506734013557434,
            -0.07509201020002365
         ],
         "17": [
            0.35019320249557495,
            0.5718892216682434,
            -0.04271003603935242
         ],
         "18": [
            0.3547542691230774,
            0.5167344808578491,
            -0.05715379863977432
         ],
         "19": [
            0.3628014326095581,
            0.5412153005599976,
            -0.06484159827232361
         ],
         "20": [
            0.37113505601882935,
            0.5751404166221619,
            -0.07128693163394928
         ]
      }
   ]
}