{
   "w": [
      {
         "0": [
            0.38484618067741394,
            0.8964641094207764,
            0
         ],
         "1": [
            0.41495123505592346,
            0.8515094518661499,
            -0.01565053127706051
         ],
         "2": [
            0.42603567242622375,
            0.7889552116394043,
            -0.022696325555443764
         ],
         "3": [
            0.39285731315612793,
            0.7423076629638672,
            -0.03061329387128353
         ],
         "4": [
            0.35925689339637756,
            0.7247339487075806,
            -0.03940143436193466
         ],
         "5": [
            0.41614362597465515,
            0.6885029077529907,
            -0.0033012840431183577
         ],
         "6": [
            0.4298427700996399,
            0.607602596282959,
            -0.01166148018091917
         ],
         "7": [
            0.43588384985923767,
            0.5554431080818176,
            -0.01913521997630596
         ],
         "8": [
            0.4402428865432739,
            0.5113070011138916,
            -0.025202855467796326
         ],
         "9": [
            0.38777974247932434,
            0.6809259653091431,
            -0.008558884263038635
         ],
         "10": [
            0.38596832752227783,
            0.5832844376564026,
            -0.010347080416977406
         ],
         "11": [
            0.3831523656845093,
            0.5211357474327087,
            -0.017010781913995743
         ],
         "12": [
            0.3827050030231476,
            0.4710730314254761,
            -0.02550853043794632
         ],
         "13": [
            0.3630938231945038,
            0.6963399052619934,
            -0.017560996115207672
         ],
         "14": [
            0.3494945466518402,
            0.6086085438728333,
            -0.026364419609308243
         ],
         "15": [
            0.3430092930793762,
            0.5565694570541382,
            -0.037781357765197754
         ],
         "16": [
            0.3407291769981384,
            0.5114309787750244,
            -0.04716556519269943
         ],
         "17": [
            0.34146207571029663,
            0.7305349707603455,
            -0.028916800394654274
         ],
         "18": [
            0.3400370478630066,
            0.673676609992981,
            -0.03854554519057274
         ],
         "19": [
            0.34664174914360046,
            0.6905306577682495,
            -0.0424581803381443
         ],
         "20": [
            0.3544384837150574,
            0.7196342945098877,
            -0.04582059755921364
         ]
      }
   ]
}