{
   "x": [
      {
         "0": [
            0.3115065395832062,
            0.7275815606117249,
            0
         ],
         "1": [
            0.3516988158226013,
            0.7036181688308716,
            -0.010001951828598976
         ],
         "2": [
            0.3847660720348358,
            0.6363891363143921,
            -0.02217320166528225
         ],
         "3": [
            0.38523125648498535,
            0.575188159942627,
            -0.0370602123439312
         ],
         "4": [
            0.36676064133644104,
            0.5289230346679688,
            -0.04726088047027588
         ],
         "5": [
            0.37003767490386963,
            0.5072106122970581,
            -0.004125391133129597
         ],
         "6": [
            0.3708310127258301,
            0.4038647413253784,
            -0.02828366681933403
         ],
         "7": [
            0.377369225025177,
            0.3937293291091919,
            -0.0379544273018837
         ],
         "8": [
            0.37900152802467346,
            0.4187718629837036,
            -0.040736425668001175
         ],
         "9": [
            0.33721238374710083,
            0.5025371313095093,
            -0.011881457641720772
         ],
         "10": [
            0.3449428379535675,
            0.48523467779159546,
            -0.037722595036029816
         ],
         "11": [
            0.3489694595336914,
            0.5738293528556824,
            -0.03600040450692177
         ],
         "12": [
            0.34711581468582153,
            0.5918411612510681,
            -0.027687523514032364
         ],
         "13": [
            0.30588704347610474,
            0.5150383114814758,
            -0.024094108492136
         ],
         "14": [
            0.31339606642723083,
            0.5219710469245911,
            -0.043882738798856735
         ],
         "15": [
            0.32176923751831055,
            0.5952469706535339,
            -0.033516474068164825
         ],
         "16": [
            0.31884604692459106,
            0.6068651080131531,
            -0.022206319496035576
         ],
         "17": [
            0.2754894196987152,
            0.5360018610954285,
            -0.03931230679154396
         ],
         "18": [
            0.28630906343460083,
            0.5523108243942261,
            -0.045936115086078644
         ],
         "19": [
            0.2981823980808258,
            0.6020296812057495,
            -0.039014238864183426
         ],
         "20": [
            0.29881522059440613,
            0.6084489226341248,
            -0.031049108132719994
         ]
      }
   ]
}