{
   "x": [
      {
         "0": [
            0.3170239329338074,
            0.7670263051986694,
            0
         ],
         "1": [
            0.37211915850639343,
            0.7215214371681213,
            -0.00554414140060544
         ],
         "2": [
            0.41753697395324707,
            0.6386145949363708,
            -0.024579880759119987
         ],
         "3": [
            0.42576515674591064,
            0.5723385810852051,
            -0.04829411953687668
         ],
         "4": [
            0.4001011848449707,
            0.5254580974578857,
            -0.06469589471817017
         ],
         "5": [
            0.38787123560905457,
            0.451865017414093,
            -0.01743827573955059
         ],
         "6": [
            0.39622512459754944,
            0.3191417157649994,
            -0.054809264838695526
         ],
         "7": [
            0.41870731115341187,
            0.3286033868789673,
            -0.06824961304664612
         ],
         "8": [
            0.43206262588500977,
            0.3778112530708313,
            -0.07203113287687302
         ],
         "9": [
            0.34180179238319397,
            0.4420914947986603,
            -0.03455762937664986
         ],
         "10": [
            0.3812175989151001,
            0.45866966247558594,
            -0.07134772092103958
         ],
         "11": [
            0.38416263461112976,
            0.5787968039512634,
            -0.06524261832237244
         ],
         "12": [
            0.3686826229095459,
            0.6086141467094421,
            -0.054216980934143066
         ],
         "13": [
            0.30045995116233826,
            0.46728000044822693,
            -0.055993836373090744
         ],
         "14": [
            0.3396865725517273,
            0.5326815843582153,
            -0.08351237326860428
         ],
         "15": [
            0.3472963571548462,
            0.6267887353897095,
            -0.06843184679746628
         ],
         "16": [
            0.3349814713001251,
            0.6375232934951782,
            -0.05412585660815239
         ],
         "17": [
            0.26337215304374695,
            0.5044360160827637,
            -0.08082430064678192
         ],
         "18": [
            0.3053969144821167,
            0.5782432556152344,
            -0.09030088037252426
         ],
         "19": [
            0.31963443756103516,
            0.6458302736282349,
            -0.08109766989946365
         ],
         "20": [
            0.31188106536865234,
            0.648384690284729,
            -0.07157552242279053
         ]
      }
   ]
}