{
   "y": [
      {
         "0": [
            0.33479785919189453,
            0.7640380263328552,
            0
         ],
         "1": [
            0.3786250352859497,
            0.7303590774536133,
            -0.0070695532485842705
         ],
         "2": [
            0.41221657395362854,
            0.6631518006324768,
            -0.011279094032943249
         ],
         "3": [
            0.4300384819507599,
            0.6009403467178345,
            -0.018695317208766937
         ],
         "4": [
            0.4508463144302368,
            0.5641404390335083,
            -0.02300390601158142
         ],
         "5": [
            0.3763253390789032,
            0.5983354449272156,
            0.005094783380627632
         ],
         "6": [
            0.3773420751094818,
            0.5492475628852844,
            -0.010102899745106697
         ],
         "7": [
            0.37568026781082153,
            0.6032906770706177,
            -0.013544819317758083
         ],
         "8": [
            0.37496259808540344,
            0.6427338719367981,
            -0.013284818269312382
         ],
         "9": [
            0.35004082322120667,
            0.5940598249435425,
            -0.0009115514694713056
         ],
         "10": [
            0.35098886489868164,
            0.5654277801513672,
            -0.022087713703513145
         ],
         "11": [
            0.3536440432071686,
            0.6312615275382996,
            -0.025603916496038437
         ],
         "12": [
            0.35433194041252136,
            0.6612594723701477,
            -0.02206294797360897
         ],
         "13": [
            0.3246757984161377,
            0.5976585149765015,
            -0.010239090770483017
         ],
         "14": [
            0.32187721133232117,
            0.5546917915344238,
            -0.030358221381902695
         ],
         "15": [
            0.3292403221130371,
            0.6159695982933044,
            -0.026817254722118378
         ],
         "16": [
            0.33340704441070557,
            0.6523434519767761,
            -0.018695317208766937
         ],
         "17": [
            0.3010994493961334,
            0.6035295724868774,
            -0.02138199470937252
         ],
         "18": [
            0.2916029989719391,
            0.5447412729263306,
            -0.03449347987771034
         ],
         "19": [
            0.2861294746398926,
            0.5093945860862732,
            -0.03607824444770813
         ],
         "20": [
            0.281241774559021,
            0.46599557995796204,
            -0.03268584981560707
         ]
      }
   ]
}