{
   "a": [
      {
         "0": [
            0.2740534543991089,
            0.6146045327186584,
            0
         ],
         "1": [
            0.31492355465888977,
            0.6063106656074524,
            -0.01608961820602417
         ],
         "2": [
            0.3502395749092102,
            0.5575222969055176,
            -0.022973373532295227
         ],
         "3": [
            0.34159672260284424,
            0.49473023414611816,
            -0.029537195339798927
         ],
         "4": [
            0.31021150946617126,
            0.47809678316116333,
            -0.03286038711667061
         ],
         "5": [
            0.3456113636493683,
            0.49927064776420593,
            -0.0073068952187895775
         ],
         "6": [
            0.35168179869651794,
            0.4529311954975128,
            -0.023551320657134056
         ],
         "7": [
            0.33784019947052,
            0.49850335717201233,
            -0.027390535920858383
         ],
         "8": [
            0.3327142298221588,
            0.5231713056564331,
            -0.02743181772530079
         ],
         "9": [
            0.3200065791606903,
            0.48473823070526123,
            -0.008013848215341568
         ],
         "10": [
            0.3273219168186188,
            0.44617608189582825,
            -0.025574132800102234
         ],
         "11": [
            0.3165696859359741,
            0.5022384524345398,
            -0.024954903870821
         ],
         "12": [
            0.31544923782348633,
            0.5175195336341858,
            -0.020537741482257843
         ],
         "13": [
            0.29606035351753235,
            0.4802928864955902,
            -0.012910911813378334
         ],
         "14": [
            0.29862305521965027,
            0.4479972720146179,
            -0.030156422406435013
         ],
         "15": [
            0.294222891330719,
            0.5069677829742432,
            -0.024542085826396942
         ],
         "16": [
            0.2953263223171234,
            0.5277939438819885,
            -0.016388913616538048
         ],
         "17": [
            0.27269941568374634,
            0.47962257266044617,
            -0.020197167992591858
         ],
         "18": [
            0.2770195007324219,
            0.4549989402294159,
            -0.02912437543272972
         ],
         "19": [
            0.27629825472831726,
            0.4973136782646179,
            -0.0253264419734478
         ],
         "20": [
            0.27755966782569885,
            0.5166371464729309,
            -0.01921672187745571
         ]
      }
   ]
}