{
   "b": [
      {
         "0": [
            0.6345254182815552,
            0.8577860593795776,
            2.8984848654545203e-7
         ],
         "1": [
            0.5797799825668335,
            0.7789194583892822,
            -0.02026335895061493
         ],
         "2": [
            0.5558677911758423,
            0.6658162474632263,
            -0.027536816895008087
         ],
         "3": [
            0.5574256181716919,
            0.561390221118927,
            -0.03572223708033562
         ],
         "4": [
            0.5480638742446899,
            0.46931374073028564,
            -0.043551769107580185
         ],
         "5": [
            0.5783788561820984,
            0.5520398020744324,
            0.0038118918891996145
         ],
         "6": [
            0.5699805617332458,
            0.4281976521015167,
            -0.015458875335752964
         ],
         "7": [
            0.5729482173919678,
            0.35465729236602783,
            -0.03663419932126999
         ],
         "8": [
            0.5793155431747437,
            0.2839381694793701,
            -0.05311625078320503
         ],
         "9": [
            0.6099500060081482,
            0.5457910299301147,
            -0.0025482121855020523
         ],
         "10": [
            0.6016595959663391,
            0.4093668460845947,
            -0.018695229664444923
         ],
         "11": [
            0.6033986210823059,
            0.327951043844223,
            -0.04081587865948677
         ],
         "12": [
            0.6079163551330566,
            0.25054460763931274,
            -0.058632515370845795
         ],
         "13": [
            0.6395067572593689,
            0.5621048212051392,
            -0.014157661236822605
         ],
         "14": [
            0.632408082485199,
            0.4348467290401459,
            -0.030673079192638397
         ],
         "15": [
            0.629770040512085,
            0.35791200399398804,
            -0.046888213604688644
         ],
         "16": [
            0.6293615102767944,
            0.2905111312866211,
            -0.059922609478235245
         ],
         "17": [
            0.6761727929115295,
            0.594740092754364,
            -0.02880466729402542
         ],
         "18": [
            0.6685975193977356,
            0.49297085404396057,
            -0.04335157945752144
         ],
         "19": [
            0.6628270745277405,
            0.42685121297836304,
            -0.052226532250642776
         ],
         "20": [
            0.6579318642616272,
            0.3643445372581482,
            -0.06018952280282974
         ]
      }
   ]
}