{
   "c": [
      {
         "0": [
            0.5713252425193787,
            0.8938640356063843,
            1.3490337380517303e-7
         ],
         "1": [
            0.5257941484451294,
            0.8134825825691223,
            -0.01674211397767067
         ],
         "2": [
            0.5056737065315247,
            0.7056824564933777,
            -0.01814737357199192
         ],
         "3": [
            0.5054580569267273,
            0.6053345799446106,
            -0.020250607281923294
         ],
         "4": [
            0.5229239463806152,
            0.5367425680160522,
            -0.020362282171845436
         ],
         "5": [
            0.5399320125579834,
            0.6073615550994873,
            0.03195798769593239
         ],
         "6": [
            0.5441688895225525,
            0.5241806507110596,
            0.027695680037140846
         ],
         "7": [
            0.5452543497085571,
            0.48137080669403076,
            0.013577956706285477
         ],
         "8": [
            0.5425600409507751,
            0.4478810429573059,
            0.000994615606032312
         ],
         "9": [
            0.5688939094543457,
            0.6075533032417297,
            0.031622957438230515
         ],
         "10": [
            0.5721269845962524,
            0.5140279531478882,
            0.025778574869036674
         ],
         "11": [
            0.57310551404953,
            0.47196632623672485,
            0.00590952904894948
         ],
         "12": [
            0.567742109298706,
            0.44285881519317627,
            -0.009576228447258472
         ],
         "13": [
            0.5929791927337646,
            0.6228508949279785,
            0.025964701548218727
         ],
         "14": [
            0.5991151332855225,
            0.5319328904151917,
            0.01798916421830654
         ],
         "15": [
            0.5992854237556458,
            0.4841845631599426,
            0.002812842605635524
         ],
         "16": [
            0.5962451696395874,
            0.45866936445236206,
            -0.008250074461102486
         ],
         "17": [
            0.6213840842247009,
            0.654473602771759,
            0.01783095672726631
         ],
         "18": [
            0.6219332814216614,
            0.5716965794563293,
            0.010990792885422707
         ],
         "19": [
            0.6220235824584961,
            0.5190722942352295,
            0.003219995182007551
         ],
         "20": [
            0.6220165491104126,
            0.47504621744155884,
            -0.003245587693527341
         ]
      }
   ]
}