{
   "d": [
      {
         "0": [
            0.5749711990356445,
            0.7683573961257935,
            -9.474234019535288e-8
         ],
         "1": [
            0.5426228046417236,
            0.7285440564155579,
            -0.02291502244770527
         ],
         "2": [
            0.5257412791252136,
            0.6288459897041321,
            -0.03209025040268898
         ],
         "3": [
            0.5449895858764648,
            0.5375859141349792,
            -0.041219376027584076
         ],
         "4": [
            0.5769197344779968,
            0.4924801290035248,
            -0.0494263656437397
         ],
         "5": [
            0.5325610637664795,
            0.5275653004646301,
            -0.007465440779924393
         ],
         "6": [
            0.535801887512207,
            0.42059093713760376,
            -0.029431434348225594
         ],
         "7": [
            0.5418956875801086,
            0.35065165162086487,
            -0.04413946345448494
         ],
         "8": [
            0.5486719608306885,
            0.2929156720638275,
            -0.05455957353115082
         ],
         "9": [
            0.5662640929222107,
            0.5419269800186157,
            -0.00909070111811161
         ],
         "10": [
            0.5720149278640747,
            0.4708020091056824,
            -0.04650627449154854
         ],
         "11": [
            0.5617898106575012,
            0.55091792345047,
            -0.054344408214092255
         ],
         "12": [
            0.5567249655723572,
            0.6045758128166199,
            -0.048196855932474136
         ],
         "13": [
            0.5964027643203735,
            0.5683250427246094,
            -0.014585080556571484
         ],
         "14": [
            0.5996190905570984,
            0.5103355050086975,
            -0.05139358714222908
         ],
         "15": [
            0.5820395946502686,
            0.5989274382591248,
            -0.042264461517333984
         ],
         "16": [
            0.5757982134819031,
            0.6502758264541626,
            -0.024282854050397873
         ],
         "17": [
            0.623579740524292,
            0.6070345640182495,
            -0.022469324991106987
         ],
         "18": [
            0.6203845739364624,
            0.5663558840751648,
            -0.04844275489449501
         ],
         "19": [
            0.6042864918708801,
            0.6277245879173279,
            -0.04115790128707886
         ],
         "20": [
            0.5986113548278809,
            0.6635521650314331,
            -0.028017494827508926
         ]
      }
   ]
}