{
   "f": [
      {
         "0": [
            0.5931377410888672,
            0.8706969022750854,
            4.116802756470861e-7
         ],
         "1": [
            0.5640677213668823,
            0.823349118232727,
            -0.04274113476276398
         ],
         "2": [
            0.5469534397125244,
            0.7418078184127808,
            -0.06083806976675987
         ],
         "3": [
            0.5371886491775513,
            0.670724093914032,
            -0.07422685623168945
         ],
         "4": [
            0.5341188311576843,
            0.5988396406173706,
            -0.0823189839720726
         ],
         "5": [
            0.556654155254364,
            0.6280356049537659,
            -0.01520032063126564
         ],
         "6": [
            0.5537153482437134,
            0.5489807724952698,
            -0.04494807496666908
         ],
         "7": [
            0.5526577234268188,
            0.5466166734695435,
            -0.06793707609176636
         ],
         "8": [
            0.5522868633270264,
            0.571069061756134,
            -0.07555102556943893
         ],
         "9": [
            0.5835036039352417,
            0.6138864159584045,
            -0.0006908192299306393
         ],
         "10": [
            0.584000289440155,
            0.49288105964660645,
            -0.00442538084462285
         ],
         "11": [
            0.5877358317375183,
            0.4175504744052887,
            -0.004158708732575178
         ],
         "12": [
            0.5885620713233948,
            0.355540931224823,
            -0.0014931350015103817
         ],
         "13": [
            0.6133555173873901,
            0.6255730986595154,
            0.004901253152638674
         ],
         "14": [
            0.6163181066513062,
            0.5315361618995667,
            0.0024828112218528986
         ],
         "15": [
            0.6192281246185303,
            0.46863359212875366,
            0.007094402797520161
         ],
         "16": [
            0.617757260799408,
            0.4154360294342041,
            0.012478425167500973
         ],
         "17": [
            0.643271803855896,
            0.6559679508209229,
            0.004535728134214878
         ],
         "18": [
            0.6560733318328857,
            0.5924131274223328,
            0.006795545574277639
         ],
         "19": [
            0.6634707450866699,
            0.5542809367179871,
            0.014740541577339172
         ],
         "20": [
            0.6692801713943481,
            0.5224876403808594,
            0.022565994411706924
         ]
      }
   ]
}