{
   "k": [
      {
         "0": [
            0.5565983057022095,
            0.8837152719497681,
            -2.4260492281769075e-8
         ],
         "1": [
            0.5238160490989685,
            0.7976827025413513,
            -0.01331129390746355
         ],
         "2": [
            0.5277503728866577,
            0.6957827806472778,
            -0.019662203267216682
         ],
         "3": [
            0.5447126626968384,
            0.6258050799369812,
            -0.028159525245428085
         ],
         "4": [
            0.555469274520874,
            0.5665023326873779,
            -0.035897210240364075
         ],
         "5": [
            0.5674141049385071,
            0.6270231008529663,
            -0.011995180509984493
         ],
         "6": [
            0.5745187401771545,
            0.5201281905174255,
            -0.03464292734861374
         ],
         "7": [
            0.5865669250488281,
            0.4559080898761749,
            -0.04836937412619591
         ],
         "8": [
            0.5976043343544006,
            0.39870768785476685,
            -0.05713168531656265
         ],
         "9": [
            0.5937470197677612,
            0.6492246389389038,
            -0.01884957030415535
         ],
         "10": [
            0.5624091625213623,
            0.5985550284385681,
            -0.0538104809820652
         ],
         "11": [
            0.5276908874511719,
            0.5746042728424072,
            -0.06624732166528702
         ],
         "12": [
            0.5029416084289551,
            0.5462679266929626,
            -0.06801391392946243
         ],
         "13": [
            0.6117092370986938,
            0.6898409128189087,
            -0.02817719243466854
         ],
         "14": [
            0.5586456060409546,
            0.6822458505630493,
            -0.06073553487658501
         ],
         "15": [
            0.5448589324951172,
            0.7374641299247742,
            -0.05603639408946037
         ],
         "16": [
            0.5500239729881287,
            0.7672520875930786,
            -0.044588860124349594
         ],
         "17": [
            0.6205114126205444,
            0.7389525771141052,
            -0.03967772796750069
         ],
         "18": [
            0.5720506310462952,
            0.7407315969467163,
            -0.060276225209236145
         ],
         "19": [
            0.5632537007331848,
            0.7799402475357056,
            -0.05494110658764839
         ],
         "20": [
            0.5753124952316284,
            0.7983282804489136,
            -0.04536616429686546
         ]
      }
   ]
}