{
   "k": [
      {
         "0": [
            0.547316312789917,
            0.8580785393714905,
            4.3145455208559724e-8
         ],
         "1": [
            0.5159214735031128,
            0.7957611680030823,
            -0.010421453043818474
         ],
         "2": [
            0.5199969410896301,
            0.7000921964645386,
            -0.016965480521321297
         ],
         "3": [
            0.53763347864151,
            0.6342252492904663,
            -0.025434225797653198
         ],
         "4": [
            0.5469170808792114,
            0.5767855644226074,
            -0.03393096104264259
         ],
         "5": [
            0.5592241883277893,
            0.6360241770744324,
            -0.016167599707841873
         ],
         "6": [
            0.5686171054840088,
            0.5313279032707214,
            -0.0393061637878418
         ],
         "7": [
            0.5800085663795471,
            0.4633108675479889,
            -0.05492784455418587
         ],
         "8": [
            0.5890873670578003,
            0.40521517395973206,
            -0.0659022182226181
         ],
         "9": [
            0.5848006010055542,
            0.6537449955940247,
            -0.02474832534790039
         ],
         "10": [
            0.5560663342475891,
            0.6017189025878906,
            -0.0605270192027092
         ],
         "11": [
            0.5215330123901367,
            0.5729187726974487,
            -0.07642865926027298
         ],
         "12": [
            0.4960899353027344,
            0.542587399482727,
            -0.08157988637685776
         ],
         "13": [
            0.6028104424476624,
            0.6932950019836426,
            -0.034490879625082016
         ],
         "14": [
            0.5515445470809937,
            0.6824762225151062,
            -0.06707803905010223
         ],
         "15": [
            0.5383651256561279,
            0.7405721545219421,
            -0.06198279559612274
         ],
         "16": [
            0.5434442758560181,
            0.7756761312484741,
            -0.05061648413538933
         ],
         "17": [
            0.61293625831604,
            0.7428877949714661,
            -0.04582919925451279
         ],
         "18": [
            0.5646464824676514,
            0.7375977039337158,
            -0.06920572370290756
         ],
         "19": [
            0.5557420253753662,
            0.7800747156143188,
            -0.06377453356981277
         ],
         "20": [
            0.56673264503479,
            0.8022111058235168,
            -0.0537240244448185
         ]
      }
   ]
}