{
   "m-DGS": [
      {
         "0": [
            0.6095848083496094,
            0.3294236660003662,
            -3.322271311390068e-7
         ],
         "1": [
            0.5770437121391296,
            0.3513111174106598,
            -0.021245131269097328
         ],
         "2": [
            0.5597203373908997,
            0.3937472701072693,
            -0.04522652551531792
         ],
         "3": [
            0.5669909715652466,
            0.4447340965270996,
            -0.06758570671081543
         ],
         "4": [
            0.5856180191040039,
            0.48094412684440613,
            -0.0906875878572464
         ],
         "5": [
            0.5810439586639404,
            0.35677674412727356,
            -0.06328586488962173
         ],
         "6": [
            0.5915141701698303,
            0.4459627568721771,
            -0.09014033526182175
         ],
         "7": [
            0.6035571694374084,
            0.5079967975616455,
            -0.10554158687591553
         ],
         "8": [
            0.6122133135795593,
            0.5532510876655579,
            -0.1133594736456871
         ],
         "9": [
            0.612322211265564,
            0.36458879709243774,
            -0.06574849784374237
         ],
         "10": [
            0.6196681261062622,
            0.4896533191204071,
            -0.09373656660318375
         ],
         "11": [
            0.6249514222145081,
            0.5608362555503845,
            -0.10022541135549545
         ],
         "12": [
            0.6302614808082581,
            0.610223650932312,
            -0.1025707870721817
         ],
         "13": [
            0.6383755207061768,
            0.3755163252353668,
            -0.06727299094200134
         ],
         "14": [
            0.6401015520095825,
            0.4948347210884094,
            -0.09287659823894501
         ],
         "15": [
            0.6414352655410767,
            0.5598900318145752,
            -0.08974944055080414
         ],
         "16": [
            0.6415789723396301,
            0.6042032241821289,
            -0.08318240940570831
         ],
         "17": [
            0.6600854992866516,
            0.3887616991996765,
            -0.07043923437595367
         ],
         "18": [
            0.6573723554611206,
            0.4671078026294708,
            -0.08693499863147736
         ],
         "19": [
            0.651713490486145,
            0.5113620162010193,
            -0.0806025043129921
         ],
         "20": [
            0.6460593342781067,
            0.5423563718795776,
            -0.07286278158426285
         ]
      }
   ]
}