{
   "n-DGS": [
      {
         "0": [
            0.35636427998542786,
            0.44024789333343506,
            5.187326905797818e-7
         ],
         "1": [
            0.3251439929008484,
            0.4879843592643738,
            -0.012702854350209236
         ],
         "2": [
            0.3260183334350586,
            0.5609192848205566,
            -0.020264584571123123
         ],
         "3": [
            0.3464500606060028,
            0.6141736507415771,
            -0.024227533489465714
         ],
         "4": [
            0.3679672181606293,
            0.6397066116333008,
            -0.028083376586437225
         ],
         "5": [
            0.34552276134490967,
            0.5804511308670044,
            -0.037594448775053024
         ],
         "6": [
            0.34791213274002075,
            0.6879132986068726,
            -0.04914055019617081
         ],
         "7": [
            0.3498169481754303,
            0.7434707283973694,
            -0.05243943631649017
         ],
         "8": [
            0.3554833233356476,
            0.7868632078170776,
            -0.052867867052555084
         ],
         "9": [
            0.3734849989414215,
            0.5729617476463318,
            -0.03442408889532089
         ],
         "10": [
            0.3716092109680176,
            0.68918776512146,
            -0.045370396226644516
         ],
         "11": [
            0.36974450945854187,
            0.7507929801940918,
            -0.0460558757185936
         ],
         "12": [
            0.37362781167030334,
            0.7954643964767456,
            -0.044941969215869904
         ],
         "13": [
            0.3959525525569916,
            0.5620909333229065,
            -0.029647132381796837
         ],
         "14": [
            0.3906404376029968,
            0.6534570455551147,
            -0.03902967646718025
         ],
         "15": [
            0.37732815742492676,
            0.6314720511436462,
            -0.031467948108911514
         ],
         "16": [
            0.3730337619781494,
            0.6024908423423767,
            -0.023177888244390488
         ],
         "17": [
            0.411714106798172,
            0.5486996173858643,
            -0.025448549538850784
         ],
         "18": [
            0.4009939432144165,
            0.6154951453208923,
            -0.02958286926150322
         ],
         "19": [
            0.3891298472881317,
            0.5992079973220825,
            -0.020982202142477036
         ],
         "20": [
            0.3870614171028137,
            0.5750680565834045,
            -0.012488639913499355
         ]
      }
   ]
}