{
   "r": [
      {
         "0": [
            0.6261361241340637,
            0.8172675967216492,
            4.2183776827187103e-7
         ],
         "1": [
            0.5897448062896729,
            0.771152138710022,
            -0.009539086371660233
         ],
         "2": [
            0.5733318328857422,
            0.6898118853569031,
            -0.01131825614720583
         ],
         "3": [
            0.5850807428359985,
            0.6163651347160339,
            -0.015259801410138607
         ],
         "4": [
            0.6106007099151611,
            0.5872802138328552,
            -0.018339132890105247
         ],
         "5": [
            0.5858502388000488,
            0.6346021294593811,
            0.0034710916224867105
         ],
         "6": [
            0.588775098323822,
            0.5472715497016907,
            -0.007739387918263674
         ],
         "7": [
            0.5956326723098755,
            0.49209749698638916,
            -0.015519834123551846
         ],
         "8": [
            0.6025054454803467,
            0.4447581171989441,
            -0.020227789878845215
         ],
         "9": [
            0.607654333114624,
            0.6382986307144165,
            -0.0008844526018947363
         ],
         "10": [
            0.6022366881370544,
            0.5430266261100769,
            -0.016163071617484093
         ],
         "11": [
            0.6017540693283081,
            0.48682278394699097,
            -0.02538738213479519
         ],
         "12": [
            0.6040821671485901,
            0.4412807822227478,
            -0.028713060542941093
         ],
         "13": [
            0.6299753189086914,
            0.6538369655609131,
            -0.007342496421188116
         ],
         "14": [
            0.6315580010414124,
            0.6012780666351318,
            -0.0319703109562397
         ],
         "15": [
            0.6228374242782593,
            0.6662265658378601,
            -0.03134075552225113
         ],
         "16": [
            0.6173661351203918,
            0.7199417352676392,
            -0.02193853072822094
         ],
         "17": [
            0.6522172093391418,
            0.6793218851089478,
            -0.01463024877011776
         ],
         "18": [
            0.6464452743530273,
            0.6474013924598694,
            -0.03350313380360603
         ],
         "19": [
            0.6386640667915344,
            0.6933590769767761,
            -0.030245883390307426
         ],
         "20": [
            0.6357200741767883,
            0.7312994003295898,
            -0.02213013358414173
         ]
      }
   ]
}