{
   "s": [
      {
         "0": [
            0.6191035509109497,
            0.8257052302360535,
            -3.7598249491566094e-7
         ],
         "1": [
            0.5830262303352356,
            0.7757425308227539,
            -0.007160951383411884
         ],
         "2": [
            0.5574396848678589,
            0.6931962966918945,
            -0.011461395770311356
         ],
         "3": [
            0.5691156983375549,
            0.6328403353691101,
            -0.01858360320329666
         ],
         "4": [
            0.5994524955749512,
            0.6485617756843567,
            -0.02292279154062271
         ],
         "5": [
            0.5806912183761597,
            0.6314823627471924,
            0.005772669333964586
         ],
         "6": [
            0.5615113377571106,
            0.5745465755462646,
            -0.017266351729631424
         ],
         "7": [
            0.56370609998703,
            0.6276330351829529,
            -0.02701660990715027
         ],
         "8": [
            0.5744013786315918,
            0.6536754965782166,
            -0.029444487765431404
         ],
         "9": [
            0.6054178476333618,
            0.6340242624282837,
            0.0000106126371974824
         ],
         "10": [
            0.5882143974304199,
            0.5853672623634338,
            -0.025040728971362114
         ],
         "11": [
            0.586902916431427,
            0.6513473391532898,
            -0.02680998109281063
         ],
         "12": [
            0.5944443941116333,
            0.6722226142883301,
            -0.01988794282078743
         ],
         "13": [
            0.6300966739654541,
            0.6456393003463745,
            -0.010079571045935154
         ],
         "14": [
            0.6142065525054932,
            0.6214670538902283,
            -0.03523007035255432
         ],
         "15": [
            0.6101424098014832,
            0.6896088123321533,
            -0.029444487765431404
         ],
         "16": [
            0.6166561841964722,
            0.7101423144340515,
            -0.016672296449542046
         ],
         "17": [
            0.6553769707679749,
            0.6639397144317627,
            -0.021127711981534958
         ],
         "18": [
            0.6351954340934753,
            0.6403760313987732,
            -0.03143328055739403
         ],
         "19": [
            0.6285786032676697,
            0.6884967088699341,
            -0.02429170161485672
         ],
         "20": [
            0.6345531344413757,
            0.7096083760261536,
            -0.01470932923257351
         ]
      }
   ]
}