{
   "s": [
      {
         "0": [
            0.6067862510681152,
            0.791435956954956,
            -3.3783763342398743e-7
         ],
         "1": [
            0.5690808296203613,
            0.7475010752677917,
            -0.00838693417608738
         ],
         "2": [
            0.5425070524215698,
            0.6652042269706726,
            -0.011927948333323002
         ],
         "3": [
            0.5560677647590637,
            0.6074460744857788,
            -0.01763155311346054
         ],
         "4": [
            0.5882832407951355,
            0.6193986535072327,
            -0.020755978301167488
         ],
         "5": [
            0.5656958222389221,
            0.5993896126747131,
            0.005498373880982399
         ],
         "6": [
            0.5464892983436584,
            0.5499228239059448,
            -0.016026457771658897
         ],
         "7": [
            0.5484412908554077,
            0.6001414656639099,
            -0.02558351866900921
         ],
         "8": [
            0.5589883327484131,
            0.6276192665100098,
            -0.02810756489634514
         ],
         "9": [
            0.59090656042099,
            0.5982707142829895,
            0.001323285629041493
         ],
         "10": [
            0.5728973150253296,
            0.5557129383087158,
            -0.02141762152314186
         ],
         "11": [
            0.5721277594566345,
            0.6200461387634277,
            -0.022434592247009277
         ],
         "12": [
            0.5810985565185547,
            0.6430914402008057,
            -0.015168773010373116
         ],
         "13": [
            0.6158367991447449,
            0.6088929176330566,
            -0.007333207409828901
         ],
         "14": [
            0.5975587368011475,
            0.5928476452827454,
            -0.03104819916188717
         ],
         "15": [
            0.5943773984909058,
            0.6599699854850769,
            -0.02612263709306717
         ],
         "16": [
            0.6023656129837036,
            0.6814051270484924,
            -0.01417630910873413
         ],
         "17": [
            0.6408653855323792,
            0.6276540756225586,
            -0.017080184072256088
         ],
         "18": [
            0.6186190247535706,
            0.6124936938285828,
            -0.028916237875819206
         ],
         "19": [
            0.6135870814323425,
            0.6600484848022461,
            -0.023880401626229286
         ],
         "20": [
            0.6211958527565002,
            0.6805832982063293,
            -0.015438331291079521
         ]
      }
   ]
}