{
   "v": [
      {
         "0": [
            0.5981103777885437,
            0.8828487396240234,
            4.396774784254376e-7
         ],
         "1": [
            0.5732683539390564,
            0.825978696346283,
            -0.021295741200447083
         ],
         "2": [
            0.5749794244766235,
            0.7416185140609741,
            -0.02559000998735428
         ],
         "3": [
            0.6068077087402344,
            0.688834547996521,
            -0.02878277562558651
         ],
         "4": [
            0.6355040669441223,
            0.661598265171051,
            -0.030139699578285217
         ],
         "5": [
            0.5695014595985413,
            0.6510130167007446,
            -0.007766400463879108
         ],
         "6": [
            0.5594594478607178,
            0.5571614503860474,
            -0.017001470550894737
         ],
         "7": [
            0.5546388626098633,
            0.5009636878967285,
            -0.021311704069375992
         ],
         "8": [
            0.5510479211807251,
            0.4540858864784241,
            -0.022684594616293907
         ],
         "9": [
            0.5969394445419312,
            0.6557549834251404,
            -0.00563123868778348
         ],
         "10": [
            0.6085956692695618,
            0.5586293935775757,
            -0.016570448875427246
         ],
         "11": [
            0.6198328733444214,
            0.5010604858398438,
            -0.022014113143086433
         ],
         "12": [
            0.630088210105896,
            0.45901408791542053,
            -0.02179061993956566
         ],
         "13": [
            0.6194491982460022,
            0.6819816827774048,
            -0.007040046155452728
         ],
         "14": [
            0.6285192966461182,
            0.6650024056434631,
            -0.030171627178788185
         ],
         "15": [
            0.618030846118927,
            0.7194125652313232,
            -0.035439688712358475
         ],
         "16": [
            0.6118230223655701,
            0.7555910348892212,
            -0.029453255236148834
         ],
         "17": [
            0.6367763876914978,
            0.7151297330856323,
            -0.009953443892300129
         ],
         "18": [
            0.6440327763557434,
            0.6860819458961487,
            -0.027968619018793106
         ],
         "19": [
            0.6339625120162964,
            0.729953944683075,
            -0.02729813940823078
         ],
         "20": [
            0.6278548240661621,
            0.7663177251815796,
            -0.02089664526283741
         ]
      }
   ]
}