{
   "v": [
      {
         "0": [
            0.5948637127876282,
            0.884090781211853,
            4.558262958198611e-7
         ],
         "1": [
            0.5702871084213257,
            0.8271175026893616,
            -0.024008288979530334
         ],
         "2": [
            0.5712212324142456,
            0.7464796900749207,
            -0.029291406273841858
         ],
         "3": [
            0.6037309169769287,
            0.696830153465271,
            -0.03312045335769653
         ],
         "4": [
            0.6313077211380005,
            0.6716846823692322,
            -0.035091523081064224
         ],
         "5": [
            0.5685194134712219,
            0.6522330641746521,
            -0.009273726493120193
         ],
         "6": [
            0.5583720803260803,
            0.5574634075164795,
            -0.01898367330431938
         ],
         "7": [
            0.5531312823295593,
            0.5003221035003662,
            -0.024089070037007332
         ],
         "8": [
            0.5494531989097595,
            0.4526556134223938,
            -0.02614092268049717
         ],
         "9": [
            0.596031129360199,
            0.6580160856246948,
            -0.006676598452031612
         ],
         "10": [
            0.6052146553993225,
            0.5591202974319458,
            -0.017949668690562248
         ],
         "11": [
            0.6143423318862915,
            0.49860888719558716,
            -0.02441219799220562
         ],
         "12": [
            0.6239017844200134,
            0.4527773857116699,
            -0.025171542540192604
         ],
         "13": [
            0.6182971000671387,
            0.6860952973365784,
            -0.00801757350564003
         ],
         "14": [
            0.6257149577140808,
            0.6643428206443787,
            -0.03237726166844368
         ],
         "15": [
            0.6155461072921753,
            0.7190593481063843,
            -0.03922754153609276
         ],
         "16": [
            0.6102131009101868,
            0.7544267177581787,
            -0.034219082444906235
         ],
         "17": [
            0.6359191536903381,
            0.7215566635131836,
            -0.011042843572795391
         ],
         "18": [
            0.6429056525230408,
            0.6854463815689087,
            -0.029727626591920853
         ],
         "19": [
            0.6326156258583069,
            0.7258038520812988,
            -0.029856877401471138
         ],
         "20": [
            0.6260411143302917,
            0.7606238126754761,
            -0.024299103766679764
         ]
      }
   ]
}