{
   "a": [
      {
         "0": [
            0.5076540112495422,
            0.3801884055137634,
            0
         ],
         "1": [
            0.5005741715431213,
            0.4991222620010376,
            0.05081859603524208
         ],
         "2": [
            0.5221884846687317,
            0.5739207863807678,
            0.06655982881784439
         ],
         "3": [
            0.5406360626220703,
            0.6273179650306702,
            0.06955557316541672
         ],
         "4": [
            0.5569895505905151,
            0.6746845841407776,
            0.0746755599975586
         ],
         "5": [
            0.6271867156028748,
            0.5334155559539795,
            0.062202394008636475
         ],
         "6": [
            0.5820624232292175,
            0.6586317420005798,
            0.061548784375190735
         ],
         "7": [
            0.5497578382492065,
            0.6303796768188477,
            0.05975133925676346
         ],
         "8": [
            0.5387885570526123,
            0.5817813277244568,
            0.058117303997278214
         ],
         "9": [
            0.6362067461013794,
            0.538625180721283,
            0.028105461969971657
         ],
         "10": [
            0.5771833658218384,
            0.6707329750061035,
            0.022468028590083122
         ],
         "11": [
            0.5444831252098083,
            0.6199935674667358,
            0.022454410791397095
         ],
         "12": [
            0.5443642139434814,
            0.5646737217903137,
            0.022440794855356216
         ],
         "13": [
            0.6326571106910706,
            0.5489757061004639,
            -0.0048884982243180275
         ],
         "14": [
            0.5735124349594116,
            0.6722106337547302,
            -0.0073872157372534275
         ],
         "15": [
            0.5403721928596497,
            0.6182668805122375,
            0.0021889307536184788
         ],
         "16": [
            0.5431973338127136,
            0.559802234172821,
            0.006577004678547382
         ],
         "17": [
            0.6218885183334351,
            0.5603497624397278,
            -0.03554033860564232
         ],
         "18": [
            0.5705398321151733,
            0.6578772664070129,
            -0.03240843117237091
         ],
         "19": [
            0.5420718193054199,
            0.6177374124526978,
            -0.02274036779999733
         ],
         "20": [
            0.5436145663261414,
            0.5646844506263733,
            -0.01726633869111538
         ]
      }
   ]
}