{
   "a": [
      {
         "0": [
            0.5008783936500549,
            0.6928390264511108,
            0
         ],
         "1": [
            0.4640035033226013,
            0.7507145404815674,
            0.010717510245740414
         ],
         "2": [
            0.450969398021698,
            0.8072522878646851,
            0.007116059307008982
         ],
         "3": [
            0.4398977756500244,
            0.8454505205154419,
            -0.0010791582753881812
         ],
         "4": [
            0.4318309724330902,
            0.8711462616920471,
            -0.005869599059224129
         ],
         "5": [
            0.5128679871559143,
            0.9016005396842957,
            0.009849075227975845
         ],
         "6": [
            0.45515531301498413,
            0.9121368527412415,
            -0.0038670904468744993
         ],
         "7": [
            0.45200851559638977,
            0.8597524166107178,
            -0.010737943463027477
         ],
         "8": [
            0.46538060903549194,
            0.8311650156974792,
            -0.014671443961560726
         ],
         "9": [
            0.5182563066482544,
            0.9011602997779846,
            -0.006518371868878603
         ],
         "10": [
            0.4478360414505005,
            0.9041596055030823,
            -0.022947121411561966
         ],
         "11": [
            0.4489789605140686,
            0.8478701710700989,
            -0.022987987846136093
         ],
         "12": [
            0.46878910064697266,
            0.8368143439292908,
            -0.02229323983192444
         ],
         "13": [
            0.5170096755027771,
            0.8914915919303894,
            -0.024091411381959915
         ],
         "14": [
            0.44835999608039856,
            0.895058274269104,
            -0.036637742072343826
         ],
         "15": [
            0.45066219568252563,
            0.842923641204834,
            -0.02817816473543644
         ],
         "16": [
            0.4706094563007355,
            0.8304156064987183,
            -0.022334106266498566
         ],
         "17": [
            0.5097094178199768,
            0.8724326491355896,
            -0.04221615940332413
         ],
         "18": [
            0.4576445519924164,
            0.8726761937141418,
            -0.046384647488594055
         ],
         "19": [
            0.4606747627258301,
            0.832593560218811,
            -0.039008062332868576
         ],
         "20": [
            0.47896435856819153,
            0.8185440301895142,
            -0.0339200496673584
         ]
      }
   ]
}