{
   "a": [
      {
         "0": [
            0.25467681884765625,
            0.5212149024009705,
            0
         ],
         "1": [
            0.22418828308582306,
            0.5360425114631653,
            -0.035316478461027145
         ],
         "2": [
            0.19911949336528778,
            0.5183002948760986,
            -0.05150546506047249
         ],
         "3": [
            0.18037357926368713,
            0.48281678557395935,
            -0.05730085447430611
         ],
         "4": [
            0.1721840649843216,
            0.4545464813709259,
            -0.059586357325315475
         ],
         "5": [
            0.23764126002788544,
            0.4345752000808716,
            -0.055940430611371994
         ],
         "6": [
            0.19430957734584808,
            0.4123693108558655,
            -0.06399410963058472
         ],
         "7": [
            0.19281665980815887,
            0.4408647119998932,
            -0.061654191464185715
         ],
         "8": [
            0.20450973510742188,
            0.4539375305175781,
            -0.05887893587350845
         ],
         "9": [
            0.24506820738315582,
            0.41593411564826965,
            -0.03790127485990524
         ],
         "10": [
            0.19760653376579285,
            0.4046366512775421,
            -0.04505707696080208
         ],
         "11": [
            0.19838625192642212,
            0.44351333379745483,
            -0.0384182333946228
         ],
         "12": [
            0.21275416016578674,
            0.4550326466560364,
            -0.033411893993616104
         ],
         "13": [
            0.24661464989185333,
            0.40749499201774597,
            -0.020555932074785233
         ],
         "14": [
            0.20356816053390503,
            0.40944427251815796,
            -0.027140360325574875
         ],
         "15": [
            0.20382100343704224,
            0.4439217448234558,
            -0.024596374481916428
         ],
         "16": [
            0.21666301786899567,
            0.4503341317176819,
            -0.022378893569111824
         ],
         "17": [
            0.24388374388217926,
            0.4031623601913452,
            -0.00470364885404706
         ],
         "18": [
            0.20999906957149506,
            0.4052084684371948,
            -0.011420718394219875
         ],
         "19": [
            0.2102954238653183,
            0.4361298680305481,
            -0.013223272748291492
         ],
         "20": [
            0.22057804465293884,
            0.44303596019744873,
            -0.013134846463799477
         ]
      }
   ]
}