{
   "e": [
      {
         "0": [
            0.3111041784286499,
            0.7793301343917847,
            0
         ],
         "1": [
            0.347097247838974,
            0.734079122543335,
            0.008131904527544975
         ],
         "2": [
            0.36720073223114014,
            0.6621765494346619,
            0.004254016559571028
         ],
         "3": [
            0.38155287504196167,
            0.6149828433990479,
            -0.0063114408403635025
         ],
         "4": [
            0.367210328578949,
            0.5985411405563354,
            -0.013991990126669407
         ],
         "5": [
            0.3234463036060333,
            0.5683842897415161,
            0.015962904319167137
         ],
         "6": [
            0.3065233826637268,
            0.4771791994571686,
            -0.0003048993821721524
         ],
         "7": [
            0.3382745087146759,
            0.48468324542045593,
            -0.010516560636460781
         ],
         "8": [
            0.3522111177444458,
            0.5127650499343872,
            -0.014684068039059639
         ],
         "9": [
            0.3150254487991333,
            0.5757855176925659,
            -0.0003192393050994724
         ],
         "10": [
            0.29564955830574036,
            0.47123050689697266,
            -0.0186258964240551
         ],
         "11": [
            0.3314949870109558,
            0.4813736379146576,
            -0.026780368760228157
         ],
         "12": [
            0.34484681487083435,
            0.5150818228721619,
            -0.028645968064665794
         ],
         "13": [
            0.30669665336608887,
            0.5886808633804321,
            -0.01912238635122776
         ],
         "14": [
            0.2835831344127655,
            0.498831570148468,
            -0.031654998660087585
         ],
         "15": [
            0.3220970928668976,
            0.5000388026237488,
            -0.02935308963060379
         ],
         "16": [
            0.3388800323009491,
            0.530515730381012,
            -0.025215672329068184
         ],
         "17": [
            0.2997130751609802,
            0.6122889518737793,
            -0.03893684968352318
         ],
         "18": [
            0.2926241159439087,
            0.5417233109474182,
            -0.044593825936317444
         ],
         "19": [
            0.31890231370925903,
            0.532443106174469,
            -0.040381185710430145
         ],
         "20": [
            0.332869291305542,
            0.5483483672142029,
            -0.035596828907728195
         ]
      }
   ]
}