{
   "e": [
      {
         "0": [
            0.3380241096019745,
            0.601142406463623,
            0
         ],
         "1": [
            0.3677595853805542,
            0.5771918296813965,
            -0.004159631207585335
         ],
         "2": [
            0.3907751441001892,
            0.5160060524940491,
            -0.0101819708943367
         ],
         "3": [
            0.405073881149292,
            0.4692543148994446,
            -0.019961193203926086
         ],
         "4": [
            0.40011799335479736,
            0.4324350357055664,
            -0.027109971269965172
         ],
         "5": [
            0.35547158122062683,
            0.43175697326660156,
            0.005314385052770376
         ],
         "6": [
            0.35177096724510193,
            0.3509649336338043,
            -0.009684829972684383
         ],
         "7": [
            0.37617629766464233,
            0.3693976402282715,
            -0.017859354615211487
         ],
         "8": [
            0.3847472667694092,
            0.4067680835723877,
            -0.020879963412880898
         ],
         "9": [
            0.3421458601951599,
            0.43279290199279785,
            -0.003621585201472044
         ],
         "10": [
            0.3345288932323456,
            0.3435334265232086,
            -0.02064083330333233
         ],
         "11": [
            0.36364755034446716,
            0.3673340976238251,
            -0.027462376281619072
         ],
         "12": [
            0.37150079011917114,
            0.40436503291130066,
            -0.028393728658556938
         ],
         "13": [
            0.3272591531276703,
            0.4385949373245239,
            -0.015681998804211617
         ],
         "14": [
            0.3187791705131531,
            0.35530075430870056,
            -0.02927473932504654
         ],
         "15": [
            0.34993836283683777,
            0.3745139241218567,
            -0.027688920497894287
         ],
         "16": [
            0.3599303662776947,
            0.4096916615962982,
            -0.02377471514046192
         ],
         "17": [
            0.31136950850486755,
            0.4529356062412262,
            -0.029576802626252174
         ],
         "18": [
            0.31224802136421204,
            0.3868313431739807,
            -0.03717866912484169
         ],
         "19": [
            0.33635419607162476,
            0.3937595784664154,
            -0.034359436482191086
         ],
         "20": [
            0.347265362739563,
            0.420536071062088,
            -0.030105408281087875
         ]
      }
   ]
}