{
   "f": [
      {
         "0": [
            0.2946162223815918,
            0.7630038857460022,
            0
         ],
         "1": [
            0.32742035388946533,
            0.6986367702484131,
            0.009917243383824825
         ],
         "2": [
            0.3366400897502899,
            0.6294580698013306,
            0.010521200485527515
         ],
         "3": [
            0.35215410590171814,
            0.5845431685447693,
            0.006547439843416214
         ],
         "4": [
            0.3684283494949341,
            0.5476495623588562,
            0.0032325410284101963
         ],
         "5": [
            0.2785637080669403,
            0.5797165632247925,
            0.014494961127638817
         ],
         "6": [
            0.3071821331977844,
            0.5120323300361633,
            0.004763022530823946
         ],
         "7": [
            0.33804094791412354,
            0.5114349126815796,
            -0.0007296380354091525
         ],
         "8": [
            0.3586510121822357,
            0.5220959782600403,
            -0.0031810675282031298
         ],
         "9": [
            0.2771141827106476,
            0.5772547721862793,
            -0.0013589026639238
         ],
         "10": [
            0.29561862349510193,
            0.47999483346939087,
            -0.008414214476943016
         ],
         "11": [
            0.30833539366722107,
            0.4143950343132019,
            -0.015030287206172943
         ],
         "12": [
            0.3145848214626312,
            0.36596882343292236,
            -0.021316926926374435
         ],
         "13": [
            0.28032398223876953,
            0.5858911275863647,
            -0.018818741664290428
         ],
         "14": [
            0.28681525588035583,
            0.48517706990242004,
            -0.024419067427515984
         ],
         "15": [
            0.2908976972103119,
            0.4214729070663452,
            -0.02470731921494007
         ],
         "16": [
            0.29247626662254333,
            0.3713605999946594,
            -0.02686234749853611
         ],
         "17": [
            0.29051119089126587,
            0.6004247069358826,
            -0.03700607270002365
         ],
         "18": [
            0.28828883171081543,
            0.524003267288208,
            -0.04208480194211006
         ],
         "19": [
            0.2860594391822815,
            0.4729641079902649,
            -0.04093179479241371
         ],
         "20": [
            0.28420013189315796,
            0.42846840620040894,
            -0.04115141183137894
         ]
      }
   ]
}