{
   "f": [
      {
         "0": [
            0.28478923439979553,
            0.8522883653640747,
            0
         ],
         "1": [
            0.3423999845981598,
            0.7660908699035645,
            -0.030683130025863647
         ],
         "2": [
            0.38752204179763794,
            0.6426672339439392,
            -0.040337156504392624
         ],
         "3": [
            0.4022035300731659,
            0.5319418907165527,
            -0.050717249512672424
         ],
         "4": [
            0.3781404495239258,
            0.4679425358772278,
            -0.05937629193067551
         ],
         "5": [
            0.33178266882896423,
            0.4877312183380127,
            0.0026656135451048613
         ],
         "6": [
            0.3418494760990143,
            0.3740818202495575,
            -0.018904680386185646
         ],
         "7": [
            0.35975372791290283,
            0.3891294598579407,
            -0.02896207757294178
         ],
         "8": [
            0.37069037556648254,
            0.4266064763069153,
            -0.0320814847946167
         ],
         "9": [
            0.2884675860404968,
            0.46686723828315735,
            -0.0028219204396009445
         ],
         "10": [
            0.2873924970626831,
            0.30347418785095215,
            -0.011724666692316532
         ],
         "11": [
            0.2902430295944214,
            0.2038169503211975,
            -0.021244235336780548
         ],
         "12": [
            0.2920258343219757,
            0.1224336326122284,
            -0.03140920028090477
         ],
         "13": [
            0.24639767408370972,
            0.4880358576774597,
            -0.017869360744953156
         ],
         "14": [
            0.24283374845981598,
            0.3316024839878082,
            -0.031086500734090805
         ],
         "15": [
            0.24120353162288666,
            0.23239734768867493,
            -0.03969176486134529
         ],
         "16": [
            0.24418127536773682,
            0.15189975500106812,
            -0.04708690568804741
         ],
         "17": [
            0.20626266300678253,
            0.5359378457069397,
            -0.03883123770356178
         ],
         "18": [
            0.19710971415042877,
            0.4170009195804596,
            -0.05491231381893158
         ],
         "19": [
            0.19321852922439575,
            0.335030734539032,
            -0.062119223177433014
         ],
         "20": [
            0.19303998351097107,
            0.2596299648284912,
            -0.06642185151576996
         ]
      }
   ]
}