{
   "g": [
      {
         "0": [
            0.331885427236557,
            0.7118273377418518,
            0
         ],
         "1": [
            0.33789968490600586,
            0.6827142834663391,
            -0.005749454256147146
         ],
         "2": [
            0.336215078830719,
            0.6439625024795532,
            -0.014391128905117512
         ],
         "3": [
            0.3269430696964264,
            0.6236538887023926,
            -0.022473016753792763
         ],
         "4": [
            0.3143535554409027,
            0.6275979280471802,
            -0.028549013659358025
         ],
         "5": [
            0.30304357409477234,
            0.6294362545013428,
            -0.013889654539525509
         ],
         "6": [
            0.29102882742881775,
            0.6201136112213135,
            -0.02661309204995632
         ],
         "7": [
            0.27909010648727417,
            0.6164135336875916,
            -0.03433345630764961
         ],
         "8": [
            0.26708558201789856,
            0.615383505821228,
            -0.03911494463682175
         ],
         "9": [
            0.2871883511543274,
            0.6547765731811523,
            -0.016875172033905983
         ],
         "10": [
            0.31514614820480347,
            0.6612057089805603,
            -0.028129177168011665
         ],
         "11": [
            0.3291338384151459,
            0.6744670867919922,
            -0.025750091299414635
         ],
         "12": [
            0.3232975900173187,
            0.6758085489273071,
            -0.02374419756233692
         ],
         "13": [
            0.28386151790618896,
            0.6852883100509644,
            -0.021143531426787376
         ],
         "14": [
            0.31516414880752563,
            0.6930070519447327,
            -0.02971523255109787
         ],
         "15": [
            0.32431134581565857,
            0.6981772780418396,
            -0.025283602997660637
         ],
         "16": [
            0.31751754879951477,
            0.6984668374061584,
            -0.022554652765393257
         ],
         "17": [
            0.2851882874965668,
            0.7173233032226562,
            -0.02656644396483898
         ],
         "18": [
            0.31293562054634094,
            0.7218353748321533,
            -0.02936536632478237
         ],
         "19": [
            0.32086291909217834,
            0.7217500805854797,
            -0.027406120672822
         ],
         "20": [
            0.31621894240379333,
            0.7205326557159424,
            -0.026426497846841812
         ]
      }
   ]
}