{
   "k": [
      {
         "0": [
            0.29509347677230835,
            0.7841390371322632,
            0
         ],
         "1": [
            0.32620900869369507,
            0.7300312519073486,
            -0.003475563833490014
         ],
         "2": [
            0.34530016779899597,
            0.6520115733146667,
            -0.01076409313827753
         ],
         "3": [
            0.3571196496486664,
            0.5881606340408325,
            -0.021475775167346
         ],
         "4": [
            0.3787182867527008,
            0.5474292635917664,
            -0.031368520110845566
         ],
         "5": [
            0.32523295283317566,
            0.602888286113739,
            -0.004933269694447517
         ],
         "6": [
            0.333633154630661,
            0.5197572708129883,
            -0.02122681774199009
         ],
         "7": [
            0.33789071440696716,
            0.4684057831764221,
            -0.030870608985424042
         ],
         "8": [
            0.34020066261291504,
            0.420734703540802,
            -0.037500713020563126
         ],
         "9": [
            0.2993968725204468,
            0.6112638711929321,
            -0.016051143407821655
         ],
         "10": [
            0.30010202527046204,
            0.5362857580184937,
            -0.03456564620137215
         ],
         "11": [
            0.29968583583831787,
            0.4900602400302887,
            -0.04287293180823326
         ],
         "12": [
            0.2987980544567108,
            0.4488014876842499,
            -0.04753759130835533
         ],
         "13": [
            0.2742300033569336,
            0.6350938677787781,
            -0.02916722185909748
         ],
         "14": [
            0.2841041386127472,
            0.6178619265556335,
            -0.048166535794734955
         ],
         "15": [
            0.300432950258255,
            0.6686046123504639,
            -0.04465493559837341
         ],
         "16": [
            0.3121132552623749,
            0.708182156085968,
            -0.03815586119890213
         ],
         "17": [
            0.2510168254375458,
            0.6673145294189453,
            -0.04444529116153717
         ],
         "18": [
            0.26346126198768616,
            0.6543411016464233,
            -0.05922544747591019
         ],
         "19": [
            0.2812514901161194,
            0.6884685754776001,
            -0.057233791798353195
         ],
         "20": [
            0.2939731776714325,
            0.7206622958183289,
            -0.05188778042793274
         ]
      }
   ]
}