{
   "m": [
      {
         "0": [
            0.27392062544822693,
            0.47713303565979004,
            0
         ],
         "1": [
            0.29591140151023865,
            0.468609482049942,
            -0.003363724797964096
         ],
         "2": [
            0.3106866478919983,
            0.4327820837497711,
            -0.006000434048473835
         ],
         "3": [
            0.30753135681152344,
            0.3992127776145935,
            -0.010430789552628994
         ],
         "4": [
            0.2978048622608185,
            0.37822338938713074,
            -0.014048798941075802
         ],
         "5": [
            0.3103434443473816,
            0.3916049599647522,
            -0.002220297232270241
         ],
         "6": [
            0.31915074586868286,
            0.35987699031829834,
            -0.012349016033113003
         ],
         "7": [
            0.31878790259361267,
            0.38377606868743896,
            -0.015059109777212143
         ],
         "8": [
            0.3151807188987732,
            0.40982741117477417,
            -0.015127374790608883
         ],
         "9": [
            0.2941560745239258,
            0.38597142696380615,
            -0.006980027072131634
         ],
         "10": [
            0.30325958132743835,
            0.35134652256965637,
            -0.018772689625620842
         ],
         "11": [
            0.3026203513145447,
            0.3880091905593872,
            -0.01875903829932213
         ],
         "12": [
            0.29857122898101807,
            0.4157552123069763,
            -0.015550613403320312
         ],
         "13": [
            0.2774490714073181,
            0.38845905661582947,
            -0.013666518032550812
         ],
         "14": [
            0.28558599948883057,
            0.3551415801048279,
            -0.025462593883275986
         ],
         "15": [
            0.28781312704086304,
            0.39147815108299255,
            -0.02176266722381115
         ],
         "16": [
            0.28598955273628235,
            0.4165725111961365,
            -0.016137687489390373
         ],
         "17": [
            0.26011908054351807,
            0.3964654207229614,
            -0.021366732195019722
         ],
         "18": [
            0.26980167627334595,
            0.3798668682575226,
            -0.02932635508477688
         ],
         "19": [
            0.2738703191280365,
            0.40585821866989136,
            -0.027155548334121704
         ],
         "20": [
            0.2735191881656647,
            0.42462944984436035,
            -0.022923162207007408
         ]
      }
   ]
}