{
   "o": [
      {
         "0": [
            0.2871403992176056,
            0.5807185173034668,
            0
         ],
         "1": [
            0.30533164739608765,
            0.5615330934524536,
            -0.0004916971665807068
         ],
         "2": [
            0.3194572627544403,
            0.524188756942749,
            -0.002105295192450285
         ],
         "3": [
            0.32965707778930664,
            0.49567264318466187,
            -0.006363900378346443
         ],
         "4": [
            0.33400896191596985,
            0.4705740809440613,
            -0.009049075655639172
         ],
         "5": [
            0.3004542887210846,
            0.4781813323497772,
            0.009307620115578175
         ],
         "6": [
            0.3027402460575104,
            0.4349256753921509,
            0.0013739819405600429
         ],
         "7": [
            0.31671324372291565,
            0.44239312410354614,
            -0.003678726265206933
         ],
         "8": [
            0.3233923316001892,
            0.45992162823677063,
            -0.0056547485291957855
         ],
         "9": [
            0.2939053177833557,
            0.4785673916339874,
            0.0035069782752543688
         ],
         "10": [
            0.2982199788093567,
            0.4313354790210724,
            -0.006120129954069853
         ],
         "11": [
            0.3149131238460541,
            0.44438353180885315,
            -0.011213467456400394
         ],
         "12": [
            0.3204982280731201,
            0.4647309184074402,
            -0.012417547404766083
         ],
         "13": [
            0.28624144196510315,
            0.4806658923625946,
            -0.0042659929022192955
         ],
         "14": [
            0.2898978888988495,
            0.4368542432785034,
            -0.012033423408865929
         ],
         "15": [
            0.30818861722946167,
            0.44880127906799316,
            -0.01211468130350113
         ],
         "16": [
            0.3159407377243042,
            0.4702033996582031,
            -0.01023099571466446
         ],
         "17": [
            0.278128057718277,
            0.4873311221599579,
            -0.01313408650457859
         ],
         "18": [
            0.2838331162929535,
            0.4520089328289032,
            -0.017492415383458138
         ],
         "19": [
            0.29883378744125366,
            0.45410022139549255,
            -0.01675371639430523
         ],
         "20": [
            0.30799978971481323,
            0.4679195284843445,
            -0.014818322844803333
         ]
      }
   ]
}