{
   "p": [
      {
         "0": [
            0.3873465657234192,
            0.5648127198219299,
            0
         ],
         "1": [
            0.46013370156288147,
            0.5883129835128784,
            -0.0040307738818228245
         ],
         "2": [
            0.5228714346885681,
            0.5753133893013,
            -0.02443290688097477
         ],
         "3": [
            0.5646661520004272,
            0.5655809044837952,
            -0.046954650431871414
         ],
         "4": [
            0.5998260378837585,
            0.5656851530075073,
            -0.06449238210916519
         ],
         "5": [
            0.5437389016151428,
            0.4124043881893158,
            -0.03486935794353485
         ],
         "6": [
            0.607404887676239,
            0.44109272956848145,
            -0.06801491230726242
         ],
         "7": [
            0.6533217430114746,
            0.4713689982891083,
            -0.08836318552494049
         ],
         "8": [
            0.6939877271652222,
            0.5010952353477478,
            -0.10222847759723663
         ],
         "9": [
            0.5091995596885681,
            0.3802628517150879,
            -0.05298792943358421
         ],
         "10": [
            0.5649237036705017,
            0.5057426691055298,
            -0.09121118485927582
         ],
         "11": [
            0.6002503037452698,
            0.5939508080482483,
            -0.1011042669415474
         ],
         "12": [
            0.6328817009925842,
            0.6467024683952332,
            -0.10717502236366272
         ],
         "13": [
            0.467497318983078,
            0.38819122314453125,
            -0.07082545012235641
         ],
         "14": [
            0.5071842074394226,
            0.5541180968284607,
            -0.09533330053091049
         ],
         "15": [
            0.4817194938659668,
            0.5957619547843933,
            -0.0839412733912468
         ],
         "16": [
            0.4628981649875641,
            0.5842143297195435,
            -0.0764465183019638
         ],
         "17": [
            0.4301356077194214,
            0.4194125533103943,
            -0.09151098132133484
         ],
         "18": [
            0.458038330078125,
            0.5477997660636902,
            -0.10612575709819794
         ],
         "19": [
            0.4412979781627655,
            0.5720634460449219,
            -0.09840615093708038
         ],
         "20": [
            0.426456481218338,
            0.5443354845046997,
            -0.09188570827245712
         ]
      }
   ]
}