{
   "p": [
      {
         "0": [
            0.23907040059566498,
            0.5668242573738098,
            0
         ],
         "1": [
            0.2650180160999298,
            0.5614302158355713,
            -0.004954163916409016
         ],
         "2": [
            0.28491711616516113,
            0.5504440069198608,
            -0.01637718267738819
         ],
         "3": [
            0.29653218388557434,
            0.5384229421615601,
            -0.027621611952781677
         ],
         "4": [
            0.3040463328361511,
            0.5277057886123657,
            -0.03714630752801895
         ],
         "5": [
            0.28468719124794006,
            0.47371429204940796,
            -0.024407029151916504
         ],
         "6": [
            0.30535805225372314,
            0.4852672517299652,
            -0.04238489270210266
         ],
         "7": [
            0.3223158121109009,
            0.4915613830089569,
            -0.052782680839300156
         ],
         "8": [
            0.33834078907966614,
            0.4984368681907654,
            -0.05873561277985573
         ],
         "9": [
            0.2634367346763611,
            0.46790993213653564,
            -0.030849425122141838
         ],
         "10": [
            0.2845764458179474,
            0.5372204780578613,
            -0.048919886350631714
         ],
         "11": [
            0.2928466498851776,
            0.5706837773323059,
            -0.049184463918209076
         ],
         "12": [
            0.29968971014022827,
            0.5851633548736572,
            -0.04849657043814659
         ],
         "13": [
            0.2417471706867218,
            0.4845442771911621,
            -0.03735796734690666
         ],
         "14": [
            0.25910359621047974,
            0.5666625499725342,
            -0.05024275928735733
         ],
         "15": [
            0.2568041980266571,
            0.5830501914024353,
            -0.04304632544517517
         ],
         "16": [
            0.25335949659347534,
            0.578506588935852,
            -0.037834204733371735
         ],
         "17": [
            0.22187945246696472,
            0.511695146560669,
            -0.04521583765745163
         ],
         "18": [
            0.23641294240951538,
            0.5720105171203613,
            -0.052782680839300156
         ],
         "19": [
            0.23517149686813354,
            0.5798647403717041,
            -0.04839073494076729
         ],
         "20": [
            0.22998571395874023,
            0.5708240270614624,
            -0.044448573142290115
         ]
      }
   ]
}