{
   "r": [
      {
         "0": [
            0.26091617345809937,
            0.6420068144798279,
            0
         ],
         "1": [
            0.3040003776550293,
            0.5745245218276978,
            -0.005334756337106228
         ],
         "2": [
            0.3232412338256836,
            0.46991363167762756,
            -0.01027904637157917
         ],
         "3": [
            0.30840766429901123,
            0.38824063539505005,
            -0.019923584535717964
         ],
         "4": [
            0.27494513988494873,
            0.3419981598854065,
            -0.02825029380619526
         ],
         "5": [
            0.2974291443824768,
            0.3692738711833954,
            0.008761105127632618
         ],
         "6": [
            0.30537426471710205,
            0.26793527603149414,
            -0.006047359202057123
         ],
         "7": [
            0.30832773447036743,
            0.2010861486196518,
            -0.013490638695657253
         ],
         "8": [
            0.3076251149177551,
            0.14519840478897095,
            -0.018566710874438286
         ],
         "9": [
            0.26377782225608826,
            0.3713127374649048,
            -0.004256091080605984
         ],
         "10": [
            0.271969199180603,
            0.2439487874507904,
            -0.01954287849366665
         ],
         "11": [
            0.2864067852497101,
            0.16938523948192596,
            -0.02637605182826519
         ],
         "12": [
            0.29289379715919495,
            0.10892689228057861,
            -0.03010501340031624
         ],
         "13": [
            0.23515495657920837,
            0.3976125717163086,
            -0.021553782746195793
         ],
         "14": [
            0.2544640004634857,
            0.3232693672180176,
            -0.03973002731800079
         ],
         "15": [
            0.27593880891799927,
            0.39500612020492554,
            -0.03299446776509285
         ],
         "16": [
            0.28026697039604187,
            0.450835257768631,
            -0.023369455710053444
         ],
         "17": [
            0.21170967817306519,
            0.4377211332321167,
            -0.04220949485898018
         ],
         "18": [
            0.2458919882774353,
            0.4072219729423523,
            -0.05646153911948204
         ],
         "19": [
            0.26645833253860474,
            0.46378540992736816,
            -0.05279114842414856
         ],
         "20": [
            0.2694779336452484,
            0.5062033534049988,
            -0.045450370758771896
         ]
      }
   ]
}