{
   "s": [
      {
         "0": [
            0.27201324701309204,
            0.809353768825531,
            0
         ],
         "1": [
            0.3074478507041931,
            0.7715535759925842,
            -0.012626788578927517
         ],
         "2": [
            0.327646404504776,
            0.7006317973136902,
            -0.017381101846694946
         ],
         "3": [
            0.3104630708694458,
            0.6359546780586243,
            -0.02349887043237686
         ],
         "4": [
            0.27986833453178406,
            0.6224358081817627,
            -0.027079423889517784
         ],
         "5": [
            0.31547749042510986,
            0.6436656713485718,
            -0.00034438385046087205
         ],
         "6": [
            0.3222973942756653,
            0.5802389979362488,
            -0.014132519252598286
         ],
         "7": [
            0.3232165575027466,
            0.6312678456306458,
            -0.016503747552633286
         ],
         "8": [
            0.3189583420753479,
            0.6636434197425842,
            -0.015816090628504753
         ],
         "9": [
            0.2903881371021271,
            0.639686107635498,
            -0.003906598314642906
         ],
         "10": [
            0.29399409890174866,
            0.5704298615455627,
            -0.019171379506587982
         ],
         "11": [
            0.29836514592170715,
            0.629301905632019,
            -0.018353303894400597
         ],
         "12": [
            0.2953721284866333,
            0.6573060750961304,
            -0.013433006592094898
         ],
         "13": [
            0.26627999544143677,
            0.649695873260498,
            -0.011856140568852425
         ],
         "14": [
            0.2676534950733185,
            0.5844663381576538,
            -0.026700027287006378
         ],
         "15": [
            0.27799180150032043,
            0.6446378827095032,
            -0.020250288769602776
         ],
         "16": [
            0.27679890394210815,
            0.6800344586372375,
            -0.011903565376996994
         ],
         "17": [
            0.24105526506900787,
            0.6668854355812073,
            -0.022313257679343224
         ],
         "18": [
            0.25126686692237854,
            0.6207869648933411,
            -0.029142392799258232
         ],
         "19": [
            0.26084741950035095,
            0.6636043787002563,
            -0.024399936199188232
         ],
         "20": [
            0.25920823216438293,
            0.6967753171920776,
            -0.0179976224899292
         ]
      }
   ]
}