{
   "s": [
      {
         "0": [
            0.3206539452075958,
            0.812186598777771,
            0
         ],
         "1": [
            0.3468448519706726,
            0.7680311799049377,
            -0.004093539901077747
         ],
         "2": [
            0.3597899079322815,
            0.700847327709198,
            -0.010789521969854832
         ],
         "3": [
            0.36163175106048584,
            0.6509228348731995,
            -0.02036159113049507
         ],
         "4": [
            0.3449532687664032,
            0.6268210411071777,
            -0.026538202539086342
         ],
         "5": [
            0.30549490451812744,
            0.6255003809928894,
            0.0008677131845615804
         ],
         "6": [
            0.32802122831344604,
            0.5716675519943237,
            -0.012420236133038998
         ],
         "7": [
            0.34513381123542786,
            0.615634560585022,
            -0.016854437068104744
         ],
         "8": [
            0.34274420142173767,
            0.649713397026062,
            -0.01883140206336975
         ],
         "9": [
            0.2920134365558624,
            0.6356154680252075,
            -0.007645369973033667
         ],
         "10": [
            0.32072922587394714,
            0.5758092999458313,
            -0.023455481976270676
         ],
         "11": [
            0.3379516899585724,
            0.6294978260993958,
            -0.023008709773421288
         ],
         "12": [
            0.3303632438182831,
            0.6545273065567017,
            -0.019959498196840286
         ],
         "13": [
            0.28415533900260925,
            0.6541732549667358,
            -0.018876077607274055
         ],
         "14": [
            0.31815797090530396,
            0.6035048365592957,
            -0.034222666174173355
         ],
         "15": [
            0.3338838815689087,
            0.6556891202926636,
            -0.027990208938717842
         ],
         "16": [
            0.3240462839603424,
            0.6834183931350708,
            -0.021255135536193848
         ],
         "17": [
            0.2806228995323181,
            0.679042398929596,
            -0.03151969984173775
         ],
         "18": [
            0.31594935059547424,
            0.6415892839431763,
            -0.03953924402594566
         ],
         "19": [
            0.32786446809768677,
            0.681262195110321,
            -0.03493749722838402
         ],
         "20": [
            0.3176250159740448,
            0.7087942361831665,
            -0.02975495532155037
         ]
      }
   ]
}