{
   "sch": [
      {
         "0": [
            0.25985509157180786,
            0.6601081490516663,
            0
         ],
         "1": [
            0.2890872657299042,
            0.6192934513092041,
            -0.008470970205962658
         ],
         "2": [
            0.3080083727836609,
            0.556349515914917,
            -0.013172777369618416
         ],
         "3": [
            0.32178202271461487,
            0.5065456628799438,
            -0.019218875095248222
         ],
         "4": [
            0.3422445058822632,
            0.4749535322189331,
            -0.025316430255770683
         ],
         "5": [
            0.2821842432022095,
            0.47857943177223206,
            -0.001800965634174645
         ],
         "6": [
            0.28891271352767944,
            0.4042314887046814,
            -0.011230306699872017
         ],
         "7": [
            0.29237499833106995,
            0.3587762117385864,
            -0.0186142660677433
         ],
         "8": [
            0.29483020305633545,
            0.3179454803466797,
            -0.02391425147652626
         ],
         "9": [
            0.26359808444976807,
            0.47700217366218567,
            -0.007467574905604124
         ],
         "10": [
            0.26886558532714844,
            0.3978591859340668,
            -0.01461354922503233
         ],
         "11": [
            0.2729092538356781,
            0.348410040140152,
            -0.022074691951274872
         ],
         "12": [
            0.2756487727165222,
            0.30587533116340637,
            -0.02840379998087883
         ],
         "13": [
            0.24518632888793945,
            0.49010613560676575,
            -0.015719857066869736
         ],
         "14": [
            0.2475130707025528,
            0.4173611104488373,
            -0.02606254443526268
         ],
         "15": [
            0.2504402697086334,
            0.3737758696079254,
            -0.03514455631375313
         ],
         "16": [
            0.2535768449306488,
            0.3357059955596924,
            -0.04142220690846443
         ],
         "17": [
            0.22692736983299255,
            0.5151026844978333,
            -0.025432206690311432
         ],
         "18": [
            0.22193434834480286,
            0.46444255113601685,
            -0.03501591831445694
         ],
         "19": [
            0.21920044720172882,
            0.43110138177871704,
            -0.041473664343357086
         ],
         "20": [
            0.21733638644218445,
            0.3994339108467102,
            -0.04605326056480408
         ]
      }
   ]
}