{
   "sch": [
      {
         "0": [
            0.2306804209947586,
            0.5229462385177612,
            0
         ],
         "1": [
            0.25227370858192444,
            0.4944377839565277,
            -0.008547946810722351
         ],
         "2": [
            0.26631906628608704,
            0.45308998227119446,
            -0.013666268438100815
         ],
         "3": [
            0.2741938829421997,
            0.41830021142959595,
            -0.019167594611644745
         ],
         "4": [
            0.2850668132305145,
            0.3929325342178345,
            -0.024930058047175407
         ],
         "5": [
            0.24518533051013947,
            0.39944177865982056,
            -0.007729711011052132
         ],
         "6": [
            0.24893808364868164,
            0.34911733865737915,
            -0.016895685344934464
         ],
         "7": [
            0.25094690918922424,
            0.3180975914001465,
            -0.02322395145893097
         ],
         "8": [
            0.2517663538455963,
            0.2904910743236542,
            -0.027558855712413788
         ],
         "9": [
            0.22824949026107788,
            0.3997177183628082,
            -0.011463996954262257
         ],
         "10": [
            0.22622175514698029,
            0.3455216884613037,
            -0.019898783415555954
         ],
         "11": [
            0.22456032037734985,
            0.3099636435508728,
            -0.02618352696299553
         ],
         "12": [
            0.22306138277053833,
            0.2791866660118103,
            -0.031005889177322388
         ],
         "13": [
            0.21304653584957123,
            0.41094666719436646,
            -0.01699143834412098
         ],
         "14": [
            0.2062646746635437,
            0.36028456687927246,
            -0.026775440201163292
         ],
         "15": [
            0.20202189683914185,
            0.32823646068573,
            -0.033460598438978195
         ],
         "16": [
            0.19893549382686615,
            0.3001173734664917,
            -0.03781290724873543
         ],
         "17": [
            0.19966773688793182,
            0.43124058842658997,
            -0.023676592856645584
         ],
         "18": [
            0.19102901220321655,
            0.39452996850013733,
            -0.03259013220667839
         ],
         "19": [
            0.18610262870788574,
            0.3689036965370178,
            -0.03753436356782913
         ],
         "20": [
            0.18233293294906616,
            0.34462714195251465,
            -0.040772486478090286
         ]
      }
   ]
}