{
   "t": [
      {
         "0": [
            0.21280008554458618,
            0.684274435043335,
            0
         ],
         "1": [
            0.2362697422504425,
            0.6672369241714478,
            -0.023931900039315224
         ],
         "2": [
            0.2509972155094147,
            0.6107146739959717,
            -0.029193265363574028
         ],
         "3": [
            0.24117052555084229,
            0.559754490852356,
            -0.03154991567134857
         ],
         "4": [
            0.23133514821529388,
            0.5333888530731201,
            -0.031732603907585144
         ],
         "5": [
            0.25622889399528503,
            0.5575090646743774,
            -0.013007262721657753
         ],
         "6": [
            0.24329926073551178,
            0.5068176984786987,
            -0.026233745738863945
         ],
         "7": [
            0.23022840917110443,
            0.530935525894165,
            -0.029558636248111725
         ],
         "8": [
            0.22326241433620453,
            0.5618623495101929,
            -0.029065385460853577
         ],
         "9": [
            0.2333422601222992,
            0.5579931139945984,
            -0.006129124201834202
         ],
         "10": [
            0.22120897471904755,
            0.5087151527404785,
            -0.021538712084293365
         ],
         "11": [
            0.2147238552570343,
            0.5489382147789001,
            -0.023018470034003258
         ],
         "12": [
            0.2177717387676239,
            0.5792253017425537,
            -0.01960223726928234
         ],
         "13": [
            0.2143268883228302,
            0.566899299621582,
            -0.0034504870418459177
         ],
         "14": [
            0.19987553358078003,
            0.5357331037521362,
            -0.020460860803723335
         ],
         "15": [
            0.20170927047729492,
            0.5784201622009277,
            -0.02077142894268036
         ],
         "16": [
            0.21191760897636414,
            0.6036828756332397,
            -0.015637943521142006
         ],
         "17": [
            0.19741104543209076,
            0.583153486251831,
            -0.0032769348472356796
         ],
         "18": [
            0.18722350895404816,
            0.5620383024215698,
            -0.016030719503760338
         ],
         "19": [
            0.19096387922763824,
            0.5929203033447266,
            -0.01797632686793804
         ],
         "20": [
            0.20124030113220215,
            0.6124512553215027,
            -0.014742780476808548
         ]
      }
   ]
}