{
   "t-DGS": [
      {
         "0": [
            0.49323469400405884,
            0.7840122580528259,
            0
         ],
         "1": [
            0.5058267116546631,
            0.6994746923446655,
            0.001529636443592608
         ],
         "2": [
            0.5387571454048157,
            0.6438843011856079,
            -0.0034508733078837395
         ],
         "3": [
            0.5685715079307556,
            0.6008164286613464,
            -0.007777291350066662
         ],
         "4": [
            0.5872925519943237,
            0.5547671318054199,
            -0.010663849301636219
         ],
         "5": [
            0.5716599225997925,
            0.6621537804603577,
            -0.0206026379019022
         ],
         "6": [
            0.6312116980552673,
            0.6482011079788208,
            -0.02311982586979866
         ],
         "7": [
            0.665486216545105,
            0.6461102962493896,
            -0.02038375474512577
         ],
         "8": [
            0.6919886469841003,
            0.6449173092842102,
            -0.01876946911215782
         ],
         "9": [
            0.5835272073745728,
            0.711977481842041,
            -0.024351060390472412
         ],
         "10": [
            0.6134901642799377,
            0.7077664136886597,
            -0.021149855107069016
         ],
         "11": [
            0.5955002307891846,
            0.7105434536933899,
            -0.007804651744663715
         ],
         "12": [
            0.5773880481719971,
            0.7135927677154541,
            0.0007100967923179269
         ],
         "13": [
            0.5859588980674744,
            0.761491596698761,
            -0.026704085990786552
         ],
         "14": [
            0.6023755073547363,
            0.7500492334365845,
            -0.02295566163957119
         ],
         "15": [
            0.5865506529808044,
            0.7544797658920288,
            -0.011265785433351994
         ],
         "16": [
            0.5725417733192444,
            0.7581034302711487,
            -0.005232741590589285
         ],
         "17": [
            0.5845122933387756,
            0.8042362332344055,
            -0.02974112704396248
         ],
         "18": [
            0.592739462852478,
            0.7861361503601074,
            -0.027593307197093964
         ],
         "19": [
            0.5784247517585754,
            0.7893245220184326,
            -0.021149855107069016
         ],
         "20": [
            0.567009449005127,
            0.7969965934753418,
            -0.016607971861958504
         ]
      }
   ]
}