{
   "t-DGS": [
      {
         "0": [
            0.29269546270370483,
            0.6789214015007019,
            0
         ],
         "1": [
            0.3225151598453522,
            0.5796334743499756,
            -0.005194629076868296
         ],
         "2": [
            0.37851303815841675,
            0.48230159282684326,
            -0.023491745814681053
         ],
         "3": [
            0.414701908826828,
            0.40431100130081177,
            -0.03929028660058975
         ],
         "4": [
            0.41675713658332825,
            0.3252263367176056,
            -0.05302814394235611
         ],
         "5": [
            0.3490857481956482,
            0.47505882382392883,
            -0.06813979893922806
         ],
         "6": [
            0.43995794653892517,
            0.46785569190979004,
            -0.0884031429886818
         ],
         "7": [
            0.48641809821128845,
            0.4688061773777008,
            -0.08696066588163376
         ],
         "8": [
            0.5219277143478394,
            0.4715433120727539,
            -0.08380096405744553
         ],
         "9": [
            0.34689226746559143,
            0.5581279993057251,
            -0.07913008332252502
         ],
         "10": [
            0.4604170322418213,
            0.5555633902549744,
            -0.10090460628271103
         ],
         "11": [
            0.4468671381473541,
            0.573704719543457,
            -0.08228979259729385
         ],
         "12": [
            0.4179811179637909,
            0.5809638500213623,
            -0.06638821959495544
         ],
         "13": [
            0.3528955578804016,
            0.6441164016723633,
            -0.08744149655103683
         ],
         "14": [
            0.4565364122390747,
            0.6333590745925903,
            -0.10056114941835403
         ],
         "15": [
            0.43738335371017456,
            0.6445279121398926,
            -0.06951358169317245
         ],
         "16": [
            0.40671804547309875,
            0.649169921875,
            -0.04873506724834442
         ],
         "17": [
            0.3612751066684723,
            0.7234476208686829,
            -0.09643979370594025
         ],
         "18": [
            0.4439397156238556,
            0.702903151512146,
            -0.10324003547430038
         ],
         "19": [
            0.42885759472846985,
            0.7040697336196899,
            -0.08400702476501465
         ],
         "20": [
            0.4018467962741852,
            0.7069804072380066,
            -0.0694105476140976
         ]
      }
   ]
}