{
   "v": [
      {
         "0": [
            0.3109428286552429,
            0.8165402412414551,
            0
         ],
         "1": [
            0.33955925703048706,
            0.7664358019828796,
            -0.0038893858436495066
         ],
         "2": [
            0.3531431555747986,
            0.7030360698699951,
            -0.009427113458514214
         ],
         "3": [
            0.3419325053691864,
            0.6573312282562256,
            -0.019373279064893723
         ],
         "4": [
            0.31837642192840576,
            0.6353404521942139,
            -0.028407594189047813
         ],
         "5": [
            0.33229970932006836,
            0.617014467716217,
            0.005123888608068228
         ],
         "6": [
            0.3482479751110077,
            0.5473083853721619,
            -0.007042278535664082
         ],
         "7": [
            0.35840773582458496,
            0.5015180110931396,
            -0.014673751778900623
         ],
         "8": [
            0.36469605565071106,
            0.46407797932624817,
            -0.020032616332173347
         ],
         "9": [
            0.3076466917991638,
            0.6212758421897888,
            -0.006379434373229742
         ],
         "10": [
            0.2911562919616699,
            0.5303266644477844,
            -0.019541621208190918
         ],
         "11": [
            0.2829057276248932,
            0.47486019134521484,
            -0.02731337584555149
         ],
         "12": [
            0.2758815586566925,
            0.4350242614746094,
            -0.032153189182281494
         ],
         "13": [
            0.28902193903923035,
            0.6456589698791504,
            -0.020832236856222153
         ],
         "14": [
            0.29132533073425293,
            0.5857972502708435,
            -0.03552001714706421
         ],
         "15": [
            0.3140218257904053,
            0.6212432980537415,
            -0.03299489617347717
         ],
         "16": [
            0.3269486725330353,
            0.6585829257965088,
            -0.028056884184479713
         ],
         "17": [
            0.27741140127182007,
            0.6805418729782104,
            -0.037848737090826035
         ],
         "18": [
            0.2921592891216278,
            0.6450846791267395,
            -0.04808950424194336
         ],
         "19": [
            0.31154799461364746,
            0.6726369261741638,
            -0.04522769898176193
         ],
         "20": [
            0.3229898512363434,
            0.7049055099487305,
            -0.04065442830324173
         ]
      }
   ]
}