{
   "w": [
      {
         "0": [
            0.2909384071826935,
            0.5516789555549622,
            0
         ],
         "1": [
            0.30438387393951416,
            0.5207839012145996,
            -0.004195049405097961
         ],
         "2": [
            0.3064913749694824,
            0.48341500759124756,
            -0.007297022268176079
         ],
         "3": [
            0.2866220772266388,
            0.4626120328903198,
            -0.011698869988322258
         ],
         "4": [
            0.2689635157585144,
            0.45618656277656555,
            -0.017117826268076897
         ],
         "5": [
            0.3052704930305481,
            0.4340026378631592,
            -0.0001496912882430479
         ],
         "6": [
            0.3084844648838043,
            0.38525834679603577,
            -0.0051361918449401855
         ],
         "7": [
            0.30957478284835815,
            0.35666579008102417,
            -0.0095718028023839
         ],
         "8": [
            0.31023886799812317,
            0.328900545835495,
            -0.013690885156393051
         ],
         "9": [
            0.29002678394317627,
            0.43281227350234985,
            -0.00633477745577693
         ],
         "10": [
            0.29007452726364136,
            0.3795233964920044,
            -0.008542031981050968
         ],
         "11": [
            0.2895737290382385,
            0.3475525677204132,
            -0.01324352528899908
         ],
         "12": [
            0.28903713822364807,
            0.3181074857711792,
            -0.01904231496155262
         ],
         "13": [
            0.2768753468990326,
            0.44455933570861816,
            -0.014239532873034477
         ],
         "14": [
            0.26720094680786133,
            0.39909160137176514,
            -0.021658947691321373
         ],
         "15": [
            0.25953784584999084,
            0.37031447887420654,
            -0.030572369694709778
         ],
         "16": [
            0.25403332710266113,
            0.3411993980407715,
            -0.03751065954566002
         ],
         "17": [
            0.2660640776157379,
            0.4661601483821869,
            -0.022739361971616745
         ],
         "18": [
            0.2671690583229065,
            0.447089821100235,
            -0.030555490404367447
         ],
         "19": [
            0.27390894293785095,
            0.4677121341228485,
            -0.03425253555178642
         ],
         "20": [
            0.2811896502971649,
            0.4884182810783386,
            -0.03724055737257004
         ]
      }
   ]
}