{
   "w": [
      {
         "0": [
            0.34563228487968445,
            0.8203586339950562,
            0
         ],
         "1": [
            0.3794134855270386,
            0.7815053462982178,
            -0.003987365867942572
         ],
         "2": [
            0.39841923117637634,
            0.7258556485176086,
            -0.010341080836951733
         ],
         "3": [
            0.3842986822128296,
            0.6851584911346436,
            -0.020361298695206642
         ],
         "4": [
            0.3637550473213196,
            0.6744102239608765,
            -0.03144437074661255
         ],
         "5": [
            0.3781505227088928,
            0.6295601725578308,
            0.0017246275674551725
         ],
         "6": [
            0.3971516191959381,
            0.5607661008834839,
            -0.007326324470341206
         ],
         "7": [
            0.40713295340538025,
            0.5148228406906128,
            -0.015267631970345974
         ],
         "8": [
            0.4136185944080353,
            0.47403180599212646,
            -0.021618004888296127
         ],
         "9": [
            0.3533102571964264,
            0.6302679181098938,
            -0.010013534687459469
         ],
         "10": [
            0.35560712218284607,
            0.5474568009376526,
            -0.013048345223069191
         ],
         "11": [
            0.35294193029403687,
            0.4926648736000061,
            -0.018837211653590202
         ],
         "12": [
            0.35027703642845154,
            0.4492208957672119,
            -0.026537874713540077
         ],
         "13": [
            0.33179914951324463,
            0.6484189033508301,
            -0.02438543178141117
         ],
         "14": [
            0.3355797529220581,
            0.5745325684547424,
            -0.03385083004832268
         ],
         "15": [
            0.339047372341156,
            0.522685706615448,
            -0.0455622524023056
         ],
         "16": [
            0.341966450214386,
            0.47725534439086914,
            -0.055401988327503204
         ],
         "17": [
            0.31585532426834106,
            0.6838763356208801,
            -0.03986697271466255
         ],
         "18": [
            0.337309867143631,
            0.6461545825004578,
            -0.04855695366859436
         ],
         "19": [
            0.35021108388900757,
            0.6739912033081055,
            -0.05155165493488312
         ],
         "20": [
            0.35761475563049316,
            0.7132640480995178,
            -0.05497417226433754
         ]
      }
   ]
}