{
   "y": [
      {
         "0": [
            0.3059690296649933,
            0.7731473445892334,
            0
         ],
         "1": [
            0.3483026325702667,
            0.7345255613327026,
            -0.061069175601005554
         ],
         "2": [
            0.3710935711860657,
            0.6046509742736816,
            -0.0856313481926918
         ],
         "3": [
            0.3739599287509918,
            0.49492955207824707,
            -0.10093867033720016
         ],
         "4": [
            0.40957146883010864,
            0.4342004656791687,
            -0.10945697128772736
         ],
         "5": [
            0.3278868794441223,
            0.48161041736602783,
            -0.048003509640693665
         ],
         "6": [
            0.2846282422542572,
            0.45153599977493286,
            -0.08217278867959976
         ],
         "7": [
            0.2877676784992218,
            0.5350162982940674,
            -0.09299679100513458
         ],
         "8": [
            0.3070954978466034,
            0.610515296459198,
            -0.09555868804454803
         ],
         "9": [
            0.28675758838653564,
            0.49628204107284546,
            -0.029029475525021553
         ],
         "10": [
            0.2515861392021179,
            0.4871106445789337,
            -0.07628042250871658
         ],
         "11": [
            0.27254045009613037,
            0.6059912443161011,
            -0.08819324523210526
         ],
         "12": [
            0.29556387662887573,
            0.6390154361724854,
            -0.08467063307762146
         ],
         "13": [
            0.2501717805862427,
            0.5219434499740601,
            -0.017821183428168297
         ],
         "14": [
            0.2201720029115677,
            0.5317134857177734,
            -0.061741672456264496
         ],
         "15": [
            0.24974840879440308,
            0.621784508228302,
            -0.0648159459233284
         ],
         "16": [
            0.281751424074173,
            0.665788471698761,
            -0.054055988788604736
         ],
         "17": [
            0.2177521288394928,
            0.5606945157051086,
            -0.011856770142912865
         ],
         "18": [
            0.18777096271514893,
            0.4855884313583374,
            -0.04195103049278259
         ],
         "19": [
            0.1583121120929718,
            0.4457364082336426,
            -0.05418408289551735
         ],
         "20": [
            0.13189949095249176,
            0.3945918381214142,
            -0.053863849490880966
         ]
      }
   ]
}