{
   "a": [
      {
         "0": [
            0.49584877490997314,
            0.6285868883132935,
            0
         ],
         "1": [
            0.42789527773857117,
            0.5959510207176208,
            -0.026294143870472908
         ],
         "2": [
            0.3726752698421478,
            0.47225502133369446,
            -0.03374539688229561
         ],
         "3": [
            0.3523285388946533,
            0.3543829917907715,
            -0.04175689443945885
         ],
         "4": [
            0.33483707904815674,
            0.26303812861442566,
            -0.04635090008378029
         ],
         "5": [
            0.3965383470058441,
            0.37148627638816833,
            -0.01071934588253498
         ],
         "6": [
            0.38532084226608276,
            0.2932341694831848,
            -0.038619522005319595
         ],
         "7": [
            0.4073142409324646,
            0.38682520389556885,
            -0.044632814824581146
         ],
         "8": [
            0.4172462522983551,
            0.4688197672367096,
            -0.04298943281173706
         ],
         "9": [
            0.4416782259941101,
            0.36069703102111816,
            -0.009664218872785568
         ],
         "10": [
            0.4332280158996582,
            0.29830747842788696,
            -0.046126801520586014
         ],
         "11": [
            0.44966965913772583,
            0.41502487659454346,
            -0.049338869750499725
         ],
         "12": [
            0.45547986030578613,
            0.5081878900527954,
            -0.04104725271463394
         ],
         "13": [
            0.48678091168403625,
            0.36505186557769775,
            -0.015079915523529053
         ],
         "14": [
            0.4792158901691437,
            0.323093980550766,
            -0.05434372276067734
         ],
         "15": [
            0.488006591796875,
            0.4383046329021454,
            -0.04765813797712326
         ],
         "16": [
            0.4881795346736908,
            0.5196670293807983,
            -0.031074898317456245
         ],
         "17": [
            0.5321041941642761,
            0.38010066747665405,
            -0.023997141048312187
         ],
         "18": [
            0.5276554226875305,
            0.3397936224937439,
            -0.052252139896154404
         ],
         "19": [
            0.5259469747543335,
            0.4295612573623657,
            -0.049376219511032104
         ],
         "20": [
            0.519355058670044,
            0.49599573016166687,
            -0.03684541955590248
         ]
      }
   ]
}