{
   "a": [
      {
         "0": [
            0.36049455404281616,
            0.8678176999092102,
            0
         ],
         "1": [
            0.28632038831710815,
            0.8239636421203613,
            -0.0024448768235743046
         ],
         "2": [
            0.2391849160194397,
            0.7230224609375,
            -0.004658602178096771
         ],
         "3": [
            0.22148364782333374,
            0.6237579584121704,
            -0.012428865768015385
         ],
         "4": [
            0.2093377411365509,
            0.5395761728286743,
            -0.017025236040353775
         ],
         "5": [
            0.26971718668937683,
            0.6156566143035889,
            0.008850454352796078
         ],
         "6": [
            0.2462761104106903,
            0.5526288151741028,
            -0.012499989941716194
         ],
         "7": [
            0.25817209482192993,
            0.6354638934135437,
            -0.01614507846534252
         ],
         "8": [
            0.2705117464065552,
            0.7103563547134399,
            -0.013513501733541489
         ],
         "9": [
            0.3100029230117798,
            0.6041219234466553,
            -0.002582679269835353
         ],
         "10": [
            0.2849847674369812,
            0.5610126256942749,
            -0.028662851080298424
         ],
         "11": [
            0.2972814738750458,
            0.6647365093231201,
            -0.028929563239216805
         ],
         "12": [
            0.31062355637550354,
            0.7430934906005859,
            -0.0211237370967865
         ],
         "13": [
            0.3528590202331543,
            0.6064386367797852,
            -0.018527721986174583
         ],
         "14": [
            0.3256549835205078,
            0.5812586545944214,
            -0.04356326535344124
         ],
         "15": [
            0.333312064409256,
            0.6832307577133179,
            -0.03284136950969696
         ],
         "16": [
            0.34339118003845215,
            0.7536916732788086,
            -0.01802096702158451
         ],
         "17": [
            0.3986462950706482,
            0.6219676733016968,
            -0.03659314289689064
         ],
         "18": [
            0.36803361773490906,
            0.5900442004203796,
            -0.052026983350515366
         ],
         "19": [
            0.362304151058197,
            0.6676704287528992,
            -0.04352770373225212
         ],
         "20": [
            0.36498430371284485,
            0.7286140322685242,
            -0.030547626316547394
         ]
      }
   ]
}