{
   "b": [
      {
         "0": [
            0.6805011630058289,
            0.8446927070617676,
            0
         ],
         "1": [
            0.6174335479736328,
            0.7893545627593994,
            -0.015018707141280174
         ],
         "2": [
            0.5766252279281616,
            0.6818357110023499,
            -0.019419381394982338
         ],
         "3": [
            0.568152129650116,
            0.5761101841926575,
            -0.02568187564611435
         ],
         "4": [
            0.5726286768913269,
            0.4936283528804779,
            -0.03193308785557747
         ],
         "5": [
            0.6116263270378113,
            0.5361270308494568,
            0.010657528415322304
         ],
         "6": [
            0.6045449376106262,
            0.41531240940093994,
            -0.0003341055999044329
         ],
         "7": [
            0.6054585576057434,
            0.3439192771911621,
            -0.009393745101988316
         ],
         "8": [
            0.6069036722183228,
            0.28058725595474243,
            -0.01554904505610466
         ],
         "9": [
            0.6492673754692078,
            0.5223453640937805,
            0.0035938830114901066
         ],
         "10": [
            0.6451281309127808,
            0.3872454762458801,
            -0.004253983963280916
         ],
         "11": [
            0.6427188515663147,
            0.303469181060791,
            -0.015086410567164421
         ],
         "12": [
            0.6396865844726562,
            0.23512065410614014,
            -0.024057013913989067
         ],
         "13": [
            0.6841496825218201,
            0.5332449078559875,
            -0.00890854187309742
         ],
         "14": [
            0.6804512739181519,
            0.4053207337856293,
            -0.021123230457305908
         ],
         "15": [
            0.673276960849762,
            0.329494446516037,
            -0.03231673687696457
         ],
         "16": [
            0.6652397513389587,
            0.2653183937072754,
            -0.039967138320207596
         ],
         "17": [
            0.7220849394798279,
            0.5624963045120239,
            -0.024576066061854362
         ],
         "18": [
            0.7191162109375,
            0.4617807865142822,
            -0.03671741113066673
         ],
         "19": [
            0.7110933065414429,
            0.40348124504089355,
            -0.04434524476528168
         ],
         "20": [
            0.7017408013343811,
            0.3494032323360443,
            -0.0489264577627182
         ]
      }
   ]
}