{
   "b": [
      {
         "0": [
            0.7549828886985779,
            0.9060240983963013,
            0
         ],
         "1": [
            0.7029977440834045,
            0.8430298566818237,
            -0.014462313614785671
         ],
         "2": [
            0.6714149713516235,
            0.7390215992927551,
            -0.02244517393410206
         ],
         "3": [
            0.6695919632911682,
            0.639754056930542,
            -0.0323549285531044
         ],
         "4": [
            0.6807356476783752,
            0.5631433129310608,
            -0.042815227061510086
         ],
         "5": [
            0.7083130478858948,
            0.608681321144104,
            -0.0032264934852719307
         ],
         "6": [
            0.7071235775947571,
            0.4921153485774994,
            -0.019163096323609352
         ],
         "7": [
            0.7092889547348022,
            0.4237067699432373,
            -0.030639778822660446
         ],
         "8": [
            0.7121889591217041,
            0.3618433177471161,
            -0.038495589047670364
         ],
         "9": [
            0.7428696155548096,
            0.6032165884971619,
            -0.012662465684115887
         ],
         "10": [
            0.7460272312164307,
            0.47288286685943604,
            -0.026828335598111153
         ],
         "11": [
            0.746624231338501,
            0.3921264410018921,
            -0.03930022567510605
         ],
         "12": [
            0.7465157508850098,
            0.3245013654232025,
            -0.04929468408226967
         ],
         "13": [
            0.7750435471534729,
            0.6208980679512024,
            -0.02642601542174816
         ],
         "14": [
            0.7788578867912292,
            0.4955472946166992,
            -0.04302697256207466
         ],
         "15": [
            0.7750511765480042,
            0.41924184560775757,
            -0.05467305704951286
         ],
         "16": [
            0.77071613073349,
            0.35416239500045776,
            -0.063015878200531
         ],
         "17": [
            0.8089866042137146,
            0.6576781272888184,
            -0.042921099811792374
         ],
         "18": [
            0.8117619752883911,
            0.5605901479721069,
            -0.057341068983078
         ],
         "19": [
            0.8071207404136658,
            0.5002825260162354,
            -0.06530275195837021
         ],
         "20": [
            0.8019093871116638,
            0.4449097216129303,
            -0.07085052132606506
         ]
      }
   ]
}