{
   "c": [
      {
         "0": [
            0.6737075448036194,
            0.7580345273017883,
            0
         ],
         "1": [
            0.6187719702720642,
            0.7373514175415039,
            0.013997499831020832
         ],
         "2": [
            0.5720343589782715,
            0.6767320036888123,
            0.014517275616526604
         ],
         "3": [
            0.5314815044403076,
            0.6424198746681213,
            0.00539838382974267
         ],
         "4": [
            0.5018274784088135,
            0.6050302982330322,
            -0.002639919286593795
         ],
         "5": [
            0.6092670559883118,
            0.5181717872619629,
            0.04796537011861801
         ],
         "6": [
            0.5987088680267334,
            0.4296185076236725,
            0.037022702395915985
         ],
         "7": [
            0.5696365237236023,
            0.4033195972442627,
            0.022724278271198273
         ],
         "8": [
            0.5428003072738647,
            0.41152703762054443,
            0.013650981709361076
         ],
         "9": [
            0.6239982843399048,
            0.5063071250915527,
            0.02558761090040207
         ],
         "10": [
            0.6092297434806824,
            0.40144503116607666,
            0.009848403744399548
         ],
         "11": [
            0.5718162655830383,
            0.38741642236709595,
            -0.007883282378315926
         ],
         "12": [
            0.5406986474990845,
            0.4077760577201843,
            -0.01712527871131897
         ],
         "13": [
            0.6391115784645081,
            0.5038958787918091,
            -0.0006918959552422166
         ],
         "14": [
            0.6227747797966003,
            0.40111684799194336,
            -0.011216237209737301
         ],
         "15": [
            0.5841186046600342,
            0.38643425703048706,
            -0.015711849555373192
         ],
         "16": [
            0.5522327423095703,
            0.4035300016403198,
            -0.017262062057852745
         ],
         "17": [
            0.653452455997467,
            0.5138633251190186,
            -0.028870411217212677
         ],
         "18": [
            0.6325123906135559,
            0.4203540086746216,
            -0.03412289172410965
         ],
         "19": [
            0.6019260287284851,
            0.4020518362522125,
            -0.03408641740679741
         ],
         "20": [
            0.5738785862922668,
            0.4110174775123596,
            -0.03359399735927582
         ]
      }
   ]
}