{
   "c": [
      {
         "0": [
            0.3236560523509979,
            0.4839007258415222,
            0
         ],
         "1": [
            0.329816997051239,
            0.44917821884155273,
            0.04978299140930176
         ],
         "2": [
            0.31766393780708313,
            0.4325828552246094,
            0.06925835460424423
         ],
         "3": [
            0.2874995470046997,
            0.4223288297653198,
            0.07892495393753052
         ],
         "4": [
            0.25589698553085327,
            0.4201659858226776,
            0.08825037628412247
         ],
         "5": [
            0.3298991322517395,
            0.3126569986343384,
            0.05794274061918259
         ],
         "6": [
            0.3013802766799927,
            0.25794702768325806,
            0.0746602714061737
         ],
         "7": [
            0.2750982940196991,
            0.24989023804664612,
            0.08682881295681
         ],
         "8": [
            0.26156988739967346,
            0.2592925429344177,
            0.09427779167890549
         ],
         "9": [
            0.3142390847206116,
            0.292490154504776,
            0.032980166375637054
         ],
         "10": [
            0.28578299283981323,
            0.20665544271469116,
            0.05248395353555679
         ],
         "11": [
            0.2578277885913849,
            0.21194693446159363,
            0.06613091379404068
         ],
         "12": [
            0.24563664197921753,
            0.23608241975307465,
            0.07443282753229141
         ],
         "13": [
            0.2908807098865509,
            0.2920246720314026,
            0.01025654748082161
         ],
         "14": [
            0.2617471516132355,
            0.20403769612312317,
            0.029767442494630814
         ],
         "15": [
            0.23425781726837158,
            0.20793785154819489,
            0.04526243358850479
         ],
         "16": [
            0.22078865766525269,
            0.22905734181404114,
            0.05202905461192131
         ],
         "17": [
            0.260008841753006,
            0.30975955724716187,
            -0.009702139534056187
         ],
         "18": [
            0.23571407794952393,
            0.23079323768615723,
            0.005369938910007477
         ],
         "19": [
            0.21804389357566833,
            0.22599320113658905,
            0.01815330795943737
         ],
         "20": [
            0.2066739946603775,
            0.24166563153266907,
            0.025389041751623154
         ]
      }
   ]
}