{
   "e": [
      {
         "0": [
            0.6162988543510437,
            0.5322389602661133,
            0
         ],
         "1": [
            0.5562063455581665,
            0.49183791875839233,
            -0.017518987879157066
         ],
         "2": [
            0.5204465389251709,
            0.3764684498310089,
            -0.023128941655158997
         ],
         "3": [
            0.5478655695915222,
            0.27048054337501526,
            -0.03301365673542023
         ],
         "4": [
            0.6011894941329956,
            0.2566819190979004,
            -0.038935866206884384
         ],
         "5": [
            0.5304957628250122,
            0.2532559931278229,
            0.01606535166501999
         ],
         "6": [
            0.5198519825935364,
            0.133013516664505,
            -0.003806368913501501
         ],
         "7": [
            0.5090503692626953,
            0.17797374725341797,
            -0.010659987106919289
         ],
         "8": [
            0.5174669623374939,
            0.23823921382427216,
            -0.010999168269336224
         ],
         "9": [
            0.5679775476455688,
            0.2293749451637268,
            0.009357099421322346
         ],
         "10": [
            0.5609064102172852,
            0.10077451169490814,
            -0.011661378666758537
         ],
         "11": [
            0.5498518347740173,
            0.1654493510723114,
            -0.01730363257229328
         ],
         "12": [
            0.5573123693466187,
            0.22414571046829224,
            -0.013211922720074654
         ],
         "13": [
            0.6038315892219543,
            0.23020444810390472,
            -0.004845448303967714
         ],
         "14": [
            0.6024344563484192,
            0.10875906050205231,
            -0.02142764814198017
         ],
         "15": [
            0.5887158513069153,
            0.16633719205856323,
            -0.018261956050992012
         ],
         "16": [
            0.5932556390762329,
            0.23205575346946716,
            -0.009427088312804699
         ],
         "17": [
            0.6428267359733582,
            0.24680301547050476,
            -0.023796534165740013
         ],
         "18": [
            0.6360269784927368,
            0.1450398862361908,
            -0.027694428339600563
         ],
         "19": [
            0.6200284957885742,
            0.17294397950172424,
            -0.023128941655158997
         ],
         "20": [
            0.6183352470397949,
            0.22694605588912964,
            -0.015386989340186119
         ]
      }
   ]
}