{
   "f": [
      {
         "0": [
            0.8401604890823364,
            0.7149609923362732,
            0
         ],
         "1": [
            0.7888327240943909,
            0.6659810543060303,
            -0.031342148780822754
         ],
         "2": [
            0.7447434663772583,
            0.5862019062042236,
            -0.04605461657047272
         ],
         "3": [
            0.7392825484275818,
            0.5001769661903381,
            -0.06080876663327217
         ],
         "4": [
            0.7709482312202454,
            0.44121623039245605,
            -0.07306221127510071
         ],
         "5": [
            0.7645265460014343,
            0.45201900601387024,
            -0.0021360174287110567
         ],
         "6": [
            0.7496958374977112,
            0.36123061180114746,
            -0.02068289928138256
         ],
         "7": [
            0.7607239484786987,
            0.3897567093372345,
            -0.0305919349193573
         ],
         "8": [
            0.7702663540840149,
            0.42607879638671875,
            -0.03505152463912964
         ],
         "9": [
            0.7992346882820129,
            0.4225607216358185,
            -0.0035244286991655827
         ],
         "10": [
            0.7854936718940735,
            0.30036869645118713,
            -0.010919737629592419
         ],
         "11": [
            0.782263457775116,
            0.22496706247329712,
            -0.022943953052163124
         ],
         "12": [
            0.77708899974823,
            0.15610083937644958,
            -0.03494732454419136
         ],
         "13": [
            0.8334740400314331,
            0.4259372055530548,
            -0.013087013736367226
         ],
         "14": [
            0.8257585167884827,
            0.3129903972148895,
            -0.021818634122610092
         ],
         "15": [
            0.8173718452453613,
            0.24192330241203308,
            -0.03152969852089882
         ],
         "16": [
            0.8091462254524231,
            0.18525221943855286,
            -0.0404280349612236
         ],
         "17": [
            0.8727900981903076,
            0.44341009855270386,
            -0.027674447745084763
         ],
         "18": [
            0.877039909362793,
            0.358803391456604,
            -0.0368228554725647
         ],
         "19": [
            0.8772794008255005,
            0.30351054668426514,
            -0.042386919260025024
         ],
         "20": [
            0.8738539814949036,
            0.25333744287490845,
            -0.04655475541949272
         ]
      }
   ]
}