{
   "f": [
      {
         "0": [
            0.7515209317207336,
            0.944413423538208,
            0
         ],
         "1": [
            0.7034778594970703,
            0.8960734605789185,
            -0.020716384053230286
         ],
         "2": [
            0.6583481431007385,
            0.8194551467895508,
            -0.03303423151373863
         ],
         "3": [
            0.6444339752197266,
            0.7475948929786682,
            -0.046711843460798264
         ],
         "4": [
            0.66673743724823,
            0.7075777649879456,
            -0.05866975337266922
         ],
         "5": [
            0.6977038383483887,
            0.6866487860679626,
            -0.004816658794879913
         ],
         "6": [
            0.676507294178009,
            0.6089348793029785,
            -0.026335401460528374
         ],
         "7": [
            0.6726463437080383,
            0.634909987449646,
            -0.03619368374347687
         ],
         "8": [
            0.6749102473258972,
            0.6736806035041809,
            -0.03993302583694458
         ],
         "9": [
            0.7320607304573059,
            0.6610053181648254,
            -0.01215787697583437
         ],
         "10": [
            0.7227228283882141,
            0.5400119423866272,
            -0.025115616619586945
         ],
         "11": [
            0.7170623540878296,
            0.4663032293319702,
            -0.03813334181904793
         ],
         "12": [
            0.7113484144210815,
            0.4022046625614166,
            -0.049951281398534775
         ],
         "13": [
            0.7665661573410034,
            0.6665899753570557,
            -0.02601545862853527
         ],
         "14": [
            0.7635039687156677,
            0.5500805377960205,
            -0.04061290994286537
         ],
         "15": [
            0.7595688700675964,
            0.4769958257675171,
            -0.05203091725707054
         ],
         "16": [
            0.7526846528053284,
            0.4196697175502777,
            -0.061109334230422974
         ],
         "17": [
            0.8025121688842773,
            0.6913715600967407,
            -0.04327244311571121
         ],
         "18": [
            0.8153706192970276,
            0.6046371459960938,
            -0.05607021227478981
         ],
         "19": [
            0.8234801292419434,
            0.5440891981124878,
            -0.063308946788311
         ],
         "20": [
            0.8251634836196899,
            0.49081677198410034,
            -0.06846804171800613
         ]
      }
   ]
}