{
   "g": [
      {
         "0": [
            0.900158166885376,
            0.5603411197662354,
            0
         ],
         "1": [
            0.8589926362037659,
            0.4482465386390686,
            0.01243924256414175
         ],
         "2": [
            0.7944279313087463,
            0.36327993869781494,
            -0.007777185179293156
         ],
         "3": [
            0.7337852716445923,
            0.3450891375541687,
            -0.03336268663406372
         ],
         "4": [
            0.6918347477912903,
            0.36568835377693176,
            -0.056051019579172134
         ],
         "5": [
            0.8347622752189636,
            0.25206059217453003,
            -0.031215058639645576
         ],
         "6": [
            0.7809122800827026,
            0.17795664072036743,
            -0.06502427905797958
         ],
         "7": [
            0.7387088537216187,
            0.1409851610660553,
            -0.0838213637471199
         ],
         "8": [
            0.7034005522727966,
            0.11683712899684906,
            -0.09670714288949966
         ],
         "9": [
            0.8417507410049438,
            0.3062598407268524,
            -0.059921007603406906
         ],
         "10": [
            0.7273010015487671,
            0.32840317487716675,
            -0.09075332432985306
         ],
         "11": [
            0.7390339970588684,
            0.3863908648490906,
            -0.0830983966588974
         ],
         "12": [
            0.7677285671234131,
            0.3957926630973816,
            -0.07765490561723709
         ],
         "13": [
            0.8401851058006287,
            0.38164955377578735,
            -0.0890522226691246
         ],
         "14": [
            0.7310384511947632,
            0.4055810272693634,
            -0.10912512242794037
         ],
         "15": [
            0.7508560419082642,
            0.43667998909950256,
            -0.08599025756120682
         ],
         "16": [
            0.7836917042732239,
            0.4324313998222351,
            -0.07216887176036835
         ],
         "17": [
            0.8315005898475647,
            0.4600420892238617,
            -0.11882135272026062
         ],
         "18": [
            0.7452839612960815,
            0.4666728973388672,
            -0.12800726294517517
         ],
         "19": [
            0.7620749473571777,
            0.4850558936595917,
            -0.11142159253358841
         ],
         "20": [
            0.7904570698738098,
            0.4825885593891144,
            -0.10087482631206512
         ]
      }
   ]
}