{
   "h": [
      {
         "0": [
            0.8550585508346558,
            0.7134676575660706,
            0
         ],
         "1": [
            0.8305196166038513,
            0.6235137581825256,
            0.002836176659911871
         ],
         "2": [
            0.786852240562439,
            0.5485479831695557,
            -0.014120454899966717
         ],
         "3": [
            0.7414398193359375,
            0.5408005118370056,
            -0.03151566907763481
         ],
         "4": [
            0.7216233015060425,
            0.5488553047180176,
            -0.04690704867243767
         ],
         "5": [
            0.8209242224693298,
            0.48647603392601013,
            -0.04057583957910538
         ],
         "6": [
            0.7589142918586731,
            0.43545001745224,
            -0.06337440758943558
         ],
         "7": [
            0.7226079702377319,
            0.41104209423065186,
            -0.0746021643280983
         ],
         "8": [
            0.6923297643661499,
            0.3864731192588806,
            -0.08327247947454453
         ],
         "9": [
            0.8227245211601257,
            0.5322504639625549,
            -0.05791647359728813
         ],
         "10": [
            0.746309220790863,
            0.4753226041793823,
            -0.0852685272693634
         ],
         "11": [
            0.7054745554924011,
            0.43826064467430115,
            -0.09231705218553543
         ],
         "12": [
            0.6721041798591614,
            0.40284234285354614,
            -0.09911607950925827
         ],
         "13": [
            0.8177140951156616,
            0.5913836359977722,
            -0.07210709899663925
         ],
         "14": [
            0.7317136526107788,
            0.5791664719581604,
            -0.08676555752754211
         ],
         "15": [
            0.7448260188102722,
            0.6071197986602783,
            -0.07011105865240097
         ],
         "16": [
            0.766736626625061,
            0.6179516911506653,
            -0.06013083830475807
         ],
         "17": [
            0.8053049445152283,
            0.6517646312713623,
            -0.08713981509208679
         ],
         "18": [
            0.7416037321090698,
            0.6363039612770081,
            -0.09337746351957321
         ],
         "19": [
            0.7530548572540283,
            0.6484950184822083,
            -0.08059029281139374
         ],
         "20": [
            0.7757018804550171,
            0.6525968313217163,
            -0.07223185896873474
         ]
      }
   ]
}