{
   "i": [
      {
         "0": [
            0.7665571570396423,
            0.7880768775939941,
            0
         ],
         "1": [
            0.7056853175163269,
            0.7673658132553101,
            -0.0352332629263401
         ],
         "2": [
            0.648783802986145,
            0.6431615352630615,
            -0.04805152118206024
         ],
         "3": [
            0.6286373734474182,
            0.5240538120269775,
            -0.05846211686730385
         ],
         "4": [
            0.6478233933448792,
            0.46298515796661377,
            -0.06090369448065758
         ],
         "5": [
            0.6771952509880066,
            0.54543137550354,
            -0.00007835235737729818
         ],
         "6": [
            0.6743858456611633,
            0.47929811477661133,
            -0.023228857666254044
         ],
         "7": [
            0.6808944940567017,
            0.55866938829422,
            -0.025687385350465775
         ],
         "8": [
            0.6860628724098206,
            0.5935438275337219,
            -0.02334754541516304
         ],
         "9": [
            0.7155044078826904,
            0.5318893790245056,
            0.0073416754603385925
         ],
         "10": [
            0.7109479308128357,
            0.47713005542755127,
            -0.024246180430054665
         ],
         "11": [
            0.7179707288742065,
            0.5980361104011536,
            -0.022923659533262253
         ],
         "12": [
            0.7137656807899475,
            0.596612274646759,
            -0.011037946678698063
         ],
         "13": [
            0.7501456141471863,
            0.527046799659729,
            0.00600644014775753
         ],
         "14": [
            0.7494738698005676,
            0.47555720806121826,
            -0.026772528886795044
         ],
         "15": [
            0.7477712035179138,
            0.5903279185295105,
            -0.016853637993335724
         ],
         "16": [
            0.7458397150039673,
            0.6311642527580261,
            0.0020929283928126097
         ],
         "17": [
            0.7876676321029663,
            0.5164690017700195,
            0.0003104952338617295
         ],
         "18": [
            0.7821971774101257,
            0.4239182472229004,
            -0.019159570336341858
         ],
         "19": [
            0.7747611403465271,
            0.37776628136634827,
            -0.02012602426111698
         ],
         "20": [
            0.7668277621269226,
            0.30392029881477356,
            -0.011936579830944538
         ]
      }
   ]
}