{
   "i": [
      {
         "0": [
            0.7389292120933533,
            0.7876400947570801,
            0
         ],
         "1": [
            0.6730109453201294,
            0.7596374154090881,
            -0.02961055375635624
         ],
         "2": [
            0.612174391746521,
            0.6324417591094971,
            -0.04591592401266098
         ],
         "3": [
            0.6113089323043823,
            0.5061954855918884,
            -0.0625256597995758
         ],
         "4": [
            0.6640567183494568,
            0.4431506097316742,
            -0.07104793936014175
         ],
         "5": [
            0.6316309571266174,
            0.4932548403739929,
            -0.012631227262318134
         ],
         "6": [
            0.6061379313468933,
            0.39768266677856445,
            -0.04135042056441307
         ],
         "7": [
            0.6199153661727905,
            0.4896886944770813,
            -0.04372013360261917
         ],
         "8": [
            0.6365429162979126,
            0.5458186268806458,
            -0.04130693897604942
         ],
         "9": [
            0.6834627985954285,
            0.46630123257637024,
            -0.016566256061196327
         ],
         "10": [
            0.6586735844612122,
            0.38461804389953613,
            -0.05335117504000664
         ],
         "11": [
            0.6661574244499207,
            0.5136497616767883,
            -0.05139452964067459
         ],
         "12": [
            0.673521101474762,
            0.5536734461784363,
            -0.03904592990875244
         ],
         "13": [
            0.7301808595657349,
            0.4541577696800232,
            -0.028784414753317833
         ],
         "14": [
            0.7069036364555359,
            0.38928699493408203,
            -0.06300395727157593
         ],
         "15": [
            0.6971435546875,
            0.5222638249397278,
            -0.04826389625668526
         ],
         "16": [
            0.6972727179527283,
            0.5964641571044922,
            -0.027436506003141403
         ],
         "17": [
            0.7780307531356812,
            0.4525473117828369,
            -0.045828960835933685
         ],
         "18": [
            0.7713180780410767,
            0.3072423040866852,
            -0.06869996339082718
         ],
         "19": [
            0.7579566836357117,
            0.22006729245185852,
            -0.06978698819875717
         ],
         "20": [
            0.746040403842926,
            0.1278628408908844,
            -0.06256914138793945
         ]
      }
   ]
}