{
   "k": [
      {
         "0": [
            0.7472811341285706,
            0.9244094491004944,
            0
         ],
         "1": [
            0.7055779099464417,
            0.8474310040473938,
            0.004102852661162615
         ],
         "2": [
            0.6875206232070923,
            0.7335787415504456,
            0.0005869248998351395
         ],
         "3": [
            0.6936278939247131,
            0.651550829410553,
            -0.009512482210993767
         ],
         "4": [
            0.7059637308120728,
            0.5842403769493103,
            -0.016718266531825066
         ],
         "5": [
            0.7282253503799438,
            0.6418964266777039,
            0.020125407725572586
         ],
         "6": [
            0.703264594078064,
            0.546171247959137,
            0.002740526106208563
         ],
         "7": [
            0.6839074492454529,
            0.49244165420532227,
            -0.003981169778853655
         ],
         "8": [
            0.6673147678375244,
            0.4497640132904053,
            -0.007740134373307228
         ],
         "9": [
            0.7667397260665894,
            0.6351421475410461,
            -0.0005472454940900207
         ],
         "10": [
            0.7684050798416138,
            0.49339306354522705,
            -0.019945526495575905
         ],
         "11": [
            0.7669867873191833,
            0.40259140729904175,
            -0.031002862378954887
         ],
         "12": [
            0.7655707597732544,
            0.33057719469070435,
            -0.03804992884397507
         ],
         "13": [
            0.7988317608833313,
            0.6570268869400024,
            -0.0252890232950449
         ],
         "14": [
            0.7464365363121033,
            0.6071772575378418,
            -0.04596465080976486
         ],
         "15": [
            0.720130205154419,
            0.687682569026947,
            -0.040018025785684586
         ],
         "16": [
            0.7125039100646973,
            0.7512508630752563,
            -0.02911941148340702
         ],
         "17": [
            0.8224868774414062,
            0.6953029632568359,
            -0.05286358296871185
         ],
         "18": [
            0.7639052271842957,
            0.6700147390365601,
            -0.06496845930814743
         ],
         "19": [
            0.7344337105751038,
            0.7252132892608643,
            -0.05963553860783577
         ],
         "20": [
            0.7232496738433838,
            0.7726146578788757,
            -0.050874318927526474
         ]
      }
   ]
}