{
   "m": [
      {
         "0": [
            0.7777985334396362,
            0.5827007293701172,
            0
         ],
         "1": [
            0.7271509766578674,
            0.5124393105506897,
            -0.0037642125971615314
         ],
         "2": [
            0.7199763059616089,
            0.4069558382034302,
            -0.004123504739254713
         ],
         "3": [
            0.7632993459701538,
            0.3289835453033447,
            -0.009408442303538322
         ],
         "4": [
            0.8079102039337158,
            0.29619842767715454,
            -0.011931844055652618
         ],
         "5": [
            0.7293179631233215,
            0.34716394543647766,
            0.02401408925652504
         ],
         "6": [
            0.708155632019043,
            0.2810016870498657,
            0.009567199274897575
         ],
         "7": [
            0.7002739906311035,
            0.34009039402008057,
            0.003908346872776747
         ],
         "8": [
            0.706324577331543,
            0.39651381969451904,
            0.0031166509725153446
         ],
         "9": [
            0.7622064352035522,
            0.3334434926509857,
            0.013928839936852455
         ],
         "10": [
            0.7423694133758545,
            0.25682303309440613,
            0.00007892156281741336
         ],
         "11": [
            0.7252376675605774,
            0.3192790448665619,
            -0.005122002679854631
         ],
         "12": [
            0.7271986603736877,
            0.37889963388442993,
            -0.0038749247323721647
         ],
         "13": [
            0.7949135899543762,
            0.33894795179367065,
            -0.001841372693888843
         ],
         "14": [
            0.7822005748748779,
            0.23908916115760803,
            -0.01742985099554062
         ],
         "15": [
            0.7593252062797546,
            0.30107542872428894,
            -0.016042813658714294
         ],
         "16": [
            0.7557793259620667,
            0.362093061208725,
            -0.010528097860515118
         ],
         "17": [
            0.8285732269287109,
            0.3582491874694824,
            -0.020070230588316917
         ],
         "18": [
            0.8071061372756958,
            0.30328109860420227,
            -0.028292175382375717
         ],
         "19": [
            0.7866568565368652,
            0.35514381527900696,
            -0.024699250236153603
         ],
         "20": [
            0.7821922302246094,
            0.4075372815132141,
            -0.018315546214580536
         ]
      }
   ]
}