{
   "m": [
      {
         "0": [
            0.790349543094635,
            0.7378563284873962,
            0
         ],
         "1": [
            0.7446445226669312,
            0.6580864191055298,
            -0.004932043608278036
         ],
         "2": [
            0.7422322630882263,
            0.5503475666046143,
            -0.007801287807524204
         ],
         "3": [
            0.7893516421318054,
            0.48404714465141296,
            -0.01533941924571991
         ],
         "4": [
            0.8367815017700195,
            0.4597248136997223,
            -0.01999981887638569
         ],
         "5": [
            0.7539217472076416,
            0.4808141589164734,
            0.017105109989643097
         ],
         "6": [
            0.7362919449806213,
            0.4196121394634247,
            0.000010254642802465241
         ],
         "7": [
            0.7241600751876831,
            0.4856664836406708,
            -0.006353932898491621
         ],
         "8": [
            0.7258152365684509,
            0.5460135340690613,
            -0.007567843422293663
         ],
         "9": [
            0.7897725701332092,
            0.47785356640815735,
            0.005840354599058628
         ],
         "10": [
            0.7745074033737183,
            0.40502744913101196,
            -0.011392086744308472
         ],
         "11": [
            0.751740038394928,
            0.47696033120155334,
            -0.015517686493694782
         ],
         "12": [
            0.7485163807868958,
            0.5421781539916992,
            -0.013217197731137276
         ],
         "13": [
            0.8237095475196838,
            0.4938652813434601,
            -0.011010087095201015
         ],
         "14": [
            0.8151158690452576,
            0.3915867209434509,
            -0.029337596148252487
         ],
         "15": [
            0.786470353603363,
            0.4587244987487793,
            -0.02567039616405964
         ],
         "16": [
            0.7786778807640076,
            0.5216529965400696,
            -0.01872648485004902
         ],
         "17": [
            0.8562662601470947,
            0.5243960022926331,
            -0.030407197773456573
         ],
         "18": [
            0.8350666165351868,
            0.47037702798843384,
            -0.03999963775277138
         ],
         "19": [
            0.8106294870376587,
            0.5243300795555115,
            -0.034872349351644516
         ],
         "20": [
            0.8036813735961914,
            0.5760321617126465,
            -0.02757190726697445
         ]
      }
   ]
}