{
   "m": [
      {
         "0": [
            0.7143150568008423,
            0.7547059059143066,
            0
         ],
         "1": [
            0.6695019602775574,
            0.7130278944969177,
            -0.00574806472286582
         ],
         "2": [
            0.657038152217865,
            0.6181509494781494,
            -0.008023192174732685
         ],
         "3": [
            0.6929550170898438,
            0.5513050556182861,
            -0.013452313840389252
         ],
         "4": [
            0.7306906580924988,
            0.5249542593955994,
            -0.016769323498010635
         ],
         "5": [
            0.6669349670410156,
            0.5503263473510742,
            0.01416107639670372
         ],
         "6": [
            0.6494458913803101,
            0.48954468965530396,
            0.001424612826667726
         ],
         "7": [
            0.6420741677284241,
            0.5399104356765747,
            -0.003315236885100603
         ],
         "8": [
            0.6471203565597534,
            0.5885514616966248,
            -0.004713271278887987
         ],
         "9": [
            0.6979383230209351,
            0.5426795482635498,
            0.005025126505643129
         ],
         "10": [
            0.6785048246383667,
            0.47374841570854187,
            -0.007186852395534515
         ],
         "11": [
            0.6630141139030457,
            0.526854932308197,
            -0.01100708357989788
         ],
         "12": [
            0.6630709767341614,
            0.577268660068512,
            -0.010170742869377136
         ],
         "13": [
            0.7275061011314392,
            0.5512322187423706,
            -0.009029635228216648
         ],
         "14": [
            0.7125710248947144,
            0.4620499610900879,
            -0.02260952815413475
         ],
         "15": [
            0.6915133595466614,
            0.5165881514549255,
            -0.021121125668287277
         ],
         "16": [
            0.6854376196861267,
            0.5671101808547974,
            -0.01727963052690029
         ],
         "17": [
            0.7552002668380737,
            0.5739753246307373,
            -0.025373701006174088
         ],
         "18": [
            0.7258021235466003,
            0.539267361164093,
            -0.033141739666461945
         ],
         "19": [
            0.7045109868049622,
            0.5909280180931091,
            -0.030221637338399887
         ],
         "20": [
            0.6966104507446289,
            0.6381657719612122,
            -0.025713905692100525
         ]
      }
   ]
}