{
   "m": [
      {
         "0": [
            0.7165810465812683,
            0.7662439346313477,
            0
         ],
         "1": [
            0.6703073978424072,
            0.7303392291069031,
            -0.006311147939413786
         ],
         "2": [
            0.6511402726173401,
            0.634739100933075,
            -0.007744356989860535
         ],
         "3": [
            0.6819985508918762,
            0.5611706972122192,
            -0.012191255576908588
         ],
         "4": [
            0.7221326231956482,
            0.5396402478218079,
            -0.01497146487236023
         ],
         "5": [
            0.6691856980323792,
            0.567739725112915,
            0.016566313803195953
         ],
         "6": [
            0.6539280414581299,
            0.5003626346588135,
            0.0057507953606545925
         ],
         "7": [
            0.6424911618232727,
            0.5420347452163696,
            0.0014637409476563334
         ],
         "8": [
            0.6440532803535461,
            0.5852131247520447,
            0.00006297229265328497
         ],
         "9": [
            0.6976503133773804,
            0.5570893883705139,
            0.00845557264983654
         ],
         "10": [
            0.6804214715957642,
            0.48249101638793945,
            -0.0015454590320587158
         ],
         "11": [
            0.6633874177932739,
            0.5271279215812683,
            -0.005951947532594204
         ],
         "12": [
            0.6628574728965759,
            0.5749003291130066,
            -0.005808267742395401
         ],
         "13": [
            0.7261391878128052,
            0.562857449054718,
            -0.004633682779967785
         ],
         "14": [
            0.7114740610122681,
            0.46959033608436584,
            -0.017212873324751854
         ],
         "15": [
            0.6890591382980347,
            0.5134786367416382,
            -0.017658282071352005
         ],
         "16": [
            0.6816518306732178,
            0.5604425668716431,
            -0.015000199899077415
         ],
         "17": [
            0.7554429769515991,
            0.5814943313598633,
            -0.02001463621854782
         ],
         "18": [
            0.7272710800170898,
            0.5407915711402893,
            -0.027902672067284584
         ],
         "19": [
            0.7064855694770813,
            0.5871896147727966,
            -0.026164142414927483
         ],
         "20": [
            0.6986382007598877,
            0.6354436278343201,
            -0.022198572754859924
         ]
      }
   ]
}