{
   "n-DGS": [
      {
         "0": [
            0.8006084561347961,
            0.07008607685565948,
            0
         ],
         "1": [
            0.7413614392280579,
            0.10695196688175201,
            -0.0020135100930929184
         ],
         "2": [
            0.7074863314628601,
            0.1841408610343933,
            -0.04463132470846176
         ],
         "3": [
            0.7245365977287292,
            0.2996659278869629,
            -0.08616281300783157
         ],
         "4": [
            0.737594485282898,
            0.3856552243232727,
            -0.12424653023481369
         ],
         "5": [
            0.6636192202568054,
            0.15503817796707153,
            -0.10609032958745956
         ],
         "6": [
            0.6551129817962646,
            0.3015110492706299,
            -0.15448574721813202
         ],
         "7": [
            0.654959499835968,
            0.3998028039932251,
            -0.17991705238819122
         ],
         "8": [
            0.6522056460380554,
            0.46746474504470825,
            -0.19484689831733704
         ],
         "9": [
            0.7086668014526367,
            0.1193205788731575,
            -0.12215888500213623
         ],
         "10": [
            0.6945823431015015,
            0.3069981634616852,
            -0.18067620694637299
         ],
         "11": [
            0.6915187835693359,
            0.42635422945022583,
            -0.1891532987356186
         ],
         "12": [
            0.6845253109931946,
            0.5046271085739136,
            -0.19193683564662933
         ],
         "13": [
            0.7602330446243286,
            0.11811798810958862,
            -0.13019314408302307
         ],
         "14": [
            0.7444611191749573,
            0.3001768887042999,
            -0.1506900191307068
         ],
         "15": [
            0.7557582855224609,
            0.31644394993782043,
            -0.10672295838594437
         ],
         "16": [
            0.762754499912262,
            0.2737448513507843,
            -0.07806528359651566
         ],
         "17": [
            0.8005697131156921,
            0.13627593219280243,
            -0.13942940533161163
         ],
         "18": [
            0.7775804400444031,
            0.29251936078071594,
            -0.13373582065105438
         ],
         "19": [
            0.7819435596466064,
            0.31596556305885315,
            -0.09577863663434982
         ],
         "20": [
            0.7867797017097473,
            0.2827213406562805,
            -0.06996774673461914
         ]
      }
   ]
}