{
   "o": [
      {
         "0": [
            0.7893850207328796,
            0.6019640564918518,
            0
         ],
         "1": [
            0.7428545355796814,
            0.5557893514633179,
            -0.011568759568035603
         ],
         "2": [
            0.7118648886680603,
            0.4811474084854126,
            -0.01726052165031433
         ],
         "3": [
            0.7129201889038086,
            0.3910473585128784,
            -0.026960093528032303
         ],
         "4": [
            0.734926700592041,
            0.3294353485107422,
            -0.03312336280941963
         ],
         "5": [
            0.720420241355896,
            0.3847500681877136,
            0.017732029780745506
         ],
         "6": [
            0.709464430809021,
            0.2885003089904785,
            0.004731908906251192
         ],
         "7": [
            0.7054160237312317,
            0.3137921392917633,
            -0.001707107643596828
         ],
         "8": [
            0.7100478410720825,
            0.3543611764907837,
            -0.0037446911446750164
         ],
         "9": [
            0.7507964372634888,
            0.3659617602825165,
            0.011114091612398624
         ],
         "10": [
            0.7447286248207092,
            0.2659717798233032,
            -0.004971872083842754
         ],
         "11": [
            0.7376558780670166,
            0.30362987518310547,
            -0.013673701323568821
         ],
         "12": [
            0.7382786273956299,
            0.34508347511291504,
            -0.013985232450067997
         ],
         "13": [
            0.7822961807250977,
            0.36497941613197327,
            -0.0007435706211254001
         ],
         "14": [
            0.7804405093193054,
            0.2673974633216858,
            -0.012116042897105217
         ],
         "15": [
            0.7681376934051514,
            0.2991788387298584,
            -0.011526660062372684
         ],
         "16": [
            0.7676277756690979,
            0.3474179208278656,
            -0.007161011453717947
         ],
         "17": [
            0.8180140852928162,
            0.37739598751068115,
            -0.016123853623867035
         ],
         "18": [
            0.8142116069793701,
            0.29122036695480347,
            -0.01916338875889778
         ],
         "19": [
            0.7982328534126282,
            0.30332425236701965,
            -0.01679743453860283
         ],
         "20": [
            0.7927640080451965,
            0.34254732728004456,
            -0.012385476380586624
         ]
      }
   ]
}