{
   "q": [
      {
         "0": [
            0.8457956314086914,
            0.7999119758605957,
            0
         ],
         "1": [
            0.7831971049308777,
            0.7850304245948792,
            -0.02317601628601551
         ],
         "2": [
            0.7356280088424683,
            0.78913414478302,
            -0.06133551895618439
         ],
         "3": [
            0.7182026505470276,
            0.8385505676269531,
            -0.09824361652135849
         ],
         "4": [
            0.7169306874275208,
            0.8946080207824707,
            -0.12921170890331268
         ],
         "5": [
            0.7443792819976807,
            0.5737303495407104,
            -0.06457248330116272
         ],
         "6": [
            0.7211851477622986,
            0.7203541994094849,
            -0.10852181911468506
         ],
         "7": [
            0.7149549722671509,
            0.8183120489120483,
            -0.12981238961219788
         ],
         "8": [
            0.7081441283226013,
            0.866921603679657,
            -0.14242655038833618
         ],
         "9": [
            0.7969308495521545,
            0.5671993494033813,
            -0.079889677464962
         ],
         "10": [
            0.7675278186798096,
            0.7393653392791748,
            -0.12821057438850403
         ],
         "11": [
            0.7746298909187317,
            0.7979078888893127,
            -0.13141417503356934
         ],
         "12": [
            0.7794601321220398,
            0.7803720235824585,
            -0.13401710987091064
         ],
         "13": [
            0.8440369367599487,
            0.6039552688598633,
            -0.09610787779092789
         ],
         "14": [
            0.8143799304962158,
            0.7670522332191467,
            -0.12547418475151062
         ],
         "15": [
            0.8168607354164124,
            0.7932019233703613,
            -0.11119148135185242
         ],
         "16": [
            0.8209180235862732,
            0.7499067783355713,
            -0.10291552543640137
         ],
         "17": [
            0.8835317492485046,
            0.6607020497322083,
            -0.11566315591335297
         ],
         "18": [
            0.8575811386108398,
            0.7879605293273926,
            -0.12380564212799072
         ],
         "19": [
            0.8554286360740662,
            0.8055854439735413,
            -0.1125263199210167
         ],
         "20": [
            0.8584206104278564,
            0.7696549892425537,
            -0.106920026242733
         ]
      }
   ]
}