{
   "t-DGS": [
      {
         "0": [
            0.8195503354072571,
            0.6767635941505432,
            0
         ],
         "1": [
            0.7984641194343567,
            0.5327787399291992,
            -0.015652965754270554
         ],
         "2": [
            0.7906020283699036,
            0.3970576524734497,
            -0.05667133629322052
         ],
         "3": [
            0.79057776927948,
            0.2881433665752411,
            -0.09531854838132858
         ],
         "4": [
            0.7964910864830017,
            0.1832652986049652,
            -0.12940910458564758
         ],
         "5": [
            0.8829627633094788,
            0.368287593126297,
            -0.08958052843809128
         ],
         "6": [
            0.7611852288246155,
            0.34238937497138977,
            -0.13676726818084717
         ],
         "7": [
            0.7076771259307861,
            0.356174498796463,
            -0.15539893507957458
         ],
         "8": [
            0.6756364703178406,
            0.3531263470649719,
            -0.16606488823890686
         ],
         "9": [
            0.8950149416923523,
            0.46271026134490967,
            -0.11070992797613144
         ],
         "10": [
            0.7590569257736206,
            0.44925883412361145,
            -0.16700997948646545
         ],
         "11": [
            0.7527371644973755,
            0.5016329884529114,
            -0.16660495102405548
         ],
         "12": [
            0.7806456089019775,
            0.5166431069374084,
            -0.16633491218090057
         ],
         "13": [
            0.8868193626403809,
            0.5694125890731812,
            -0.13001665472984314
         ],
         "14": [
            0.7543507814407349,
            0.547156572341919,
            -0.1647147685289383
         ],
         "15": [
            0.7681535482406616,
            0.586186408996582,
            -0.14068260788917542
         ],
         "16": [
            0.8090863823890686,
            0.5998095273971558,
            -0.12677635252475739
         ],
         "17": [
            0.8678434491157532,
            0.6654108166694641,
            -0.15094353258609772
         ],
         "18": [
            0.7657557129859924,
            0.6380695700645447,
            -0.166874960064888
         ],
         "19": [
            0.7722049951553345,
            0.6570585370063782,
            -0.15175360441207886
         ],
         "20": [
            0.8065517544746399,
            0.6657759547233582,
            -0.1423027515411377
         ]
      }
   ]
}