{
   "w": [
      {
         "0": [
            0.7446316480636597,
            0.8070504665374756,
            0
         ],
         "1": [
            0.6918248534202576,
            0.7644523978233337,
            -0.03372068330645561
         ],
         "2": [
            0.6664466857910156,
            0.6600015759468079,
            -0.050800323486328125
         ],
         "3": [
            0.7134974598884583,
            0.5602041482925415,
            -0.06640936434268951
         ],
         "4": [
            0.7667238712310791,
            0.5037432312965393,
            -0.08307620882987976
         ],
         "5": [
            0.6432533860206604,
            0.49383535981178284,
            -0.012983882799744606
         ],
         "6": [
            0.6128678321838379,
            0.36594992876052856,
            -0.03292088210582733
         ],
         "7": [
            0.5984580516815186,
            0.2824782729148865,
            -0.047575317323207855
         ],
         "8": [
            0.5894618034362793,
            0.20800256729125977,
            -0.05944334715604782
         ],
         "9": [
            0.6907390356063843,
            0.4623616933822632,
            -0.022549256682395935
         ],
         "10": [
            0.6696115136146545,
            0.29727452993392944,
            -0.03178568184375763
         ],
         "11": [
            0.6609783172607422,
            0.19644767045974731,
            -0.044221311807632446
         ],
         "12": [
            0.6527586579322815,
            0.11193284392356873,
            -0.05887574702501297
         ],
         "13": [
            0.7360736727714539,
            0.47269493341445923,
            -0.04029969871044159
         ],
         "14": [
            0.7377831935882568,
            0.31911343336105347,
            -0.06579016149044037
         ],
         "15": [
            0.7352291941642761,
            0.21867746114730835,
            -0.09122902154922485
         ],
         "16": [
            0.7316775321960449,
            0.11844885349273682,
            -0.1101146787405014
         ],
         "17": [
            0.7790914177894592,
            0.520636260509491,
            -0.06207495555281639
         ],
         "18": [
            0.7654656767845154,
            0.4578762948513031,
            -0.08658501505851746
         ],
         "19": [
            0.7576372027397156,
            0.5218837857246399,
            -0.09850464761257172
         ],
         "20": [
            0.7537322640419006,
            0.5857083797454834,
            -0.10805066674947739
         ]
      }
   ]
}