{
   "a": [
      {
         "0": [
            0.4343518614768982,
            0.8777117133140564,
            0
         ],
         "1": [
            0.42681270837783813,
            0.8085112571716309,
            -0.0724746510386467
         ],
         "2": [
            0.4650034010410309,
            0.7587882876396179,
            -0.0964035615324974
         ],
         "3": [
            0.5100482106208801,
            0.7346661686897278,
            -0.0974845439195633
         ],
         "4": [
            0.5321435332298279,
            0.7351369261741638,
            -0.09286582469940186
         ],
         "5": [
            0.5402146577835083,
            0.8603082895278931,
            -0.1057392880320549
         ],
         "6": [
            0.5619716644287109,
            0.7515540719032288,
            -0.11487846821546555
         ],
         "7": [
            0.5282296538352966,
            0.7494398951530457,
            -0.1079995185136795
         ],
         "8": [
            0.5095540881156921,
            0.7782797813415527,
            -0.10190672427415848
         ],
         "9": [
            0.5547272562980652,
            0.8790042400360107,
            -0.06377769261598587
         ],
         "10": [
            0.5659241080284119,
            0.7664971947669983,
            -0.07129540294408798
         ],
         "11": [
            0.5255048871040344,
            0.7651962637901306,
            -0.059945136308670044
         ],
         "12": [
            0.5081726908683777,
            0.7950684428215027,
            -0.05331186205148697
         ],
         "13": [
            0.5590804815292358,
            0.8833550810813904,
            -0.022835658863186836
         ],
         "14": [
            0.5572674870491028,
            0.7769780158996582,
            -0.03198711946606636
         ],
         "15": [
            0.5186444520950317,
            0.7738736867904663,
            -0.03206082060933113
         ],
         "16": [
            0.5074960589408875,
            0.7996888756752014,
            -0.032036252319812775
         ],
         "17": [
            0.5606008172035217,
            0.8755798935890198,
            0.015182824805378914
         ],
         "18": [
            0.5567003488540649,
            0.797950029373169,
            0.00416115066036582
         ],
         "19": [
            0.5205094218254089,
            0.7940829992294312,
            -0.0019930528942495584
         ],
         "20": [
            0.5076708197593689,
            0.8140479922294617,
            -0.004419110715389252
         ]
      }
   ]
}