{
   "b": [
      {
         "0": [
            0.5108296275138855,
            0.9725544452667236,
            0
         ],
         "1": [
            0.42560237646102905,
            0.8764659762382507,
            -0.019954487681388855
         ],
         "2": [
            0.37909242510795593,
            0.6964516043663025,
            -0.029427655041217804
         ],
         "3": [
            0.370580792427063,
            0.538143515586853,
            -0.042446739971637726
         ],
         "4": [
            0.35162097215652466,
            0.42651328444480896,
            -0.05551796779036522
         ],
         "5": [
            0.43662431836128235,
            0.492083877325058,
            0.003159170737490058
         ],
         "6": [
            0.434612512588501,
            0.30391213297843933,
            -0.0205454733222723
         ],
         "7": [
            0.4381425380706787,
            0.19114527106285095,
            -0.037510260939598083
         ],
         "8": [
            0.4443093538284302,
            0.09269198775291443,
            -0.048947591334581375
         ],
         "9": [
            0.4914439022541046,
            0.48011404275894165,
            -0.011489473283290863
         ],
         "10": [
            0.49246945977211,
            0.2645426392555237,
            -0.03314739093184471
         ],
         "11": [
            0.49492624402046204,
            0.12732693552970886,
            -0.05252827703952789
         ],
         "12": [
            0.5000489950180054,
            0.010173320770263672,
            -0.06765057891607285
         ],
         "13": [
            0.542206883430481,
            0.5028266310691833,
            -0.032817136496305466
         ],
         "14": [
            0.5446768403053284,
            0.30490797758102417,
            -0.05882054194808006
         ],
         "15": [
            0.5427621006965637,
            0.1901194155216217,
            -0.0767587199807167
         ],
         "16": [
            0.5436887741088867,
            0.08921921253204346,
            -0.08850892633199692
         ],
         "17": [
            0.5949163436889648,
            0.5546277761459351,
            -0.0584033764898777
         ],
         "18": [
            0.5980634093284607,
            0.40263688564300537,
            -0.08051323145627975
         ],
         "19": [
            0.5958737730979919,
            0.3120875358581543,
            -0.09275012463331223
         ],
         "20": [
            0.5966575145721436,
            0.2282668650150299,
            -0.10074582695960999
         ]
      }
   ]
}