{
   "b": [
      {
         "0": [
            0.5114929676055908,
            0.9364382028579712,
            0
         ],
         "1": [
            0.4154945909976959,
            0.8768935203552246,
            -0.019787242636084557
         ],
         "2": [
            0.348586767911911,
            0.7253736853599548,
            -0.028689850121736526
         ],
         "3": [
            0.3222787380218506,
            0.5808529853820801,
            -0.040829770267009735
         ],
         "4": [
            0.2970746159553528,
            0.4710119962692261,
            -0.053019244223833084
         ],
         "5": [
            0.38530972599983215,
            0.5075818300247192,
            0.0062020947225391865
         ],
         "6": [
            0.36472222208976746,
            0.32834240794181824,
            -0.014939533546566963
         ],
         "7": [
            0.35719987750053406,
            0.2174924612045288,
            -0.03121693804860115
         ],
         "8": [
            0.35284295678138733,
            0.12046271562576294,
            -0.0422171913087368
         ],
         "9": [
            0.4385141134262085,
            0.4801839292049408,
            -0.006590242497622967
         ],
         "10": [
            0.4187527000904083,
            0.28327661752700806,
            -0.025948045775294304
         ],
         "11": [
            0.4048733115196228,
            0.15929406881332397,
            -0.04419921711087227
         ],
         "12": [
            0.3941972553730011,
            0.05469423532485962,
            -0.05817250907421112
         ],
         "13": [
            0.48993563652038574,
            0.48466452956199646,
            -0.025981079787015915
         ],
         "14": [
            0.4726657569408417,
            0.30016666650772095,
            -0.05014530569314957
         ],
         "15": [
            0.4567558169364929,
            0.19056376814842224,
            -0.06728984415531158
         ],
         "16": [
            0.4433075785636902,
            0.09318998456001282,
            -0.07835616916418076
         ],
         "17": [
            0.5469842553138733,
            0.5151945352554321,
            -0.04951765760779381
         ],
         "18": [
            0.5351606011390686,
            0.3689844608306885,
            -0.07062625139951706
         ],
         "19": [
            0.522897481918335,
            0.28411489725112915,
            -0.08232022076845169
         ],
         "20": [
            0.5123099088668823,
            0.20405039191246033,
            -0.08965372294187546
         ]
      }
   ]
}