{
   "c": [
      {
         "0": [
            0.5302788019180298,
            0.8696138858795166,
            0
         ],
         "1": [
            0.4258628487586975,
            0.8768342137336731,
            -0.10109319537878036
         ],
         "2": [
            0.3435150980949402,
            0.7846930623054504,
            -0.1791200488805771
         ],
         "3": [
            0.27439796924591064,
            0.7263970375061035,
            -0.2538720667362213
         ],
         "4": [
            0.21935874223709106,
            0.6532402038574219,
            -0.32890886068344116
         ],
         "5": [
            0.4098505675792694,
            0.42169076204299927,
            -0.1296413391828537
         ],
         "6": [
            0.41484498977661133,
            0.20955431461334229,
            -0.22966665029525757
         ],
         "7": [
            0.40381625294685364,
            0.14877456426620483,
            -0.30157098174095154
         ],
         "8": [
            0.3990439772605896,
            0.22328481078147888,
            -0.34343209862709045
         ],
         "9": [
            0.48902249336242676,
            0.4112977683544159,
            -0.12935657799243927
         ],
         "10": [
            0.5111986994743347,
            0.1681845784187317,
            -0.24945814907550812
         ],
         "11": [
            0.49610573053359985,
            0.1697964370250702,
            -0.3272002041339874
         ],
         "12": [
            0.4768509268760681,
            0.2843360900878906,
            -0.3633659780025482
         ],
         "13": [
            0.5582050681114197,
            0.4371347427368164,
            -0.1398930549621582
         ],
         "14": [
            0.5849263668060303,
            0.23989278078079224,
            -0.23977595567703247
         ],
         "15": [
            0.5693797469139099,
            0.22685688734054565,
            -0.2887563407421112
         ],
         "16": [
            0.5526667237281799,
            0.3242158889770508,
            -0.30612727999687195
         ],
         "17": [
            0.6248898506164551,
            0.5027238130569458,
            -0.1601828783750534
         ],
         "18": [
            0.652106761932373,
            0.33531033992767334,
            -0.23536203801631927
         ],
         "19": [
            0.6422809362411499,
            0.2897769510746002,
            -0.27352115511894226
         ],
         "20": [
            0.6265607476234436,
            0.324014812707901,
            -0.2908921241760254
         ]
      }
   ]
}