{
   "e": [
      {
         "0": [
            0.5461009740829468,
            0.8709605932235718,
            0
         ],
         "1": [
            0.43905287981033325,
            0.8306622505187988,
            -0.05070473626255989
         ],
         "2": [
            0.341816246509552,
            0.6552467346191406,
            -0.07538942992687225
         ],
         "3": [
            0.3273105025291443,
            0.47830310463905334,
            -0.10293557494878769
         ],
         "4": [
            0.38832372426986694,
            0.39547792077064514,
            -0.12246968597173691
         ],
         "5": [
            0.3904261589050293,
            0.37603145837783813,
            -0.026248952373862267
         ],
         "6": [
            0.39255475997924805,
            0.13713574409484863,
            -0.07409224659204483
         ],
         "7": [
            0.40457606315612793,
            0.24782320857048035,
            -0.08797977864742279
         ],
         "8": [
            0.4109463691711426,
            0.3895547389984131,
            -0.08988741040229797
         ],
         "9": [
            0.4699590802192688,
            0.3468116223812103,
            -0.03134232014417648
         ],
         "10": [
            0.4724763035774231,
            0.10548087954521179,
            -0.08813238888978958
         ],
         "11": [
            0.4791906774044037,
            0.24614772200584412,
            -0.09751791507005692
         ],
         "12": [
            0.47875067591667175,
            0.37136611342430115,
            -0.08828499913215637
         ],
         "13": [
            0.5422483086585999,
            0.3547970652580261,
            -0.04791960492730141
         ],
         "14": [
            0.5480973720550537,
            0.1370466947555542,
            -0.10072273015975952
         ],
         "15": [
            0.5457779765129089,
            0.25822174549102783,
            -0.09049785137176514
         ],
         "16": [
            0.5404770970344543,
            0.3830776810646057,
            -0.0688653513789177
         ],
         "17": [
            0.6141997575759888,
            0.39217305183410645,
            -0.07283321768045425
         ],
         "18": [
            0.6187235116958618,
            0.2222742736339569,
            -0.10087534040212631
         ],
         "19": [
            0.6074343323707581,
            0.29110127687454224,
            -0.09309222549200058
         ],
         "20": [
            0.5930997729301453,
            0.37982767820358276,
            -0.07661031931638718
         ]
      }
   ]
}