{
   "h": [
      {
         "0": [
            0.8535875082015991,
            0.6790791749954224,
            0
         ],
         "1": [
            0.7711899280548096,
            0.42819201946258545,
            0.0000649232097202912
         ],
         "2": [
            0.6415122151374817,
            0.3356863856315613,
            -0.03666520118713379
         ],
         "3": [
            0.5264186263084412,
            0.39180049300193787,
            -0.06976890563964844
         ],
         "4": [
            0.4492635726928711,
            0.4961961805820465,
            -0.10227902233600616
         ],
         "5": [
            0.5947830677032471,
            0.2908557653427124,
            -0.14739136397838593
         ],
         "6": [
            0.3727065324783325,
            0.3131338953971863,
            -0.19067730009555817
         ],
         "7": [
            0.25145334005355835,
            0.3322897255420685,
            -0.20035728812217712
         ],
         "8": [
            0.15630918741226196,
            0.3635179400444031,
            -0.20729763805866241
         ],
         "9": [
            0.595780074596405,
            0.4811117351055145,
            -0.17542678117752075
         ],
         "10": [
            0.3534705638885498,
            0.4765847325325012,
            -0.21734291315078735
         ],
         "11": [
            0.21902510523796082,
            0.4884675443172455,
            -0.21076783537864685
         ],
         "12": [
            0.1176740825176239,
            0.5200340151786804,
            -0.2094893455505371
         ],
         "13": [
            0.5980857014656067,
            0.667279064655304,
            -0.19232109189033508
         ],
         "14": [
            0.4227147400379181,
            0.6438658833503723,
            -0.2010878622531891
         ],
         "15": [
            0.4824518859386444,
            0.6126778721809387,
            -0.14255139231681824
         ],
         "16": [
            0.5456540584564209,
            0.6079003214836121,
            -0.11077183485031128
         ],
         "17": [
            0.6089667081832886,
            0.8351238965988159,
            -0.21241159737110138
         ],
         "18": [
            0.47484713792800903,
            0.7714591026306152,
            -0.2094893455505371
         ],
         "19": [
            0.5241462588310242,
            0.7413291931152344,
            -0.16675134003162384
         ],
         "20": [
            0.5800858736038208,
            0.7468289136886597,
            -0.1391725242137909
         ]
      }
   ]
}