{
   "i": [
      {
         "0": [
            0.49668213725090027,
            0.8268682956695557,
            0
         ],
         "1": [
            0.41324692964553833,
            0.749030590057373,
            -0.023266499862074852
         ],
         "2": [
            0.3400014340877533,
            0.5878295302391052,
            -0.03387247398495674
         ],
         "3": [
            0.33059096336364746,
            0.4404100775718689,
            -0.04747699201107025
         ],
         "4": [
            0.3879757225513458,
            0.39475005865097046,
            -0.05158610641956329
         ],
         "5": [
            0.4183249771595001,
            0.38677579164505005,
            0.009863275103271008
         ],
         "6": [
            0.41929149627685547,
            0.2673671841621399,
            -0.018504921346902847
         ],
         "7": [
            0.41730618476867676,
            0.3935298025608063,
            -0.02146182209253311
         ],
         "8": [
            0.42026475071907043,
            0.49733084440231323,
            -0.01822727732360363
         ],
         "9": [
            0.4831015169620514,
            0.38621658086776733,
            0.0018584742210805416
         ],
         "10": [
            0.4800853133201599,
            0.291282594203949,
            -0.040869083255529404
         ],
         "11": [
            0.4709835350513458,
            0.4545949101448059,
            -0.04339563474059105
         ],
         "12": [
            0.4702354669570923,
            0.5540432333946228,
            -0.029846644029021263
         ],
         "13": [
            0.5413166284561157,
            0.40755799412727356,
            -0.014576268382370472
         ],
         "14": [
            0.5421571731567383,
            0.30556821823120117,
            -0.05391830950975418
         ],
         "15": [
            0.5245188474655151,
            0.4479525089263916,
            -0.038536880165338516
         ],
         "16": [
            0.5156993865966797,
            0.556170642375946,
            -0.013833573088049889
         ],
         "17": [
            0.5997999310493469,
            0.4421622157096863,
            -0.036260202527046204
         ],
         "18": [
            0.6131752729415894,
            0.2894715666770935,
            -0.060304101556539536
         ],
         "19": [
            0.6164785623550415,
            0.1971883773803711,
            -0.059249065816402435
         ],
         "20": [
            0.6162768006324768,
            0.10654377937316895,
            -0.047782398760318756
         ]
      }
   ]
}