{
   "i": [
      {
         "0": [
            0.5282282829284668,
            0.8966895341873169,
            0
         ],
         "1": [
            0.4373452961444855,
            0.852437436580658,
            -0.03584563359618187
         ],
         "2": [
            0.3476736545562744,
            0.690656304359436,
            -0.055457137525081635
         ],
         "3": [
            0.32126861810684204,
            0.5524070262908936,
            -0.07504026591777802
         ],
         "4": [
            0.38318461179733276,
            0.5162056684494019,
            -0.08315733075141907
         ],
         "5": [
            0.4156021773815155,
            0.4573027193546295,
            -0.011466062627732754
         ],
         "6": [
            0.4014991819858551,
            0.350329726934433,
            -0.050660692155361176
         ],
         "7": [
            0.4084794819355011,
            0.4801599383354187,
            -0.05647886544466019
         ],
         "8": [
            0.4230533540248871,
            0.5728248357772827,
            -0.05423674359917641
         ],
         "9": [
            0.48566484451293945,
            0.448221355676651,
            -0.015964504331350327
         ],
         "10": [
            0.466648131608963,
            0.3640000820159912,
            -0.06998838484287262
         ],
         "11": [
            0.4706108272075653,
            0.5491518378257751,
            -0.06919370591640472
         ],
         "12": [
            0.47870704531669617,
            0.616422712802887,
            -0.05162566155195236
         ],
         "13": [
            0.5465445518493652,
            0.46007758378982544,
            -0.030651848763227463
         ],
         "14": [
            0.5335751175880432,
            0.37870079278945923,
            -0.08100034296512604
         ],
         "15": [
            0.5233137607574463,
            0.5437672734260559,
            -0.06204160675406456
         ],
         "16": [
            0.5210232138633728,
            0.6412736773490906,
            -0.03215605765581131
         ],
         "17": [
            0.608444094657898,
            0.488029420375824,
            -0.05119993910193443
         ],
         "18": [
            0.6122767925262451,
            0.31663164496421814,
            -0.08253293484449387
         ],
         "19": [
            0.6130222678184509,
            0.21176418662071228,
            -0.0824761688709259
         ],
         "20": [
            0.6108582019805908,
            0.09721103310585022,
            -0.07010191679000854
         ]
      }
   ]
}