{
   "l": [
      {
         "0": [
            0.6471243500709534,
            0.8951736092567444,
            0
         ],
         "1": [
            0.5693563222885132,
            0.8292622566223145,
            -0.01661081798374653
         ],
         "2": [
            0.5059621930122375,
            0.71001797914505,
            -0.03733506426215172
         ],
         "3": [
            0.4503169655799866,
            0.6126358509063721,
            -0.06392951309680939
         ],
         "4": [
            0.4012121558189392,
            0.5486356616020203,
            -0.08752459287643433
         ],
         "5": [
            0.5541831851005554,
            0.5048530697822571,
            -0.015439635142683983
         ],
         "6": [
            0.5541581511497498,
            0.3318321108818054,
            -0.056759584695100784
         ],
         "7": [
            0.5628418326377869,
            0.23057183623313904,
            -0.08181149512529373
         ],
         "8": [
            0.5745366215705872,
            0.13620591163635254,
            -0.09820806980133057
         ],
         "9": [
            0.6145520806312561,
            0.5075019598007202,
            -0.0343928225338459
         ],
         "10": [
            0.6340416669845581,
            0.4218274652957916,
            -0.09340906888246536
         ],
         "11": [
            0.6257929801940918,
            0.5701714158058167,
            -0.09506586939096451
         ],
         "12": [
            0.6155275106430054,
            0.6407850384712219,
            -0.08038322627544403
         ],
         "13": [
            0.6715552806854248,
            0.5413486361503601,
            -0.05987321585416794
         ],
         "14": [
            0.6907855272293091,
            0.44850924611091614,
            -0.1160329207777977
         ],
         "15": [
            0.6728625297546387,
            0.5857229828834534,
            -0.0959799662232399
         ],
         "16": [
            0.6557390689849854,
            0.6519904136657715,
            -0.06918556243181229
         ],
         "17": [
            0.7228335738182068,
            0.598495364189148,
            -0.09020973742008209
         ],
         "18": [
            0.738297164440155,
            0.5386097431182861,
            -0.12157462537288666
         ],
         "19": [
            0.7190051078796387,
            0.6265320777893066,
            -0.10877729952335358
         ],
         "20": [
            0.6964019536972046,
            0.6683337092399597,
            -0.09106670320034027
         ]
      }
   ]
}