{
   "m": [
      {
         "0": [
            0.5506141185760498,
            0.7843060493469238,
            0
         ],
         "1": [
            0.45373380184173584,
            0.7239004373550415,
            -0.02838456816971302
         ],
         "2": [
            0.4131486415863037,
            0.513377845287323,
            -0.03684535250067711
         ],
         "3": [
            0.4668714702129364,
            0.353000283241272,
            -0.048308346420526505
         ],
         "4": [
            0.5351391434669495,
            0.26839616894721985,
            -0.05437342822551727
         ],
         "5": [
            0.4138895869255066,
            0.35664376616477966,
            -0.0013892820570617914
         ],
         "6": [
            0.39807090163230896,
            0.21330857276916504,
            -0.041667092591524124
         ],
         "7": [
            0.40645289421081543,
            0.341349720954895,
            -0.049005839973688126
         ],
         "8": [
            0.41662266850471497,
            0.45444580912590027,
            -0.04661012440919876
         ],
         "9": [
            0.4946785271167755,
            0.34015756845474243,
            -0.010007379576563835
         ],
         "10": [
            0.47645795345306396,
            0.18187858164310455,
            -0.057921502739191055
         ],
         "11": [
            0.47359591722488403,
            0.34660497307777405,
            -0.05643555894494057
         ],
         "12": [
            0.4785066246986389,
            0.46512097120285034,
            -0.040241796523332596
         ],
         "13": [
            0.5662736296653748,
            0.3637445867061615,
            -0.02985534816980362
         ],
         "14": [
            0.5505074262619019,
            0.2044259011745453,
            -0.08448654413223267
         ],
         "15": [
            0.5363911390304565,
            0.39236360788345337,
            -0.07144662737846375
         ],
         "16": [
            0.5348916053771973,
            0.5121760368347168,
            -0.04554873704910278
         ],
         "17": [
            0.6309036016464233,
            0.41723862290382385,
            -0.054676685482263565
         ],
         "18": [
            0.6008324027061462,
            0.3476872742176056,
            -0.09170398861169815
         ],
         "19": [
            0.5793121457099915,
            0.4848475754261017,
            -0.08478979766368866
         ],
         "20": [
            0.5723879337310791,
            0.5686508417129517,
            -0.06586675345897675
         ]
      }
   ]
}