{
   "m-DGS": [
      {
         "0": [
            0.610896646976471,
            0.2526750862598419,
            0
         ],
         "1": [
            0.5169920325279236,
            0.3122027516365051,
            -0.07226842641830444
         ],
         "2": [
            0.447131484746933,
            0.40391212701797485,
            -0.15978564321994781
         ],
         "3": [
            0.4402600824832916,
            0.5556767582893372,
            -0.23679210245609283
         ],
         "4": [
            0.4570900499820709,
            0.7060422897338867,
            -0.3095506727695465
         ],
         "5": [
            0.489253431558609,
            0.1297549605369568,
            -0.24114888906478882
         ],
         "6": [
            0.4654328525066376,
            0.3822612166404724,
            -0.348326176404953
         ],
         "7": [
            0.46767866611480713,
            0.5936549305915833,
            -0.40060776472091675
         ],
         "8": [
            0.47664186358451843,
            0.7574514150619507,
            -0.42870911955833435
         ],
         "9": [
            0.5752360224723816,
            0.1371631920337677,
            -0.25421929359436035
         ],
         "10": [
            0.5469497442245483,
            0.47892647981643677,
            -0.3722885549068451
         ],
         "11": [
            0.5364105105400085,
            0.7075427174568176,
            -0.3871017098426819
         ],
         "12": [
            0.5329710245132446,
            0.8700985312461853,
            -0.3955974578857422
         ],
         "13": [
            0.6469132900238037,
            0.18471865355968475,
            -0.2607544958591461
         ],
         "14": [
            0.6141147017478943,
            0.5251468420028687,
            -0.34549424052238464
         ],
         "15": [
            0.5919983386993408,
            0.7133644819259644,
            -0.31586799025535583
         ],
         "16": [
            0.576008141040802,
            0.8401694297790527,
            -0.2936483323574066
         ],
         "17": [
            0.7069522142410278,
            0.2580261826515198,
            -0.27273568511009216
         ],
         "18": [
            0.678796648979187,
            0.513342022895813,
            -0.3232745826244354
         ],
         "19": [
            0.6558924913406372,
            0.6612304449081421,
            -0.3032332956790924
         ],
         "20": [
            0.6354897618293762,
            0.7652877569198608,
            -0.2862417697906494
         ]
      }
   ]
}