{
   "o": [
      {
         "0": [
            0.45054516196250916,
            0.5249309539794922,
            0
         ],
         "1": [
            0.39063626527786255,
            0.5894074440002441,
            -0.07434976100921631
         ],
         "2": [
            0.3173857629299164,
            0.5789271593093872,
            -0.1435965895652771
         ],
         "3": [
            0.2600870132446289,
            0.6153528690338135,
            -0.20901623368263245
         ],
         "4": [
            0.22694091498851776,
            0.6445329189300537,
            -0.2741296887397766
         ],
         "5": [
            0.3003923296928406,
            0.2787511348724365,
            -0.1522715836763382
         ],
         "6": [
            0.2495565116405487,
            0.13608303666114807,
            -0.25024792551994324
         ],
         "7": [
            0.2364715039730072,
            0.2299196422100067,
            -0.2994402050971985
         ],
         "8": [
            0.24506895244121552,
            0.34540843963623047,
            -0.3253631293773651
         ],
         "9": [
            0.3709193468093872,
            0.2512577474117279,
            -0.1639062762260437
         ],
         "10": [
            0.34511110186576843,
            0.06059497594833374,
            -0.27678319811820984
         ],
         "11": [
            0.32883960008621216,
            0.18136577308177948,
            -0.3171984553337097
         ],
         "12": [
            0.32386791706085205,
            0.3049880564212799,
            -0.33005785942077637
         ],
         "13": [
            0.4417072534561157,
            0.27934029698371887,
            -0.18186859786510468
         ],
         "14": [
            0.43275052309036255,
            0.14255023002624512,
            -0.2904590666294098
         ],
         "15": [
            0.41768771409988403,
            0.28840669989585876,
            -0.3094419538974762
         ],
         "16": [
            0.40934789180755615,
            0.4029943346977234,
            -0.3039308190345764
         ],
         "17": [
            0.5071955323219299,
            0.3439173698425293,
            -0.20524004101753235
         ],
         "18": [
            0.5106579065322876,
            0.34996795654296875,
            -0.2849479019641876
         ],
         "19": [
            0.48853376507759094,
            0.46190768480300903,
            -0.3012773096561432
         ],
         "20": [
            0.4646390676498413,
            0.5353759527206421,
            -0.30005258321762085
         ]
      }
   ]
}