{
   "p": [
      {
         "0": [
            0.5677355527877808,
            0.4757302403450012,
            0
         ],
         "1": [
            0.4804651737213135,
            0.43998587131500244,
            -0.03140298277139664
         ],
         "2": [
            0.37067967653274536,
            0.3942693769931793,
            -0.09435948729515076
         ],
         "3": [
            0.2965652644634247,
            0.4189950227737427,
            -0.1518663763999939
         ],
         "4": [
            0.24303622543811798,
            0.4569777846336365,
            -0.20461615920066833
         ],
         "5": [
            0.4422371983528137,
            0.2322637289762497,
            -0.14162954688072205
         ],
         "6": [
            0.33965003490448,
            0.26201629638671875,
            -0.2022075057029724
         ],
         "7": [
            0.2572907507419586,
            0.2634236812591553,
            -0.23388144373893738
         ],
         "8": [
            0.1820436716079712,
            0.2996211647987366,
            -0.2517055869102478
         ],
         "9": [
            0.5309080481529236,
            0.22934794425964355,
            -0.15198682248592377
         ],
         "10": [
            0.42054060101509094,
            0.6233391761779785,
            -0.19967840611934662
         ],
         "11": [
            0.3741239309310913,
            0.7253072261810303,
            -0.18799637258052826
         ],
         "12": [
            0.35887059569358826,
            0.8192416429519653,
            -0.18618987500667572
         ],
         "13": [
            0.6063355207443237,
            0.3109074831008911,
            -0.15716545283794403
         ],
         "14": [
            0.5061467885971069,
            0.645634114742279,
            -0.18173381686210632
         ],
         "15": [
            0.47876372933387756,
            0.6334472894668579,
            -0.1488555520772934
         ],
         "16": [
            0.4713429808616638,
            0.609649658203125,
            -0.1374143809080124
         ],
         "17": [
            0.6610851287841797,
            0.3990875780582428,
            -0.1658366471529007
         ],
         "18": [
            0.5756115913391113,
            0.6463202238082886,
            -0.16511404514312744
         ],
         "19": [
            0.5526238679885864,
            0.6315768957138062,
            -0.13970261812210083
         ],
         "20": [
            0.547179102897644,
            0.5799578428268433,
            -0.13127228617668152
         ]
      }
   ]
}