{
   "p": [
      {
         "0": [
            0.5604066252708435,
            0.42860662937164307,
            0
         ],
         "1": [
            0.47661155462265015,
            0.3801889717578888,
            -0.036050766706466675
         ],
         "2": [
            0.38412371277809143,
            0.3150206208229065,
            -0.10146859288215637
         ],
         "3": [
            0.3272145986557007,
            0.2949597239494324,
            -0.15948012471199036
         ],
         "4": [
            0.27762120962142944,
            0.27938976883888245,
            -0.21408529579639435
         ],
         "5": [
            0.4611963629722595,
            0.21756590902805328,
            -0.16226714849472046
         ],
         "6": [
            0.36947086453437805,
            0.2752821743488312,
            -0.2277107834815979
         ],
         "7": [
            0.30316251516342163,
            0.29232490062713623,
            -0.2601229250431061
         ],
         "8": [
            0.24044281244277954,
            0.33552300930023193,
            -0.2778773605823517
         ],
         "9": [
            0.5353066921234131,
            0.226351797580719,
            -0.172589510679245
         ],
         "10": [
            0.42610540986061096,
            0.5699557662010193,
            -0.23576219379901886
         ],
         "11": [
            0.37886255979537964,
            0.6689786911010742,
            -0.23080748319625854
         ],
         "12": [
            0.3587929904460907,
            0.7653934955596924,
            -0.2299816906452179
         ],
         "13": [
            0.5983321666717529,
            0.2900184392929077,
            -0.1765119880437851
         ],
         "14": [
            0.49659040570259094,
            0.5733343958854675,
            -0.21387885510921478
         ],
         "15": [
            0.4662240743637085,
            0.5642780065536499,
            -0.18456341326236725
         ],
         "16": [
            0.45371752977371216,
            0.5544925332069397,
            -0.1719701588153839
         ],
         "17": [
            0.6429125666618347,
            0.3516685664653778,
            -0.18342795968055725
         ],
         "18": [
            0.5584770441055298,
            0.5686904191970825,
            -0.1947825402021408
         ],
         "19": [
            0.5317246913909912,
            0.5691307783126831,
            -0.17269273102283478
         ],
         "20": [
            0.519599974155426,
            0.537108838558197,
            -0.16329939663410187
         ]
      }
   ]
}