{
   "p": [
      {
         "0": [
            0.5417013764381409,
            0.40149104595184326,
            0
         ],
         "1": [
            0.4642934203147888,
            0.38366785645484924,
            -0.0644904375076294
         ],
         "2": [
            0.38162094354629517,
            0.37237006425857544,
            -0.15065915882587433
         ],
         "3": [
            0.3327953815460205,
            0.446890652179718,
            -0.22133632004261017
         ],
         "4": [
            0.28517448902130127,
            0.5254366397857666,
            -0.2880540192127228
         ],
         "5": [
            0.4254814088344574,
            0.20196639001369476,
            -0.2332148551940918
         ],
         "6": [
            0.3570268154144287,
            0.2188548743724823,
            -0.3363599479198456
         ],
         "7": [
            0.2950766086578369,
            0.23471197485923767,
            -0.392584890127182
         ],
         "8": [
            0.23313936591148376,
            0.26158809661865234,
            -0.42287513613700867
         ],
         "9": [
            0.5101998448371887,
            0.21945302188396454,
            -0.23262092471122742
         ],
         "10": [
            0.4511012136936188,
            0.5342621803283691,
            -0.31992802023887634
         ],
         "11": [
            0.4192204177379608,
            0.6767131090164185,
            -0.3131968379020691
         ],
         "12": [
            0.40345245599746704,
            0.791344404220581,
            -0.3100292384624481
         ],
         "13": [
            0.5825507640838623,
            0.30327925086021423,
            -0.22846344113349915
         ],
         "14": [
            0.521271824836731,
            0.5631057024002075,
            -0.28983575105667114
         ],
         "15": [
            0.4813081920146942,
            0.5859659910202026,
            -0.2579617500305176
         ],
         "16": [
            0.4553671181201935,
            0.5793156027793884,
            -0.23994599282741547
         ],
         "17": [
            0.6327745914459229,
            0.3888317346572876,
            -0.2286614179611206
         ],
         "18": [
            0.5715110301971436,
            0.6143754124641418,
            -0.25815972685813904
         ],
         "19": [
            0.5383020639419556,
            0.6581040024757385,
            -0.23836220800876617
         ],
         "20": [
            0.5134176015853882,
            0.6448413133621216,
            -0.22806748747825623
         ]
      }
   ]
}