{
   "q": [
      {
         "0": [
            0.5975342392921448,
            0.520850419998169,
            0
         ],
         "1": [
            0.5058421492576599,
            0.4785831868648529,
            -0.035979900509119034
         ],
         "2": [
            0.4175185263156891,
            0.4640710949897766,
            -0.09663652628660202
         ],
         "3": [
            0.36959123611450195,
            0.5530569553375244,
            -0.1539917290210724
         ],
         "4": [
            0.3328080475330353,
            0.7075713872909546,
            -0.2070382833480835
         ],
         "5": [
            0.5407227873802185,
            0.2899134159088135,
            -0.12164899706840515
         ],
         "6": [
            0.4355560541152954,
            0.4888283908367157,
            -0.1866702139377594
         ],
         "7": [
            0.42281317710876465,
            0.49998119473457336,
            -0.2216988503932953
         ],
         "8": [
            0.4258970618247986,
            0.4753371477127075,
            -0.24038825929164886
         ],
         "9": [
            0.6191235780715942,
            0.36054274439811707,
            -0.139107346534729
         ],
         "10": [
            0.4955780804157257,
            0.5882378220558167,
            -0.1958470493555069
         ],
         "11": [
            0.5073941349983215,
            0.5113723874092102,
            -0.20077118277549744
         ],
         "12": [
            0.5313183069229126,
            0.4270588159561157,
            -0.21196246147155762
         ],
         "13": [
            0.6626689434051514,
            0.4654177725315094,
            -0.15287259221076965
         ],
         "14": [
            0.5396018624305725,
            0.676850438117981,
            -0.18409621715545654
         ],
         "15": [
            0.5583418607711792,
            0.6016008853912354,
            -0.16193751990795135
         ],
         "16": [
            0.5866379737854004,
            0.5118862986564636,
            -0.15264877676963806
         ],
         "17": [
            0.687709391117096,
            0.5714322328567505,
            -0.17133818566799164
         ],
         "18": [
            0.5980088710784912,
            0.7296502590179443,
            -0.1736883521080017
         ],
         "19": [
            0.606191873550415,
            0.6628531217575073,
            -0.15522275865077972
         ],
         "20": [
            0.6288644671440125,
            0.5808159112930298,
            -0.14929139614105225
         ]
      }
   ]
}