{
   "sch": [
      {
         "0": [
            0.47605836391448975,
            0.8523777723312378,
            0
         ],
         "1": [
            0.40091973543167114,
            0.7851138114929199,
            -0.030451210215687752
         ],
         "2": [
            0.3456650376319885,
            0.6571625471115112,
            -0.054020173847675323
         ],
         "3": [
            0.30356186628341675,
            0.5456293821334839,
            -0.07898196578025818
         ],
         "4": [
            0.24814873933792114,
            0.4742412865161896,
            -0.10558239370584488
         ],
         "5": [
            0.42720532417297363,
            0.47262394428253174,
            -0.031789425760507584
         ],
         "6": [
            0.4131675958633423,
            0.30945879220962524,
            -0.05991923809051514
         ],
         "7": [
            0.40584176778793335,
            0.20548367500305176,
            -0.08253233879804611
         ],
         "8": [
            0.40412142872810364,
            0.11356121301651001,
            -0.09995643049478531
         ],
         "9": [
            0.4820288419723511,
            0.4653482437133789,
            -0.04260438308119774
         ],
         "10": [
            0.49167776107788086,
            0.2960537075996399,
            -0.06718382984399796
         ],
         "11": [
            0.4993496239185333,
            0.19489997625350952,
            -0.08821292221546173
         ],
         "12": [
            0.5108553171157837,
            0.1075097918510437,
            -0.10623785853385925
         ],
         "13": [
            0.5296624302864075,
            0.4981701672077179,
            -0.05817136541008949
         ],
         "14": [
            0.5586363673210144,
            0.34773528575897217,
            -0.08843140304088593
         ],
         "15": [
            0.575972855091095,
            0.2558560073375702,
            -0.11169994622468948
         ],
         "16": [
            0.5906980633735657,
            0.17598646879196167,
            -0.1283593624830246
         ],
         "17": [
            0.5700116157531738,
            0.5651800036430359,
            -0.07717947661876678
         ],
         "18": [
            0.6173731088638306,
            0.4767689108848572,
            -0.10405300557613373
         ],
         "19": [
            0.6502564549446106,
            0.4244117736816406,
            -0.11940150707960129
         ],
         "20": [
            0.6778131127357483,
            0.3780418932437897,
            -0.13065344095230103
         ]
      }
   ]
}