{
   "u": [
      {
         "0": [
            0.4719577431678772,
            0.8475039601325989,
            0
         ],
         "1": [
            0.41082698106765747,
            0.775694727897644,
            -0.015104824677109718
         ],
         "2": [
            0.3824281096458435,
            0.6572810411453247,
            -0.02914375811815262
         ],
         "3": [
            0.39832770824432373,
            0.554815948009491,
            -0.05054576322436333
         ],
         "4": [
            0.4367285668849945,
            0.4941519498825073,
            -0.07074163109064102
         ],
         "5": [
            0.4216423034667969,
            0.4551134705543518,
            0.0062200459651649
         ],
         "6": [
            0.4234970211982727,
            0.31163349747657776,
            -0.017152460291981697
         ],
         "7": [
            0.4258183538913727,
            0.22288891673088074,
            -0.031219443306326866
         ],
         "8": [
            0.43259817361831665,
            0.14218765497207642,
            -0.041569825261831284
         ],
         "9": [
            0.4668334722518921,
            0.4512125849723816,
            -0.014515778981149197
         ],
         "10": [
            0.4725585877895355,
            0.2739798426628113,
            -0.037306252866983414
         ],
         "11": [
            0.462727427482605,
            0.16901710629463196,
            -0.05144336074590683
         ],
         "12": [
            0.45935264229774475,
            0.08307790756225586,
            -0.060924191027879715
         ],
         "13": [
            0.5083982348442078,
            0.4845627248287201,
            -0.04215887188911438
         ],
         "14": [
            0.5128915905952454,
            0.33805572986602783,
            -0.06928304582834244
         ],
         "15": [
            0.48133447766304016,
            0.4094984531402588,
            -0.06563656032085419
         ],
         "16": [
            0.4641956686973572,
            0.48361650109291077,
            -0.057389914989471436
         ],
         "17": [
            0.5479256510734558,
            0.5438956618309021,
            -0.07522960007190704
         ],
         "18": [
            0.5440161824226379,
            0.4288500249385834,
            -0.09531326591968536
         ],
         "19": [
            0.5135113596916199,
            0.4695774018764496,
            -0.09222779422998428
         ],
         "20": [
            0.4911729693412781,
            0.5344179272651672,
            -0.08515924215316772
         ]
      }
   ]
}