{
   "x": [
      {
         "0": [
            0.4953455924987793,
            0.7762147188186646,
            0
         ],
         "1": [
            0.44158056378364563,
            0.728519082069397,
            -0.04720878601074219
         ],
         "2": [
            0.41977208852767944,
            0.6134437918663025,
            -0.07668916136026382
         ],
         "3": [
            0.4620550274848938,
            0.5227525234222412,
            -0.10426110029220581
         ],
         "4": [
            0.5110152363777161,
            0.48023897409439087,
            -0.12686105072498322
         ],
         "5": [
            0.43709737062454224,
            0.3891567885875702,
            -0.03445236757397652
         ],
         "6": [
            0.4546068608760834,
            0.2628687024116516,
            -0.07844693213701248
         ],
         "7": [
            0.4710547626018524,
            0.18002742528915405,
            -0.1045624315738678
         ],
         "8": [
            0.48965078592300415,
            0.10857990384101868,
            -0.12013128399848938
         ],
         "9": [
            0.49727582931518555,
            0.40274715423583984,
            -0.035230811685323715
         ],
         "10": [
            0.5156787037849426,
            0.356160432100296,
            -0.09009845554828644
         ],
         "11": [
            0.4961169362068176,
            0.4896249771118164,
            -0.09336290508508682
         ],
         "12": [
            0.4884193241596222,
            0.5240368843078613,
            -0.08100826293230057
         ],
         "13": [
            0.5452540516853333,
            0.4502514898777008,
            -0.04585278779268265
         ],
         "14": [
            0.5644751191139221,
            0.437652051448822,
            -0.09702911972999573
         ],
         "15": [
            0.5309498310089111,
            0.5436294674873352,
            -0.08693447709083557
         ],
         "16": [
            0.5180183053016663,
            0.5604121088981628,
            -0.06714696437120438
         ],
         "17": [
            0.5857720375061035,
            0.5158777832984924,
            -0.06343052536249161
         ],
         "18": [
            0.6004433035850525,
            0.4936380684375763,
            -0.09260956943035126
         ],
         "19": [
            0.568964421749115,
            0.5601527094841003,
            -0.0877380222082138
         ],
         "20": [
            0.5523042678833008,
            0.5707103610038757,
            -0.07553406059741974
         ]
      }
   ]
}