{
   "y": [
      {
         "0": [
            0.5574666261672974,
            0.9511992335319519,
            0
         ],
         "1": [
            0.4842807352542877,
            0.933695912361145,
            -0.04432893916964531
         ],
         "2": [
            0.41207021474838257,
            0.8290603756904602,
            -0.07561243325471878
         ],
         "3": [
            0.3488849401473999,
            0.7373543381690979,
            -0.10589834302663803
         ],
         "4": [
            0.28453755378723145,
            0.694947361946106,
            -0.1317846029996872
         ],
         "5": [
            0.45213058590888977,
            0.6194996237754822,
            -0.047679830342531204
         ],
         "6": [
            0.443233847618103,
            0.4611477255821228,
            -0.09387606382369995
         ],
         "7": [
            0.4411630630493164,
            0.36716514825820923,
            -0.12073434144258499
         ],
         "8": [
            0.4446311593055725,
            0.27171820402145386,
            -0.13771900534629822
         ],
         "9": [
            0.5084068775177002,
            0.6039888262748718,
            -0.04967501759529114
         ],
         "10": [
            0.5275424718856812,
            0.5583138465881348,
            -0.10794468224048615
         ],
         "11": [
            0.5233559608459473,
            0.7026265263557434,
            -0.10937712341547012
         ],
         "12": [
            0.5117849707603455,
            0.7342265844345093,
            -0.09725254029035568
         ],
         "13": [
            0.564069390296936,
            0.619763970375061,
            -0.05954863503575325
         ],
         "14": [
            0.5810983777046204,
            0.5907249450683594,
            -0.11664164811372757
         ],
         "15": [
            0.5674195289611816,
            0.7178124189376831,
            -0.10195912420749664
         ],
         "16": [
            0.5514575839042664,
            0.7517691254615784,
            -0.0792447030544281
         ],
         "17": [
            0.6128342151641846,
            0.6541169285774231,
            -0.07576590776443481
         ],
         "18": [
            0.6323703527450562,
            0.6145745515823364,
            -0.10722846537828445
         ],
         "19": [
            0.613446831703186,
            0.7016823887825012,
            -0.09878730028867722
         ],
         "20": [
            0.5923851132392883,
            0.7332111597061157,
            -0.08466751128435135
         ]
      }
   ]
}