{
   "b": [
      {
         "0": [
            0.31874147057533264,
            0.8778459429740906,
            3.024718466804188e-7
         ],
         "1": [
            0.37625542283058167,
            0.8224717974662781,
            -0.015720168128609657
         ],
         "2": [
            0.40781599283218384,
            0.7041563391685486,
            -0.010680641047656536
         ],
         "3": [
            0.4191358685493469,
            0.6082433462142944,
            -0.005655907094478607
         ],
         "4": [
            0.41715383529663086,
            0.5391804575920105,
            0.0006767857703380287
         ],
         "5": [
            0.38061532378196716,
            0.6056565046310425,
            0.01770244725048542
         ],
         "6": [
            0.39466580748558044,
            0.5046327710151672,
            0.012514989823102951
         ],
         "7": [
            0.4004617929458618,
            0.44255077838897705,
            0.0036045932210981846
         ],
         "8": [
            0.40325117111206055,
            0.38973268866539,
            -0.003444334026426077
         ],
         "9": [
            0.3543875515460968,
            0.5931015014648438,
            0.01819555275142193
         ],
         "10": [
            0.36786457896232605,
            0.4844648241996765,
            0.014280303381383419
         ],
         "11": [
            0.37602996826171875,
            0.4150492548942566,
            0.00465737096965313
         ],
         "12": [
            0.3825201392173767,
            0.3576318919658661,
            -0.0026331772096455097
         ],
         "13": [
            0.32701733708381653,
            0.5964515209197998,
            0.013777336105704308
         ],
         "14": [
            0.33989161252975464,
            0.4914886951446533,
            0.007159875240176916
         ],
         "15": [
            0.35082876682281494,
            0.427701473236084,
            -0.0009985363576561213
         ],
         "16": [
            0.3604739308357239,
            0.3759535849094391,
            -0.006686495151370764
         ],
         "17": [
            0.29605185985565186,
            0.612629771232605,
            0.00681470287963748
         ],
         "18": [
            0.3036556839942932,
            0.5324932932853699,
            -0.00042160425800830126
         ],
         "19": [
            0.31212297081947327,
            0.48084086179733276,
            -0.004181525204330683
         ],
         "20": [
            0.3219521641731262,
            0.43470221757888794,
            -0.006686495151370764
         ]
      }
   ]
}