{
   "b": [
      {
         "0": [
            0.25725969672203064,
            0.8739153146743774,
            3.7306884337340307e-7
         ],
         "1": [
            0.3205873966217041,
            0.7902318835258484,
            -0.017661679536104202
         ],
         "2": [
            0.3530679941177368,
            0.6571599245071411,
            -0.01337289810180664
         ],
         "3": [
            0.36247366666793823,
            0.5468276739120483,
            -0.00943869911134243
         ],
         "4": [
            0.3509156107902527,
            0.4681560695171356,
            -0.004480145871639252
         ],
         "5": [
            0.3163999021053314,
            0.5543919801712036,
            0.02057715132832527
         ],
         "6": [
            0.3273286819458008,
            0.4385204613208771,
            0.012731269001960754
         ],
         "7": [
            0.3298625946044922,
            0.36701133847236633,
            0.0003781529958359897
         ],
         "8": [
            0.3296988308429718,
            0.30434224009513855,
            -0.009174169041216373
         ],
         "9": [
            0.2842057943344116,
            0.5456719398498535,
            0.020442072302103043
         ],
         "10": [
            0.29506075382232666,
            0.42094457149505615,
            0.014611130580306053
         ],
         "11": [
            0.29951906204223633,
            0.3394641578197479,
            0.0017926213331520557
         ],
         "12": [
            0.30260834097862244,
            0.2714923918247223,
            -0.007919051684439182
         ],
         "13": [
            0.2510766386985779,
            0.5569512844085693,
            0.014701182954013348
         ],
         "14": [
            0.2616610825061798,
            0.4368234872817993,
            0.005943510215729475
         ],
         "15": [
            0.2705201804637909,
            0.36154305934906006,
            -0.004041136708110571
         ],
         "16": [
            0.2786021828651428,
            0.2996814250946045,
            -0.010930204764008522
         ],
         "17": [
            0.21427743136882782,
            0.5845867991447449,
            0.006185528356581926
         ],
         "18": [
            0.22016459703445435,
            0.49377238750457764,
            -0.0029914542101323605
         ],
         "19": [
            0.22787506878376007,
            0.4344025254249573,
            -0.007114201784133911
         ],
         "20": [
            0.23696467280387878,
            0.3807552456855774,
            -0.009680717252194881
         ]
      }
   ]
}