{
   "b": [
      {
         "0": [
            0.40029507875442505,
            0.8882845640182495,
            3.313643901492469e-7
         ],
         "1": [
            0.4643678665161133,
            0.8183110952377319,
            -0.01857069693505764
         ],
         "2": [
            0.49300703406333923,
            0.6670467853546143,
            -0.011988235637545586
         ],
         "3": [
            0.49507424235343933,
            0.5534181594848633,
            -0.00514655327424407
         ],
         "4": [
            0.4888017773628235,
            0.4785146117210388,
            0.003672780469059944
         ],
         "5": [
            0.4518575370311737,
            0.5512814521789551,
            0.020143497735261917
         ],
         "6": [
            0.45929619669914246,
            0.43067073822021484,
            0.014877529814839363
         ],
         "7": [
            0.4619883894920349,
            0.3588196039199829,
            0.005434900056570768
         ],
         "8": [
            0.4626442492008209,
            0.2983279526233673,
            -0.0022426971700042486
         ],
         "9": [
            0.41981077194213867,
            0.5430063009262085,
            0.02072601579129696
         ],
         "10": [
            0.4283689260482788,
            0.41379785537719727,
            0.01707945019006729
         ],
         "11": [
            0.4342883229255676,
            0.33321860432624817,
            0.007246532943099737
         ],
         "12": [
            0.43920597434043884,
            0.26673394441604614,
            -0.00025121119688265026
         ],
         "13": [
            0.3885382115840912,
            0.5517027378082275,
            0.015494998544454575
         ],
         "14": [
            0.39694154262542725,
            0.42753833532333374,
            0.008813507854938507
         ],
         "15": [
            0.40561893582344055,
            0.3509588837623596,
            0.00011868820001836866
         ],
         "16": [
            0.4135066568851471,
            0.2874464690685272,
            -0.006104796193540096
         ],
         "17": [
            0.35499003529548645,
            0.5757184624671936,
            0.007159155327826738
         ],
         "18": [
            0.35858872532844543,
            0.4789395034313202,
            -0.0001579171948833391
         ],
         "19": [
            0.36457759141921997,
            0.4170660972595215,
            -0.00395530229434371
         ],
         "20": [
            0.3726835250854492,
            0.35987088084220886,
            -0.006739742122590542
         ]
      }
   ]
}