{
   "c": [
      {
         "0": [
            0.28162962198257446,
            0.8313024044036865,
            4.955895178682113e-7
         ],
         "1": [
            0.33288469910621643,
            0.8143768310546875,
            -0.03131977468729019
         ],
         "2": [
            0.37488752603530884,
            0.7930212616920471,
            -0.05249124765396118
         ],
         "3": [
            0.40381887555122375,
            0.7894922494888306,
            -0.0729190856218338
         ],
         "4": [
            0.4317733347415924,
            0.777260959148407,
            -0.09282201528549194
         ],
         "5": [
            0.3990819454193115,
            0.5617480874061584,
            -0.017748603597283363
         ],
         "6": [
            0.4191564917564392,
            0.45861053466796875,
            -0.03820924833416939
         ],
         "7": [
            0.4342672526836395,
            0.4060285687446594,
            -0.05940259248018265
         ],
         "8": [
            0.45396068692207336,
            0.3599522113800049,
            -0.07558739185333252
         ],
         "9": [
            0.3650384545326233,
            0.535807192325592,
            -0.019104624167084694
         ],
         "10": [
            0.38825559616088867,
            0.428239643573761,
            -0.03516913205385208
         ],
         "11": [
            0.4043116867542267,
            0.3734371066093445,
            -0.055028319358825684
         ],
         "12": [
            0.4274401068687439,
            0.33017808198928833,
            -0.07165054976940155
         ],
         "13": [
            0.328110009431839,
            0.5338029861450195,
            -0.02534889616072178
         ],
         "14": [
            0.35312920808792114,
            0.43093276023864746,
            -0.0403745137155056
         ],
         "15": [
            0.37040406465530396,
            0.37680989503860474,
            -0.055990658700466156
         ],
         "16": [
            0.39333489537239075,
            0.3370041847229004,
            -0.0680636465549469
         ],
         "17": [
            0.28649449348449707,
            0.5510381460189819,
            -0.03525662049651146
         ],
         "18": [
            0.30589714646339417,
            0.4640554189682007,
            -0.04890434071421623
         ],
         "19": [
            0.32368573546409607,
            0.41640156507492065,
            -0.05765288323163986
         ],
         "20": [
            0.3488422930240631,
            0.37538987398147583,
            -0.06438925862312317
         ]
      }
   ]
}