{
   "d": [
      {
         "0": [
            0.2644457519054413,
            0.8191846013069153,
            1.4302322881576401e-7
         ],
         "1": [
            0.3036077618598938,
            0.7731381058692932,
            -0.023013651371002197
         ],
         "2": [
            0.3267435133457184,
            0.6941352486610413,
            -0.033486258238554
         ],
         "3": [
            0.3281855583190918,
            0.6172990798950195,
            -0.04431292042136192
         ],
         "4": [
            0.31507882475852966,
            0.5495291948318481,
            -0.054151952266693115
         ],
         "5": [
            0.3290215730667114,
            0.5658003091812134,
            -0.006219275761395693
         ],
         "6": [
            0.337230384349823,
            0.4573943614959717,
            -0.017712125554680824
         ],
         "7": [
            0.337776243686676,
            0.3886951804161072,
            -0.028622644022107124
         ],
         "8": [
            0.3352494537830353,
            0.3322531282901764,
            -0.03749268129467964
         ],
         "9": [
            0.3005301058292389,
            0.5603463649749756,
            -0.006284496746957302
         ],
         "10": [
            0.30599117279052734,
            0.4540008306503296,
            -0.030001599341630936
         ],
         "11": [
            0.3164348304271698,
            0.48556768894195557,
            -0.04654906690120697
         ],
         "12": [
            0.3215283453464508,
            0.5351084470748901,
            -0.052363041788339615
         ],
         "13": [
            0.27247345447540283,
            0.5719384551048279,
            -0.008800159208476543
         ],
         "14": [
            0.2761993408203125,
            0.4718245267868042,
            -0.029610274359583855
         ],
         "15": [
            0.2917335033416748,
            0.49777713418006897,
            -0.03820079565048218
         ],
         "16": [
            0.300269216299057,
            0.549943745136261,
            -0.03872256353497505
         ],
         "17": [
            0.24459093809127808,
            0.594551146030426,
            -0.013640478253364563
         ],
         "18": [
            0.24773944914340973,
            0.5151912569999695,
            -0.028827624395489693
         ],
         "19": [
            0.2639664113521576,
            0.515188455581665,
            -0.033821675926446915
         ],
         "20": [
            0.2764636278152466,
            0.5443859696388245,
            -0.0340825617313385
         ]
      }
   ]
}