{
   "e": [
      {
         "0": [
            0.2926396131515503,
            0.8263131380081177,
            8.784227389924126e-8
         ],
         "1": [
            0.3549942672252655,
            0.7907233834266663,
            -0.04187017306685448
         ],
         "2": [
            0.4019206762313843,
            0.6824381947517395,
            -0.061372388154268265
         ],
         "3": [
            0.37092190980911255,
            0.6038418412208557,
            -0.08084924519062042
         ],
         "4": [
            0.3165358901023865,
            0.5562523603439331,
            -0.09951455891132355
         ],
         "5": [
            0.3667275309562683,
            0.48091185092926025,
            -0.018728721886873245
         ],
         "6": [
            0.36113327741622925,
            0.3261900246143341,
            -0.05548875406384468
         ],
         "7": [
            0.3667556047439575,
            0.317344069480896,
            -0.09190642088651657
         ],
         "8": [
            0.3704570531845093,
            0.3835468888282776,
            -0.11158615350723267
         ],
         "9": [
            0.3205479681491852,
            0.4765620231628418,
            -0.016306795179843903
         ],
         "10": [
            0.31504198908805847,
            0.3054507374763489,
            -0.04947831481695175
         ],
         "11": [
            0.3185742199420929,
            0.3132658004760742,
            -0.09200785309076309
         ],
         "12": [
            0.3219444453716278,
            0.38464462757110596,
            -0.11888998001813889
         ],
         "13": [
            0.28054356575012207,
            0.4919694662094116,
            -0.019654380157589912
         ],
         "14": [
            0.27633094787597656,
            0.3400123715400696,
            -0.04843853786587715
         ],
         "15": [
            0.28231287002563477,
            0.33772486448287964,
            -0.08632710576057434
         ],
         "16": [
            0.2858591377735138,
            0.4141407310962677,
            -0.1088472306728363
         ],
         "17": [
            0.24006879329681396,
            0.5277543663978577,
            -0.0264509916305542
         ],
         "18": [
            0.24219617247581482,
            0.40586477518081665,
            -0.04919935017824173
         ],
         "19": [
            0.2517477869987488,
            0.3938148319721222,
            -0.07040072232484818
         ],
         "20": [
            0.2591628134250641,
            0.4453153908252716,
            -0.08409538865089417
         ]
      }
   ]
}