{
   "e": [
      {
         "0": [
            0.19425040483474731,
            0.8848572969436646,
            1.0387253013277586e-7
         ],
         "1": [
            0.2667158544063568,
            0.840377926826477,
            -0.038132231682538986
         ],
         "2": [
            0.33328625559806824,
            0.7250800132751465,
            -0.051231712102890015
         ],
         "3": [
            0.32462918758392334,
            0.6066308617591858,
            -0.06443967670202255
         ],
         "4": [
            0.2661486864089966,
            0.5588200688362122,
            -0.0765356719493866
         ],
         "5": [
            0.30297884345054626,
            0.5281615257263184,
            -0.0006517533329315484
         ],
         "6": [
            0.315203994512558,
            0.3826470673084259,
            -0.02842288464307785
         ],
         "7": [
            0.3240939974784851,
            0.3747209906578064,
            -0.060751210898160934
         ],
         "8": [
            0.32479164004325867,
            0.4328565001487732,
            -0.07957322895526886
         ],
         "9": [
            0.2586195468902588,
            0.512374758720398,
            0.002510394435375929
         ],
         "10": [
            0.2695378065109253,
            0.3456822335720062,
            -0.02249693125486374
         ],
         "11": [
            0.278232216835022,
            0.3561346232891083,
            -0.06183605268597603
         ],
         "12": [
            0.2800601124763489,
            0.42626529932022095,
            -0.08749258518218994
         ],
         "13": [
            0.21704831719398499,
            0.5176341533660889,
            -0.00022353697568178177
         ],
         "14": [
            0.2260960042476654,
            0.3654493987560272,
            -0.023256322368979454
         ],
         "15": [
            0.23993273079395294,
            0.3583865165710449,
            -0.06010030582547188
         ],
         "16": [
            0.2433585524559021,
            0.4368854761123657,
            -0.08250231295824051
         ],
         "17": [
            0.17128130793571472,
            0.5422439575195312,
            -0.006454815622419119
         ],
         "18": [
            0.1840464472770691,
            0.41812074184417725,
            -0.025195477530360222
         ],
         "19": [
            0.20118927955627441,
            0.3976897597312927,
            -0.04700081795454025
         ],
         "20": [
            0.21279269456863403,
            0.4458003044128418,
            -0.061673328280448914
         ]
      }
   ]
}