{
   "e": [
      {
         "0": [
            0.22079578042030334,
            0.819309413433075,
            7.6038013219204e-8
         ],
         "1": [
            0.305474191904068,
            0.8118113279342651,
            -0.03379075974225998
         ],
         "2": [
            0.3823865056037903,
            0.702836275100708,
            -0.04678074270486832
         ],
         "3": [
            0.3958675265312195,
            0.5823941230773926,
            -0.06091855466365814
         ],
         "4": [
            0.3320218622684479,
            0.5546779632568359,
            -0.07418849319219589
         ],
         "5": [
            0.35644835233688354,
            0.4667428433895111,
            -0.008244721218943596
         ],
         "6": [
            0.37561261653900146,
            0.31178534030914307,
            -0.03958585858345032
         ],
         "7": [
            0.38983407616615295,
            0.3166224956512451,
            -0.07211681455373764
         ],
         "8": [
            0.385642945766449,
            0.3955691456794739,
            -0.08969809114933014
         ],
         "9": [
            0.31382307410240173,
            0.4487963914871216,
            -0.007761796470731497
         ],
         "10": [
            0.3313928246498108,
            0.2760067880153656,
            -0.03334282711148262
         ],
         "11": [
            0.34594500064849854,
            0.3015337586402893,
            -0.06321419775485992
         ],
         "12": [
            0.3430599570274353,
            0.38562285900115967,
            -0.08051551133394241
         ],
         "13": [
            0.27174389362335205,
            0.45308804512023926,
            -0.012919995933771133
         ],
         "14": [
            0.2877930998802185,
            0.2940487265586853,
            -0.03535851836204529
         ],
         "15": [
            0.30788955092430115,
            0.30608871579170227,
            -0.05795101076364517
         ],
         "16": [
            0.3054099977016449,
            0.3925623893737793,
            -0.06948522478342056
         ],
         "17": [
            0.22290146350860596,
            0.472718745470047,
            -0.022046580910682678
         ],
         "18": [
            0.2437276840209961,
            0.3443053960800171,
            -0.04325329139828682
         ],
         "19": [
            0.26665884256362915,
            0.34116119146347046,
            -0.05839894339442253
         ],
         "20": [
            0.2743030786514282,
            0.40062621235847473,
            -0.06629371643066406
         ]
      }
   ]
}