{
   "f": [
      {
         "0": [
            0.25992336869239807,
            0.8461024761199951,
            9.121752242435832e-8
         ],
         "1": [
            0.31355229020118713,
            0.8066385984420776,
            -0.015800630673766136
         ],
         "2": [
            0.3626719117164612,
            0.7463175654411316,
            -0.027031099423766136
         ],
         "3": [
            0.3984792232513428,
            0.6944657564163208,
            -0.04132639244198799
         ],
         "4": [
            0.4021057188510895,
            0.628875732421875,
            -0.05345573276281357
         ],
         "5": [
            0.35324811935424805,
            0.5918545126914978,
            -0.0006179736228659749
         ],
         "6": [
            0.3833582401275635,
            0.5276111960411072,
            -0.03307410702109337
         ],
         "7": [
            0.38997533917427063,
            0.5641199946403503,
            -0.06125316396355629
         ],
         "8": [
            0.3858908712863922,
            0.6133890748023987,
            -0.07463875412940979
         ],
         "9": [
            0.3248407542705536,
            0.5590006709098816,
            -0.008999536745250225
         ],
         "10": [
            0.34011974930763245,
            0.42937591671943665,
            -0.02460523135960102
         ],
         "11": [
            0.34069448709487915,
            0.3457176685333252,
            -0.04243103042244911
         ],
         "12": [
            0.3366817533969879,
            0.27099165320396423,
            -0.05536177009344101
         ],
         "13": [
            0.29339319467544556,
            0.5564533472061157,
            -0.02302408404648304
         ],
         "14": [
            0.3054255247116089,
            0.43513399362564087,
            -0.036431338638067245
         ],
         "15": [
            0.3112640082836151,
            0.35529208183288574,
            -0.047521017491817474
         ],
         "16": [
            0.3144477903842926,
            0.283784955739975,
            -0.05510185286402702
         ],
         "17": [
            0.259342223405838,
            0.5770677924156189,
            -0.03983188420534134
         ],
         "18": [
            0.26814377307891846,
            0.4816531538963318,
            -0.04795420542359352
         ],
         "19": [
            0.2733631730079651,
            0.4169515371322632,
            -0.048300761729478836
         ],
         "20": [
            0.2779790163040161,
            0.3555430769920349,
            -0.04821412265300751
         ]
      }
   ]
}