{
   "f": [
      {
         "0": [
            0.2996520400047302,
            0.8485597968101501,
            6.788631168319625e-8
         ],
         "1": [
            0.3385944664478302,
            0.8104950189590454,
            -0.0434839203953743
         ],
         "2": [
            0.3647230863571167,
            0.7268332839012146,
            -0.06599719077348709
         ],
         "3": [
            0.3678038418292999,
            0.6463247537612915,
            -0.08638656139373779
         ],
         "4": [
            0.362125962972641,
            0.5678685307502747,
            -0.10284114629030228
         ],
         "5": [
            0.3847147524356842,
            0.5775408148765564,
            -0.022938044741749763
         ],
         "6": [
            0.3892139494419098,
            0.4940864145755768,
            -0.06228595972061157
         ],
         "7": [
            0.3737267851829529,
            0.5334969758987427,
            -0.09568697214126587
         ],
         "8": [
            0.3593679666519165,
            0.5860851407051086,
            -0.11330410838127136
         ],
         "9": [
            0.3518707752227783,
            0.5426549911499023,
            -0.01895854063332081
         ],
         "10": [
            0.3564557731151581,
            0.40932416915893555,
            -0.040286898612976074
         ],
         "11": [
            0.34929969906806946,
            0.32563772797584534,
            -0.06233067065477371
         ],
         "12": [
            0.3458970785140991,
            0.24618229269981384,
            -0.07891939580440521
         ],
         "13": [
            0.317943274974823,
            0.5394681692123413,
            -0.023318111896514893
         ],
         "14": [
            0.3237178921699524,
            0.4164125323295593,
            -0.043237991631031036
         ],
         "15": [
            0.32368502020835876,
            0.3322972059249878,
            -0.0597820021212101
         ],
         "16": [
            0.32641005516052246,
            0.2546602785587311,
            -0.07127337902784348
         ],
         "17": [
            0.2838149070739746,
            0.5612649321556091,
            -0.03261852636933327
         ],
         "18": [
            0.28803151845932007,
            0.46323615312576294,
            -0.04533952847123146
         ],
         "19": [
            0.2910177409648895,
            0.4002951979637146,
            -0.05070515349507332
         ],
         "20": [
            0.2957441806793213,
            0.3393934965133667,
            -0.05508708208799362
         ]
      }
   ]
}