{
   "g": [
      {
         "0": [
            0.22864000499248505,
            0.7756012082099915,
            8.538246731859545e-8
         ],
         "1": [
            0.2586213946342468,
            0.6626652479171753,
            0.008943909779191017
         ],
         "2": [
            0.316183477640152,
            0.5987061858177185,
            0.001207629800774157
         ],
         "3": [
            0.3704339861869812,
            0.5899412035942078,
            -0.008408588357269764
         ],
         "4": [
            0.4079880118370056,
            0.5987087488174438,
            -0.01811002753674984
         ],
         "5": [
            0.33179301023483276,
            0.5453634262084961,
            -0.029028568416833878
         ],
         "6": [
            0.4151497185230255,
            0.5276369452476501,
            -0.04306813329458237
         ],
         "7": [
            0.4608704447746277,
            0.5267094969749451,
            -0.0479971319437027
         ],
         "8": [
            0.49785250425338745,
            0.5234514474868774,
            -0.050865646451711655
         ],
         "9": [
            0.33966800570487976,
            0.606149435043335,
            -0.04149246960878372
         ],
         "10": [
            0.42115625739097595,
            0.6387865543365479,
            -0.05559263378381729
         ],
         "11": [
            0.39750322699546814,
            0.6630250215530396,
            -0.04787592589855194
         ],
         "12": [
            0.3687354028224945,
            0.6601100564002991,
            -0.040846046060323715
         ],
         "13": [
            0.3454509377479553,
            0.6772170662879944,
            -0.051269665360450745
         ],
         "14": [
            0.40706032514572144,
            0.707251250743866,
            -0.05510781705379486
         ],
         "15": [
            0.38215509057044983,
            0.7219679355621338,
            -0.03650286793708801
         ],
         "16": [
            0.3567158877849579,
            0.7168196439743042,
            -0.02490760013461113
         ],
         "17": [
            0.3478259742259979,
            0.7449477314949036,
            -0.060925647616386414
         ],
         "18": [
            0.39179927110671997,
            0.7591800689697266,
            -0.052562516182661057
         ],
         "19": [
            0.370471715927124,
            0.7703965902328491,
            -0.03424037620425224
         ],
         "20": [
            0.34941887855529785,
            0.7656400203704834,
            -0.022483505308628082
         ]
      }
   ]
}