{
   "g": [
      {
         "0": [
            0.15398100018501282,
            0.7341024279594421,
            8.58628226296787e-8
         ],
         "1": [
            0.19616875052452087,
            0.5891165733337402,
            0.014108150266110897
         ],
         "2": [
            0.27232956886291504,
            0.5096928477287292,
            0.005398252047598362
         ],
         "3": [
            0.34249478578567505,
            0.5015428066253662,
            -0.006182412151247263
         ],
         "4": [
            0.3927517831325531,
            0.5134016275405884,
            -0.018092894926667213
         ],
         "5": [
            0.29493004083633423,
            0.4376121759414673,
            -0.03564731031656265
         ],
         "6": [
            0.4057418406009674,
            0.41886574029922485,
            -0.05166706070303917
         ],
         "7": [
            0.46641090512275696,
            0.4202665090560913,
            -0.056486450135707855
         ],
         "8": [
            0.5143956542015076,
            0.4176960289478302,
            -0.0592326894402504
         ],
         "9": [
            0.30474981665611267,
            0.5166527628898621,
            -0.05204399675130844
         ],
         "10": [
            0.406072735786438,
            0.5643292665481567,
            -0.06655600666999817
         ],
         "11": [
            0.37487855553627014,
            0.5940744280815125,
            -0.055194102227687836
         ],
         "12": [
            0.33745115995407104,
            0.5887266993522644,
            -0.04609379917383194
         ],
         "13": [
            0.3109481930732727,
            0.6102466583251953,
            -0.06467133015394211
         ],
         "14": [
            0.3859065771102905,
            0.650216817855835,
            -0.06607137620449066
         ],
         "15": [
            0.3538089394569397,
            0.6690828204154968,
            -0.0413551889359951
         ],
         "16": [
            0.32117390632629395,
            0.6616430878639221,
            -0.02701818384230137
         ],
         "17": [
            0.31236252188682556,
            0.6980749368667603,
            -0.07689480483531952
         ],
         "18": [
            0.36487260460853577,
            0.7169365286827087,
            -0.06273280829191208
         ],
         "19": [
            0.3376767635345459,
            0.7319859266281128,
            -0.03758583590388298
         ],
         "20": [
            0.3115249574184418,
            0.726723849773407,
            -0.021943021565675735
         ]
      }
   ]
}