{
   "i": [
      {
         "0": [
            0.343069851398468,
            0.7485254406929016,
            -3.93393406739051e-7
         ],
         "1": [
            0.3826955258846283,
            0.7262844443321228,
            -0.020993448793888092
         ],
         "2": [
            0.40822944045066833,
            0.6530469059944153,
            -0.030954455956816673
         ],
         "3": [
            0.40314459800720215,
            0.5832955241203308,
            -0.0416855588555336
         ],
         "4": [
            0.3839603066444397,
            0.5324783325195312,
            -0.04751149192452431
         ],
         "5": [
            0.42861664295196533,
            0.5304646492004395,
            -0.010948737151920795
         ],
         "6": [
            0.4372433125972748,
            0.44621551036834717,
            -0.0379355326294899
         ],
         "7": [
            0.42775624990463257,
            0.509014904499054,
            -0.0516967847943306
         ],
         "8": [
            0.42173904180526733,
            0.5611127018928528,
            -0.054241448640823364
         ],
         "9": [
            0.3971623182296753,
            0.5102686285972595,
            -0.011149631813168526
         ],
         "10": [
            0.4067319631576538,
            0.4301442801952362,
            -0.04158511385321617
         ],
         "11": [
            0.39749667048454285,
            0.5156108140945435,
            -0.052600812166929245
         ],
         "12": [
            0.39251473546028137,
            0.5618767142295837,
            -0.05129500478506088
         ],
         "13": [
            0.36527520418167114,
            0.5026580691337585,
            -0.015745088458061218
         ],
         "14": [
            0.37039750814437866,
            0.42397457361221313,
            -0.0408485010266304
         ],
         "15": [
            0.36978596448898315,
            0.4988068640232086,
            -0.04332619532942772
         ],
         "16": [
            0.3690612018108368,
            0.5508627891540527,
            -0.036495789885520935
         ],
         "17": [
            0.33406370878219604,
            0.506758987903595,
            -0.022349486127495766
         ],
         "18": [
            0.3359909653663635,
            0.41156429052352905,
            -0.031540397554636
         ],
         "19": [
            0.33917441964149475,
            0.35823380947113037,
            -0.033231258392333984
         ],
         "20": [
            0.34439408779144287,
            0.30292925238609314,
            -0.031590621918439865
         ]
      }
   ]
}