{
   "k": [
      {
         "0": [
            0.306545615196228,
            0.799845814704895,
            8.705370646566735e-7
         ],
         "1": [
            0.3582670986652374,
            0.7462103962898254,
            -0.015812678262591362
         ],
         "2": [
            0.3849561810493469,
            0.6554601192474365,
            -0.033041417598724365
         ],
         "3": [
            0.3922107219696045,
            0.5729047656059265,
            -0.051041122525930405
         ],
         "4": [
            0.4023773670196533,
            0.4987368583679199,
            -0.06658632308244705
         ],
         "5": [
            0.3486279845237732,
            0.5453723073005676,
            -0.04282797500491142
         ],
         "6": [
            0.39386793971061707,
            0.454861044883728,
            -0.0796140804886818
         ],
         "7": [
            0.4253558814525604,
            0.3865247964859009,
            -0.10000535845756531
         ],
         "8": [
            0.4513757526874542,
            0.3282849192619324,
            -0.11271844059228897
         ],
         "9": [
            0.32267725467681885,
            0.5561438798904419,
            -0.05305508151650429
         ],
         "10": [
            0.3941912353038788,
            0.5192123055458069,
            -0.10025709867477417
         ],
         "11": [
            0.4437585473060608,
            0.503357470035553,
            -0.116998091340065
         ],
         "12": [
            0.4822894334793091,
            0.48653900623321533,
            -0.12316582351922989
         ],
         "13": [
            0.3084559142589569,
            0.602062463760376,
            -0.06375420093536377
         ],
         "14": [
            0.3950663208961487,
            0.658665657043457,
            -0.10504023730754852
         ],
         "15": [
            0.3875182867050171,
            0.7184855937957764,
            -0.09799140691757202
         ],
         "16": [
            0.3675878047943115,
            0.733844518661499,
            -0.08490070700645447
         ],
         "17": [
            0.30336564779281616,
            0.6639830470085144,
            -0.07659315317869186
         ],
         "18": [
            0.3770555257797241,
            0.7208110094070435,
            -0.10459968447685242
         ],
         "19": [
            0.37063148617744446,
            0.7617732882499695,
            -0.09918718785047531
         ],
         "20": [
            0.3489207923412323,
            0.7616395950317383,
            -0.08949504047632217
         ]
      }
   ]
}