{
   "l": [
      {
         "0": [
            0.26145139336586,
            0.7819387912750244,
            2.1826390650403482e-7
         ],
         "1": [
            0.3165111541748047,
            0.7667368650436401,
            -0.02816183865070343
         ],
         "2": [
            0.38065066933631897,
            0.6958856582641602,
            -0.047180455178022385
         ],
         "3": [
            0.43631964921951294,
            0.665659487247467,
            -0.0665740817785263
         ],
         "4": [
            0.48182880878448486,
            0.65694659948349,
            -0.08593200147151947
         ],
         "5": [
            0.3441939353942871,
            0.530137300491333,
            -0.025661738589406013
         ],
         "6": [
            0.36527809500694275,
            0.4075982868671417,
            -0.05307354778051376
         ],
         "7": [
            0.37668943405151367,
            0.3266473710536957,
            -0.06810986250638962
         ],
         "8": [
            0.3816469609737396,
            0.2543184161186218,
            -0.07850313186645508
         ],
         "9": [
            0.30669572949409485,
            0.5187969207763672,
            -0.027376092970371246
         ],
         "10": [
            0.3400357961654663,
            0.47296279668807983,
            -0.07571730762720108
         ],
         "11": [
            0.3422359526157379,
            0.5939996838569641,
            -0.08214613795280457
         ],
         "12": [
            0.330783873796463,
            0.6633387207984924,
            -0.0731457769870758
         ],
         "13": [
            0.26802101731300354,
            0.5264701247215271,
            -0.03284059464931488
         ],
         "14": [
            0.3042382597923279,
            0.5154991149902344,
            -0.08086036890745163
         ],
         "15": [
            0.30597084760665894,
            0.6325680017471313,
            -0.07078853994607925
         ],
         "16": [
            0.2933761477470398,
            0.6853458285331726,
            -0.0496448390185833
         ],
         "17": [
            0.22937288880348206,
            0.546008288860321,
            -0.040430184453725815
         ],
         "18": [
            0.2664680480957031,
            0.5419407486915588,
            -0.07125284522771835
         ],
         "19": [
            0.26970237493515015,
            0.6259440183639526,
            -0.06250249594449997
         ],
         "20": [
            0.2557482421398163,
            0.6598728895187378,
            -0.04728759825229645
         ]
      }
   ]
}