{
   "m": [
      {
         "0": [
            0.30968379974365234,
            0.7789673209190369,
            1.1517705011954149e-8
         ],
         "1": [
            0.3649691343307495,
            0.7435649037361145,
            -0.01652226597070694
         ],
         "2": [
            0.39778491854667664,
            0.6385902166366577,
            -0.02526145428419113
         ],
         "3": [
            0.35939234495162964,
            0.5585492253303528,
            -0.03425225242972374
         ],
         "4": [
            0.3196765184402466,
            0.5091062784194946,
            -0.03992182016372681
         ],
         "5": [
            0.38248777389526367,
            0.5717824697494507,
            -0.005170546472072601
         ],
         "6": [
            0.4046386182308197,
            0.4855373799800873,
            -0.026334982365369797
         ],
         "7": [
            0.41529399156570435,
            0.5247117877006531,
            -0.04133082553744316
         ],
         "8": [
            0.40911129117012024,
            0.5842528939247131,
            -0.04851004108786583
         ],
         "9": [
            0.35065796971321106,
            0.5556803941726685,
            -0.008525321260094643
         ],
         "10": [
            0.37528806924819946,
            0.4596172571182251,
            -0.033027756959199905
         ],
         "11": [
            0.3926360607147217,
            0.5103254914283752,
            -0.048946164548397064
         ],
         "12": [
            0.387594074010849,
            0.5759592056274414,
            -0.05488411709666252
         ],
         "13": [
            0.3191061019897461,
            0.551603376865387,
            -0.015507446601986885
         ],
         "14": [
            0.3443877100944519,
            0.4372192621231079,
            -0.04401464760303497
         ],
         "15": [
            0.3623490631580353,
            0.49874019622802734,
            -0.055689260363578796
         ],
         "16": [
            0.3568331301212311,
            0.55464768409729,
            -0.059077583253383636
         ],
         "17": [
            0.28737354278564453,
            0.5645126700401306,
            -0.023064078763127327
         ],
         "18": [
            0.32726651430130005,
            0.5452910661697388,
            -0.05209965631365776
         ],
         "19": [
            0.3303243815898895,
            0.6067890524864197,
            -0.06256654858589172
         ],
         "20": [
            0.31057268381118774,
            0.6491878628730774,
            -0.06665937602519989
         ]
      }
   ]
}