{
   "m-DGS": [
      {
         "0": [
            0.3246721625328064,
            0.2744576036930084,
            6.728181460857741e-7
         ],
         "1": [
            0.38773006200790405,
            0.3381802439689636,
            -0.007653816137462854
         ],
         "2": [
            0.4120185971260071,
            0.4471695125102997,
            -0.02359233982861042
         ],
         "3": [
            0.3990723192691803,
            0.5509144067764282,
            -0.035564571619033813
         ],
         "4": [
            0.38024550676345825,
            0.620710015296936,
            -0.048906177282333374
         ],
         "5": [
            0.40859514474868774,
            0.4648120701313019,
            -0.07523725926876068
         ],
         "6": [
            0.41159379482269287,
            0.6433774828910828,
            -0.10282034426927567
         ],
         "7": [
            0.411190003156662,
            0.7523643970489502,
            -0.1128363311290741
         ],
         "8": [
            0.40814197063446045,
            0.8318091630935669,
            -0.1159663274884224
         ],
         "9": [
            0.3651244640350342,
            0.46361225843429565,
            -0.08239713311195374
         ],
         "10": [
            0.37567317485809326,
            0.6565831303596497,
            -0.11119308322668076
         ],
         "11": [
            0.3777106702327728,
            0.7824096083641052,
            -0.11823558062314987
         ],
         "12": [
            0.3769885301589966,
            0.8676334619522095,
            -0.12066132575273514
         ],
         "13": [
            0.3224080204963684,
            0.46093863248825073,
            -0.08568362891674042
         ],
         "14": [
            0.3308534026145935,
            0.6386297345161438,
            -0.11314932256937027
         ],
         "15": [
            0.3359123766422272,
            0.7511513829231262,
            -0.12324357032775879
         ],
         "16": [
            0.3412846028804779,
            0.8267236351966858,
            -0.12668655812740326
         ],
         "17": [
            0.28288859128952026,
            0.45320191979408264,
            -0.08677912503480911
         ],
         "18": [
            0.28742364048957825,
            0.5843610167503357,
            -0.10391584038734436
         ],
         "19": [
            0.2995602488517761,
            0.6180746555328369,
            -0.10321159660816193
         ],
         "20": [
            0.31085100769996643,
            0.6193981170654297,
            -0.10023809969425201
         ]
      }
   ]
}