{
   "m-DGS": [
      {
         "0": [
            0.33249396085739136,
            0.29832375049591064,
            9.051229312717624e-7
         ],
         "1": [
            0.38455843925476074,
            0.33128827810287476,
            -0.024096651002764702
         ],
         "2": [
            0.40678250789642334,
            0.41778048872947693,
            -0.048279207199811935
         ],
         "3": [
            0.39580538868904114,
            0.5053863525390625,
            -0.06335572153329849
         ],
         "4": [
            0.3724920451641083,
            0.5633515119552612,
            -0.08045102655887604
         ],
         "5": [
            0.3870129883289337,
            0.4265149235725403,
            -0.09020136296749115
         ],
         "6": [
            0.37977200746536255,
            0.5549529790878296,
            -0.1169181540608406
         ],
         "7": [
            0.37523147463798523,
            0.6455387473106384,
            -0.13289667665958405
         ],
         "8": [
            0.36988168954849243,
            0.7085673213005066,
            -0.14251816272735596
         ],
         "9": [
            0.3398924469947815,
            0.4239889979362488,
            -0.085261769592762
         ],
         "10": [
            0.33387982845306396,
            0.570263147354126,
            -0.10995975881814957
         ],
         "11": [
            0.3330859839916229,
            0.6616560816764832,
            -0.11794901639223099
         ],
         "12": [
            0.33319157361984253,
            0.7201293706893921,
            -0.12404835224151611
         ],
         "13": [
            0.30111566185951233,
            0.41873499751091003,
            -0.07645639777183533
         ],
         "14": [
            0.29728466272354126,
            0.5469591617584229,
            -0.08994364738464355
         ],
         "15": [
            0.30364102125167847,
            0.6304653882980347,
            -0.08985774219036102
         ],
         "16": [
            0.30755114555358887,
            0.6816279888153076,
            -0.09071680158376694
         ],
         "17": [
            0.275068074464798,
            0.4106282889842987,
            -0.06786578893661499
         ],
         "18": [
            0.27664268016815186,
            0.5032098293304443,
            -0.07542552798986435
         ],
         "19": [
            0.2836458683013916,
            0.5610301494598389,
            -0.07211814075708389
         ],
         "20": [
            0.2877548635005951,
            0.6015257835388184,
            -0.07014229893684387
         ]
      }
   ]
}