{
   "n": [
      {
         "0": [
            0.25685063004493713,
            0.814103901386261,
            -3.067154352720536e-7
         ],
         "1": [
            0.28952333331108093,
            0.7348392605781555,
            -0.019862478598952293
         ],
         "2": [
            0.3041624426841736,
            0.6245689988136292,
            -0.025529613718390465
         ],
         "3": [
            0.27983221411705017,
            0.5465583205223083,
            -0.03194870054721832
         ],
         "4": [
            0.2499125748872757,
            0.5128621459007263,
            -0.03391110152006149
         ],
         "5": [
            0.31479716300964355,
            0.5493384599685669,
            0.00027596327709034085
         ],
         "6": [
            0.2976519465446472,
            0.44804078340530396,
            -0.03183865547180176
         ],
         "7": [
            0.27536675333976746,
            0.5066667199134827,
            -0.04823483154177666
         ],
         "8": [
            0.2731102705001831,
            0.569983184337616,
            -0.05201292037963867
         ],
         "9": [
            0.2762002646923065,
            0.5611564517021179,
            -0.002009402494877577
         ],
         "10": [
            0.255545049905777,
            0.4528812766075134,
            -0.03932147100567818
         ],
         "11": [
            0.24543368816375732,
            0.5200042128562927,
            -0.0505090206861496
         ],
         "12": [
            0.25168725848197937,
            0.5826756358146667,
            -0.044676825404167175
         ],
         "13": [
            0.24107325077056885,
            0.5854488611221313,
            -0.009766177274286747
         ],
         "14": [
            0.21784676611423492,
            0.5615846514701843,
            -0.04981209337711334
         ],
         "15": [
            0.230731800198555,
            0.6474181413650513,
            -0.05226968228816986
         ],
         "16": [
            0.24989832937717438,
            0.6980422139167786,
            -0.03895466774702072
         ],
         "17": [
            0.2105361819267273,
            0.6191591024398804,
            -0.018780406564474106
         ],
         "18": [
            0.19956311583518982,
            0.5953402519226074,
            -0.042329274117946625
         ],
         "19": [
            0.21042850613594055,
            0.6583251357078552,
            -0.037634171545505524
         ],
         "20": [
            0.22411872446537018,
            0.6950299739837646,
            -0.025272849947214127
         ]
      }
   ]
}