{
   "n-DGS": [
      {
         "0": [
            0.3059394657611847,
            0.36324355006217957,
            0.0000010777840770970215
         ],
         "1": [
            0.3671547472476959,
            0.4163217544555664,
            -0.02466166764497757
         ],
         "2": [
            0.39584022760391235,
            0.5217820405960083,
            -0.050044700503349304
         ],
         "3": [
            0.37912866473197937,
            0.6150054335594177,
            -0.0629390999674797
         ],
         "4": [
            0.3510286808013916,
            0.6694693565368652,
            -0.07598378509283066
         ],
         "5": [
            0.35137295722961426,
            0.5311495065689087,
            -0.12275228649377823
         ],
         "6": [
            0.3478398621082306,
            0.7094017863273621,
            -0.14571572840213776
         ],
         "7": [
            0.34477245807647705,
            0.8065203428268433,
            -0.15461257100105286
         ],
         "8": [
            0.33898916840553284,
            0.8837311267852783,
            -0.1606239527463913
         ],
         "9": [
            0.296566367149353,
            0.5275857448577881,
            -0.11199191957712173
         ],
         "10": [
            0.29694315791130066,
            0.7175397872924805,
            -0.13597731292247772
         ],
         "11": [
            0.2973495423793793,
            0.8275549411773682,
            -0.1363379955291748
         ],
         "12": [
            0.29319149255752563,
            0.9053522348403931,
            -0.13826163113117218
         ],
         "13": [
            0.25725817680358887,
            0.5239884853363037,
            -0.09263528883457184
         ],
         "14": [
            0.27960968017578125,
            0.6657056212425232,
            -0.0967230349779129
         ],
         "15": [
            0.30564823746681213,
            0.6527116298675537,
            -0.07315843552350998
         ],
         "16": [
            0.3167265057563782,
            0.6122743487358093,
            -0.05822017043828964
         ],
         "17": [
            0.2346801459789276,
            0.5173038840293884,
            -0.07454104721546173
         ],
         "18": [
            0.26392415165901184,
            0.6303922533988953,
            -0.07424049079418182
         ],
         "19": [
            0.2876652479171753,
            0.6199920177459717,
            -0.05479368567466736
         ],
         "20": [
            0.2924942076206207,
            0.5798711180686951,
            -0.04051667079329491
         ]
      }
   ]
}