{
   "n-DGS": [
      {
         "0": [
            0.34630414843559265,
            0.3622351288795471,
            0.0000012768200576829258
         ],
         "1": [
            0.4134822189807892,
            0.42151910066604614,
            -0.01859123446047306
         ],
         "2": [
            0.4454229474067688,
            0.5361582040786743,
            -0.04940543696284294
         ],
         "3": [
            0.4293813109397888,
            0.6357244253158569,
            -0.06827057898044586
         ],
         "4": [
            0.4034898579120636,
            0.6938202977180481,
            -0.08716995269060135
         ],
         "5": [
            0.4140799939632416,
            0.5343550443649292,
            -0.1418822854757309
         ],
         "6": [
            0.4047276973724365,
            0.7357573509216309,
            -0.1718747764825821
         ],
         "7": [
            0.39869990944862366,
            0.8432978391647339,
            -0.185433030128479
         ],
         "8": [
            0.3906640410423279,
            0.9310643672943115,
            -0.1950196772813797
         ],
         "9": [
            0.35432520508766174,
            0.5265820026397705,
            -0.13565096259117126
         ],
         "10": [
            0.35610321164131165,
            0.7398911118507385,
            -0.16913573443889618
         ],
         "11": [
            0.35504138469696045,
            0.8623774647712708,
            -0.17132696509361267
         ],
         "12": [
            0.34682369232177734,
            0.9518388509750366,
            -0.17516161501407623
         ],
         "13": [
            0.30982649326324463,
            0.5225832462310791,
            -0.1177787333726883
         ],
         "14": [
            0.3300958573818207,
            0.6905907392501831,
            -0.12058623880147934
         ],
         "15": [
            0.355157732963562,
            0.6692555546760559,
            -0.08586890995502472
         ],
         "16": [
            0.36225035786628723,
            0.6186628341674805,
            -0.06505220383405685
         ],
         "17": [
            0.2821464538574219,
            0.5164918899536133,
            -0.10134448856115341
         ],
         "18": [
            0.31135329604148865,
            0.6569057106971741,
            -0.09504470229148865
         ],
         "19": [
            0.3337651193141937,
            0.6375877857208252,
            -0.06549729406833649
         ],
         "20": [
            0.3361320495605469,
            0.5860276818275452,
            -0.04505721107125282
         ]
      }
   ]
}