{
   "n-DGS": [
      {
         "0": [
            0.3500053584575653,
            0.32687604427337646,
            0.0000011122457408418995
         ],
         "1": [
            0.41098424792289734,
            0.3729074001312256,
            -0.012470986694097519
         ],
         "2": [
            0.44444629549980164,
            0.4782028794288635,
            -0.03834039345383644
         ],
         "3": [
            0.43881428241729736,
            0.5737974047660828,
            -0.06124991178512573
         ],
         "4": [
            0.42924633622169495,
            0.6440792679786682,
            -0.08445542305707932
         ],
         "5": [
            0.4631209671497345,
            0.49134159088134766,
            -0.09061198681592941
         ],
         "6": [
            0.4607757329940796,
            0.6816756725311279,
            -0.12423630058765411
         ],
         "7": [
            0.46168988943099976,
            0.7918610572814941,
            -0.14144310355186462
         ],
         "8": [
            0.4597245156764984,
            0.8781386613845825,
            -0.15115152299404144
         ],
         "9": [
            0.41664549708366394,
            0.483545184135437,
            -0.0987418070435524
         ],
         "10": [
            0.42793193459510803,
            0.6922738552093506,
            -0.13331328332424164
         ],
         "11": [
            0.4332389831542969,
            0.8190522193908691,
            -0.1433374285697937
         ],
         "12": [
            0.4318542182445526,
            0.9154089093208313,
            -0.15075688064098358
         ],
         "13": [
            0.36724337935447693,
            0.4826897978782654,
            -0.10118863731622696
         ],
         "14": [
            0.37148210406303406,
            0.667693555355072,
            -0.12289447337388992
         ],
         "15": [
            0.3787517547607422,
            0.6292722225189209,
            -0.10434585809707642
         ],
         "16": [
            0.3806125819683075,
            0.5680418610572815,
            -0.0891123116016388
         ],
         "17": [
            0.3248586058616638,
            0.48320889472961426,
            -0.10458265244960785
         ],
         "18": [
            0.33486655354499817,
            0.6250544786453247,
            -0.11476465314626694
         ],
         "19": [
            0.3441751003265381,
            0.5968167781829834,
            -0.09566351771354675
         ],
         "20": [
            0.34639060497283936,
            0.5432349443435669,
            -0.0795222818851471
         ]
      }
   ]
}