{
   "o": [
      {
         "0": [
            0.3418107330799103,
            0.7024508714675903,
            -1.039772641320269e-7
         ],
         "1": [
            0.37335601449012756,
            0.6639564633369446,
            -0.018698832020163536
         ],
         "2": [
            0.3901306986808777,
            0.5910253524780273,
            -0.028290459886193275
         ],
         "3": [
            0.38486990332603455,
            0.5291652083396912,
            -0.039141591638326645
         ],
         "4": [
            0.363761305809021,
            0.4768584370613098,
            -0.04834568500518799
         ],
         "5": [
            0.3897533714771271,
            0.4833965301513672,
            -0.004157986491918564
         ],
         "6": [
            0.39054709672927856,
            0.39170601963996887,
            -0.02441505342721939
         ],
         "7": [
            0.3883132338523865,
            0.40339046716690063,
            -0.0419512614607811
         ],
         "8": [
            0.3863161504268646,
            0.4471359848976135,
            -0.05050944909453392
         ],
         "9": [
            0.36081844568252563,
            0.4783084988594055,
            -0.00435175746679306
         ],
         "10": [
            0.35867440700531006,
            0.3743027448654175,
            -0.023526938632130623
         ],
         "11": [
            0.3576541244983673,
            0.40640169382095337,
            -0.04065946117043495
         ],
         "12": [
            0.36004287004470825,
            0.4539176821708679,
            -0.04902388155460358
         ],
         "13": [
            0.3335947096347809,
            0.485209584236145,
            -0.007993023842573166
         ],
         "14": [
            0.32833996415138245,
            0.384655624628067,
            -0.022816449403762817
         ],
         "15": [
            0.3314802646636963,
            0.40576836466789246,
            -0.03416815400123596
         ],
         "16": [
            0.33612826466560364,
            0.45500123500823975,
            -0.03901241347193718
         ],
         "17": [
            0.3083171546459198,
            0.5037901997566223,
            -0.01359621249139309
         ],
         "18": [
            0.3038698732852936,
            0.4309841990470886,
            -0.02355923503637314
         ],
         "19": [
            0.31026336550712585,
            0.4332420527935028,
            -0.028968652710318565
         ],
         "20": [
            0.31814467906951904,
            0.46510303020477295,
            -0.031197013333439827
         ]
      }
   ]
}