{
   "o": [
      {
         "0": [
            0.3942304253578186,
            0.6960464715957642,
            7.054659079130943e-10
         ],
         "1": [
            0.4333501160144806,
            0.6707153916358948,
            -0.011566058732569218
         ],
         "2": [
            0.4651040732860565,
            0.6102322340011597,
            -0.020003657788038254
         ],
         "3": [
            0.4842592775821686,
            0.5588120222091675,
            -0.030606519430875778
         ],
         "4": [
            0.4719952940940857,
            0.5105546116828918,
            -0.040284715592861176
         ],
         "5": [
            0.45330867171287537,
            0.5015968084335327,
            -0.007150767836719751
         ],
         "6": [
            0.4636205732822418,
            0.40478426218032837,
            -0.02824861742556095
         ],
         "7": [
            0.47941854596138,
            0.4240822494029999,
            -0.04561696946620941
         ],
         "8": [
            0.48405951261520386,
            0.466349720954895,
            -0.053630758076906204
         ],
         "9": [
            0.43018990755081177,
            0.4965723752975464,
            -0.010980435647070408
         ],
         "10": [
            0.44045770168304443,
            0.39365190267562866,
            -0.029974665492773056
         ],
         "11": [
            0.4591708183288574,
            0.42787784337997437,
            -0.04435325041413307
         ],
         "12": [
            0.4633520841598511,
            0.4755983352661133,
            -0.05138073116540909
         ],
         "13": [
            0.40557193756103516,
            0.49991264939308167,
            -0.017337530851364136
         ],
         "14": [
            0.41333672404289246,
            0.39593878388404846,
            -0.032116811722517014
         ],
         "15": [
            0.4342528283596039,
            0.4242274761199951,
            -0.03926758095622063
         ],
         "16": [
            0.44006145000457764,
            0.472688227891922,
            -0.04148678481578827
         ],
         "17": [
            0.37919881939888,
            0.5107348561286926,
            -0.025212621316313744
         ],
         "18": [
            0.3903887867927551,
            0.4361720085144043,
            -0.03744906559586525
         ],
         "19": [
            0.4101749062538147,
            0.4418835937976837,
            -0.042257342487573624
         ],
         "20": [
            0.42011547088623047,
            0.47075676918029785,
            -0.04370598867535591
         ]
      }
   ]
}