{
   "o": [
      {
         "0": [
            0.34295302629470825,
            0.6840335130691528,
            -3.645368895632828e-9
         ],
         "1": [
            0.37882864475250244,
            0.659074604511261,
            -0.016633613035082817
         ],
         "2": [
            0.4041261076927185,
            0.592174768447876,
            -0.025592472404241562
         ],
         "3": [
            0.41217467188835144,
            0.5366482734680176,
            -0.03580557182431221
         ],
         "4": [
            0.39464014768600464,
            0.49017074704170227,
            -0.04524223133921623
         ],
         "5": [
            0.3926318883895874,
            0.487566202878952,
            -0.008264546282589436
         ],
         "6": [
            0.40126103162765503,
            0.39992356300354004,
            -0.028757933527231216
         ],
         "7": [
            0.4122743308544159,
            0.40863680839538574,
            -0.046615924686193466
         ],
         "8": [
            0.4139059782028198,
            0.450616717338562,
            -0.055067114531993866
         ],
         "9": [
            0.3692391812801361,
            0.48250335454940796,
            -0.00940680131316185
         ],
         "10": [
            0.37353673577308655,
            0.38321971893310547,
            -0.028548894450068474
         ],
         "11": [
            0.38767939805984497,
            0.40813517570495605,
            -0.04625757411122322
         ],
         "12": [
            0.39168494939804077,
            0.4558492600917816,
            -0.05554492026567459
         ],
         "13": [
            0.34574729204177856,
            0.4884192645549774,
            -0.013378561474382877
         ],
         "14": [
            0.3476586639881134,
            0.38934415578842163,
            -0.02883259393274784
         ],
         "15": [
            0.3639270067214966,
            0.4050183892250061,
            -0.04150937497615814
         ],
         "16": [
            0.3693711459636688,
            0.4529951810836792,
            -0.047481946647167206
         ],
         "17": [
            0.3210813105106354,
            0.5038066506385803,
            -0.0189629178494215
         ],
         "18": [
            0.3266875445842743,
            0.4306211471557617,
            -0.03174421936273575
         ],
         "19": [
            0.3422086834907532,
            0.4291832447052002,
            -0.039896782487630844
         ],
         "20": [
            0.35106372833251953,
            0.4576200246810913,
            -0.04395813122391701
         ]
      }
   ]
}