{
   "p": [
      {
         "0": [
            0.32791730761528015,
            0.8157329559326172,
            2.742602589478338e-7
         ],
         "1": [
            0.3702676296234131,
            0.7459069490432739,
            -0.019111135974526405
         ],
         "2": [
            0.3913377523422241,
            0.6835144758224487,
            -0.03807457908987999
         ],
         "3": [
            0.3929583728313446,
            0.6364398002624512,
            -0.05742202326655388
         ],
         "4": [
            0.3931547999382019,
            0.5881755352020264,
            -0.07620824128389359
         ],
         "5": [
            0.34088602662086487,
            0.5778450965881348,
            -0.041264694184064865
         ],
         "6": [
            0.37081220746040344,
            0.5012938380241394,
            -0.07307720184326172
         ],
         "7": [
            0.3964175581932068,
            0.44597315788269043,
            -0.09464000910520554
         ],
         "8": [
            0.41702648997306824,
            0.3977820575237274,
            -0.10852289199829102
         ],
         "9": [
            0.30663439631462097,
            0.6119603514671326,
            -0.04711323603987694
         ],
         "10": [
            0.3500848412513733,
            0.6394966840744019,
            -0.08335645496845245
         ],
         "11": [
            0.3655775785446167,
            0.6706202626228333,
            -0.0950535386800766
         ],
         "12": [
            0.36600345373153687,
            0.6864783763885498,
            -0.09871625155210495
         ],
         "13": [
            0.2903488874435425,
            0.6745741367340088,
            -0.05449775606393814
         ],
         "14": [
            0.35315239429473877,
            0.7363914847373962,
            -0.08536504209041595
         ],
         "15": [
            0.37105485796928406,
            0.7487759590148926,
            -0.0830019935965538
         ],
         "16": [
            0.3722161054611206,
            0.7413692474365234,
            -0.07662177830934525
         ],
         "17": [
            0.287749320268631,
            0.7454808950424194,
            -0.06415670365095139
         ],
         "18": [
            0.3379964232444763,
            0.7848148345947266,
            -0.08495151251554489
         ],
         "19": [
            0.36360615491867065,
            0.7906140685081482,
            -0.08223401010036469
         ],
         "20": [
            0.37519213557243347,
            0.781069815158844,
            -0.07555840164422989
         ]
      }
   ]
}