{
   "w": [
      {
         "0": [
            0.34970444440841675,
            0.827083170413971,
            4.873671741734142e-7
         ],
         "1": [
            0.37970203161239624,
            0.770358681678772,
            -0.023166105151176453
         ],
         "2": [
            0.38777977228164673,
            0.6757670044898987,
            -0.028697533532977104
         ],
         "3": [
            0.3643326461315155,
            0.5922006964683533,
            -0.030119404196739197
         ],
         "4": [
            0.33013322949409485,
            0.5503755211830139,
            -0.03018876537680626
         ],
         "5": [
            0.38084280490875244,
            0.5949134230613708,
            -0.015051033347845078
         ],
         "6": [
            0.39880478382110596,
            0.48898500204086304,
            -0.016516253352165222
         ],
         "7": [
            0.4090826213359833,
            0.4394226372241974,
            -0.0165075846016407
         ],
         "8": [
            0.41484391689300537,
            0.3973209857940674,
            -0.017331229522824287
         ],
         "9": [
            0.3494226634502411,
            0.5849950313568115,
            -0.011487684212625027
         ],
         "10": [
            0.35038068890571594,
            0.4704093337059021,
            -0.010707388631999493
         ],
         "11": [
            0.35405710339546204,
            0.4151970148086548,
            -0.01212058961391449
         ],
         "12": [
            0.35589927434921265,
            0.37642574310302734,
            -0.013473101891577244
         ],
         "13": [
            0.32316678762435913,
            0.601725697517395,
            -0.01075940765440464
         ],
         "14": [
            0.3026348650455475,
            0.49375030398368835,
            -0.022073691710829735
         ],
         "15": [
            0.292434424161911,
            0.4172365665435791,
            -0.0379050187766552
         ],
         "16": [
            0.28117287158966064,
            0.35753488540649414,
            -0.04900255799293518
         ],
         "17": [
            0.3041720688343048,
            0.6354907751083374,
            -0.010837436653673649
         ],
         "18": [
            0.31263571977615356,
            0.5573136806488037,
            -0.024310540407896042
         ],
         "19": [
            0.3316052556037903,
            0.5583281517028809,
            -0.030084727331995964
         ],
         "20": [
            0.343828946352005,
            0.5784887075424194,
            -0.03383014351129532
         ]
      }
   ]
}