{
   "d": [
      {
         "0": [
            0.8148130178451538,
            0.9264093637466431,
            5.6669318126978396e-8
         ],
         "1": [
            0.7536216378211975,
            0.8636460304260254,
            -0.032443899661302567
         ],
         "2": [
            0.7211909890174866,
            0.7509124875068665,
            -0.047673147171735764
         ],
         "3": [
            0.7259547710418701,
            0.652100145816803,
            -0.06428049504756927
         ],
         "4": [
            0.7570918202400208,
            0.5834094882011414,
            -0.07941631972789764
         ],
         "5": [
            0.7510305643081665,
            0.5919139385223389,
            -0.004134319722652435
         ],
         "6": [
            0.7424862384796143,
            0.46024513244628906,
            -0.023346060886979103
         ],
         "7": [
            0.7367343902587891,
            0.3799811601638794,
            -0.04213736206293106
         ],
         "8": [
            0.7376629710197449,
            0.31198617815971375,
            -0.058067336678504944
         ],
         "9": [
            0.7935266494750977,
            0.5926659107208252,
            -0.0076438202522695065
         ],
         "10": [
            0.8074884414672852,
            0.4485144019126892,
            -0.047135915607213974
         ],
         "11": [
            0.7943081259727478,
            0.49281132221221924,
            -0.07525863498449326
         ],
         "12": [
            0.7853974103927612,
            0.5584573745727539,
            -0.08600319176912308
         ],
         "13": [
            0.8318299651145935,
            0.6119827032089233,
            -0.01582486741244793
         ],
         "14": [
            0.8480705618858337,
            0.48182547092437744,
            -0.05035928636789322
         ],
         "15": [
            0.8278602957725525,
            0.517678439617157,
            -0.07068051397800446
         ],
         "16": [
            0.8172638416290283,
            0.5874291658401489,
            -0.07633309066295624
         ],
         "17": [
            0.8684644103050232,
            0.6493359804153442,
            -0.02716504968702793
         ],
         "18": [
            0.8732021450996399,
            0.5478492379188538,
            -0.04975198209285736
         ],
         "19": [
            0.8538312315940857,
            0.559943675994873,
            -0.0613374225795269
         ],
         "20": [
            0.8417420983314514,
            0.6139276623725891,
            -0.06600897014141083
         ]
      }
   ]
}