{
   "f": [
      {
         "0": [
            0.5893765687942505,
            0.809292197227478,
            7.92020138362659e-9
         ],
         "1": [
            0.5306480526924133,
            0.7513953447341919,
            -0.011187962256371975
         ],
         "2": [
            0.48613929748535156,
            0.658586323261261,
            -0.022748293355107307
         ],
         "3": [
            0.45154869556427,
            0.5953055620193481,
            -0.03827490657567978
         ],
         "4": [
            0.448148250579834,
            0.5278191566467285,
            -0.052086371928453445
         ],
         "5": [
            0.5313799977302551,
            0.5149231553077698,
            0.005458574742078781
         ],
         "6": [
            0.5027556419372559,
            0.42987141013145447,
            -0.02936064451932907
         ],
         "7": [
            0.4722437858581543,
            0.47054094076156616,
            -0.059037238359451294
         ],
         "8": [
            0.46069955825805664,
            0.5241702795028687,
            -0.07357087731361389
         ],
         "9": [
            0.5549079775810242,
            0.49350038170814514,
            -0.00449098227545619
         ],
         "10": [
            0.5436915159225464,
            0.35458239912986755,
            -0.021913286298513412
         ],
         "11": [
            0.5284955501556396,
            0.2671448290348053,
            -0.035476502031087875
         ],
         "12": [
            0.5216495394706726,
            0.18724325299263,
            -0.04439076781272888
         ],
         "13": [
            0.5816393494606018,
            0.5034543871879578,
            -0.02120240218937397
         ],
         "14": [
            0.5780157446861267,
            0.36263978481292725,
            -0.036650028079748154
         ],
         "15": [
            0.5712345838546753,
            0.27275288105010986,
            -0.04477442055940628
         ],
         "16": [
            0.5670018792152405,
            0.1925177276134491,
            -0.049333103001117706
         ],
         "17": [
            0.6062836647033691,
            0.5369546413421631,
            -0.04026087000966072
         ],
         "18": [
            0.6056363582611084,
            0.4281213879585266,
            -0.05131907016038895
         ],
         "19": [
            0.603319525718689,
            0.35186266899108887,
            -0.051589883863925934
         ],
         "20": [
            0.6016353368759155,
            0.28127917647361755,
            -0.05064203590154648
         ]
      }
   ]
}