{
   "f": [
      {
         "0": [
            0.6820236444473267,
            0.8391730189323425,
            5.677341974319461e-8
         ],
         "1": [
            0.636881411075592,
            0.8070898056030273,
            -0.014251157641410828
         ],
         "2": [
            0.601614236831665,
            0.7355313301086426,
            -0.02521425113081932
         ],
         "3": [
            0.5855104327201843,
            0.6713328957557678,
            -0.03783002868294716
         ],
         "4": [
            0.5999512076377869,
            0.6228843927383423,
            -0.04831722378730774
         ],
         "5": [
            0.6311468482017517,
            0.6141258478164673,
            -0.0007700989954173565
         ],
         "6": [
            0.6260860562324524,
            0.5319358110427856,
            -0.027723563835024834
         ],
         "7": [
            0.6187660098075867,
            0.5647246837615967,
            -0.05032467097043991
         ],
         "8": [
            0.6165734529495239,
            0.6096272468566895,
            -0.06112336367368698
         ],
         "9": [
            0.6576443314552307,
            0.598327100276947,
            -0.0056329709477722645
         ],
         "10": [
            0.6583643555641174,
            0.486880362033844,
            -0.01612016186118126
         ],
         "11": [
            0.6559639573097229,
            0.4232598543167114,
            -0.025941085070371628
         ],
         "12": [
            0.6546141505241394,
            0.3684166669845581,
            -0.03322673961520195
         ],
         "13": [
            0.6840195059776306,
            0.6056534647941589,
            -0.016059592366218567
         ],
         "14": [
            0.6818993091583252,
            0.5013911724090576,
            -0.02447011135518551
         ],
         "15": [
            0.6798360347747803,
            0.43564921617507935,
            -0.030475150793790817
         ],
         "16": [
            0.6771190166473389,
            0.3764515817165375,
            -0.03506113588809967
         ],
         "17": [
            0.7100244760513306,
            0.6295648217201233,
            -0.028952259570360184
         ],
         "18": [
            0.7087198495864868,
            0.5477085113525391,
            -0.033140216022729874
         ],
         "19": [
            0.7083850502967834,
            0.49603426456451416,
            -0.031807683408260345
         ],
         "20": [
            0.7073554396629333,
            0.44840914011001587,
            -0.03101162612438202
         ]
      }
   ]
}