{
   "i": [
      {
         "0": [
            0.8039219975471497,
            0.7247456312179565,
            -2.0225263597239973e-7
         ],
         "1": [
            0.7721947431564331,
            0.6679197549819946,
            -0.051831383258104324
         ],
         "2": [
            0.7587311267852783,
            0.5735606551170349,
            -0.06902514398097992
         ],
         "3": [
            0.7678072452545166,
            0.47810599207878113,
            -0.07927887886762619
         ],
         "4": [
            0.7848907113075256,
            0.4115540385246277,
            -0.08221744745969772
         ],
         "5": [
            0.7373563051223755,
            0.47698453068733215,
            -0.015388417057693005
         ],
         "6": [
            0.7758452296257019,
            0.4110213816165924,
            -0.045360274612903595
         ],
         "7": [
            0.7870060205459595,
            0.4834951162338257,
            -0.06189754977822304
         ],
         "8": [
            0.7848639488220215,
            0.5369871258735657,
            -0.06324178725481033
         ],
         "9": [
            0.77728670835495,
            0.4797534644603729,
            0.007573071401566267
         ],
         "10": [
            0.8108824491500854,
            0.4192025661468506,
            -0.02886989340186119
         ],
         "11": [
            0.8168250322341919,
            0.5102942585945129,
            -0.04539153352379799
         ],
         "12": [
            0.8101399540901184,
            0.5677989721298218,
            -0.04317197948694229
         ],
         "13": [
            0.813082218170166,
            0.4847509264945984,
            0.023227211087942123
         ],
         "14": [
            0.8391498923301697,
            0.4360222816467285,
            -0.011918405070900917
         ],
         "15": [
            0.8390682339668274,
            0.5173044800758362,
            -0.020273011177778244
         ],
         "16": [
            0.8313810229301453,
            0.5740824341773987,
            -0.010472564958035946
         ],
         "17": [
            0.8412703275680542,
            0.49196547269821167,
            0.036075640469789505
         ],
         "18": [
            0.8519657850265503,
            0.4106464385986328,
            0.025368617847561836
         ],
         "19": [
            0.8611526489257812,
            0.3625034689903259,
            0.023477301001548767
         ],
         "20": [
            0.8680809140205383,
            0.3178163766860962,
            0.029338812455534935
         ]
      }
   ]
}