{
   "i": [
      {
         "0": [
            0.7786502838134766,
            0.8299722671508789,
            -4.844874865739257e-7
         ],
         "1": [
            0.7384086847305298,
            0.7863288521766663,
            -0.033754002302885056
         ],
         "2": [
            0.7084155082702637,
            0.682553231716156,
            -0.0494520328938961
         ],
         "3": [
            0.7069336771965027,
            0.5850802659988403,
            -0.06434255093336105
         ],
         "4": [
            0.7343639135360718,
            0.5288976430892944,
            -0.07312828302383423
         ],
         "5": [
            0.7266811728477478,
            0.5758057236671448,
            -0.012758689001202583
         ],
         "6": [
            0.7347314953804016,
            0.5141475796699524,
            -0.04438085854053497
         ],
         "7": [
            0.7385280132293701,
            0.5964135527610779,
            -0.058463867753744125
         ],
         "8": [
            0.7375467419624329,
            0.6423059105873108,
            -0.0599173866212368
         ],
         "9": [
            0.7591904997825623,
            0.5713324546813965,
            -0.005430517718195915
         ],
         "10": [
            0.7726197838783264,
            0.521776556968689,
            -0.04418705403804779
         ],
         "11": [
            0.7729379534721375,
            0.6302884221076965,
            -0.05558912456035614
         ],
         "12": [
            0.7647548913955688,
            0.6873372793197632,
            -0.05090555176138878
         ],
         "13": [
            0.792220950126648,
            0.5724909901618958,
            -0.004104179330170155
         ],
         "14": [
            0.8071950078010559,
            0.4973284900188446,
            -0.040989309549331665
         ],
         "15": [
            0.8059529066085815,
            0.5932132601737976,
            -0.04063400253653526
         ],
         "16": [
            0.7986882925033569,
            0.6626686453819275,
            -0.026001885533332825
         ],
         "17": [
            0.8220835328102112,
            0.5801470875740051,
            -0.004986386280506849
         ],
         "18": [
            0.8262489438056946,
            0.4843187630176544,
            -0.020090896636247635
         ],
         "19": [
            0.8311945199966431,
            0.42719435691833496,
            -0.02013934776186943
         ],
         "20": [
            0.8343846797943115,
            0.36607348918914795,
            -0.013210895471274853
         ]
      }
   ]
}