{
   "l": [
      {
         "0": [
            0.7107096314430237,
            0.8759452700614929,
            -3.143584024201118e-7
         ],
         "1": [
            0.6453019380569458,
            0.8234714269638062,
            -0.02770913764834404
         ],
         "2": [
            0.5745599269866943,
            0.6909783482551575,
            -0.04193742200732231
         ],
         "3": [
            0.5222108364105225,
            0.605048418045044,
            -0.05756543576717377
         ],
         "4": [
            0.47701436281204224,
            0.5481477975845337,
            -0.07338369637727737
         ],
         "5": [
            0.6218757033348083,
            0.49771130084991455,
            -0.021770497784018517
         ],
         "6": [
            0.6142364144325256,
            0.3380756974220276,
            -0.05547264218330383
         ],
         "7": [
            0.6122030019760132,
            0.23768970370292664,
            -0.07501444220542908
         ],
         "8": [
            0.6111845970153809,
            0.1507354974746704,
            -0.08914760500192642
         ],
         "9": [
            0.678584635257721,
            0.49776196479797363,
            -0.02984270453453064
         ],
         "10": [
            0.6507506370544434,
            0.45792844891548157,
            -0.0914306566119194
         ],
         "11": [
            0.6425014734268188,
            0.6032180190086365,
            -0.10181308537721634
         ],
         "12": [
            0.6462170481681824,
            0.6927845478057861,
            -0.09306139498949051
         ],
         "13": [
            0.7315945625305176,
            0.5295785069465637,
            -0.043024588376283646
         ],
         "14": [
            0.7032808661460876,
            0.5240548849105835,
            -0.10230231285095215
         ],
         "15": [
            0.6875532269477844,
            0.6604728698730469,
            -0.0894193947315216
         ],
         "16": [
            0.6848755478858948,
            0.7295755743980408,
            -0.0646863728761673
         ],
         "17": [
            0.7812492847442627,
            0.5811501741409302,
            -0.058598246425390244
         ],
         "18": [
            0.7481877207756042,
            0.5935782790184021,
            -0.0958336740732193
         ],
         "19": [
            0.7272517681121826,
            0.6950903534889221,
            -0.08517945557832718
         ],
         "20": [
            0.7239413857460022,
            0.7411694526672363,
            -0.06745864450931549
         ]
      }
   ]
}