{
   "m": [
      {
         "0": [
            0.6977306604385376,
            0.6925863027572632,
            -4.4227039097677334e-7
         ],
         "1": [
            0.6518262624740601,
            0.6486563086509705,
            -0.011633740738034248
         ],
         "2": [
            0.6348708271980286,
            0.5625460147857666,
            -0.020416293293237686
         ],
         "3": [
            0.6608286499977112,
            0.5129740238189697,
            -0.030461935326457024
         ],
         "4": [
            0.6846750974655151,
            0.4750038683414459,
            -0.03938483074307442
         ],
         "5": [
            0.6473073959350586,
            0.4678201675415039,
            -0.004723668098449707
         ],
         "6": [
            0.6259462237358093,
            0.4190790057182312,
            -0.03006306290626526
         ],
         "7": [
            0.6145182847976685,
            0.47578269243240356,
            -0.04753952845931053
         ],
         "8": [
            0.6157897114753723,
            0.5300552845001221,
            -0.05587150156497955
         ],
         "9": [
            0.6771160364151001,
            0.4607979357242584,
            -0.010437127202749252
         ],
         "10": [
            0.6550034284591675,
            0.39932355284690857,
            -0.03533702716231346
         ],
         "11": [
            0.6371433734893799,
            0.46619415283203125,
            -0.04585540294647217
         ],
         "12": [
            0.6342525482177734,
            0.5280060172080994,
            -0.0466531440615654
         ],
         "13": [
            0.7062557935714722,
            0.474870502948761,
            -0.01973673328757286
         ],
         "14": [
            0.6844994425773621,
            0.4095619022846222,
            -0.04257579892873764
         ],
         "15": [
            0.6664537191390991,
            0.47767117619514465,
            -0.04511675238609314
         ],
         "16": [
            0.66294264793396,
            0.5353908538818359,
            -0.04177805781364441
         ],
         "17": [
            0.7324207425117493,
            0.5051904916763306,
            -0.03015170246362686
         ],
         "18": [
            0.6966918110847473,
            0.5145931243896484,
            -0.04895773530006409
         ],
         "19": [
            0.6840716004371643,
            0.5695636868476868,
            -0.051557786762714386
         ],
         "20": [
            0.6871075630187988,
            0.602118194103241,
            -0.0493122860789299
         ]
      }
   ]
}