{
   "m": [
      {
         "0": [
            0.5566340684890747,
            0.6410988569259644,
            -3.3565331136742316e-7
         ],
         "1": [
            0.519096851348877,
            0.6032228469848633,
            -0.003550591180101037
         ],
         "2": [
            0.5039762854576111,
            0.536912739276886,
            -0.008084609173238277
         ],
         "3": [
            0.5189911127090454,
            0.4905817210674286,
            -0.01493842713534832
         ],
         "4": [
            0.5352478623390198,
            0.4546371400356293,
            -0.021683644503355026
         ],
         "5": [
            0.5129586458206177,
            0.4789895713329315,
            0.0017677540890872478
         ],
         "6": [
            0.4966150224208832,
            0.4305289685726166,
            -0.015602088533341885
         ],
         "7": [
            0.4844134747982025,
            0.46907007694244385,
            -0.02825993299484253
         ],
         "8": [
            0.48377469182014465,
            0.5137108564376831,
            -0.03451042249798775
         ],
         "9": [
            0.5320953726768494,
            0.46862757205963135,
            -0.004482734948396683
         ],
         "10": [
            0.5123371481895447,
            0.41221487522125244,
            -0.020790716633200645
         ],
         "11": [
            0.49657973647117615,
            0.4564993679523468,
            -0.029900986701250076
         ],
         "12": [
            0.4939872622489929,
            0.5048929452896118,
            -0.03238670155405998
         ],
         "13": [
            0.553753674030304,
            0.47199293971061707,
            -0.012911241501569748
         ],
         "14": [
            0.532630205154419,
            0.41414833068847656,
            -0.028163397684693336
         ],
         "15": [
            0.5178510546684265,
            0.460928738117218,
            -0.031952302902936935
         ],
         "16": [
            0.5148643851280212,
            0.5069490671157837,
            -0.03151790797710419
         ],
         "17": [
            0.5756744146347046,
            0.487120658159256,
            -0.021623313426971436
         ],
         "18": [
            0.5462402701377869,
            0.4878492057323456,
            -0.03397949039936066
         ],
         "19": [
            0.5358598232269287,
            0.5257182717323303,
            -0.035958413034677505
         ],
         "20": [
            0.536440908908844,
            0.553945004940033,
            -0.03492068499326706
         ]
      }
   ]
}