{
   "n": [
      {
         "0": [
            0.6346274018287659,
            0.660432755947113,
            -7.233664405248419e-7
         ],
         "1": [
            0.5759454369544983,
            0.6143316626548767,
            -0.009113567881286144
         ],
         "2": [
            0.535362958908081,
            0.5064859986305237,
            -0.01711791753768921
         ],
         "3": [
            0.5424331426620483,
            0.4177142381668091,
            -0.028999533504247665
         ],
         "4": [
            0.566760778427124,
            0.35329365730285645,
            -0.03873266279697418
         ],
         "5": [
            0.5692389011383057,
            0.3559751510620117,
            0.0028929582331329584
         ],
         "6": [
            0.5286155939102173,
            0.2930228114128113,
            -0.031217964366078377
         ],
         "7": [
            0.5136833786964417,
            0.3694906532764435,
            -0.05092405900359154
         ],
         "8": [
            0.5196754932403564,
            0.43953102827072144,
            -0.057959090918302536
         ],
         "9": [
            0.6041889190673828,
            0.3430021405220032,
            -0.007084999233484268
         ],
         "10": [
            0.557052731513977,
            0.26824191212654114,
            -0.04121091589331627
         ],
         "11": [
            0.5379081964492798,
            0.35969942808151245,
            -0.05000470578670502
         ],
         "12": [
            0.5393235683441162,
            0.4436887204647064,
            -0.044648487120866776
         ],
         "13": [
            0.6383317112922668,
            0.35434556007385254,
            -0.02196449786424637
         ],
         "14": [
            0.5823163390159607,
            0.3555149435997009,
            -0.056560076773166656
         ],
         "15": [
            0.5765205025672913,
            0.4621571898460388,
            -0.053522225469350815
         ],
         "16": [
            0.587684154510498,
            0.5319398045539856,
            -0.040211617946624756
         ],
         "17": [
            0.6683660745620728,
            0.38689181208610535,
            -0.03797319903969765
         ],
         "18": [
            0.6076529622077942,
            0.4059814214706421,
            -0.060317423194646835
         ],
         "19": [
            0.5977360606193542,
            0.4935770034790039,
            -0.05508112162351608
         ],
         "20": [
            0.6062226891517639,
            0.5496370792388916,
            -0.04376910999417305
         ]
      }
   ]
}