{
   "n": [
      {
         "0": [
            0.7693887948989868,
            0.8084360957145691,
            -4.0281477708958846e-7
         ],
         "1": [
            0.7238744497299194,
            0.7586622834205627,
            -0.01983143389225006
         ],
         "2": [
            0.7002081274986267,
            0.641618013381958,
            -0.027376603335142136
         ],
         "3": [
            0.7020597457885742,
            0.5500249266624451,
            -0.03582571819424629
         ],
         "4": [
            0.7073545455932617,
            0.4774652123451233,
            -0.03981044888496399
         ],
         "5": [
            0.7087079882621765,
            0.5268694758415222,
            -0.0022137414198368788
         ],
         "6": [
            0.7068479061126709,
            0.4473457336425781,
            -0.038851164281368256
         ],
         "7": [
            0.7091184854507446,
            0.5130645632743835,
            -0.0596972294151783
         ],
         "8": [
            0.714326024055481,
            0.5761475563049316,
            -0.06619086861610413
         ],
         "9": [
            0.7540549039840698,
            0.5166760683059692,
            -0.005746504291892052
         ],
         "10": [
            0.7542974352836609,
            0.43234121799468994,
            -0.04611961543560028
         ],
         "11": [
            0.7450324296951294,
            0.5165938138961792,
            -0.05910690128803253
         ],
         "12": [
            0.7425805330276489,
            0.5869569182395935,
            -0.053757019340991974
         ],
         "13": [
            0.7926833033561707,
            0.5347208380699158,
            -0.015025770291686058
         ],
         "14": [
            0.7806188464164734,
            0.5501799583435059,
            -0.05202292650938034
         ],
         "15": [
            0.7585023045539856,
            0.6506656408309937,
            -0.051875341683626175
         ],
         "16": [
            0.7451357841491699,
            0.7062844038009644,
            -0.03851909935474396
         ],
         "17": [
            0.8231947422027588,
            0.5709013342857361,
            -0.026306629180908203
         ],
         "18": [
            0.8023327589035034,
            0.621940553188324,
            -0.04571376368403435
         ],
         "19": [
            0.7803791165351868,
            0.6915537118911743,
            -0.042688317596912384
         ],
         "20": [
            0.7665883898735046,
            0.7206296324729919,
            -0.03270803019404411
         ]
      }
   ]
}