{
   "n-DGS": [
      {
         "0": [
            0.6431297659873962,
            0.26332542300224304,
            8.091998324744054e-7
         ],
         "1": [
            0.589805006980896,
            0.34292924404144287,
            -0.012604970484972
         ],
         "2": [
            0.5801210403442383,
            0.47371676564216614,
            -0.03067966364324093
         ],
         "3": [
            0.6051523685455322,
            0.5744648575782776,
            -0.045423317700624466
         ],
         "4": [
            0.6392378211021423,
            0.6325157284736633,
            -0.0614350400865078
         ],
         "5": [
            0.5694372653961182,
            0.49154287576675415,
            -0.07665184140205383
         ],
         "6": [
            0.5876719355583191,
            0.6928615570068359,
            -0.10485215485095978
         ],
         "7": [
            0.5967878103256226,
            0.7964403629302979,
            -0.11393681913614273
         ],
         "8": [
            0.6049210429191589,
            0.882023811340332,
            -0.11560233682394028
         ],
         "9": [
            0.6215310096740723,
            0.47653788328170776,
            -0.08070209622383118
         ],
         "10": [
            0.6315627694129944,
            0.691034734249115,
            -0.1094701811671257
         ],
         "11": [
            0.6325634717941284,
            0.8158349990844727,
            -0.11416393518447876
         ],
         "12": [
            0.6343424916267395,
            0.9122946262359619,
            -0.11461817473173141
         ],
         "13": [
            0.6729352474212646,
            0.46248772740364075,
            -0.08032356202602386
         ],
         "14": [
            0.6788740754127502,
            0.6483259201049805,
            -0.10265669226646423
         ],
         "15": [
            0.6655968427658081,
            0.608971118927002,
            -0.08645571023225784
         ],
         "16": [
            0.6590698957443237,
            0.5536000728607178,
            -0.06874062120914459
         ],
         "17": [
            0.7148813009262085,
            0.4488050639629364,
            -0.07979362457990646
         ],
         "18": [
            0.707825779914856,
            0.5933054089546204,
            -0.0890296995639801
         ],
         "19": [
            0.6913310885429382,
            0.5643166899681091,
            -0.06934626400470734
         ],
         "20": [
            0.6857618093490601,
            0.5174703598022461,
            -0.05064699426293373
         ]
      }
   ]
}