{
   "o": [
      {
         "0": [
            0.7358327507972717,
            0.7793021202087402,
            -2.4635389195282187e-7
         ],
         "1": [
            0.6903102397918701,
            0.7250616550445557,
            -0.018609188497066498
         ],
         "2": [
            0.6633484363555908,
            0.6338701248168945,
            -0.03325603902339935
         ],
         "3": [
            0.6670348644256592,
            0.5513002276420593,
            -0.0511358417570591
         ],
         "4": [
            0.694709300994873,
            0.4949963092803955,
            -0.06627552211284637
         ],
         "5": [
            0.6887246966362,
            0.4969920814037323,
            -0.0018037507543340325
         ],
         "6": [
            0.6897666454315186,
            0.38708561658859253,
            -0.031757839024066925
         ],
         "7": [
            0.6858269572257996,
            0.3977993130683899,
            -0.052791744470596313
         ],
         "8": [
            0.6875389218330383,
            0.44623062014579773,
            -0.06201748549938202
         ],
         "9": [
            0.7234432101249695,
            0.500515341758728,
            -0.008397790603339672
         ],
         "10": [
            0.7364752292633057,
            0.3760219216346741,
            -0.03865743428468704
         ],
         "11": [
            0.7198692560195923,
            0.4280143678188324,
            -0.05263403803110123
         ],
         "12": [
            0.7093088030815125,
            0.49039754271507263,
            -0.05425051599740982
         ],
         "13": [
            0.7562156319618225,
            0.5223507285118103,
            -0.020324230194091797
         ],
         "14": [
            0.7733455300331116,
            0.40717869997024536,
            -0.046759530901908875
         ],
         "15": [
            0.7492718696594238,
            0.4564240574836731,
            -0.051963794976472855
         ],
         "16": [
            0.7346875667572021,
            0.5193914175033569,
            -0.04841543361544609
         ],
         "17": [
            0.788740873336792,
            0.5608994364738464,
            -0.03443882614374161
         ],
         "18": [
            0.7932255268096924,
            0.4764106571674347,
            -0.05011075735092163
         ],
         "19": [
            0.770189642906189,
            0.504095196723938,
            -0.050426170229911804
         ],
         "20": [
            0.7539532780647278,
            0.5531041622161865,
            -0.046720102429389954
         ]
      }
   ]
}