{
   "o": [
      {
         "0": [
            0.8076479434967041,
            0.6702368855476379,
            -1.4611445919854305e-7
         ],
         "1": [
            0.748967707157135,
            0.6142059564590454,
            -0.02500588819384575
         ],
         "2": [
            0.7135388255119324,
            0.5098816752433777,
            -0.0415932796895504
         ],
         "3": [
            0.7249809503555298,
            0.4107153117656708,
            -0.06013212725520134
         ],
         "4": [
            0.7550033926963806,
            0.33416643738746643,
            -0.07601608335971832
         ],
         "5": [
            0.7266582250595093,
            0.3604051470756531,
            -0.006954903714358807
         ],
         "6": [
            0.7239937782287598,
            0.23519130051136017,
            -0.03991411626338959
         ],
         "7": [
            0.7304051518440247,
            0.23176144063472748,
            -0.06553266942501068
         ],
         "8": [
            0.7376537322998047,
            0.2773434519767761,
            -0.07814907282590866
         ],
         "9": [
            0.7708953022956848,
            0.3475395739078522,
            -0.012900043278932571
         ],
         "10": [
            0.7760468125343323,
            0.19868271052837372,
            -0.04499698057770729
         ],
         "11": [
            0.7803236842155457,
            0.24893510341644287,
            -0.06498807668685913
         ],
         "12": [
            0.7782432436943054,
            0.32143527269363403,
            -0.07170472294092178
         ],
         "13": [
            0.8136188983917236,
            0.36209648847579956,
            -0.02430245466530323
         ],
         "14": [
            0.8253775835037231,
            0.21477104723453522,
            -0.054595429450273514
         ],
         "15": [
            0.822579026222229,
            0.27137959003448486,
            -0.06276432424783707
         ],
         "16": [
            0.8167322278022766,
            0.3504687249660492,
            -0.06158437207341194
         ],
         "17": [
            0.856069803237915,
            0.40330079197883606,
            -0.03830302879214287
         ],
         "18": [
            0.8667500615119934,
            0.29940569400787354,
            -0.06063133478164673
         ],
         "19": [
            0.8581283688545227,
            0.33638203144073486,
            -0.06262817233800888
         ],
         "20": [
            0.8461971282958984,
            0.4007226824760437,
            -0.059496767818927765
         ]
      }
   ]
}