{
   "q": [
      {
         "0": [
            0.7598134875297546,
            0.65908282995224,
            -2.5933601932592865e-7
         ],
         "1": [
            0.6955807209014893,
            0.6370484828948975,
            -0.02435118891298771
         ],
         "2": [
            0.6419631242752075,
            0.6165527105331421,
            -0.047045640647411346
         ],
         "3": [
            0.6048171520233154,
            0.639292299747467,
            -0.0682690218091011
         ],
         "4": [
            0.5857460498809814,
            0.6700006127357483,
            -0.08677878230810165
         ],
         "5": [
            0.6416463255882263,
            0.4602286219596863,
            -0.04447484016418457
         ],
         "6": [
            0.5988986492156982,
            0.5845960974693298,
            -0.08466501533985138
         ],
         "7": [
            0.5766386985778809,
            0.6671923398971558,
            -0.110658660531044
         ],
         "8": [
            0.5597177147865295,
            0.722781777381897,
            -0.12328413873910904
         ],
         "9": [
            0.6862260699272156,
            0.4629710018634796,
            -0.047845445573329926
         ],
         "10": [
            0.6558983325958252,
            0.6203269958496094,
            -0.07163962721824646
         ],
         "11": [
            0.6715020537376404,
            0.6212462186813354,
            -0.07123972475528717
         ],
         "12": [
            0.6835662722587585,
            0.5825575590133667,
            -0.06844040751457214
         ],
         "13": [
            0.7316010594367981,
            0.49999624490737915,
            -0.055243633687496185
         ],
         "14": [
            0.6963266730308533,
            0.6523724794387817,
            -0.0718110129237175
         ],
         "15": [
            0.7079890966415405,
            0.6474652290344238,
            -0.05104466527700424
         ],
         "16": [
            0.7185768485069275,
            0.6058468222618103,
            -0.03324901685118675
         ],
         "17": [
            0.77076256275177,
            0.5536181926727295,
            -0.06706931442022324
         ],
         "18": [
            0.7373900413513184,
            0.6606504917144775,
            -0.08158005774021149
         ],
         "19": [
            0.7357677221298218,
            0.6559198498725891,
            -0.06878318637609482
         ],
         "20": [
            0.7423843145370483,
            0.6223805546760559,
            -0.05327269062399864
         ]
      }
   ]
}