{
   "s": [
      {
         "0": [
            0.6394799947738647,
            0.6296274662017822,
            -4.10325100119735e-7
         ],
         "1": [
            0.5992485284805298,
            0.588743269443512,
            -0.0032608984038233757
         ],
         "2": [
            0.5773419141769409,
            0.5234151482582092,
            -0.0055169472470879555
         ],
         "3": [
            0.5712612867355347,
            0.4614156484603882,
            -0.01273889746516943
         ],
         "4": [
            0.5776305794715881,
            0.4043942391872406,
            -0.018372539430856705
         ],
         "5": [
            0.6086639165878296,
            0.4571365416049957,
            0.018696682527661324
         ],
         "6": [
            0.6022718548774719,
            0.38938477635383606,
            0.0005733314319513738
         ],
         "7": [
            0.5898833274841309,
            0.4331298768520355,
            -0.010664369910955429
         ],
         "8": [
            0.5943859815597534,
            0.47732284665107727,
            -0.014443900436162949
         ],
         "9": [
            0.6241447329521179,
            0.45007413625717163,
            0.012272128835320473
         ],
         "10": [
            0.6155934929847717,
            0.36889585852622986,
            -0.008732466027140617
         ],
         "11": [
            0.6006631851196289,
            0.430528461933136,
            -0.016323942691087723
         ],
         "12": [
            0.6085654497146606,
            0.4784637689590454,
            -0.013523328118026257
         ],
         "13": [
            0.6435012817382812,
            0.44645607471466064,
            0.0021134254056960344
         ],
         "14": [
            0.6295133829116821,
            0.3699674904346466,
            -0.019448699429631233
         ],
         "15": [
            0.6151565909385681,
            0.43487125635147095,
            -0.01728341169655323
         ],
         "16": [
            0.6238452196121216,
            0.4848117530345917,
            -0.006988566368818283
         ],
         "17": [
            0.6668412685394287,
            0.4490984380245209,
            -0.008537978865206242
         ],
         "18": [
            0.6460310816764832,
            0.3880786895751953,
            -0.021095354110002518
         ],
         "19": [
            0.6328990459442139,
            0.4302552342414856,
            -0.015960900112986565
         ],
         "20": [
            0.6398501396179199,
            0.47278714179992676,
            -0.006541245151311159
         ]
      }
   ]
}