{
   "sch": [
      {
         "0": [
            0.6903306245803833,
            0.785192608833313,
            2.794090789848269e-7
         ],
         "1": [
            0.6347448229789734,
            0.7429658770561218,
            -0.021349743008613586
         ],
         "2": [
            0.5924088954925537,
            0.6425798535346985,
            -0.026920123025774956
         ],
         "3": [
            0.5673898458480835,
            0.5554561018943787,
            -0.030768748372793198
         ],
         "4": [
            0.5385112166404724,
            0.5006839632987976,
            -0.03402995318174362
         ],
         "5": [
            0.6397618651390076,
            0.5032836198806763,
            -0.006881949957460165
         ],
         "6": [
            0.6260059475898743,
            0.39399653673171997,
            -0.017258046194911003
         ],
         "7": [
            0.6185307502746582,
            0.3299468755722046,
            -0.027629081159830093
         ],
         "8": [
            0.6131646037101746,
            0.27691906690597534,
            -0.03625810518860817
         ],
         "9": [
            0.6773092150688171,
            0.49412962794303894,
            -0.008112497627735138
         ],
         "10": [
            0.6731955409049988,
            0.371971070766449,
            -0.014918487519025803
         ],
         "11": [
            0.6693375110626221,
            0.30213862657546997,
            -0.02410455048084259
         ],
         "12": [
            0.6653254628181458,
            0.2501720190048218,
            -0.031923335045576096
         ],
         "13": [
            0.7128840684890747,
            0.5107741951942444,
            -0.013399293646216393
         ],
         "14": [
            0.7188364267349243,
            0.40000689029693604,
            -0.02467171661555767
         ],
         "15": [
            0.7207937836647034,
            0.3345884084701538,
            -0.03431353718042374
         ],
         "16": [
            0.72046959400177,
            0.2808828055858612,
            -0.04201078414916992
         ],
         "17": [
            0.7467288970947266,
            0.54761803150177,
            -0.020964881405234337
         ],
         "18": [
            0.7688611149787903,
            0.47438979148864746,
            -0.03295638784766197
         ],
         "19": [
            0.7823778390884399,
            0.4268471598625183,
            -0.03887111693620682
         ],
         "20": [
            0.7932591438293457,
            0.3838900923728943,
            -0.043307166546583176
         ]
      }
   ]
}