{
   "sch": [
      {
         "0": [
            0.6574306488037109,
            0.7677359580993652,
            2.9174140081522637e-7
         ],
         "1": [
            0.6103578805923462,
            0.7223763465881348,
            -0.011532116681337357
         ],
         "2": [
            0.5788359642028809,
            0.6296923756599426,
            -0.015788735821843147
         ],
         "3": [
            0.5665915608406067,
            0.5573163032531738,
            -0.020156046375632286
         ],
         "4": [
            0.5540314316749573,
            0.5033382773399353,
            -0.024392539635300636
         ],
         "5": [
            0.6182312369346619,
            0.4819437563419342,
            -0.005504422355443239
         ],
         "6": [
            0.6163444519042969,
            0.37465131282806396,
            -0.015748484060168266
         ],
         "7": [
            0.6183217763900757,
            0.3125905990600586,
            -0.02535858191549778
         ],
         "8": [
            0.6223357915878296,
            0.26320523023605347,
            -0.03314729034900665
         ],
         "9": [
            0.6522300243377686,
            0.47566792368888855,
            -0.012045326642692089
         ],
         "10": [
            0.6577675342559814,
            0.3527817130088806,
            -0.02099127136170864
         ],
         "11": [
            0.6615428924560547,
            0.2813742756843567,
            -0.031134704127907753
         ],
         "12": [
            0.6644840240478516,
            0.22600057721138,
            -0.0394064299762249
         ],
         "13": [
            0.684016764163971,
            0.491405189037323,
            -0.02137366123497486
         ],
         "14": [
            0.6998144388198853,
            0.3710394501686096,
            -0.03381144255399704
         ],
         "15": [
            0.7075289487838745,
            0.29755526781082153,
            -0.045363686978816986
         ],
         "16": [
            0.712999165058136,
            0.23586887121200562,
            -0.054500825703144073
         ],
         "17": [
            0.7125232815742493,
            0.5278739929199219,
            -0.031919609755277634
         ],
         "18": [
            0.740540623664856,
            0.44268807768821716,
            -0.04556494206190109
         ],
         "19": [
            0.7573800086975098,
            0.3817002475261688,
            -0.05385679379105568
         ],
         "20": [
            0.7707215547561646,
            0.3247012495994568,
            -0.06001530960202217
         ]
      }
   ]
}