{
   "sch": [
      {
         "0": [
            0.671517014503479,
            0.805697500705719,
            1.8305054538814147e-7
         ],
         "1": [
            0.6452211737632751,
            0.7765337228775024,
            -0.012191547080874443
         ],
         "2": [
            0.6256057620048523,
            0.7242861986160278,
            -0.01875464804470539
         ],
         "3": [
            0.6144440770149231,
            0.6778262853622437,
            -0.024239301681518555
         ],
         "4": [
            0.5998151898384094,
            0.6484118700027466,
            -0.029949918389320374
         ],
         "5": [
            0.6533388495445251,
            0.664818525314331,
            -0.015406336635351181
         ],
         "6": [
            0.6523888111114502,
            0.6022215485572815,
            -0.025923728942871094
         ],
         "7": [
            0.6521318554878235,
            0.5643054842948914,
            -0.03387339785695076
         ],
         "8": [
            0.6519134044647217,
            0.5320651531219482,
            -0.03974834829568863
         ],
         "9": [
            0.672071635723114,
            0.6644161343574524,
            -0.017460515722632408
         ],
         "10": [
            0.6746336221694946,
            0.5962427854537964,
            -0.026601608842611313
         ],
         "11": [
            0.6754699349403381,
            0.5547334551811218,
            -0.033935025334358215
         ],
         "12": [
            0.6753644347190857,
            0.5197694897651672,
            -0.03952239081263542
         ],
         "13": [
            0.6893117427825928,
            0.6765692830085754,
            -0.020932074636220932
         ],
         "14": [
            0.6971677541732788,
            0.6135491132736206,
            -0.030894841998815536
         ],
         "15": [
            0.701110303401947,
            0.5744894742965698,
            -0.03718062862753868
         ],
         "16": [
            0.7032437920570374,
            0.540091872215271,
            -0.04180252552032471
         ],
         "17": [
            0.7055089473724365,
            0.6997467875480652,
            -0.025369102135300636
         ],
         "18": [
            0.7191675305366516,
            0.6587228775024414,
            -0.034941572695970535
         ],
         "19": [
            0.727655827999115,
            0.6308016180992126,
            -0.039008840918540955
         ],
         "20": [
            0.7340502738952637,
            0.6043298244476318,
            -0.04172035679221153
         ]
      }
   ]
}