{
   "t": [
      {
         "0": [
            0.7692492008209229,
            0.5603002309799194,
            -3.8224885656745755e-7
         ],
         "1": [
            0.7329893112182617,
            0.5098415613174438,
            0.001258168718777597
         ],
         "2": [
            0.7231687307357788,
            0.4483011066913605,
            -0.0002602243039291352
         ],
         "3": [
            0.7279091477394104,
            0.4038647413253784,
            -0.005818862933665514
         ],
         "4": [
            0.734215259552002,
            0.36430203914642334,
            -0.01035415381193161
         ],
         "5": [
            0.7499979734420776,
            0.38887038826942444,
            0.014782479032874107
         ],
         "6": [
            0.7251964211463928,
            0.34686410427093506,
            -0.0019373925169929862
         ],
         "7": [
            0.7123652100563049,
            0.37793463468551636,
            -0.012193940579891205
         ],
         "8": [
            0.713504433631897,
            0.4112722873687744,
            -0.016130229458212852
         ],
         "9": [
            0.7671371698379517,
            0.38648441433906555,
            0.007086391095072031
         ],
         "10": [
            0.7378899455070496,
            0.35802116990089417,
            -0.009359383955597878
         ],
         "11": [
            0.7290245294570923,
            0.4098736047744751,
            -0.01370213832706213
         ],
         "12": [
            0.7388483285903931,
            0.43456605076789856,
            -0.011980012059211731
         ],
         "13": [
            0.7839084267616272,
            0.39632996916770935,
            -0.003602026030421257
         ],
         "14": [
            0.7506980895996094,
            0.3683147430419922,
            -0.020194876939058304
         ],
         "15": [
            0.7439947724342346,
            0.4242597222328186,
            -0.014868049882352352
         ],
         "16": [
            0.754989504814148,
            0.44653764367103577,
            -0.006813631858676672
         ],
         "17": [
            0.798144519329071,
            0.4167550802230835,
            -0.014718299731612206
         ],
         "18": [
            0.7634028196334839,
            0.40631356835365295,
            -0.02502966672182083
         ],
         "19": [
            0.7590945959091187,
            0.4436376988887787,
            -0.02006652019917965
         ],
         "20": [
            0.7709307074546814,
            0.4560854136943817,
            -0.01322079822421074
         ]
      }
   ]
}