{
   "x": [
      {
         "0": [
            0.7354328036308289,
            0.7213845252990723,
            -1.189208518326268e-7
         ],
         "1": [
            0.7159847617149353,
            0.6857712268829346,
            -0.012580052018165588
         ],
         "2": [
            0.7080876231193542,
            0.6394556760787964,
            -0.021185265854001045
         ],
         "3": [
            0.722589373588562,
            0.6072521805763245,
            -0.030196286737918854
         ],
         "4": [
            0.7401393055915833,
            0.5958908200263977,
            -0.03708461672067642
         ],
         "5": [
            0.723726212978363,
            0.564425528049469,
            -0.007830015383660793
         ],
         "6": [
            0.7325632572174072,
            0.5069528818130493,
            -0.02828170359134674
         ],
         "7": [
            0.7425535917282104,
            0.5056142807006836,
            -0.04153810068964958
         ],
         "8": [
            0.7485705018043518,
            0.5305920243263245,
            -0.04699050262570381
         ],
         "9": [
            0.7445352077484131,
            0.5805035829544067,
            -0.009255546145141125
         ],
         "10": [
            0.7615879774093628,
            0.5504493713378906,
            -0.031569790095090866
         ],
         "11": [
            0.7549903392791748,
            0.6017861366271973,
            -0.03664759173989296
         ],
         "12": [
            0.7445428967475891,
            0.632249116897583,
            -0.03419193625450134
         ],
         "13": [
            0.7623947262763977,
            0.5988878011703491,
            -0.01381828635931015
         ],
         "14": [
            0.778571367263794,
            0.5734377503395081,
            -0.03412950411438942
         ],
         "15": [
            0.7669385671615601,
            0.6182231307029724,
            -0.030362771824002266
         ],
         "16": [
            0.7541851997375488,
            0.6424099206924438,
            -0.02216336503624916
         ],
         "17": [
            0.7775059938430786,
            0.6229544878005981,
            -0.019738923758268356
         ],
         "18": [
            0.7897374629974365,
            0.6086844205856323,
            -0.032423026859760284
         ],
         "19": [
            0.7791199088096619,
            0.6363731026649475,
            -0.028260894119739532
         ],
         "20": [
            0.7670279145240784,
            0.6505501866340637,
            -0.021268507465720177
         ]
      }
   ]
}