{
   "a": [
      {
         "0": [
            0.6576871275901794,
            0.6653778553009033,
            -0.000001245111207026639
         ],
         "1": [
            0.530899167060852,
            0.598518967628479,
            -0.05358826369047165
         ],
         "2": [
            0.4431362450122833,
            0.40161457657814026,
            -0.06532900035381317
         ],
         "3": [
            0.41153421998023987,
            0.232711061835289,
            -0.07161536812782288
         ],
         "4": [
            0.39370787143707275,
            0.10161307454109192,
            -0.0673011913895607
         ],
         "5": [
            0.5002831816673279,
            0.24268098175525665,
            -0.02428266406059265
         ],
         "6": [
            0.48329654335975647,
            0.21422962844371796,
            -0.07734706997871399
         ],
         "7": [
            0.5176732540130615,
            0.3580593466758728,
            -0.10058199614286423
         ],
         "8": [
            0.5343849062919617,
            0.46878427267074585,
            -0.10594390332698822
         ],
         "9": [
            0.5874429941177368,
            0.221724271774292,
            -0.01848933845758438
         ],
         "10": [
            0.5635110139846802,
            0.21351365745067596,
            -0.08314038813114166
         ],
         "11": [
            0.5843827128410339,
            0.37409842014312744,
            -0.09639108180999756
         ],
         "12": [
            0.5958493947982788,
            0.4936422109603882,
            -0.0869615226984024
         ],
         "13": [
            0.6728427410125732,
            0.23119527101516724,
            -0.022834332659840584
         ],
         "14": [
            0.6504298448562622,
            0.2674960494041443,
            -0.09269322454929352
         ],
         "15": [
            0.6531726121902466,
            0.42795035243034363,
            -0.07968904823064804
         ],
         "16": [
            0.6502718925476074,
            0.5382309556007385,
            -0.04958224669098854
         ],
         "17": [
            0.7537405490875244,
            0.26306718587875366,
            -0.03129320591688156
         ],
         "18": [
            0.7272250652313232,
            0.27986589074134827,
            -0.08209266513586044
         ],
         "19": [
            0.7137398719787598,
            0.4083585739135742,
            -0.0689036026597023
         ],
         "20": [
            0.7033811211585999,
            0.4953855574131012,
            -0.04301852732896805
         ]
      }
   ]
}