{
   "b": [
      {
         "0": [
            0.5327816605567932,
            0.8663598895072937,
            5.105368927615928e-7
         ],
         "1": [
            0.4431437849998474,
            0.8076605200767517,
            -0.038354914635419846
         ],
         "2": [
            0.39831840991973877,
            0.6912934184074402,
            -0.05332651734352112
         ],
         "3": [
            0.39780861139297485,
            0.5782163739204407,
            -0.06584993004798889
         ],
         "4": [
            0.3993322551250458,
            0.4802015423774719,
            -0.07670982927083969
         ],
         "5": [
            0.45179110765457153,
            0.5388893485069275,
            -0.014336013235151768
         ],
         "6": [
            0.4502173662185669,
            0.40279722213745117,
            -0.03935929760336876
         ],
         "7": [
            0.45249563455581665,
            0.3215111196041107,
            -0.06246013194322586
         ],
         "8": [
            0.45689743757247925,
            0.248943030834198,
            -0.07966021448373795
         ],
         "9": [
            0.5055985450744629,
            0.5321857929229736,
            -0.01573273539543152
         ],
         "10": [
            0.5013996362686157,
            0.3886604905128479,
            -0.03606366366147995
         ],
         "11": [
            0.5011501908302307,
            0.3011395037174225,
            -0.057438213378190994
         ],
         "12": [
            0.5027872920036316,
            0.22439128160476685,
            -0.07369668036699295
         ],
         "13": [
            0.5543921589851379,
            0.5482985973358154,
            -0.024199379608035088
         ],
         "14": [
            0.5510860085487366,
            0.4132652282714844,
            -0.045354217290878296
         ],
         "15": [
            0.5476750731468201,
            0.3315895199775696,
            -0.06010610982775688
         ],
         "16": [
            0.5451075434684753,
            0.2553146779537201,
            -0.07124849408864975
         ],
         "17": [
            0.6053226590156555,
            0.5832302570343018,
            -0.03735053166747093
         ],
         "18": [
            0.603783130645752,
            0.4748820662498474,
            -0.05797179788351059
         ],
         "19": [
            0.6004830598831177,
            0.4045053720474243,
            -0.06710541248321533
         ],
         "20": [
            0.5968593955039978,
            0.33511847257614136,
            -0.07325726002454758
         ]
      }
   ]
}