{
   "c": [
      {
         "0": [
            0.6248217821121216,
            0.7902258038520813,
            1.827271347565329e-7
         ],
         "1": [
            0.5319196581840515,
            0.7686967849731445,
            -0.0404646061360836
         ],
         "2": [
            0.4542374014854431,
            0.6661635637283325,
            -0.06087396293878555
         ],
         "3": [
            0.427359402179718,
            0.555550754070282,
            -0.08015662431716919
         ],
         "4": [
            0.4579469561576843,
            0.5027860999107361,
            -0.09721806645393372
         ],
         "5": [
            0.5216178297996521,
            0.4633079469203949,
            -0.01640957221388817
         ],
         "6": [
            0.5199522376060486,
            0.33266976475715637,
            -0.05797673389315605
         ],
         "7": [
            0.5130974650382996,
            0.2765434682369232,
            -0.09670300036668777
         ],
         "8": [
            0.5093453526496887,
            0.27824413776397705,
            -0.11968768388032913
         ],
         "9": [
            0.5815079212188721,
            0.44951125979423523,
            -0.018831975758075714
         ],
         "10": [
            0.5735020041465759,
            0.3022136092185974,
            -0.058523990213871
         ],
         "11": [
            0.5720309019088745,
            0.2456834316253662,
            -0.09779751300811768
         ],
         "12": [
            0.5716270208358765,
            0.25386080145835876,
            -0.12103971838951111
         ],
         "13": [
            0.6358452439308167,
            0.4590165317058563,
            -0.028650358319282532
         ],
         "14": [
            0.6325884461402893,
            0.3209393620491028,
            -0.06161436438560486
         ],
         "15": [
            0.6299747824668884,
            0.25881823897361755,
            -0.08962089568376541
         ],
         "16": [
            0.6314936876296997,
            0.2576320171356201,
            -0.10442894697189331
         ],
         "17": [
            0.6920363903045654,
            0.4892813265323639,
            -0.04255704954266548
         ],
         "18": [
            0.6812541484832764,
            0.38025718927383423,
            -0.0697266012430191
         ],
         "19": [
            0.6740390658378601,
            0.3116692900657654,
            -0.08865515142679214
         ],
         "20": [
            0.6707876324653625,
            0.2736693024635315,
            -0.09902078658342361
         ]
      }
   ]
}