{
   "d": [
      {
         "0": [
            0.6916747689247131,
            0.8373972177505493,
            1.0648309967109526e-7
         ],
         "1": [
            0.6346061825752258,
            0.8237459659576416,
            -0.05217362940311432
         ],
         "2": [
            0.5925568342208862,
            0.7481010556221008,
            -0.08384322375059128
         ],
         "3": [
            0.5958482027053833,
            0.666581928730011,
            -0.11429475992918015
         ],
         "4": [
            0.6028650999069214,
            0.588464617729187,
            -0.14210715889930725
         ],
         "5": [
            0.5677611231803894,
            0.562622606754303,
            -0.0356282964348793
         ],
         "6": [
            0.5485814213752747,
            0.4334361255168915,
            -0.07465700805187225
         ],
         "7": [
            0.5405378937721252,
            0.3459896743297577,
            -0.09957651048898697
         ],
         "8": [
            0.5357373952865601,
            0.27404290437698364,
            -0.11602035164833069
         ],
         "9": [
            0.6206341981887817,
            0.5519112348556519,
            -0.0350700207054615
         ],
         "10": [
            0.6120452880859375,
            0.45798665285110474,
            -0.09384147822856903
         ],
         "11": [
            0.6160818338394165,
            0.5345292091369629,
            -0.11074208468198776
         ],
         "12": [
            0.6143131256103516,
            0.5892230272293091,
            -0.10739240795373917
         ],
         "13": [
            0.6741653084754944,
            0.5573009848594666,
            -0.041591718792915344
         ],
         "14": [
            0.6680580377578735,
            0.4757336378097534,
            -0.09942426532506943
         ],
         "15": [
            0.6734323501586914,
            0.5740010738372803,
            -0.08846171200275421
         ],
         "16": [
            0.6754459738731384,
            0.6386714577674866,
            -0.06415123492479324
         ],
         "17": [
            0.7288486957550049,
            0.5815370678901672,
            -0.05323943495750427
         ],
         "18": [
            0.7274798154830933,
            0.505438506603241,
            -0.09181137382984161
         ],
         "19": [
            0.7227911949157715,
            0.5663962364196777,
            -0.08145786076784134
         ],
         "20": [
            0.7164032459259033,
            0.6132943630218506,
            -0.0629839301109314
         ]
      }
   ]
}