{
   "f": [
      {
         "0": [
            0.6399964690208435,
            0.708162784576416,
            2.710623903112719e-7
         ],
         "1": [
            0.5776768922805786,
            0.6753424406051636,
            -0.03066718950867653
         ],
         "2": [
            0.5287060737609863,
            0.5848504900932312,
            -0.05158080533146858
         ],
         "3": [
            0.5017315745353699,
            0.5088135004043579,
            -0.07527679204940796
         ],
         "4": [
            0.5019521713256836,
            0.4382113814353943,
            -0.09527313709259033
         ],
         "5": [
            0.526762843132019,
            0.43722593784332275,
            -0.004288208670914173
         ],
         "6": [
            0.49490806460380554,
            0.37361443042755127,
            -0.0575735978782177
         ],
         "7": [
            0.49380430579185486,
            0.4190557599067688,
            -0.09955369681119919
         ],
         "8": [
            0.5059123039245605,
            0.4749548137187958,
            -0.11802128702402115
         ],
         "9": [
            0.570172131061554,
            0.39366841316223145,
            -0.012169034220278263
         ],
         "10": [
            0.5458003282546997,
            0.2553490996360779,
            -0.03412221744656563
         ],
         "11": [
            0.5358779430389404,
            0.17055070400238037,
            -0.05026606470346451
         ],
         "12": [
            0.5291173458099365,
            0.0939125120639801,
            -0.059958480298519135
         ],
         "13": [
            0.6237999796867371,
            0.3904517889022827,
            -0.031232835724949837
         ],
         "14": [
            0.6215941905975342,
            0.2597426176071167,
            -0.059102367609739304
         ],
         "15": [
            0.6247301697731018,
            0.17895066738128662,
            -0.07460413128137589
         ],
         "16": [
            0.6225326657295227,
            0.10750111937522888,
            -0.08230914920568466
         ],
         "17": [
            0.6801050901412964,
            0.4179549217224121,
            -0.05408799275755882
         ],
         "18": [
            0.7098446488380432,
            0.320716917514801,
            -0.07552139461040497
         ],
         "19": [
            0.7322335839271545,
            0.2558254897594452,
            -0.07882353663444519
         ],
         "20": [
            0.7481642365455627,
            0.19690509140491486,
            -0.07839548587799072
         ]
      }
   ]
}