{
   "g": [
      {
         "0": [
            0.5713315010070801,
            0.6647584438323975,
            -4.390183789837465e-7
         ],
         "1": [
            0.5058450698852539,
            0.5546876192092896,
            -0.016045648604631424
         ],
         "2": [
            0.4446205496788025,
            0.4698757231235504,
            -0.054577335715293884
         ],
         "3": [
            0.37891191244125366,
            0.4308966100215912,
            -0.0931311622262001
         ],
         "4": [
            0.31673353910446167,
            0.3868672847747803,
            -0.13172923028469086
         ],
         "5": [
            0.5464235544204712,
            0.34361496567726135,
            -0.0770191103219986
         ],
         "6": [
            0.43791669607162476,
            0.3073391020298004,
            -0.13279157876968384
         ],
         "7": [
            0.3681408166885376,
            0.27989739179611206,
            -0.16660916805267334
         ],
         "8": [
            0.30916112661361694,
            0.2556634545326233,
            -0.19033458828926086
         ],
         "9": [
            0.5692681670188904,
            0.40514981746673584,
            -0.0974690243601799
         ],
         "10": [
            0.40745124220848083,
            0.42285415530204773,
            -0.14288373291492462
         ],
         "11": [
            0.4238510727882385,
            0.48961517214775085,
            -0.14075906574726105
         ],
         "12": [
            0.46364662051200867,
            0.4984286427497864,
            -0.1408476084470749
         ],
         "13": [
            0.5701396465301514,
            0.4918248653411865,
            -0.12022064626216888
         ],
         "14": [
            0.4064443111419678,
            0.5213130712509155,
            -0.15527760982513428
         ],
         "15": [
            0.4348067343235016,
            0.5686690211296082,
            -0.1280110776424408
         ],
         "16": [
            0.4780350923538208,
            0.5622133612632751,
            -0.11251872777938843
         ],
         "17": [
            0.5589965581893921,
            0.5810701847076416,
            -0.14509692788124084
         ],
         "18": [
            0.42522096633911133,
            0.5925886631011963,
            -0.1753734052181244
         ],
         "19": [
            0.4435161352157593,
            0.6180650591850281,
            -0.16085487604141235
         ],
         "20": [
            0.48414525389671326,
            0.6091595888137817,
            -0.1495233178138733
         ]
      }
   ]
}