{
   "l": [
      {
         "0": [
            0.6398628950119019,
            0.745460033416748,
            -2.665593683559564e-7
         ],
         "1": [
            0.5580536127090454,
            0.7123048305511475,
            -0.035282690078020096
         ],
         "2": [
            0.47593632340431213,
            0.6260504722595215,
            -0.055362269282341
         ],
         "3": [
            0.41561317443847656,
            0.5590983033180237,
            -0.0762450322508812
         ],
         "4": [
            0.3617529273033142,
            0.5170532464981079,
            -0.09684094041585922
         ],
         "5": [
            0.5310011506080627,
            0.4639999568462372,
            -0.031266774982213974
         ],
         "6": [
            0.523617684841156,
            0.3299750089645386,
            -0.06310724467039108
         ],
         "7": [
            0.5241721868515015,
            0.2507737874984741,
            -0.08198205381631851
         ],
         "8": [
            0.5245785117149353,
            0.1818414330482483,
            -0.09603776037693024
         ],
         "9": [
            0.5900881290435791,
            0.457306444644928,
            -0.03513926640152931
         ],
         "10": [
            0.5996288657188416,
            0.43913790583610535,
            -0.09988156706094742
         ],
         "11": [
            0.6037865281105042,
            0.5440225005149841,
            -0.1146257147192955
         ],
         "12": [
            0.6004958748817444,
            0.6192777156829834,
            -0.10906080901622772
         ],
         "13": [
            0.6458091735839844,
            0.46968820691108704,
            -0.043601371347904205
         ],
         "14": [
            0.653855562210083,
            0.4705350399017334,
            -0.10515963286161423
         ],
         "15": [
            0.6458157300949097,
            0.5700478553771973,
            -0.09701304882764816
         ],
         "16": [
            0.634160041809082,
            0.6347665786743164,
            -0.07509762793779373
         ],
         "17": [
            0.6976354718208313,
            0.49578407406806946,
            -0.0547025129199028
         ],
         "18": [
            0.6985442042350769,
            0.49224957823753357,
            -0.09477561712265015
         ],
         "19": [
            0.6829714775085449,
            0.5694345831871033,
            -0.08703063428401947
         ],
         "20": [
            0.668458104133606,
            0.6194548606872559,
            -0.07033589482307434
         ]
      }
   ]
}