{
   "m": [
      {
         "0": [
            0.6940580010414124,
            0.3374214768409729,
            -6.435336104004818e-7
         ],
         "1": [
            0.6455920934677124,
            0.35421645641326904,
            -0.07577507197856903
         ],
         "2": [
            0.6006789207458496,
            0.35926324129104614,
            -0.1429027020931244
         ],
         "3": [
            0.5858567953109741,
            0.38008394837379456,
            -0.198158398270607
         ],
         "4": [
            0.584269642829895,
            0.40342217683792114,
            -0.2544400990009308
         ],
         "5": [
            0.5517259240150452,
            0.14356930553913116,
            -0.16928473114967346
         ],
         "6": [
            0.5375373363494873,
            0.2637084424495697,
            -0.2525347173213959
         ],
         "7": [
            0.547184944152832,
            0.3873137831687927,
            -0.2992895543575287
         ],
         "8": [
            0.5565520524978638,
            0.4862492084503174,
            -0.3230333924293518
         ],
         "9": [
            0.6184435486793518,
            0.10758940130472183,
            -0.16796563565731049
         ],
         "10": [
            0.603935718536377,
            0.23667345941066742,
            -0.2566385865211487
         ],
         "11": [
            0.6097909808158875,
            0.3897891044616699,
            -0.28595197200775146
         ],
         "12": [
            0.6189072728157043,
            0.500059187412262,
            -0.2972376048564911
         ],
         "13": [
            0.6920704245567322,
            0.11602401733398438,
            -0.1688450276851654
         ],
         "14": [
            0.6795191168785095,
            0.2218123823404312,
            -0.2563454508781433
         ],
         "15": [
            0.6765541434288025,
            0.3674607276916504,
            -0.2648463249206543
         ],
         "16": [
            0.6780268549919128,
            0.4727809429168701,
            -0.2572248578071594
         ],
         "17": [
            0.7610817551612854,
            0.1497306227684021,
            -0.17280234396457672
         ],
         "18": [
            0.7541401386260986,
            0.23041120171546936,
            -0.24520637094974518
         ],
         "19": [
            0.7436959147453308,
            0.33182743191719055,
            -0.25297439098358154
         ],
         "20": [
            0.7402113676071167,
            0.398218035697937,
            -0.24652548134326935
         ]
      }
   ]
}