{
   "m": [
      {
         "0": [
            0.6709415316581726,
            0.3863159716129303,
            -9.436300274501264e-7
         ],
         "1": [
            0.6133248209953308,
            0.3820098340511322,
            -0.05879418924450874
         ],
         "2": [
            0.5597541928291321,
            0.3893160820007324,
            -0.11121198534965515
         ],
         "3": [
            0.5222270488739014,
            0.4190642237663269,
            -0.1575346738100052
         ],
         "4": [
            0.49563348293304443,
            0.4532654285430908,
            -0.20348228514194489
         ],
         "5": [
            0.506226658821106,
            0.14319691061973572,
            -0.10905524343252182
         ],
         "6": [
            0.48478496074676514,
            0.2869099974632263,
            -0.17319437861442566
         ],
         "7": [
            0.498527854681015,
            0.41475093364715576,
            -0.21323443949222565
         ],
         "8": [
            0.5110108852386475,
            0.5098313689231873,
            -0.23348888754844666
         ],
         "9": [
            0.5839244723320007,
            0.11322977393865585,
            -0.11308739334344864
         ],
         "10": [
            0.5515449047088623,
            0.2566535770893097,
            -0.17628881335258484
         ],
         "11": [
            0.5610180497169495,
            0.4078383445739746,
            -0.1991688311100006
         ],
         "12": [
            0.5726760625839233,
            0.5095414519309998,
            -0.20592032372951508
         ],
         "13": [
            0.6622869968414307,
            0.13389801979064941,
            -0.12030773609876633
         ],
         "14": [
            0.6374704241752625,
            0.2478596270084381,
            -0.18003961443901062
         ],
         "15": [
            0.6293675899505615,
            0.3843027353286743,
            -0.18172751367092133
         ],
         "16": [
            0.6265020370483398,
            0.4784298539161682,
            -0.17150647938251495
         ],
         "17": [
            0.7346253395080566,
            0.18420907855033875,
            -0.13137266039848328
         ],
         "18": [
            0.7189526557922363,
            0.2837570309638977,
            -0.176007479429245
         ],
         "19": [
            0.6956709623336792,
            0.37380996346473694,
            -0.17366322875022888
         ],
         "20": [
            0.6784416437149048,
            0.43135613203048706,
            -0.1616605818271637
         ]
      }
   ]
}