{
   "m-DGS": [
      {
         "0": [
            0.6580554246902466,
            0.4156147837638855,
            -0.000001101262910196965
         ],
         "1": [
            0.6054868698120117,
            0.41702646017074585,
            -0.045998621731996536
         ],
         "2": [
            0.553877592086792,
            0.43166887760162354,
            -0.08454243838787079
         ],
         "3": [
            0.5224988460540771,
            0.4572310447692871,
            -0.11845770478248596
         ],
         "4": [
            0.5016626119613647,
            0.4798136055469513,
            -0.15196338295936584
         ],
         "5": [
            0.5266762375831604,
            0.3032076358795166,
            -0.10182775557041168
         ],
         "6": [
            0.5318032503128052,
            0.4728487730026245,
            -0.1538475602865219
         ],
         "7": [
            0.5472056269645691,
            0.5886570811271667,
            -0.18186452984809875
         ],
         "8": [
            0.5576972961425781,
            0.6675790548324585,
            -0.19513572752475739
         ],
         "9": [
            0.5927202105522156,
            0.28821417689323425,
            -0.10477691143751144
         ],
         "10": [
            0.5930441617965698,
            0.49200713634490967,
            -0.15696056187152863
         ],
         "11": [
            0.6019606590270996,
            0.6155238151550293,
            -0.17367245256900787
         ],
         "12": [
            0.607073187828064,
            0.6937910318374634,
            -0.18120917677879333
         ],
         "13": [
            0.6611865162849426,
            0.30151718854904175,
            -0.10870911180973053
         ],
         "14": [
            0.6510840654373169,
            0.4802362024784088,
            -0.15696056187152863
         ],
         "15": [
            0.643100380897522,
            0.5877962112426758,
            -0.1567147970199585
         ],
         "16": [
            0.63697350025177,
            0.6598620414733887,
            -0.14975151419639587
         ],
         "17": [
            0.7223941683769226,
            0.3328593373298645,
            -0.11567239463329315
         ],
         "18": [
            0.7102415561676025,
            0.4509754180908203,
            -0.1499972939491272
         ],
         "19": [
            0.6991910934448242,
            0.5139250159263611,
            -0.1461469978094101
         ],
         "20": [
            0.6888509392738342,
            0.5536245703697205,
            -0.137381449341774
         ]
      }
   ]
}