{
   "n": [
      {
         "0": [
            0.6583271026611328,
            0.39996254444122314,
            -5.152425046617282e-7
         ],
         "1": [
            0.5964897871017456,
            0.37765395641326904,
            -0.0469706654548645
         ],
         "2": [
            0.5411545038223267,
            0.31488752365112305,
            -0.07878950238227844
         ],
         "3": [
            0.5200555920600891,
            0.26617631316185,
            -0.10701519250869751
         ],
         "4": [
            0.5423358678817749,
            0.235164612531662,
            -0.1290069967508316
         ],
         "5": [
            0.5529338121414185,
            0.12043607234954834,
            -0.049524832516908646
         ],
         "6": [
            0.5308358669281006,
            0.08901575952768326,
            -0.11480756849050522
         ],
         "7": [
            0.552130937576294,
            0.1930975764989853,
            -0.15402914583683014
         ],
         "8": [
            0.5663999319076538,
            0.275200754404068,
            -0.1713455319404602
         ],
         "9": [
            0.6171114444732666,
            0.09602975100278854,
            -0.05194912478327751
         ],
         "10": [
            0.5931656956672668,
            0.07609902322292328,
            -0.12589004635810852
         ],
         "11": [
            0.6019009947776794,
            0.20141927897930145,
            -0.14779525995254517
         ],
         "12": [
            0.607921838760376,
            0.29564154148101807,
            -0.1437259018421173
         ],
         "13": [
            0.6764553189277649,
            0.10901278257369995,
            -0.0625121146440506
         ],
         "14": [
            0.6585783362388611,
            0.15468718111515045,
            -0.12822774052619934
         ],
         "15": [
            0.647548496723175,
            0.2838304042816162,
            -0.1290069967508316
         ],
         "16": [
            0.6342061758041382,
            0.3682214915752411,
            -0.11255643516778946
         ],
         "17": [
            0.7288969159126282,
            0.14524441957473755,
            -0.07779381424188614
         ],
         "18": [
            0.7123697400093079,
            0.25417560338974,
            -0.12450473010540009
         ],
         "19": [
            0.6831018924713135,
            0.3551288843154907,
            -0.12961307168006897
         ],
         "20": [
            0.6587842702865601,
            0.4088767170906067,
            -0.12130119651556015
         ]
      }
   ]
}