{
   "n": [
      {
         "0": [
            0.6689062714576721,
            0.40036463737487793,
            -4.61017492625615e-7
         ],
         "1": [
            0.6068620085716248,
            0.38068825006484985,
            -0.05324379354715347
         ],
         "2": [
            0.556473970413208,
            0.32039085030555725,
            -0.09111996740102768
         ],
         "3": [
            0.5512839555740356,
            0.2767482101917267,
            -0.12385968863964081
         ],
         "4": [
            0.5772792100906372,
            0.24435248970985413,
            -0.15041892230510712
         ],
         "5": [
            0.5669677257537842,
            0.12730571627616882,
            -0.06497830897569656
         ],
         "6": [
            0.552609920501709,
            0.09907237440347672,
            -0.1348842829465866
         ],
         "7": [
            0.5734128355979919,
            0.20746852457523346,
            -0.17672762274742126
         ],
         "8": [
            0.5889347791671753,
            0.29712048172950745,
            -0.19510196149349213
         ],
         "9": [
            0.6292182207107544,
            0.10673551261425018,
            -0.06426839530467987
         ],
         "10": [
            0.6104752421379089,
            0.08733775466680527,
            -0.14357031881809235
         ],
         "11": [
            0.6242361664772034,
            0.2166549563407898,
            -0.1669558435678482
         ],
         "12": [
            0.6337987780570984,
            0.3167286515235901,
            -0.16353152692317963
         ],
         "13": [
            0.6885161995887756,
            0.1190447136759758,
            -0.07124228775501251
         ],
         "14": [
            0.6728066802024841,
            0.16086092591285706,
            -0.13922730088233948
         ],
         "15": [
            0.6645330190658569,
            0.2948954999446869,
            -0.13647115230560303
         ],
         "16": [
            0.6514655351638794,
            0.3852058947086334,
            -0.11751218885183334
         ],
         "17": [
            0.7418695092201233,
            0.15240958333015442,
            -0.08326911926269531
         ],
         "18": [
            0.7285398840904236,
            0.24746140837669373,
            -0.13062477111816406
         ],
         "19": [
            0.700036346912384,
            0.35393089056015015,
            -0.131292924284935
         ],
         "20": [
            0.6748766303062439,
            0.41572171449661255,
            -0.11976722627878189
         ]
      }
   ]
}