{
   "n": [
      {
         "0": [
            0.6413390040397644,
            0.40194612741470337,
            -5.786345127489767e-7
         ],
         "1": [
            0.5702602863311768,
            0.35397928953170776,
            -0.036435216665267944
         ],
         "2": [
            0.5362057089805603,
            0.23317833244800568,
            -0.05633076652884483
         ],
         "3": [
            0.5795445442199707,
            0.15072894096374512,
            -0.07440455257892609
         ],
         "4": [
            0.6392552852630615,
            0.10023967921733856,
            -0.08730069547891617
         ],
         "5": [
            0.5493280291557312,
            0.1225166991353035,
            -0.039071980863809586
         ],
         "6": [
            0.5258707404136658,
            0.07403378188610077,
            -0.09942978620529175
         ],
         "7": [
            0.5461062788963318,
            0.16606393456459045,
            -0.13413913547992706
         ],
         "8": [
            0.5630291700363159,
            0.24326080083847046,
            -0.147562637925148
         ],
         "9": [
            0.6115326285362244,
            0.10090846568346024,
            -0.041756678372621536
         ],
         "10": [
            0.5881782174110413,
            0.04805494844913483,
            -0.1097850650548935
         ],
         "11": [
            0.5929778814315796,
            0.16446343064308167,
            -0.12723562121391296
         ],
         "12": [
            0.5996802449226379,
            0.2628679871559143,
            -0.11870210617780685
         ],
         "13": [
            0.6682565212249756,
            0.11296927183866501,
            -0.05182430520653725
         ],
         "14": [
            0.6502732038497925,
            0.1617002934217453,
            -0.10805919021368027
         ],
         "15": [
            0.6333085298538208,
            0.281870037317276,
            -0.10690860450267792
         ],
         "16": [
            0.6192223429679871,
            0.3569081425666809,
            -0.0890745148062706
         ],
         "17": [
            0.71510249376297,
            0.1438875049352646,
            -0.06625457108020782
         ],
         "18": [
            0.6986527442932129,
            0.2461387813091278,
            -0.09818332642316818
         ],
         "19": [
            0.6713464260101318,
            0.33804693818092346,
            -0.09779979288578033
         ],
         "20": [
            0.6528119444847107,
            0.38213109970092773,
            -0.08778011053800583
         ]
      }
   ]
}