{
   "n": [
      {
         "0": [
            0.6941437125205994,
            0.48001736402511597,
            5.654312928982108e-8
         ],
         "1": [
            0.6312930583953857,
            0.37872540950775146,
            -0.03436111658811569
         ],
         "2": [
            0.5865154266357422,
            0.29107239842414856,
            -0.06208840385079384
         ],
         "3": [
            0.5905918478965759,
            0.25858187675476074,
            -0.09100772440433502
         ],
         "4": [
            0.6310653686523438,
            0.25117212533950806,
            -0.11578088253736496
         ],
         "5": [
            0.6094902157783508,
            0.14750739932060242,
            -0.03135516494512558
         ],
         "6": [
            0.6179898381233215,
            0.09506027400493622,
            -0.09090405702590942
         ],
         "7": [
            0.6441566348075867,
            0.1916223168373108,
            -0.13081064820289612
         ],
         "8": [
            0.6563020348548889,
            0.2728305160999298,
            -0.14812076091766357
         ],
         "9": [
            0.6771392226219177,
            0.14162911474704742,
            -0.03583817556500435
         ],
         "10": [
            0.6870505809783936,
            0.07411158084869385,
            -0.10199497640132904
         ],
         "11": [
            0.7002549171447754,
            0.179527148604393,
            -0.1324690878391266
         ],
         "12": [
            0.6985926628112793,
            0.2699737846851349,
            -0.1357859969139099
         ],
         "13": [
            0.7383764982223511,
            0.16420644521713257,
            -0.04542611911892891
         ],
         "14": [
            0.7473213076591492,
            0.15618449449539185,
            -0.10458631068468094
         ],
         "15": [
            0.732120156288147,
            0.28334397077560425,
            -0.10500092804431915
         ],
         "16": [
            0.7036775946617126,
            0.3706256151199341,
            -0.08629149198532104
         ],
         "17": [
            0.7851039171218872,
            0.20992344617843628,
            -0.05773496255278587
         ],
         "18": [
            0.7922446727752686,
            0.2314479947090149,
            -0.0929253026843071
         ],
         "19": [
            0.7645876407623291,
            0.319890558719635,
            -0.08338919281959534
         ],
         "20": [
            0.7347168922424316,
            0.37961816787719727,
            -0.0635913833975792
         ]
      }
   ]
}