{
   "p": [
      {
         "0": [
            0.7269948124885559,
            0.47473931312561035,
            -0.000001093153287001769
         ],
         "1": [
            0.6802635192871094,
            0.44423162937164307,
            -0.03981473296880722
         ],
         "2": [
            0.6321670413017273,
            0.3937528133392334,
            -0.07061561942100525
         ],
         "3": [
            0.6081249117851257,
            0.36301806569099426,
            -0.09680278599262238
         ],
         "4": [
            0.5885775089263916,
            0.31475403904914856,
            -0.11841893941164017
         ],
         "5": [
            0.6777122616767883,
            0.2557326555252075,
            -0.07723716646432877
         ],
         "6": [
            0.6345835328102112,
            0.23926985263824463,
            -0.13781367242336273
         ],
         "7": [
            0.5900002717971802,
            0.22206056118011475,
            -0.17908087372779846
         ],
         "8": [
            0.5463715195655823,
            0.21487367153167725,
            -0.20283301174640656
         ],
         "9": [
            0.7379390597343445,
            0.24794436991214752,
            -0.07958675175905228
         ],
         "10": [
            0.6536680459976196,
            0.43440330028533936,
            -0.15097132325172424
         ],
         "11": [
            0.62544184923172,
            0.5452709794044495,
            -0.16130949556827545
         ],
         "12": [
            0.6149410605430603,
            0.618232011795044,
            -0.15319274365901947
         ],
         "13": [
            0.7907246351242065,
            0.30180588364601135,
            -0.08650733530521393
         ],
         "14": [
            0.7140089869499207,
            0.4828750789165497,
            -0.14012053608894348
         ],
         "15": [
            0.6970248818397522,
            0.5146530866622925,
            -0.11209642887115479
         ],
         "16": [
            0.6937056183815002,
            0.5149366855621338,
            -0.08082561939954758
         ],
         "17": [
            0.8321068286895752,
            0.3718952238559723,
            -0.09893877059221268
         ],
         "18": [
            0.7671763896942139,
            0.4992308020591736,
            -0.1420001983642578
         ],
         "19": [
            0.7523295283317566,
            0.5173742771148682,
            -0.12696288526058197
         ],
         "20": [
            0.7570844888687134,
            0.4982314109802246,
            -0.10227090120315552
         ]
      }
   ]
}