{
   "p": [
      {
         "0": [
            0.7303980588912964,
            0.4599001109600067,
            -8.531055186722369e-7
         ],
         "1": [
            0.6805349588394165,
            0.44264382123947144,
            -0.04716377705335617
         ],
         "2": [
            0.6336324214935303,
            0.41033145785331726,
            -0.08378730714321136
         ],
         "3": [
            0.617737889289856,
            0.3812294006347656,
            -0.11410960555076599
         ],
         "4": [
            0.6159870624542236,
            0.33447015285491943,
            -0.14015470445156097
         ],
         "5": [
            0.676436722278595,
            0.2562345266342163,
            -0.08462747186422348
         ],
         "6": [
            0.6441565752029419,
            0.256978303194046,
            -0.1435917466878891
         ],
         "7": [
            0.6081429719924927,
            0.24605879187583923,
            -0.18346135318279266
         ],
         "8": [
            0.5729483366012573,
            0.24159789085388184,
            -0.20774975419044495
         ],
         "9": [
            0.7438607215881348,
            0.24556443095207214,
            -0.0839400663971901
         ],
         "10": [
            0.6778106093406677,
            0.4368050992488861,
            -0.1521461457014084
         ],
         "11": [
            0.6506352424621582,
            0.5477398633956909,
            -0.16360293328762054
         ],
         "12": [
            0.6403178572654724,
            0.6133517622947693,
            -0.1597840040922165
         ],
         "13": [
            0.7990970611572266,
            0.29263126850128174,
            -0.08798813074827194
         ],
         "14": [
            0.7326008677482605,
            0.4767982065677643,
            -0.14015470445156097
         ],
         "15": [
            0.7046200037002563,
            0.5173740386962891,
            -0.11769939213991165
         ],
         "16": [
            0.6895747184753418,
            0.5210462212562561,
            -0.0933346301317215
         ],
         "17": [
            0.8423922657966614,
            0.3574198782444,
            -0.09799372404813766
         ],
         "18": [
            0.7854070067405701,
            0.4940323233604431,
            -0.1405366063117981
         ],
         "19": [
            0.7592772245407104,
            0.5259745717048645,
            -0.12953808903694153
         ],
         "20": [
            0.7479674220085144,
            0.5202275514602661,
            -0.11044342815876007
         ]
      }
   ]
}