{
   "q": [
      {
         "0": [
            0.827253520488739,
            0.43246275186538696,
            -5.904204272155766e-7
         ],
         "1": [
            0.7719680070877075,
            0.3963385224342346,
            -0.06644589453935623
         ],
         "2": [
            0.7154268622398376,
            0.3619351089000702,
            -0.11458933353424072
         ],
         "3": [
            0.6764603853225708,
            0.4110370874404907,
            -0.15447677671909332
         ],
         "4": [
            0.6686796545982361,
            0.46678218245506287,
            -0.188495472073555
         ],
         "5": [
            0.7491086721420288,
            0.21721777319908142,
            -0.11528562009334564
         ],
         "6": [
            0.6554250717163086,
            0.3931719958782196,
            -0.1929716169834137
         ],
         "7": [
            0.6148740649223328,
            0.5123364925384521,
            -0.24131399393081665
         ],
         "8": [
            0.592097282409668,
            0.587881326675415,
            -0.26081010699272156
         ],
         "9": [
            0.8244673609733582,
            0.25509580969810486,
            -0.10683068633079529
         ],
         "10": [
            0.734561562538147,
            0.47321295738220215,
            -0.1553719937801361
         ],
         "11": [
            0.7311948537826538,
            0.45544806122779846,
            -0.1588534414768219
         ],
         "12": [
            0.7338197231292725,
            0.4167753756046295,
            -0.15258683264255524
         ],
         "13": [
            0.8922262787818909,
            0.3277055621147156,
            -0.1046423465013504
         ],
         "14": [
            0.787916362285614,
            0.5227426290512085,
            -0.1279183030128479
         ],
         "15": [
            0.7886666655540466,
            0.4874998927116394,
            -0.08624041080474854
         ],
         "16": [
            0.8030165433883667,
            0.4282386898994446,
            -0.04854131489992142
         ],
         "17": [
            0.9410917162895203,
            0.40490660071372986,
            -0.11349516361951828
         ],
         "18": [
            0.8506265878677368,
            0.5534250736236572,
            -0.12841565907001495
         ],
         "19": [
            0.8412271738052368,
            0.5217641592025757,
            -0.09912176430225372
         ],
         "20": [
            0.856054425239563,
            0.4624941349029541,
            -0.0647549107670784
         ]
      }
   ]
}