{
   "q": [
      {
         "0": [
            0.7921570539474487,
            0.3981994092464447,
            -4.342309694038704e-7
         ],
         "1": [
            0.739351212978363,
            0.3831477165222168,
            -0.060977619141340256
         ],
         "2": [
            0.6793524622917175,
            0.38589340448379517,
            -0.11161535978317261
         ],
         "3": [
            0.6308979988098145,
            0.4582124352455139,
            -0.15435971319675446
         ],
         "4": [
            0.6081817150115967,
            0.5197176933288574,
            -0.19054929912090302
         ],
         "5": [
            0.7067416310310364,
            0.20385733246803284,
            -0.11567745357751846
         ],
         "6": [
            0.6232936382293701,
            0.3652079701423645,
            -0.18722575902938843
         ],
         "7": [
            0.5883654356002808,
            0.47921890020370483,
            -0.2304317057132721
         ],
         "8": [
            0.5643593072891235,
            0.5500513315200806,
            -0.2488957792520523
         ],
         "9": [
            0.7788199186325073,
            0.23490078747272491,
            -0.11050751060247421
         ],
         "10": [
            0.6977737545967102,
            0.44247931241989136,
            -0.15509825944900513
         ],
         "11": [
            0.7140931487083435,
            0.43196508288383484,
            -0.15648306906223297
         ],
         "12": [
            0.7327204346656799,
            0.3905429542064667,
            -0.15159007906913757
         ],
         "13": [
            0.8440455198287964,
            0.3009425699710846,
            -0.11041519045829773
         ],
         "14": [
            0.7504993081092834,
            0.4900698959827423,
            -0.13247977197170258
         ],
         "15": [
            0.762948215007782,
            0.4611281156539917,
            -0.09264351427555084
         ],
         "16": [
            0.782615065574646,
            0.40129512548446655,
            -0.05862345173954964
         ],
         "17": [
            0.8930785655975342,
            0.37390851974487305,
            -0.12029346823692322
         ],
         "18": [
            0.8144280314445496,
            0.5164523124694824,
            -0.1361725777387619
         ],
         "19": [
            0.8096650838851929,
            0.49300920963287354,
            -0.1089380607008934
         ],
         "20": [
            0.8230020403862,
            0.438937246799469,
            -0.07805688679218292
         ]
      }
   ]
}