{
   "t": [
      {
         "0": [
            0.738939642906189,
            0.7356775999069214,
            -0.0000011443333960414748
         ],
         "1": [
            0.6583113670349121,
            0.663126528263092,
            -0.05974119156599045
         ],
         "2": [
            0.6242634057998657,
            0.4682934284210205,
            -0.08526135236024857
         ],
         "3": [
            0.677867591381073,
            0.3014621436595917,
            -0.11096353083848953
         ],
         "4": [
            0.7319212555885315,
            0.18091519176959991,
            -0.12028330564498901
         ],
         "5": [
            0.6467153429985046,
            0.3088350296020508,
            -0.009683825075626373
         ],
         "6": [
            0.6305983066558838,
            0.18483923375606537,
            -0.09844008088111877
         ],
         "7": [
            0.6434423327445984,
            0.2837260365486145,
            -0.1320786327123642
         ],
         "8": [
            0.6616756319999695,
            0.36170390248298645,
            -0.13564635813236237
         ],
         "9": [
            0.7345317602157593,
            0.3057655394077301,
            -0.006512008607387543
         ],
         "10": [
            0.7438235878944397,
            0.302808940410614,
            -0.09043090790510178
         ],
         "11": [
            0.7149485945701599,
            0.44870811700820923,
            -0.09043090790510178
         ],
         "12": [
            0.7048583030700684,
            0.4414258301258087,
            -0.0655660405755043
         ],
         "13": [
            0.8094094395637512,
            0.33802682161331177,
            -0.023445051163434982
         ],
         "14": [
            0.8095709681510925,
            0.402646541595459,
            -0.09953224658966064
         ],
         "15": [
            0.7653052806854248,
            0.5233351588249207,
            -0.07499503344297409
         ],
         "16": [
            0.7535516619682312,
            0.48874133825302124,
            -0.038662489503622055
         ],
         "17": [
            0.8765107989311218,
            0.385335236787796,
            -0.04863755777478218
         ],
         "18": [
            0.8596041202545166,
            0.4679587185382843,
            -0.0862807035446167
         ],
         "19": [
            0.8231396079063416,
            0.5521625280380249,
            -0.0740484967827797
         ],
         "20": [
            0.8168047666549683,
            0.5236888527870178,
            -0.05267855152487755
         ]
      }
   ]
}