{
   "t-DGS": [
      {
         "0": [
            0.8461833000183105,
            0.6533734798431396,
            -1.610878683777628e-7
         ],
         "1": [
            0.8058146834373474,
            0.5495718121528625,
            -0.022456275299191475
         ],
         "2": [
            0.7606331706047058,
            0.4460551142692566,
            -0.06318207085132599
         ],
         "3": [
            0.7441210746765137,
            0.36453840136528015,
            -0.0991201251745224
         ],
         "4": [
            0.7493621110916138,
            0.2823486626148224,
            -0.14038679003715515
         ],
         "5": [
            0.8206294775009155,
            0.4578673839569092,
            -0.13654057681560516
         ],
         "6": [
            0.6806833744049072,
            0.4530649781227112,
            -0.19343248009681702
         ],
         "7": [
            0.5969496965408325,
            0.4508500397205353,
            -0.22372141480445862
         ],
         "8": [
            0.5352808833122253,
            0.4570144712924957,
            -0.24471531808376312
         ],
         "9": [
            0.8284818530082703,
            0.546809196472168,
            -0.15224593877792358
         ],
         "10": [
            0.6573886275291443,
            0.5489781498908997,
            -0.19840051233768463
         ],
         "11": [
            0.6864602565765381,
            0.5598798394203186,
            -0.19231067597866058
         ],
         "12": [
            0.7378174066543579,
            0.5655825138092041,
            -0.19263118505477905
         ],
         "13": [
            0.8233274221420288,
            0.6439070701599121,
            -0.1655474305152893
         ],
         "14": [
            0.662494957447052,
            0.6346308588981628,
            -0.2113814800977707
         ],
         "15": [
            0.6966137290000916,
            0.6381300687789917,
            -0.18285539746284485
         ],
         "16": [
            0.748843252658844,
            0.6409031748771667,
            -0.16346406936645508
         ],
         "17": [
            0.8079946041107178,
            0.7280557751655579,
            -0.1786886602640152
         ],
         "18": [
            0.68157559633255,
            0.7116422057151794,
            -0.2197149395942688
         ],
         "19": [
            0.7002360224723816,
            0.7093717455863953,
            -0.20304802060127258
         ],
         "20": [
            0.7388272285461426,
            0.7128247618675232,
            -0.18926574289798737
         ]
      }
   ]
}