{
   "t-DGS": [
      {
         "0": [
            0.7855600118637085,
            0.697844922542572,
            -2.0684869639353565e-7
         ],
         "1": [
            0.7619101405143738,
            0.5768419504165649,
            -0.04563609138131142
         ],
         "2": [
            0.7278891801834106,
            0.49290287494659424,
            -0.10513631254434586
         ],
         "3": [
            0.6899550557136536,
            0.46010154485702515,
            -0.1558174043893814
         ],
         "4": [
            0.6677019596099854,
            0.4439978003501892,
            -0.20611336827278137
         ],
         "5": [
            0.8191834688186646,
            0.4527549743652344,
            -0.17052876949310303
         ],
         "6": [
            0.6871656179428101,
            0.43554383516311646,
            -0.249708354473114
         ],
         "7": [
            0.6080271601676941,
            0.44190514087677,
            -0.2805175185203552
         ],
         "8": [
            0.5484098196029663,
            0.44490134716033936,
            -0.2917628884315491
         ],
         "9": [
            0.8290590047836304,
            0.5468558073043823,
            -0.17715276777744293
         ],
         "10": [
            0.6756042838096619,
            0.5472677946090698,
            -0.23245520889759064
         ],
         "11": [
            0.6934240460395813,
            0.566511332988739,
            -0.21489399671554565
         ],
         "12": [
            0.7310453653335571,
            0.569465696811676,
            -0.19948941469192505
         ],
         "13": [
            0.8196041584014893,
            0.6469182372093201,
            -0.18500909209251404
         ],
         "14": [
            0.6617127656936646,
            0.6361026763916016,
            -0.23106881976127625
         ],
         "15": [
            0.6896688342094421,
            0.6420378088951111,
            -0.1868576556444168
         ],
         "16": [
            0.7360858917236328,
            0.636999785900116,
            -0.15150411427021027
         ],
         "17": [
            0.8047986626625061,
            0.7330933809280396,
            -0.1964084804058075
         ],
         "18": [
            0.6776247024536133,
            0.7115222215652466,
            -0.23815493285655975
         ],
         "19": [
            0.6950563192367554,
            0.6985284090042114,
            -0.21643444895744324
         ],
         "20": [
            0.7383764982223511,
            0.6860734224319458,
            -0.19117094576358795
         ]
      }
   ]
}