{
   "u": [
      {
         "0": [
            0.7223232388496399,
            0.8480350375175476,
            0.0000013079171594654326
         ],
         "1": [
            0.6651977300643921,
            0.8210080862045288,
            -0.0817488431930542
         ],
         "2": [
            0.6404454708099365,
            0.7182040214538574,
            -0.12082745879888535
         ],
         "3": [
            0.6840535998344421,
            0.6095945835113525,
            -0.1505250632762909
         ],
         "4": [
            0.7221447229385376,
            0.5054298639297485,
            -0.17411161959171295
         ],
         "5": [
            0.5933771729469299,
            0.5393922924995422,
            -0.07290387898683548
         ],
         "6": [
            0.5876310467720032,
            0.38842055201530457,
            -0.1339072734117508
         ],
         "7": [
            0.5910681486129761,
            0.27998071908950806,
            -0.1740044206380844
         ],
         "8": [
            0.5936852693557739,
            0.18976348638534546,
            -0.19844864308834076
         ],
         "9": [
            0.6554996371269226,
            0.5310031771659851,
            -0.06834738701581955
         ],
         "10": [
            0.6412885189056396,
            0.35775065422058105,
            -0.13369284570217133
         ],
         "11": [
            0.6431190371513367,
            0.24861392378807068,
            -0.16789335012435913
         ],
         "12": [
            0.6483035683631897,
            0.13383787870407104,
            -0.18032988905906677
         ],
         "13": [
            0.7182793021202087,
            0.5708129405975342,
            -0.07274306565523148
         ],
         "14": [
            0.7339008450508118,
            0.5323129892349243,
            -0.15417025983333588
         ],
         "15": [
            0.7170727252960205,
            0.6349072456359863,
            -0.1572793871164322
         ],
         "16": [
            0.7039108276367188,
            0.6739858388900757,
            -0.13658756017684937
         ],
         "17": [
            0.7706032395362854,
            0.6357585787773132,
            -0.08400028198957443
         ],
         "18": [
            0.7799032330513,
            0.6179115772247314,
            -0.14998900890350342
         ],
         "19": [
            0.7564868927001953,
            0.6979647278785706,
            -0.14752313494682312
         ],
         "20": [
            0.7296124696731567,
            0.72928786277771,
            -0.12951159477233887
         ]
      }
   ]
}