{
   "u": [
      {
         "0": [
            0.7802914381027222,
            0.8501116037368774,
            0.000001457455255149398
         ],
         "1": [
            0.7274755239486694,
            0.8167123794555664,
            -0.07778195291757584
         ],
         "2": [
            0.7062928676605225,
            0.7132262587547302,
            -0.11381082236766815
         ],
         "3": [
            0.7560966610908508,
            0.6027718782424927,
            -0.14142173528671265
         ],
         "4": [
            0.7942304611206055,
            0.5007835030555725,
            -0.1655532270669937
         ],
         "5": [
            0.6527495384216309,
            0.54258793592453,
            -0.06307858228683472
         ],
         "6": [
            0.6474841237068176,
            0.39136356115341187,
            -0.11628009378910065
         ],
         "7": [
            0.6494696140289307,
            0.2819287180900574,
            -0.15376807749271393
         ],
         "8": [
            0.6517808437347412,
            0.19409292936325073,
            -0.17576701939105988
         ],
         "9": [
            0.7170728445053101,
            0.5303500294685364,
            -0.05558659881353378
         ],
         "10": [
            0.7046548128128052,
            0.3650989532470703,
            -0.11083647608757019
         ],
         "11": [
            0.7097110748291016,
            0.2515682280063629,
            -0.14355428516864777
         ],
         "12": [
            0.712961733341217,
            0.1510426104068756,
            -0.15668630599975586
         ],
         "13": [
            0.7816071510314941,
            0.5637044906616211,
            -0.056428391486406326
         ],
         "14": [
            0.7957435250282288,
            0.5081753730773926,
            -0.13176913559436798
         ],
         "15": [
            0.7898199558258057,
            0.6138310432434082,
            -0.13951365649700165
         ],
         "16": [
            0.7777007818222046,
            0.678305983543396,
            -0.12234102189540863
         ],
         "17": [
            0.8339856863021851,
            0.6240686774253845,
            -0.06274186074733734
         ],
         "18": [
            0.8369415998458862,
            0.5857628583908081,
            -0.12671837210655212
         ],
         "19": [
            0.8236913681030273,
            0.671994686126709,
            -0.12458580732345581
         ],
         "20": [
            0.8036642074584961,
            0.7269371747970581,
            -0.10617852956056595
         ]
      }
   ]
}