{
   "x": [
      {
         "0": [
            0.7585920691490173,
            0.7024106383323669,
            -5.207396043260815e-7
         ],
         "1": [
            0.7167482376098633,
            0.6765682697296143,
            -0.03204470872879028
         ],
         "2": [
            0.6769081354141235,
            0.5863116383552551,
            -0.05818197503685951
         ],
         "3": [
            0.6832110285758972,
            0.5065699219703674,
            -0.08465924113988876
         ],
         "4": [
            0.7097831964492798,
            0.4502447247505188,
            -0.1042090505361557
         ],
         "5": [
            0.7452608942985535,
            0.40083158016204834,
            -0.037293411791324615
         ],
         "6": [
            0.7334364652633667,
            0.29549795389175415,
            -0.09230916202068329
         ],
         "7": [
            0.6991653442382812,
            0.27211880683898926,
            -0.11372897028923035
         ],
         "8": [
            0.6664048433303833,
            0.2933851480484009,
            -0.12120890617370605
         ],
         "9": [
            0.8065606355667114,
            0.408040851354599,
            -0.04262711852788925
         ],
         "10": [
            0.7209895849227905,
            0.4182305335998535,
            -0.09502913802862167
         ],
         "11": [
            0.7091161608695984,
            0.5163639187812805,
            -0.08521173149347305
         ],
         "12": [
            0.7294726967811584,
            0.5416259169578552,
            -0.06400442123413086
         ],
         "13": [
            0.8499730229377747,
            0.4563067853450775,
            -0.05665199086070061
         ],
         "14": [
            0.7490053176879883,
            0.5195300579071045,
            -0.10089408606290817
         ],
         "15": [
            0.7431398034095764,
            0.594959020614624,
            -0.06374942511320114
         ],
         "16": [
            0.7651695609092712,
            0.599662721157074,
            -0.027943497523665428
         ],
         "17": [
            0.8766067028045654,
            0.5238714814186096,
            -0.07658430933952332
         ],
         "18": [
            0.7860346436500549,
            0.5887860059738159,
            -0.1116039901971817
         ],
         "19": [
            0.7811795473098755,
            0.6420732736587524,
            -0.0955391377210617
         ],
         "20": [
            0.8060581088066101,
            0.640337347984314,
            -0.07212185114622116
         ]
      }
   ]
}