{
   "x": [
      {
         "0": [
            0.8000622391700745,
            0.7048925161361694,
            -6.170648703118786e-7
         ],
         "1": [
            0.7340849041938782,
            0.6375483274459839,
            -0.030837778002023697
         ],
         "2": [
            0.6949475407600403,
            0.5341216921806335,
            -0.060352180153131485
         ],
         "3": [
            0.7003819942474365,
            0.443533718585968,
            -0.09263645112514496
         ],
         "4": [
            0.7334702610969543,
            0.3766774535179138,
            -0.11768829077482224
         ],
         "5": [
            0.7654639482498169,
            0.3602573871612549,
            -0.029468238353729248
         ],
         "6": [
            0.7542628645896912,
            0.2305818349123001,
            -0.08715827763080597
         ],
         "7": [
            0.7182283401489258,
            0.20467105507850647,
            -0.11036355048418045
         ],
         "8": [
            0.6880921125411987,
            0.23954468965530396,
            -0.11639568954706192
         ],
         "9": [
            0.8255079984664917,
            0.3715514540672302,
            -0.03847028687596321
         ],
         "10": [
            0.7560460567474365,
            0.3631199598312378,
            -0.09712976962327957
         ],
         "11": [
            0.741364598274231,
            0.45711180567741394,
            -0.09731443971395493
         ],
         "12": [
            0.7617753148078918,
            0.48363280296325684,
            -0.08297271281480789
         ],
         "13": [
            0.8706042766571045,
            0.41391271352767944,
            -0.05638204887509346
         ],
         "14": [
            0.7812601327896118,
            0.456646203994751,
            -0.1083323210477829
         ],
         "15": [
            0.7702766060829163,
            0.5396438837051392,
            -0.08352668583393097
         ],
         "16": [
            0.7932726144790649,
            0.5416510105133057,
            -0.05561264231801033
         ],
         "17": [
            0.9002004265785217,
            0.4704490303993225,
            -0.07921801507472992
         ],
         "18": [
            0.815596878528595,
            0.5251765251159668,
            -0.10999424010515213
         ],
         "19": [
            0.807356595993042,
            0.5844636559486389,
            -0.0947292372584343
         ],
         "20": [
            0.8315762281417847,
            0.5776293277740479,
            -0.07460157573223114
         ]
      }
   ]
}