{
   "y": [
      {
         "0": [
            0.7375764846801758,
            0.6868526935577393,
            -7.500963761231105e-7
         ],
         "1": [
            0.6667899489402771,
            0.5876591205596924,
            -0.02393028698861599
         ],
         "2": [
            0.6270029544830322,
            0.4662898778915405,
            -0.03581756725907326
         ],
         "3": [
            0.6035073399543762,
            0.3775899112224579,
            -0.05113087594509125
         ],
         "4": [
            0.5866376161575317,
            0.31069639325141907,
            -0.05595846101641655
         ],
         "5": [
            0.7272464632987976,
            0.39420029520988464,
            -0.0009165274677798152
         ],
         "6": [
            0.7362173199653625,
            0.3155234456062317,
            -0.04386354237794876
         ],
         "7": [
            0.7146768569946289,
            0.395670086145401,
            -0.05798293277621269
         ],
         "8": [
            0.7117919921875,
            0.4362145960330963,
            -0.05834629759192467
         ],
         "9": [
            0.7760311365127563,
            0.417042076587677,
            -0.002819335786625743
         ],
         "10": [
            0.7773128747940063,
            0.3654748797416687,
            -0.04765293374657631
         ],
         "11": [
            0.7459709048271179,
            0.4559348225593567,
            -0.04760102927684784
         ],
         "12": [
            0.748094916343689,
            0.4668672978878021,
            -0.036206889897584915
         ],
         "13": [
            0.8207443952560425,
            0.44920507073402405,
            -0.013989615254104137
         ],
         "14": [
            0.8196526765823364,
            0.4080777168273926,
            -0.06177232787013054
         ],
         "15": [
            0.7859600782394409,
            0.48799753189086914,
            -0.04921022430062294
         ],
         "16": [
            0.7795913815498352,
            0.5199637413024902,
            -0.025292912498116493
         ],
         "17": [
            0.8618152737617493,
            0.48312869668006897,
            -0.027563953772187233
         ],
         "18": [
            0.9033892154693604,
            0.40255072712898254,
            -0.05715238302946091
         ],
         "19": [
            0.9164289236068726,
            0.34117913246154785,
            -0.058605849742889404
         ],
         "20": [
            0.9316636323928833,
            0.278685986995697,
            -0.05053391680121422
         ]
      }
   ]
}