{
   "a": [
      {
         "0": [
            0.7538678050041199,
            0.7845457792282104,
            0
         ],
         "1": [
            0.680521547794342,
            0.7851770520210266,
            -0.06005266308784485
         ],
         "2": [
            0.6072161793708801,
            0.6362584829330444,
            -0.08201097697019577
         ],
         "3": [
            0.5957565903663635,
            0.4734864830970764,
            -0.09274061024188995
         ],
         "4": [
            0.5986154079437256,
            0.38150131702423096,
            -0.09689938277006149
         ],
         "5": [
            0.652104377746582,
            0.48556530475616455,
            -0.05660088360309601
         ],
         "6": [
            0.6663424372673035,
            0.40058231353759766,
            -0.0799315944314003
         ],
         "7": [
            0.6778748035430908,
            0.5252835750579834,
            -0.07223785668611526
         ],
         "8": [
            0.6767775416374207,
            0.5759801864624023,
            -0.06288062781095505
         ],
         "9": [
            0.7161255478858948,
            0.472423791885376,
            -0.029672835022211075
         ],
         "10": [
            0.7198395729064941,
            0.3700369596481323,
            -0.058929793536663055
         ],
         "11": [
            0.725245475769043,
            0.5439988970756531,
            -0.03655559942126274
         ],
         "12": [
            0.7156334519386292,
            0.5681867599487305,
            -0.010729631409049034
         ],
         "13": [
            0.7696015238761902,
            0.48233985900878906,
            -0.009783510118722916
         ],
         "14": [
            0.7759168744087219,
            0.3814845681190491,
            -0.037907201796770096
         ],
         "15": [
            0.7700954079627991,
            0.5377979874610901,
            -0.010048631578683853
         ],
         "16": [
            0.7555453777313232,
            0.5766527056694031,
            0.017893115058541298
         ],
         "17": [
            0.814562201499939,
            0.5025895237922668,
            0.004860564135015011
         ],
         "18": [
            0.8285723924636841,
            0.44850555062294006,
            -0.010355341248214245
         ],
         "19": [
            0.816583514213562,
            0.5418811440467834,
            0.0031190786976367235
         ],
         "20": [
            0.8000015020370483,
            0.561674952507019,
            0.02220783941447735
         ]
      }
   ]
}