{
   "a": [
      {
         "0": [
            0.41068321466445923,
            0.8522953987121582,
            0
         ],
         "1": [
            0.326141893863678,
            0.8526608943939209,
            0.01394348219037056
         ],
         "2": [
            0.2610417306423187,
            0.7841821908950806,
            0.011830069124698639
         ],
         "3": [
            0.22187697887420654,
            0.7141695618629456,
            0.004323658533394337
         ],
         "4": [
            0.20116686820983887,
            0.6584601402282715,
            0.0023428588174283504
         ],
         "5": [
            0.27699434757232666,
            0.66004878282547,
            0.011299610137939453
         ],
         "6": [
            0.24182401597499847,
            0.6494302749633789,
            -0.004151049070060253
         ],
         "7": [
            0.27718454599380493,
            0.7309055328369141,
            -0.0019502773648127913
         ],
         "8": [
            0.2976527512073517,
            0.7265642881393433,
            0.0015240160282701254
         ],
         "9": [
            0.31653085350990295,
            0.6200459003448486,
            -0.0028417424764484167
         ],
         "10": [
            0.26969629526138306,
            0.6181381940841675,
            -0.023306498304009438
         ],
         "11": [
            0.3037748336791992,
            0.7187241911888123,
            -0.007872679270803928
         ],
         "12": [
            0.320301353931427,
            0.6978702545166016,
            0.008276838809251785
         ],
         "13": [
            0.3550521731376648,
            0.6116869449615479,
            -0.01901230961084366
         ],
         "14": [
            0.3132806420326233,
            0.5952236652374268,
            -0.030716080218553543
         ],
         "15": [
            0.3352077603340149,
            0.6937098503112793,
            -0.003919499926269054
         ],
         "16": [
            0.3552717864513397,
            0.6720057129859924,
            0.017429353669285774
         ],
         "17": [
            0.3869294822216034,
            0.612811267375946,
            -0.03536390885710716
         ],
         "18": [
            0.3596200942993164,
            0.6123403906822205,
            -0.03829406201839447
         ],
         "19": [
            0.36274465918540955,
            0.6821883320808411,
            -0.022548701614141464
         ],
         "20": [
            0.3772834539413452,
            0.6630029082298279,
            -0.007329590618610382
         ]
      }
   ]
}