{
   "b": [
      {
         "0": [
            0.761238694190979,
            0.719069242477417,
            0
         ],
         "1": [
            0.6902544498443604,
            0.6640709638595581,
            -0.0038853923324495554
         ],
         "2": [
            0.6651214361190796,
            0.582528293132782,
            0.007498415187001228
         ],
         "3": [
            0.6635531187057495,
            0.49461013078689575,
            0.0161275751888752
         ],
         "4": [
            0.6573934555053711,
            0.43624967336654663,
            0.025635749101638794
         ],
         "5": [
            0.6898099184036255,
            0.49704134464263916,
            0.055695436894893646
         ],
         "6": [
            0.6836270093917847,
            0.4090631604194641,
            0.06553375720977783
         ],
         "7": [
            0.6850934624671936,
            0.3595091700553894,
            0.06563279777765274
         ],
         "8": [
            0.6858080625534058,
            0.3198780119419098,
            0.0654677227139473
         ],
         "9": [
            0.7236328125,
            0.4805312156677246,
            0.054605960845947266
         ],
         "10": [
            0.7177779078483582,
            0.39044174551963806,
            0.0691983625292778
         ],
         "11": [
            0.7153280377388,
            0.3333679139614105,
            0.06160503253340721
         ],
         "12": [
            0.7122535705566406,
            0.29054000973701477,
            0.054572943598032
         ],
         "13": [
            0.75503009557724,
            0.4821779131889343,
            0.04770592972636223
         ],
         "14": [
            0.7488358616828918,
            0.3934256136417389,
            0.05599256977438927
         ],
         "15": [
            0.7417008280754089,
            0.33934804797172546,
            0.0442063994705677
         ],
         "16": [
            0.7353805303573608,
            0.30592042207717896,
            0.03535851463675499
         ],
         "17": [
            0.7878583073616028,
            0.49578824639320374,
            0.03862694650888443
         ],
         "18": [
            0.784661591053009,
            0.4192005395889282,
            0.0414331816136837
         ],
         "19": [
            0.7775352001190186,
            0.3735980987548828,
            0.03489631041884422
         ],
         "20": [
            0.7708728313446045,
            0.34219127893447876,
            0.0307034719735384
         ]
      }
   ]
}