{
   "c": [
      {
         "0": [
            0.84393709897995,
            0.7358672022819519,
            0
         ],
         "1": [
            0.7975752949714661,
            0.7287217378616333,
            -0.0445321761071682
         ],
         "2": [
            0.7501771450042725,
            0.7011171579360962,
            -0.07396996766328812
         ],
         "3": [
            0.7309051752090454,
            0.6615340709686279,
            -0.10205602645874023
         ],
         "4": [
            0.749329149723053,
            0.6007683873176575,
            -0.12909072637557983
         ],
         "5": [
            0.743593692779541,
            0.5000244975090027,
            -0.027579160407185555
         ],
         "6": [
            0.730461597442627,
            0.4117586016654968,
            -0.06492085009813309
         ],
         "7": [
            0.743506908416748,
            0.3672023415565491,
            -0.09800082445144653
         ],
         "8": [
            0.7712326645851135,
            0.3807525336742401,
            -0.1174507886171341
         ],
         "9": [
            0.7836305499076843,
            0.46977826952934265,
            -0.02618987485766411
         ],
         "10": [
            0.775156557559967,
            0.3712391257286072,
            -0.0714542418718338
         ],
         "11": [
            0.7911471724510193,
            0.33504751324653625,
            -0.1106921061873436
         ],
         "12": [
            0.812753438949585,
            0.3547380864620209,
            -0.13104325532913208
         ],
         "13": [
            0.8196479678153992,
            0.46340543031692505,
            -0.03142784908413887
         ],
         "14": [
            0.8132992386817932,
            0.37532031536102295,
            -0.06773696839809418
         ],
         "15": [
            0.8223797082901001,
            0.3332766890525818,
            -0.09341993927955627
         ],
         "16": [
            0.8380512595176697,
            0.3530966639518738,
            -0.1051349863409996
         ],
         "17": [
            0.8593530654907227,
            0.47604137659072876,
            -0.04205399379134178
         ],
         "18": [
            0.8590447306632996,
            0.393974244594574,
            -0.06976456940174103
         ],
         "19": [
            0.8631171584129333,
            0.3481648564338684,
            -0.0877126157283783
         ],
         "20": [
            0.8704691529273987,
            0.3440172076225281,
            -0.09672418236732483
         ]
      }
   ]
}