{
   "d": [
      {
         "0": [
            0.7904857397079468,
            0.6940845847129822,
            0
         ],
         "1": [
            0.7819448709487915,
            0.5884390473365784,
            0.02228683792054653
         ],
         "2": [
            0.7449318766593933,
            0.5058304071426392,
            0.01622723788022995
         ],
         "3": [
            0.6958783864974976,
            0.4842527508735657,
            0.006113268435001373
         ],
         "4": [
            0.658259928226471,
            0.5131744146347046,
            -0.0042495266534388065
         ],
         "5": [
            0.7343142628669739,
            0.43571171164512634,
            -0.025877714157104492
         ],
         "6": [
            0.677097499370575,
            0.3504501283168793,
            -0.04160730540752411
         ],
         "7": [
            0.6400026679039001,
            0.2957112193107605,
            -0.05027224123477936
         ],
         "8": [
            0.6127822399139404,
            0.24992844462394714,
            -0.05737592652440071
         ],
         "9": [
            0.7150073647499084,
            0.4810144007205963,
            -0.04625202342867851
         ],
         "10": [
            0.63131183385849,
            0.4797211289405823,
            -0.04789133742451668
         ],
         "11": [
            0.6466349363327026,
            0.5266060829162598,
            -0.03071758896112442
         ],
         "12": [
            0.6754837036132812,
            0.5426356792449951,
            -0.022638119757175446
         ],
         "13": [
            0.6939918994903564,
            0.5451030135154724,
            -0.06436251848936081
         ],
         "14": [
            0.6255866885185242,
            0.5488689541816711,
            -0.05800042673945427
         ],
         "15": [
            0.643752932548523,
            0.5896371603012085,
            -0.03555746003985405
         ],
         "16": [
            0.6737874150276184,
            0.5990579128265381,
            -0.027556058019399643
         ],
         "17": [
            0.6736084222793579,
            0.6084757447242737,
            -0.08204367011785507
         ],
         "18": [
            0.6273021101951599,
            0.6098517179489136,
            -0.07509611546993256
         ],
         "19": [
            0.6488091945648193,
            0.6434128284454346,
            -0.059873923659324646
         ],
         "20": [
            0.6738425493240356,
            0.6508632302284241,
            -0.053121522068977356
         ]
      }
   ]
}