{
   "e": [
      {
         "0": [
            0.85516756772995,
            0.7614113688468933,
            0
         ],
         "1": [
            0.7987288236618042,
            0.7345095872879028,
            -0.044159770011901855
         ],
         "2": [
            0.7622901201248169,
            0.6307254433631897,
            -0.0635947734117508
         ],
         "3": [
            0.7882215976715088,
            0.5477170944213867,
            -0.08063957840204239
         ],
         "4": [
            0.844702959060669,
            0.5365378260612488,
            -0.09325665980577469
         ],
         "5": [
            0.7798693180084229,
            0.5016533732414246,
            -0.02921127714216709
         ],
         "6": [
            0.7918602228164673,
            0.3954441547393799,
            -0.06285028159618378
         ],
         "7": [
            0.8074789643287659,
            0.4464997947216034,
            -0.07726980000734329
         ],
         "8": [
            0.8135013580322266,
            0.5137338042259216,
            -0.08197181671857834
         ],
         "9": [
            0.8243735432624817,
            0.48362308740615845,
            -0.024137016385793686
         ],
         "10": [
            0.8304067850112915,
            0.36303579807281494,
            -0.0641433447599411
         ],
         "11": [
            0.8429158926010132,
            0.4362415075302124,
            -0.07601592689752579
         ],
         "12": [
            0.8442193269729614,
            0.5004799365997314,
            -0.07386083155870438
         ],
         "13": [
            0.861137330532074,
            0.48334619402885437,
            -0.02668394148349762
         ],
         "14": [
            0.8696161508560181,
            0.3777860999107361,
            -0.06010743975639343
         ],
         "15": [
            0.8749675750732422,
            0.43729710578918457,
            -0.05983315408229828
         ],
         "16": [
            0.872340202331543,
            0.4986966550350189,
            -0.05050748959183693
         ],
         "17": [
            0.8978500962257385,
            0.4997277855873108,
            -0.03508879989385605
         ],
         "18": [
            0.9041575789451599,
            0.41345441341400146,
            -0.0525842159986496
         ],
         "19": [
            0.901047945022583,
            0.45589056611061096,
            -0.05148707702755928
         ],
         "20": [
            0.8925566077232361,
            0.5090306997299194,
            -0.0442381389439106
         ]
      }
   ]
}