{
   "f": [
      {
         "0": [
            0.7841042876243591,
            0.6988117098808289,
            0
         ],
         "1": [
            0.733684778213501,
            0.6295337677001953,
            0.011701112613081932
         ],
         "2": [
            0.7059184312820435,
            0.5654786229133606,
            0.0026158527471125126
         ],
         "3": [
            0.6777375936508179,
            0.5305747389793396,
            -0.013052929192781448
         ],
         "4": [
            0.6666656732559204,
            0.49965900182724,
            -0.026983659714460373
         ],
         "5": [
            0.7521152496337891,
            0.4496268033981323,
            -0.006544020492583513
         ],
         "6": [
            0.7201080918312073,
            0.3979293704032898,
            -0.03335651010274887
         ],
         "7": [
            0.6892609596252441,
            0.4439770579338074,
            -0.04543507844209671
         ],
         "8": [
            0.6734168529510498,
            0.4874797761440277,
            -0.05175525322556496
         ],
         "9": [
            0.7648882269859314,
            0.45187613368034363,
            -0.03321605920791626
         ],
         "10": [
            0.758480429649353,
            0.34374481439590454,
            -0.06773127615451813
         ],
         "11": [
            0.7448272109031677,
            0.2702064514160156,
            -0.08588423579931259
         ],
         "12": [
            0.7396234273910522,
            0.20020127296447754,
            -0.09901616722345352
         ],
         "13": [
            0.7780519723892212,
            0.4877147376537323,
            -0.06053328886628151
         ],
         "14": [
            0.7899549603462219,
            0.3887171149253845,
            -0.08749939501285553
         ],
         "15": [
            0.7943180799484253,
            0.3177294135093689,
            -0.09381957352161407
         ],
         "16": [
            0.8007636070251465,
            0.25297802686691284,
            -0.09824369847774506
         ],
         "17": [
            0.7875248789787292,
            0.5414215326309204,
            -0.08756960928440094
         ],
         "18": [
            0.8018462657928467,
            0.4815572500228882,
            -0.10351050645112991
         ],
         "19": [
            0.8110588788986206,
            0.4288215637207031,
            -0.10484477877616882
         ],
         "20": [
            0.8186041712760925,
            0.37509119510650635,
            -0.10638970881700516
         ]
      }
   ]
}