{
   "g": [
      {
         "0": [
            0.7740727663040161,
            0.754431426525116,
            0
         ],
         "1": [
            0.7196815013885498,
            0.6805837154388428,
            0.00444034906104207
         ],
         "2": [
            0.6869930624961853,
            0.5725721716880798,
            -0.013936994597315788
         ],
         "3": [
            0.6655371189117432,
            0.4970594644546509,
            -0.036717914044857025
         ],
         "4": [
            0.6469733119010925,
            0.4404452443122864,
            -0.05615248531103134
         ],
         "5": [
            0.7553551197052002,
            0.46740496158599854,
            -0.024546029046177864
         ],
         "6": [
            0.7116081118583679,
            0.38192713260650635,
            -0.053835783153772354
         ],
         "7": [
            0.6800229549407959,
            0.3281686305999756,
            -0.06917015463113785
         ],
         "8": [
            0.6535419821739197,
            0.28440696001052856,
            -0.08023885637521744
         ],
         "9": [
            0.7744930386543274,
            0.48631930351257324,
            -0.04843014106154442
         ],
         "10": [
            0.6725412011146545,
            0.4933568835258484,
            -0.08082722127437592
         ],
         "11": [
            0.6591958999633789,
            0.5790001749992371,
            -0.07505384832620621
         ],
         "12": [
            0.6693122982978821,
            0.615322470664978,
            -0.06924370676279068
         ],
         "13": [
            0.7773529291152954,
            0.5326354503631592,
            -0.07406097650527954
         ],
         "14": [
            0.6755096912384033,
            0.5685485005378723,
            -0.10002277046442032
         ],
         "15": [
            0.6786906719207764,
            0.6349395513534546,
            -0.08457808196544647
         ],
         "16": [
            0.7006081938743591,
            0.6509926915168762,
            -0.07358293235301971
         ],
         "17": [
            0.7704960107803345,
            0.5896975994110107,
            -0.10112596303224564
         ],
         "18": [
            0.689153790473938,
            0.6193422675132751,
            -0.11443781852722168
         ],
         "19": [
            0.6923665404319763,
            0.6656405925750732,
            -0.10421489924192429
         ],
         "20": [
            0.7164319753646851,
            0.6761438250541687,
            -0.09708092361688614
         ]
      }
   ]
}