{
   "l": [
      {
         "0": [
            0.7311277985572815,
            0.6538313627243042,
            0
         ],
         "1": [
            0.6975454688072205,
            0.6177820563316345,
            0.018658079206943512
         ],
         "2": [
            0.6583361625671387,
            0.5576134920120239,
            0.008939354680478573
         ],
         "3": [
            0.6181527972221375,
            0.5243657827377319,
            -0.0075520798563957214
         ],
         "4": [
            0.593994140625,
            0.5190631747245789,
            -0.021947011351585388
         ],
         "5": [
            0.6979265213012695,
            0.4338968098163605,
            0.001676616258919239
         ],
         "6": [
            0.6667048335075378,
            0.3555648922920227,
            -0.01372467540204525
         ],
         "7": [
            0.6452854871749878,
            0.29686760902404785,
            -0.02504889667034149
         ],
         "8": [
            0.6314478516578674,
            0.2520281672477722,
            -0.035414498299360275
         ],
         "9": [
            0.7035173773765564,
            0.43396830558776855,
            -0.021120881661772728
         ],
         "10": [
            0.6232518553733826,
            0.4572546184062958,
            -0.03572624549269676
         ],
         "11": [
            0.6286988854408264,
            0.5284879803657532,
            -0.030566826462745667
         ],
         "12": [
            0.6514477729797363,
            0.5469591021537781,
            -0.027792274951934814
         ],
         "13": [
            0.696814775466919,
            0.45923036336898804,
            -0.044143423438072205
         ],
         "14": [
            0.623985767364502,
            0.5015419125556946,
            -0.057517386972904205
         ],
         "15": [
            0.6338040828704834,
            0.5627775192260742,
            -0.04966134950518608
         ],
         "16": [
            0.6568224430084229,
            0.5700971484184265,
            -0.04573333263397217
         ],
         "17": [
            0.682339072227478,
            0.49318403005599976,
            -0.0665268823504448
         ],
         "18": [
            0.6228268146514893,
            0.52928626537323,
            -0.07394646853208542
         ],
         "19": [
            0.6348927617073059,
            0.5787881016731262,
            -0.06839736551046371
         ],
         "20": [
            0.6581886410713196,
            0.5940573811531067,
            -0.06571634113788605
         ]
      }
   ]
}