{
   "l": [
      {
         "0": [
            0.832186758518219,
            0.759019672870636,
            0
         ],
         "1": [
            0.7579852938652039,
            0.7823489308357239,
            0.004233810119330883
         ],
         "2": [
            0.6831795573234558,
            0.7572435140609741,
            -0.016105186194181442
         ],
         "3": [
            0.6300418376922607,
            0.7533779144287109,
            -0.0430980883538723
         ],
         "4": [
            0.5920227766036987,
            0.7821799516677856,
            -0.06705104559659958
         ],
         "5": [
            0.6780027151107788,
            0.5583536624908447,
            -0.016698082908988
         ],
         "6": [
            0.626996636390686,
            0.4987112283706665,
            -0.048768315464258194
         ],
         "7": [
            0.5910639762878418,
            0.4536897540092468,
            -0.06799968332052231
         ],
         "8": [
            0.5632675290107727,
            0.4131852090358734,
            -0.08227228373289108
         ],
         "9": [
            0.7128838300704956,
            0.5199594497680664,
            -0.043443042784929276
         ],
         "10": [
            0.6608072519302368,
            0.6379417181015015,
            -0.07856398820877075
         ],
         "11": [
            0.6904069781303406,
            0.7212939262390137,
            -0.0736052393913269
         ],
         "12": [
            0.71631920337677,
            0.724846601486206,
            -0.06722352653741837
         ],
         "13": [
            0.7516903281211853,
            0.5297968983650208,
            -0.07304468005895615
         ],
         "14": [
            0.7073074579238892,
            0.6774354577064514,
            -0.10253851860761642
         ],
         "15": [
            0.7325202822685242,
            0.7319687604904175,
            -0.08813655376434326
         ],
         "16": [
            0.7558584213256836,
            0.7168445587158203,
            -0.07679608464241028
         ],
         "17": [
            0.7887934446334839,
            0.5641984939575195,
            -0.10495321452617645
         ],
         "18": [
            0.7547593116760254,
            0.6902503371238708,
            -0.11788911372423172
         ],
         "19": [
            0.7711174488067627,
            0.7357243895530701,
            -0.10745415836572647
         ],
         "20": [
            0.7901638150215149,
            0.7204141616821289,
            -0.09995133429765701
         ]
      }
   ]
}