{
   "m": [
      {
         "0": [
            0.7776728272438049,
            0.6680648922920227,
            0
         ],
         "1": [
            0.7232432961463928,
            0.6341069936752319,
            -0.017447642982006073
         ],
         "2": [
            0.7065500020980835,
            0.5100008249282837,
            -0.01958480291068554
         ],
         "3": [
            0.7605197429656982,
            0.4166748821735382,
            -0.021178914234042168
         ],
         "4": [
            0.8139487504959106,
            0.38302457332611084,
            -0.020740970969200134
         ],
         "5": [
            0.7000523805618286,
            0.43902257084846497,
            0.006831908132880926
         ],
         "6": [
            0.6891644597053528,
            0.3697185814380646,
            -0.007142847403883934
         ],
         "7": [
            0.7044478058815002,
            0.43198162317276,
            -0.009643500670790672
         ],
         "8": [
            0.7170587182044983,
            0.4934518337249756,
            -0.009371976368129253
         ],
         "9": [
            0.7445520162582397,
            0.41621893644332886,
            0.0017583402805030346
         ],
         "10": [
            0.728692889213562,
            0.3208066523075104,
            -0.01107995305210352
         ],
         "11": [
            0.7375958561897278,
            0.3931173086166382,
            -0.012104739435017109
         ],
         "12": [
            0.7436023354530334,
            0.46391645073890686,
            -0.008955930359661579
         ],
         "13": [
            0.7857539057731628,
            0.41932806372642517,
            -0.009897507727146149
         ],
         "14": [
            0.7754693627357483,
            0.30311015248298645,
            -0.025996284559369087
         ],
         "15": [
            0.7751638293266296,
            0.37360870838165283,
            -0.02392919361591339
         ],
         "16": [
            0.773085355758667,
            0.434634268283844,
            -0.01937459036707878
         ],
         "17": [
            0.8232739567756653,
            0.44502514600753784,
            -0.025137918069958687
         ],
         "18": [
            0.8072187304496765,
            0.4231540560722351,
            -0.035560958087444305
         ],
         "19": [
            0.8002908229827881,
            0.5128930807113647,
            -0.03321358561515808
         ],
         "20": [
            0.7951530814170837,
            0.5813560485839844,
            -0.028326140716671944
         ]
      }
   ]
}