{
   "n": [
      {
         "0": [
            0.7989545464515686,
            0.7065635323524475,
            0
         ],
         "1": [
            0.755229651927948,
            0.7118650674819946,
            -0.07291360199451447
         ],
         "2": [
            0.7333537340164185,
            0.6957364678382874,
            -0.12720562517642975
         ],
         "3": [
            0.751823365688324,
            0.6793578863143921,
            -0.16595865786075592
         ],
         "4": [
            0.7892482876777649,
            0.6575161218643188,
            -0.19678494334220886
         ],
         "5": [
            0.703062117099762,
            0.48482900857925415,
            -0.14582720398902893
         ],
         "6": [
            0.7606480121612549,
            0.5287125706672668,
            -0.20295019447803497
         ],
         "7": [
            0.7915325164794922,
            0.6180484294891357,
            -0.21867790818214417
         ],
         "8": [
            0.8080523014068604,
            0.6573371291160583,
            -0.22257836163043976
         ],
         "9": [
            0.7580041885375977,
            0.44522881507873535,
            -0.13135771453380585
         ],
         "10": [
            0.8199710249900818,
            0.5339622497558594,
            -0.18835490942001343
         ],
         "11": [
            0.8266165852546692,
            0.6490949392318726,
            -0.17652767896652222
         ],
         "12": [
            0.8146256804466248,
            0.6644395589828491,
            -0.1634422242641449
         ],
         "13": [
            0.8114577531814575,
            0.44450920820236206,
            -0.12041124701499939
         ],
         "14": [
            0.8662423491477966,
            0.5511852502822876,
            -0.16306474804878235
         ],
         "15": [
            0.8567320108413696,
            0.6476779580116272,
            -0.14142344892024994
         ],
         "16": [
            0.8366602659225464,
            0.6563080549240112,
            -0.12248729914426804
         ],
         "17": [
            0.8599794507026672,
            0.46468985080718994,
            -0.11575585603713989
         ],
         "18": [
            0.8971281051635742,
            0.5532859563827515,
            -0.13878118991851807
         ],
         "19": [
            0.8818959593772888,
            0.6230887770652771,
            -0.13110607862472534
         ],
         "20": [
            0.8575271964073181,
            0.6290490031242371,
            -0.12179528921842575
         ]
      }
   ]
}