{
   "n": [
      {
         "0": [
            0.7170012593269348,
            0.6350980997085571,
            0
         ],
         "1": [
            0.6752588748931885,
            0.6070511341094971,
            -0.030290106311440468
         ],
         "2": [
            0.6494099497795105,
            0.5421691536903381,
            -0.048875272274017334
         ],
         "3": [
            0.6692774295806885,
            0.48604846000671387,
            -0.0598379485309124
         ],
         "4": [
            0.6991963982582092,
            0.45736294984817505,
            -0.06520509719848633
         ],
         "5": [
            0.662541925907135,
            0.359733521938324,
            -0.05438515916466713
         ],
         "6": [
            0.6550110578536987,
            0.3794230818748474,
            -0.08010749518871307
         ],
         "7": [
            0.6656640768051147,
            0.4667903184890747,
            -0.08130653202533722
         ],
         "8": [
            0.67206871509552,
            0.5308793783187866,
            -0.07770940661430359
         ],
         "9": [
            0.7145571708679199,
            0.3467761278152466,
            -0.05070238560438156
         ],
         "10": [
            0.7106528282165527,
            0.36930757761001587,
            -0.07776650041341782
         ],
         "11": [
            0.7081394195556641,
            0.47788459062576294,
            -0.06777447462081909
         ],
         "12": [
            0.7031760811805725,
            0.5362441539764404,
            -0.0567546971142292
         ],
         "13": [
            0.760162889957428,
            0.3674095869064331,
            -0.049960121512413025
         ],
         "14": [
            0.7559376955032349,
            0.44310957193374634,
            -0.07491163909435272
         ],
         "15": [
            0.7418604493141174,
            0.5410945415496826,
            -0.06606156378984451
         ],
         "16": [
            0.7267575860023499,
            0.5743003487586975,
            -0.054613545536994934
         ],
         "17": [
            0.7986719608306885,
            0.41517943143844604,
            -0.05215836688876152
         ],
         "18": [
            0.7963109016418457,
            0.4925406873226166,
            -0.06748899072408676
         ],
         "19": [
            0.773801326751709,
            0.559730052947998,
            -0.06554768234491348
         ],
         "20": [
            0.7508774995803833,
            0.5820897817611694,
            -0.059609558433294296
         ]
      }
   ]
}