{
   "r": [
      {
         "0": [
            0.8011373281478882,
            0.8672264814376831,
            0
         ],
         "1": [
            0.7453024983406067,
            0.8141534924507141,
            -0.020044883713126183
         ],
         "2": [
            0.7165349721908569,
            0.695846676826477,
            -0.03070267289876938
         ],
         "3": [
            0.7444894909858704,
            0.5988712310791016,
            -0.04221903905272484
         ],
         "4": [
            0.7906234860420227,
            0.5514840483665466,
            -0.051835086196660995
         ],
         "5": [
            0.735171914100647,
            0.5650650858879089,
            -0.005446233320981264
         ],
         "6": [
            0.7334768772125244,
            0.4490557909011841,
            -0.024085916578769684
         ],
         "7": [
            0.7385269999504089,
            0.3799400329589844,
            -0.031435322016477585
         ],
         "8": [
            0.7452009320259094,
            0.3167484998703003,
            -0.03672415018081665
         ],
         "9": [
            0.778942883014679,
            0.5573873519897461,
            -0.014412627555429935
         ],
         "10": [
            0.765608012676239,
            0.40417712926864624,
            -0.03317537158727646
         ],
         "11": [
            0.7522667646408081,
            0.3223111927509308,
            -0.041097164154052734
         ],
         "12": [
            0.7487714290618896,
            0.2535650134086609,
            -0.04540149122476578
         ],
         "13": [
            0.8187164068222046,
            0.5853368639945984,
            -0.02905420958995819
         ],
         "14": [
            0.7991931438446045,
            0.5315978527069092,
            -0.050919272005558014
         ],
         "15": [
            0.7769807577133179,
            0.6282724738121033,
            -0.046500470489263535
         ],
         "16": [
            0.7756997346878052,
            0.6924278736114502,
            -0.03617466241121292
         ],
         "17": [
            0.8569313883781433,
            0.6320473551750183,
            -0.04830920323729515
         ],
         "18": [
            0.8216185569763184,
            0.6104053258895874,
            -0.0641527846455574
         ],
         "19": [
            0.8044231534004211,
            0.6851396560668945,
            -0.061817463487386703
         ],
         "20": [
            0.8068094253540039,
            0.7350302338600159,
            -0.054307788610458374
         ]
      }
   ]
}