{
   "s": [
      {
         "0": [
            0.7407193183898926,
            0.7779417634010315,
            0
         ],
         "1": [
            0.6865595579147339,
            0.7625068426132202,
            -0.03384338691830635
         ],
         "2": [
            0.6367310285568237,
            0.6749780178070068,
            -0.060834843665361404
         ],
         "3": [
            0.6242580413818359,
            0.5744574069976807,
            -0.08657758682966232
         ],
         "4": [
            0.6723092794418335,
            0.5309519171714783,
            -0.1061728224158287
         ],
         "5": [
            0.6633520126342773,
            0.5255694389343262,
            -0.028192145749926567
         ],
         "6": [
            0.6552678942680359,
            0.48589587211608887,
            -0.06243576481938362
         ],
         "7": [
            0.6548879146575928,
            0.554553210735321,
            -0.06941576302051544
         ],
         "8": [
            0.6636587381362915,
            0.5900848507881165,
            -0.0697999820113182
         ],
         "9": [
            0.7111266851425171,
            0.5118734836578369,
            -0.030401412397623062
         ],
         "10": [
            0.694432258605957,
            0.4605669677257538,
            -0.06813503056764603
         ],
         "11": [
            0.7026406526565552,
            0.5902612209320068,
            -0.05907383933663368
         ],
         "12": [
            0.7126994132995605,
            0.599897563457489,
            -0.042808521538972855
         ],
         "13": [
            0.7567335963249207,
            0.5189977884292603,
            -0.041047509759664536
         ],
         "14": [
            0.7437025308609009,
            0.4602709114551544,
            -0.07690805196762085
         ],
         "15": [
            0.7407577037811279,
            0.5677158236503601,
            -0.057600993663072586
         ],
         "16": [
            0.7430646419525146,
            0.5958712697029114,
            -0.03522017225623131
         ],
         "17": [
            0.8010213375091553,
            0.5414434671401978,
            -0.056000079959630966
         ],
         "18": [
            0.793740451335907,
            0.5024150609970093,
            -0.07364218682050705
         ],
         "19": [
            0.7816052436828613,
            0.5715051293373108,
            -0.061090994626283646
         ],
         "20": [
            0.7816922664642334,
            0.5872589349746704,
            -0.04492173343896866
         ]
      }
   ]
}