{
   "s": [
      {
         "0": [
            0.7700546383857727,
            0.698330819606781,
            0
         ],
         "1": [
            0.7335307598114014,
            0.662769615650177,
            -0.046488065272569656
         ],
         "2": [
            0.7024043798446655,
            0.6083604097366333,
            -0.08423174172639847
         ],
         "3": [
            0.7079550623893738,
            0.5487348437309265,
            -0.11790063232183456
         ],
         "4": [
            0.7550570368766785,
            0.5196909308433533,
            -0.14526405930519104
         ],
         "5": [
            0.715410053730011,
            0.43432074785232544,
            -0.05457811802625656
         ],
         "6": [
            0.734841525554657,
            0.4319874346256256,
            -0.09523658454418182
         ],
         "7": [
            0.7328504920005798,
            0.4932044446468353,
            -0.10832343250513077
         ],
         "8": [
            0.7318633794784546,
            0.5302432179450989,
            -0.11224949359893799
         ],
         "9": [
            0.7707149982452393,
            0.43369340896606445,
            -0.05222843587398529
         ],
         "10": [
            0.7819541692733765,
            0.4168192148208618,
            -0.09422533214092255
         ],
         "11": [
            0.7754539847373962,
            0.5307440757751465,
            -0.08964493870735168
         ],
         "12": [
            0.7701243758201599,
            0.5306414365768433,
            -0.0779857411980629
         ],
         "13": [
            0.8178097605705261,
            0.4527060091495514,
            -0.05767137557268143
         ],
         "14": [
            0.8305166959762573,
            0.4292607605457306,
            -0.0944632813334465
         ],
         "15": [
            0.8177750706672668,
            0.5208984613418579,
            -0.0776883065700531
         ],
         "16": [
            0.8036879897117615,
            0.5365332961082458,
            -0.0591287724673748
         ],
         "17": [
            0.8550899028778076,
            0.48912787437438965,
            -0.06852751225233078
         ],
         "18": [
            0.8713473677635193,
            0.4765806496143341,
            -0.08655168116092682
         ],
         "19": [
            0.8542662858963013,
            0.5305693745613098,
            -0.07632014155387878
         ],
         "20": [
            0.8392024040222168,
            0.5346788763999939,
            -0.06418506056070328
         ]
      }
   ]
}