{
   "sch": [
      {
         "0": [
            0.7639111280441284,
            0.7794458866119385,
            0
         ],
         "1": [
            0.6935679912567139,
            0.7954530715942383,
            -0.016570448875427246
         ],
         "2": [
            0.6243996024131775,
            0.7731127738952637,
            -0.02918148785829544
         ],
         "3": [
            0.5731826424598694,
            0.74798983335495,
            -0.04423161596059799
         ],
         "4": [
            0.531403660774231,
            0.7448277473449707,
            -0.059806741774082184
         ],
         "5": [
            0.6292459964752197,
            0.569493293762207,
            -0.0032457297202199697
         ],
         "6": [
            0.5879318118095398,
            0.4767058789730072,
            -0.020573606714606285
         ],
         "7": [
            0.5654782056808472,
            0.4197245240211487,
            -0.03469403088092804
         ],
         "8": [
            0.5479961037635803,
            0.3681805431842804,
            -0.04510661959648132
         ],
         "9": [
            0.6625847220420837,
            0.5214771628379822,
            -0.01409855205565691
         ],
         "10": [
            0.6236106753349304,
            0.4106428325176239,
            -0.02856898307800293
         ],
         "11": [
            0.6000005006790161,
            0.34486180543899536,
            -0.04355348274111748
         ],
         "12": [
            0.5818929076194763,
            0.28667616844177246,
            -0.055956706404685974
         ],
         "13": [
            0.7017986178398132,
            0.5015305280685425,
            -0.029465867206454277
         ],
         "14": [
            0.6708638668060303,
            0.3905068635940552,
            -0.04847539961338043
         ],
         "15": [
            0.6501320004463196,
            0.32671043276786804,
            -0.06361301988363266
         ],
         "16": [
            0.6311713457107544,
            0.2732270061969757,
            -0.07411310821771622
         ],
         "17": [
            0.7473923563957214,
            0.5040934681892395,
            -0.047556642442941666
         ],
         "18": [
            0.7414638996124268,
            0.40701842308044434,
            -0.06549429148435593
         ],
         "19": [
            0.7374695539474487,
            0.34276506304740906,
            -0.07564437389373779
         ],
         "20": [
            0.7313247919082642,
            0.2834210693836212,
            -0.08251317590475082
         ]
      }
   ]
}