{
   "t-DGS": [
      {
         "0": [
            0.7495629787445068,
            0.6990802884101868,
            0
         ],
         "1": [
            0.7203420400619507,
            0.5954833626747131,
            -0.019875263795256615
         ],
         "2": [
            0.7188900113105774,
            0.45690616965293884,
            -0.05716786906123161
         ],
         "3": [
            0.7335538864135742,
            0.356149286031723,
            -0.09212969243526459
         ],
         "4": [
            0.7533993721008301,
            0.27461346983909607,
            -0.12518450617790222
         ],
         "5": [
            0.7992787957191467,
            0.4851217567920685,
            -0.09001079201698303
         ],
         "6": [
            0.7375072836875916,
            0.5062909722328186,
            -0.141203373670578
         ],
         "7": [
            0.7274020910263062,
            0.4706226587295532,
            -0.17146123945713043
         ],
         "8": [
            0.7226682305335999,
            0.44582217931747437,
            -0.19053131341934204
         ],
         "9": [
            0.8396623730659485,
            0.565532922744751,
            -0.10289369523525238
         ],
         "10": [
            0.6868696808815002,
            0.664700984954834,
            -0.15298445522785187
         ],
         "11": [
            0.7018964290618896,
            0.6432712078094482,
            -0.16485027968883514
         ],
         "12": [
            0.7367652654647827,
            0.6339467167854309,
            -0.1790045201778412
         ],
         "13": [
            0.8450719118118286,
            0.6680809259414673,
            -0.11323391646146774
         ],
         "14": [
            0.7019199132919312,
            0.7647093534469604,
            -0.143830806016922
         ],
         "15": [
            0.7201294898986816,
            0.7410032749176025,
            -0.14154238998889923
         ],
         "16": [
            0.7550559043884277,
            0.7262139916419983,
            -0.14628872275352478
         ],
         "17": [
            0.8329057693481445,
            0.7699686884880066,
            -0.1262015700340271
         ],
         "18": [
            0.7314921617507935,
            0.8332949280738831,
            -0.1399320363998413
         ],
         "19": [
            0.742097795009613,
            0.8033581972122192,
            -0.14450883865356445
         ],
         "20": [
            0.7733055353164673,
            0.7815318703651428,
            -0.15425577759742737
         ]
      }
   ]
}