{
   "u": [
      {
         "0": [
            0.8149577975273132,
            0.8444901704788208,
            0
         ],
         "1": [
            0.7743082642555237,
            0.7705411314964294,
            -0.04159914329648018
         ],
         "2": [
            0.7764127254486084,
            0.6456938982009888,
            -0.05447320640087128
         ],
         "3": [
            0.843150794506073,
            0.560075581073761,
            -0.06392636895179749
         ],
         "4": [
            0.9018364548683167,
            0.5165385007858276,
            -0.06977584213018417
         ],
         "5": [
            0.7688984870910645,
            0.4851127862930298,
            -0.007018060423433781
         ],
         "6": [
            0.7801059484481812,
            0.34787440299987793,
            -0.028907878324389458
         ],
         "7": [
            0.7904642224311829,
            0.25492948293685913,
            -0.040920190513134
         ],
         "8": [
            0.8037527203559875,
            0.17424878478050232,
            -0.04846705123782158
         ],
         "9": [
            0.8134576678276062,
            0.47577300667762756,
            -0.0031320133712142706
         ],
         "10": [
            0.8214548826217651,
            0.3106769323348999,
            -0.02559143863618374
         ],
         "11": [
            0.8271092176437378,
            0.21442249417304993,
            -0.03828270360827446
         ],
         "12": [
            0.8327378630638123,
            0.13770568370819092,
            -0.04439331591129303
         ],
         "13": [
            0.8531073927879333,
            0.5039852857589722,
            -0.008232347667217255
         ],
         "14": [
            0.8927227258682251,
            0.45821037888526917,
            -0.03721204027533531
         ],
         "15": [
            0.8802435994148254,
            0.5583352446556091,
            -0.03781265765428543
         ],
         "16": [
            0.8624498844146729,
            0.616982102394104,
            -0.027784990146756172
         ],
         "17": [
            0.8897583484649658,
            0.5566317439079285,
            -0.020159784704446793
         ],
         "18": [
            0.9212431907653809,
            0.5190657377243042,
            -0.045228950679302216
         ],
         "19": [
            0.9027386903762817,
            0.5949629545211792,
            -0.048362597823143005
         ],
         "20": [
            0.8777182102203369,
            0.6481295228004456,
            -0.0416252575814724
         ]
      }
   ]
}