{
   "u": [
      {
         "0": [
            0.7733384370803833,
            0.7715445756912231,
            0
         ],
         "1": [
            0.7233241200447083,
            0.7312577962875366,
            -0.022992266342043877
         ],
         "2": [
            0.7004273533821106,
            0.6213054656982422,
            -0.023070471361279488
         ],
         "3": [
            0.7293577194213867,
            0.5251668095588684,
            -0.024884827435016632
         ],
         "4": [
            0.769773542881012,
            0.4955938458442688,
            -0.02593277581036091
         ],
         "5": [
            0.7066945433616638,
            0.5652584433555603,
            0.03462916612625122
         ],
         "6": [
            0.6980962753295898,
            0.4779721200466156,
            0.032251738011837006
         ],
         "7": [
            0.6969912648200989,
            0.41908133029937744,
            0.030671995133161545
         ],
         "8": [
            0.6988176703453064,
            0.3658870458602905,
            0.0281537938863039
         ],
         "9": [
            0.7439191937446594,
            0.5550771355628967,
            0.03228301927447319
         ],
         "10": [
            0.7328011989593506,
            0.46070048213005066,
            0.02813815511763096
         ],
         "11": [
            0.7251799702644348,
            0.4060196280479431,
            0.019613809883594513
         ],
         "12": [
            0.7212858200073242,
            0.35131341218948364,
            0.014202025718986988
         ],
         "13": [
            0.7801555395126343,
            0.5610269904136658,
            0.021115345880389214
         ],
         "14": [
            0.7793698310852051,
            0.48844245076179504,
            0.0016911827260628343
         ],
         "15": [
            0.7753589749336243,
            0.5622068643569946,
            -0.005716784857213497
         ],
         "16": [
            0.774551272392273,
            0.6152842044830322,
            -0.002508424920961261
         ],
         "17": [
            0.8187353610992432,
            0.5708348155021667,
            0.006225117016583681
         ],
         "18": [
            0.8156866431236267,
            0.5079877376556396,
            -0.0135763855651021
         ],
         "19": [
            0.8094117641448975,
            0.5529839992523193,
            -0.019864067435264587
         ],
         "20": [
            0.8089919686317444,
            0.5983226895332336,
            -0.017439711838960648
         ]
      }
   ]
}