{
   "w": [
      {
         "0": [
            0.750760018825531,
            0.745172381401062,
            0
         ],
         "1": [
            0.7082716822624207,
            0.6994175314903259,
            -0.030274029821157455
         ],
         "2": [
            0.692113995552063,
            0.5913369059562683,
            -0.03198595345020294
         ],
         "3": [
            0.7342312932014465,
            0.49943479895591736,
            -0.02991362474858761
         ],
         "4": [
            0.777883768081665,
            0.458390474319458,
            -0.0273367278277874
         ],
         "5": [
            0.6779621839523315,
            0.49359461665153503,
            0.0197502002120018
         ],
         "6": [
            0.6576224565505981,
            0.4058679938316345,
            0.02084943652153015
         ],
         "7": [
            0.6459035277366638,
            0.35201048851013184,
            0.019479898735880852
         ],
         "8": [
            0.6378246545791626,
            0.29797014594078064,
            0.017011120915412903
         ],
         "9": [
            0.7196749448776245,
            0.48041796684265137,
            0.024399427697062492
         ],
         "10": [
            0.7158085703849792,
            0.3893112540245056,
            0.036545079201459885
         ],
         "11": [
            0.7166942358016968,
            0.35398390889167786,
            0.04000496864318848
         ],
         "12": [
            0.714743971824646,
            0.32713332772254944,
            0.038707513362169266
         ],
         "13": [
            0.7575709819793701,
            0.4933324158191681,
            0.01978624053299427
         ],
         "14": [
            0.7678731679916382,
            0.39177680015563965,
            0.015848815441131592
         ],
         "15": [
            0.7692060470581055,
            0.31951043009757996,
            0.003739203093573451
         ],
         "16": [
            0.7689254283905029,
            0.24756863713264465,
            -0.004969085566699505
         ],
         "17": [
            0.7910971641540527,
            0.5260451436042786,
            0.011073446832597256
         ],
         "18": [
            0.7868694067001343,
            0.4678521454334259,
            0.0034779091365635395
         ],
         "19": [
            0.7798562049865723,
            0.5080245733261108,
            -0.002797644818201661
         ],
         "20": [
            0.776846706867218,
            0.5499707460403442,
            -0.006807152181863785
         ]
      }
   ]
}