{
   "x": [
      {
         "0": [
            0.7559165954589844,
            0.7865550518035889,
            0
         ],
         "1": [
            0.7218360304832458,
            0.7671444416046143,
            -0.05314505472779274
         ],
         "2": [
            0.7249938249588013,
            0.6855286359786987,
            -0.08118221908807755
         ],
         "3": [
            0.7822521328926086,
            0.6460245251655579,
            -0.10240980237722397
         ],
         "4": [
            0.8285873532295227,
            0.6163166761398315,
            -0.11770279705524445
         ],
         "5": [
            0.7257802486419678,
            0.5004880428314209,
            -0.04527030512690544
         ],
         "6": [
            0.7403080463409424,
            0.39589667320251465,
            -0.08681246638298035
         ],
         "7": [
            0.7691321969032288,
            0.36455878615379333,
            -0.10880090296268463
         ],
         "8": [
            0.7989576458930969,
            0.35810181498527527,
            -0.1190723106265068
         ],
         "9": [
            0.7712703347206116,
            0.521455705165863,
            -0.03262124955654144
         ],
         "10": [
            0.8063197135925293,
            0.5156031250953674,
            -0.07543782144784927
         ],
         "11": [
            0.7856854200363159,
            0.6174076795578003,
            -0.07844316959381104
         ],
         "12": [
            0.7701112627983093,
            0.6105071306228638,
            -0.07148142904043198
         ],
         "13": [
            0.8050727248191833,
            0.5614486336708069,
            -0.02881702221930027
         ],
         "14": [
            0.842720091342926,
            0.5830824375152588,
            -0.0662696436047554
         ],
         "15": [
            0.8069397211074829,
            0.6624168753623962,
            -0.06143827363848686
         ],
         "16": [
            0.7867063283920288,
            0.6531440615653992,
            -0.050520140677690506
         ],
         "17": [
            0.831182599067688,
            0.6127638220787048,
            -0.031137602403759956
         ],
         "18": [
            0.8607817888259888,
            0.6341676115989685,
            -0.0505581833422184
         ],
         "19": [
            0.8329816460609436,
            0.6842033863067627,
            -0.049911465495824814
         ],
         "20": [
            0.8120018839836121,
            0.6809062361717224,
            -0.04450945928692818
         ]
      }
   ]
}