{
   "y": [
      {
         "0": [
            0.7534351348876953,
            0.6838849782943726,
            0
         ],
         "1": [
            0.6817042827606201,
            0.6365172863006592,
            -0.014295962639153004
         ],
         "2": [
            0.6316554546356201,
            0.5522109270095825,
            -0.020842358469963074
         ],
         "3": [
            0.6008913516998291,
            0.4646238088607788,
            -0.031358275562524796
         ],
         "4": [
            0.5695379376411438,
            0.42057856917381287,
            -0.03632254898548126
         ],
         "5": [
            0.6778339147567749,
            0.45732420682907104,
            0.012704364955425262
         ],
         "6": [
            0.6827075481414795,
            0.37981289625167847,
            -0.006039546802639961
         ],
         "7": [
            0.6977282762527466,
            0.4524744153022766,
            -0.010307494550943375
         ],
         "8": [
            0.7048161625862122,
            0.5134994983673096,
            -0.009506957605481148
         ],
         "9": [
            0.7219688296318054,
            0.44169121980667114,
            0.0077637783251702785
         ],
         "10": [
            0.7283216118812561,
            0.38966163992881775,
            -0.022168690338730812
         ],
         "11": [
            0.7360343337059021,
            0.48711517453193665,
            -0.026659272611141205
         ],
         "12": [
            0.7368533611297607,
            0.54180508852005,
            -0.01936444640159607
         ],
         "13": [
            0.761610746383667,
            0.4406673312187195,
            -0.0022500273771584034
         ],
         "14": [
            0.7700705528259277,
            0.3698993921279907,
            -0.02919824980199337
         ],
         "15": [
            0.7690919041633606,
            0.44872796535491943,
            -0.020027613267302513
         ],
         "16": [
            0.7636235356330872,
            0.5136615037918091,
            -0.0049595339223742485
         ],
         "17": [
            0.7971867918968201,
            0.4487791657447815,
            -0.015584400855004787
         ],
         "18": [
            0.80846107006073,
            0.3570018410682678,
            -0.02969088964164257
         ],
         "19": [
            0.8158160448074341,
            0.30700260400772095,
            -0.02681085094809532
         ],
         "20": [
            0.8171165585517883,
            0.26417112350463867,
            -0.018341276794672012
         ]
      }
   ]
}