{
   "a": [
      {
         "0": [
            0.7801293134689331,
            0.8386692404747009,
            -6.549902309416211e-7
         ],
         "1": [
            0.7125871777534485,
            0.769349217414856,
            -0.008256018161773682
         ],
         "2": [
            0.6671625971794128,
            0.6540895104408264,
            -0.010653242468833923
         ],
         "3": [
            0.6472766995429993,
            0.5544615983963013,
            -0.018679790198802948
         ],
         "4": [
            0.645139217376709,
            0.4709739089012146,
            -0.023650003597140312
         ],
         "5": [
            0.7048518657684326,
            0.5642259120941162,
            0.022986004129052162
         ],
         "6": [
            0.6869103312492371,
            0.46923398971557617,
            -0.004110921174287796
         ],
         "7": [
            0.6887251138687134,
            0.5312959551811218,
            -0.022341540083289146
         ],
         "8": [
            0.6948218941688538,
            0.6017650961875916,
            -0.02902056649327278
         ],
         "9": [
            0.7437445521354675,
            0.5640055537223816,
            0.015418394468724728
         ],
         "10": [
            0.7244007587432861,
            0.4937366247177124,
            -0.016375331208109856
         ],
         "11": [
            0.7274297475814819,
            0.5908225774765015,
            -0.029489269480109215
         ],
         "12": [
            0.7339010238647461,
            0.673056423664093,
            -0.028317509219050407
         ],
         "13": [
            0.7834337949752808,
            0.5730659365653992,
            0.0022959152702242136
         ],
         "14": [
            0.7616751194000244,
            0.5139760971069336,
            -0.03036808781325817
         ],
         "15": [
            0.7612526416778564,
            0.6158215403556824,
            -0.02665751799941063
         ],
         "16": [
            0.7654489874839783,
            0.6965507864952087,
            -0.012596409767866135
         ],
         "17": [
            0.8261946439743042,
            0.5929117798805237,
            -0.01170782558619976
         ],
         "18": [
            0.8019812703132629,
            0.5346925258636475,
            -0.032653018832206726
         ],
         "19": [
            0.792770504951477,
            0.6062853932380676,
            -0.024665528908371925
         ],
         "20": [
            0.792647659778595,
            0.671051561832428,
            -0.010985240340232849
         ]
      }
   ]
}