{
   "a": [
      {
         "0": [
            0.4744032621383667,
            0.7918676733970642,
            0
         ],
         "1": [
            0.46209487318992615,
            0.6809478998184204,
            -0.04916197434067726
         ],
         "2": [
            0.4054293930530548,
            0.5974454879760742,
            -0.06924664974212646
         ],
         "3": [
            0.3568795621395111,
            0.659276008605957,
            -0.08411771059036255
         ],
         "4": [
            0.35353225469589233,
            0.7634196281433105,
            -0.09272543340921402
         ],
         "5": [
            0.33753466606140137,
            0.6169978976249695,
            -0.028377480804920197
         ],
         "6": [
            0.2946406304836273,
            0.6302986741065979,
            -0.06378810107707977
         ],
         "7": [
            0.344012975692749,
            0.644125759601593,
            -0.07662969827651978
         ],
         "8": [
            0.37181079387664795,
            0.6469067931175232,
            -0.079149030148983
         ],
         "9": [
            0.32795485854148865,
            0.6986297369003296,
            -0.018142692744731903
         ],
         "10": [
            0.2793438732624054,
            0.7060941457748413,
            -0.057349804788827896
         ],
         "11": [
            0.34594565629959106,
            0.7190191149711609,
            -0.06074390560388565
         ],
         "12": [
            0.36879831552505493,
            0.7209215760231018,
            -0.05248609557747841
         ],
         "13": [
            0.32599422335624695,
            0.7733279466629028,
            -0.017364149913191795
         ],
         "14": [
            0.28208521008491516,
            0.7880914807319641,
            -0.05140138417482376
         ],
         "15": [
            0.3444984257221222,
            0.7836524248123169,
            -0.04265369847416878
         ],
         "16": [
            0.37045568227767944,
            0.7773858308792114,
            -0.026697926223278046
         ],
         "17": [
            0.3307400047779083,
            0.8472901582717896,
            -0.022778965532779694
         ],
         "18": [
            0.2917252779006958,
            0.8527130484580994,
            -0.039714474231004715
         ],
         "19": [
            0.3306078612804413,
            0.8444455862045288,
            -0.0348682627081871
         ],
         "20": [
            0.3502824306488037,
            0.834521472454071,
            -0.024143602699041367
         ]
      }
   ]
}