{
   "b_closed": [
      {
         "0": [
            0.3595971465110779,
            0.991554856300354,
            3.1602903050043096e-7
         ],
         "1": [
            0.4179317355155945,
            0.9385874271392822,
            -0.013170654885470867
         ],
         "2": [
            0.45123231410980225,
            0.8108014464378357,
            -0.00838852021843195
         ],
         "3": [
            0.42677855491638184,
            0.7129145860671997,
            -0.00395119609311223
         ],
         "4": [
            0.3806529939174652,
            0.7249969840049744,
            0.0002753896114882082
         ],
         "5": [
            0.4342593252658844,
            0.687231183052063,
            0.012876717373728752
         ],
         "6": [
            0.4479275941848755,
            0.5703969597816467,
            0.009405994787812233
         ],
         "7": [
            0.45462697744369507,
            0.4964221715927124,
            0.0012803233694285154
         ],
         "8": [
            0.45756062865257263,
            0.43382105231285095,
            -0.007291907444596291
         ],
         "9": [
            0.40532925724983215,
            0.672217845916748,
            0.007263644132763147
         ],
         "10": [
            0.4212997555732727,
            0.5460341572761536,
            0.004711476620286703
         ],
         "11": [
            0.43241769075393677,
            0.46136224269866943,
            -0.005093029700219631
         ],
         "12": [
            0.4390719532966614,
            0.39213743805885315,
            -0.013894191943109035
         ],
         "13": [
            0.37617361545562744,
            0.6809543371200562,
            -0.0024193304125219584
         ],
         "14": [
            0.3879058361053467,
            0.5564038157463074,
            -0.010191712528467178
         ],
         "15": [
            0.40038013458251953,
            0.4760209321975708,
            -0.023153219372034073
         ],
         "16": [
            0.4078054130077362,
            0.409907728433609,
            -0.03292098268866539
         ],
         "17": [
            0.34355610609054565,
            0.7054336071014404,
            -0.014301182702183723
         ],
         "18": [
            0.35174760222435,
            0.6016263961791992,
            -0.02328888140618801
         ],
         "19": [
            0.3585086464881897,
            0.5393361449241638,
            -0.02934851497411728
         ],
         "20": [
            0.36299562454223633,
            0.48508256673812866,
            -0.035046376287937164
         ]
      }
   ]
}