{
   "c": [
      {
         "0": [
            0.23296281695365906,
            0.8980615139007568,
            4.768219241668703e-7
         ],
         "1": [
            0.29168760776519775,
            0.8985012173652649,
            -0.027159737423062325
         ],
         "2": [
            0.3514106869697571,
            0.8828423023223877,
            -0.04098014906048775
         ],
         "3": [
            0.3958531320095062,
            0.8710988163948059,
            -0.053750909864902496
         ],
         "4": [
            0.42219260334968567,
            0.823407769203186,
            -0.06538454443216324
         ],
         "5": [
            0.3703494071960449,
            0.6718552708625793,
            -0.008583089336752892
         ],
         "6": [
            0.40373921394348145,
            0.5703791379928589,
            -0.027137868106365204
         ],
         "7": [
            0.42599284648895264,
            0.5240910649299622,
            -0.045747317373752594
         ],
         "8": [
            0.451388955116272,
            0.49070441722869873,
            -0.05860555171966553
         ],
         "9": [
            0.3426477909088135,
            0.6396132707595825,
            -0.00914071686565876
         ],
         "10": [
            0.3793412446975708,
            0.5394268035888672,
            -0.023157939314842224
         ],
         "11": [
            0.40478575229644775,
            0.4930330812931061,
            -0.039799291640520096
         ],
         "12": [
            0.43526607751846313,
            0.46626517176628113,
            -0.05261378735303879
         ],
         "13": [
            0.30986207723617554,
            0.6248728632926941,
            -0.014837263152003288
         ],
         "14": [
            0.34877124428749084,
            0.532306969165802,
            -0.029324641451239586
         ],
         "15": [
            0.37585240602493286,
            0.48451489210128784,
            -0.0420079305768013
         ],
         "16": [
            0.40718498826026917,
            0.45530349016189575,
            -0.050776898860931396
         ],
         "17": [
            0.2711789608001709,
            0.624994158744812,
            -0.02392331138253212
         ],
         "18": [
            0.30511605739593506,
            0.5500791072845459,
            -0.03787492960691452
         ],
         "19": [
            0.33005890250205994,
            0.5073741674423218,
            -0.04522249102592468
         ],
         "20": [
            0.3598502576351166,
            0.47517549991607666,
            -0.04968351125717163
         ]
      }
   ]
}