{
   "c": [
      {
         "0": [
            0.83321213722229,
            0.6671363115310669,
            0
         ],
         "1": [
            0.7861709594726562,
            0.6974148750305176,
            -0.08340281993150711
         ],
         "2": [
            0.7437727451324463,
            0.6705570816993713,
            -0.14228691160678864
         ],
         "3": [
            0.7225171327590942,
            0.6486161351203918,
            -0.19223728775978088
         ],
         "4": [
            0.6863232254981995,
            0.6265238523483276,
            -0.24701319634914398
         ],
         "5": [
            0.7358798980712891,
            0.466254323720932,
            -0.11672481149435043
         ],
         "6": [
            0.723088800907135,
            0.4032411277294159,
            -0.18623803555965424
         ],
         "7": [
            0.7167093753814697,
            0.3451315760612488,
            -0.24623066186904907
         ],
         "8": [
            0.7168728709220886,
            0.33277416229248047,
            -0.2866605222225189
         ],
         "9": [
            0.7747522592544556,
            0.4313717186450958,
            -0.10844321548938751
         ],
         "10": [
            0.7708634734153748,
            0.36238574981689453,
            -0.19145478308200836
         ],
         "11": [
            0.7642248272895813,
            0.30102187395095825,
            -0.26579347252845764
         ],
         "12": [
            0.7590177655220032,
            0.29545027017593384,
            -0.3148309886455536
         ],
         "13": [
            0.8146966099739075,
            0.42353707551956177,
            -0.10655214637517929
         ],
         "14": [
            0.8137437701225281,
            0.3570682406425476,
            -0.1788041591644287
         ],
         "15": [
            0.8070576786994934,
            0.296863317489624,
            -0.2455785721540451
         ],
         "16": [
            0.7991178035736084,
            0.2936024069786072,
            -0.28770384192466736
         ],
         "17": [
            0.8561270236968994,
            0.43406176567077637,
            -0.10955177992582321
         ],
         "18": [
            0.8548716902732849,
            0.3619285225868225,
            -0.17058777809143066
         ],
         "19": [
            0.8482981324195862,
            0.30754154920578003,
            -0.22184236347675323
         ],
         "20": [
            0.8375123739242554,
            0.2895672917366028,
            -0.2588813006877899
         ]
      }
   ]
}