{
   "c": [
      {
         "0": [
            0.8744837641716003,
            0.7605921030044556,
            0
         ],
         "1": [
            0.8222267627716064,
            0.7550603151321411,
            -0.02802782878279686
         ],
         "2": [
            0.7746285796165466,
            0.7145997881889343,
            -0.05426545813679695
         ],
         "3": [
            0.7355387210845947,
            0.7124243378639221,
            -0.08257299661636353
         ],
         "4": [
            0.6977623105049133,
            0.7211647033691406,
            -0.11345396935939789
         ],
         "5": [
            0.7788392901420593,
            0.5122250914573669,
            -0.027114080265164375
         ],
         "6": [
            0.7727595567703247,
            0.43007734417915344,
            -0.06437262892723083
         ],
         "7": [
            0.7620084881782532,
            0.37265193462371826,
            -0.09764052927494049
         ],
         "8": [
            0.7519273161888123,
            0.3446234464645386,
            -0.11919752508401871
         ],
         "9": [
            0.8193787336349487,
            0.49162915349006653,
            -0.03776204213500023
         ],
         "10": [
            0.8181319832801819,
            0.3932754099369049,
            -0.08145412802696228
         ],
         "11": [
            0.8077195286750793,
            0.3398205637931824,
            -0.11725813150405884
         ],
         "12": [
            0.7978927493095398,
            0.329098641872406,
            -0.13814382255077362
         ],
         "13": [
            0.8600310683250427,
            0.49842318892478943,
            -0.05314657837152481
         ],
         "14": [
            0.8593201041221619,
            0.4019772410392761,
            -0.0900321751832962
         ],
         "15": [
            0.849906861782074,
            0.3460308313369751,
            -0.11449825018644333
         ],
         "16": [
            0.83934485912323,
            0.32649922370910645,
            -0.12747719883918762
         ],
         "17": [
            0.9017956256866455,
            0.5301157236099243,
            -0.07224205136299133
         ],
         "18": [
            0.90130615234375,
            0.4382869005203247,
            -0.10196685045957565
         ],
         "19": [
            0.8941876292228699,
            0.38112974166870117,
            -0.11927211284637451
         ],
         "20": [
            0.8850436806678772,
            0.34554430842399597,
            -0.1294911801815033
         ]
      }
   ]
}