{
   "d": [
      {
         "0": [
            0.7469413876533508,
            0.7706409096717834,
            0
         ],
         "1": [
            0.7055819630622864,
            0.7320489287376404,
            -0.021525491029024124
         ],
         "2": [
            0.685043215751648,
            0.6482152938842773,
            -0.03356241434812546
         ],
         "3": [
            0.7029370665550232,
            0.5731253027915955,
            -0.04771393537521362
         ],
         "4": [
            0.7309934496879578,
            0.522396981716156,
            -0.060437653213739395
         ],
         "5": [
            0.696495771408081,
            0.5172604918479919,
            0.001531725749373436
         ],
         "6": [
            0.6954915523529053,
            0.4097222685813904,
            -0.015461845323443413
         ],
         "7": [
            0.6979462504386902,
            0.3371020555496216,
            -0.02953203395009041
         ],
         "8": [
            0.7016586661338806,
            0.277893602848053,
            -0.03893023356795311
         ],
         "9": [
            0.7319755554199219,
            0.5114616751670837,
            -0.003775093937292695
         ],
         "10": [
            0.7365951538085938,
            0.41052359342575073,
            -0.028122305870056152
         ],
         "11": [
            0.7327337861061096,
            0.44949662685394287,
            -0.03618306666612625
         ],
         "12": [
            0.7292103171348572,
            0.4981246590614319,
            -0.03361663594841957
         ],
         "13": [
            0.7630395293235779,
            0.5234423875808716,
            -0.01493771467357874
         ],
         "14": [
            0.7704856991767883,
            0.42900654673576355,
            -0.034935999661684036
         ],
         "15": [
            0.7625018954277039,
            0.4631667733192444,
            -0.032911770045757294
         ],
         "16": [
            0.7576467990875244,
            0.5089419484138489,
            -0.02550165168941021
         ],
         "17": [
            0.7951973676681519,
            0.5519670248031616,
            -0.030833322554826736
         ],
         "18": [
            0.8008991479873657,
            0.4634396433830261,
            -0.041099049150943756
         ],
         "19": [
            0.7921433448791504,
            0.4727252125740051,
            -0.03979776054620743
         ],
         "20": [
            0.7851285934448242,
            0.503602921962738,
            -0.03499022126197815
         ]
      }
   ]
}