{
   "f": [
      {
         "0": [
            0.7535679340362549,
            0.806582510471344,
            0
         ],
         "1": [
            0.7199866771697998,
            0.7426264882087708,
            -0.03459923714399338
         ],
         "2": [
            0.7056897878646851,
            0.6586224436759949,
            -0.05473648011684418
         ],
         "3": [
            0.7195835113525391,
            0.5867059826850891,
            -0.07458885759115219
         ],
         "4": [
            0.7467597126960754,
            0.5254059433937073,
            -0.0922062024474144
         ],
         "5": [
            0.743070125579834,
            0.5070213675498962,
            -0.017190057784318924
         ],
         "6": [
            0.7432974576950073,
            0.41228359937667847,
            -0.04196171090006828
         ],
         "7": [
            0.7437597513198853,
            0.43862831592559814,
            -0.05350939929485321
         ],
         "8": [
            0.744767963886261,
            0.49033159017562866,
            -0.05872448533773422
         ],
         "9": [
            0.7819114327430725,
            0.5005306601524353,
            -0.021682042628526688
         ],
         "10": [
            0.8011243939399719,
            0.3675118684768677,
            -0.035453811287879944
         ],
         "11": [
            0.815935492515564,
            0.2897900938987732,
            -0.04816284030675888
         ],
         "12": [
            0.8331632018089294,
            0.22204402089118958,
            -0.060784220695495605
         ],
         "13": [
            0.8143938779830933,
            0.5339374542236328,
            -0.03444585204124451
         ],
         "14": [
            0.8542429208755493,
            0.42182457447052,
            -0.05004728212952614
         ],
         "15": [
            0.8737596273422241,
            0.35217028856277466,
            -0.06284396350383759
         ],
         "16": [
            0.894073486328125,
            0.293192595243454,
            -0.07423826307058334
         ],
         "17": [
            0.8453555107116699,
            0.5936622023582458,
            -0.05210702121257782
         ],
         "18": [
            0.8917120695114136,
            0.531951904296875,
            -0.06871640682220459
         ],
         "19": [
            0.9265291094779968,
            0.49261587858200073,
            -0.07805097103118896
         ],
         "20": [
            0.9582744240760803,
            0.4527093768119812,
            -0.084931381046772
         ]
      }
   ]
}