{
   "f": [
      {
         "0": [
            0.7257583737373352,
            0.6622074842453003,
            0
         ],
         "1": [
            0.6908097863197327,
            0.6307851076126099,
            -0.017718957737088203
         ],
         "2": [
            0.6602087020874023,
            0.585088849067688,
            -0.03325686231255531
         ],
         "3": [
            0.6417027711868286,
            0.5490546226501465,
            -0.050045911222696304
         ],
         "4": [
            0.6381429433822632,
            0.512785792350769,
            -0.06522876024246216
         ],
         "5": [
            0.6897373795509338,
            0.44711408019065857,
            -0.018631957471370697
         ],
         "6": [
            0.6644952297210693,
            0.3920581340789795,
            -0.044770799577236176
         ],
         "7": [
            0.648797869682312,
            0.42934805154800415,
            -0.05640309676527977
         ],
         "8": [
            0.64352947473526,
            0.4749140441417694,
            -0.061137162148952484
         ],
         "9": [
            0.7197125554084778,
            0.4273737668991089,
            -0.02933434396982193
         ],
         "10": [
            0.714646577835083,
            0.317852258682251,
            -0.05045168846845627
         ],
         "11": [
            0.7086352109909058,
            0.2498345673084259,
            -0.06519494205713272
         ],
         "12": [
            0.7044200897216797,
            0.1876213550567627,
            -0.07736827433109283
         ],
         "13": [
            0.7489200830459595,
            0.44045230746269226,
            -0.044534094631671906
         ],
         "14": [
            0.7573546767234802,
            0.3368021547794342,
            -0.06367328017950058
         ],
         "15": [
            0.7603687644004822,
            0.2698711156845093,
            -0.07371627539396286
         ],
         "16": [
            0.7606258988380432,
            0.21234658360481262,
            -0.08183182775974274
         ],
         "17": [
            0.7772537469863892,
            0.4753795266151428,
            -0.06245594844222069
         ],
         "18": [
            0.794976532459259,
            0.4001453220844269,
            -0.07804457098245621
         ],
         "19": [
            0.8045974373817444,
            0.34415754675865173,
            -0.0843341201543808
         ],
         "20": [
            0.8095993995666504,
            0.2932226359844208,
            -0.08906818926334381
         ]
      }
   ]
}