{
   "g": [
      {
         "0": [
            0.855810284614563,
            0.8373532891273499,
            0
         ],
         "1": [
            0.8112168312072754,
            0.7269052267074585,
            0.0004200586408842355
         ],
         "2": [
            0.7333235740661621,
            0.6378270387649536,
            -0.012521334923803806
         ],
         "3": [
            0.6612547039985657,
            0.6087710857391357,
            -0.024488365277647972
         ],
         "4": [
            0.6116962432861328,
            0.5996586680412292,
            -0.034782588481903076
         ],
         "5": [
            0.7916073203086853,
            0.6358004808425903,
            -0.044621486216783524
         ],
         "6": [
            0.7037853598594666,
            0.6413707733154297,
            -0.057449668645858765
         ],
         "7": [
            0.6549977660179138,
            0.6556359529495239,
            -0.055390823632478714
         ],
         "8": [
            0.6185722947120667,
            0.6642714142799377,
            -0.05440099537372589
         ],
         "9": [
            0.7950649261474609,
            0.716264009475708,
            -0.05737048014998436
         ],
         "10": [
            0.6918408870697021,
            0.708997905254364,
            -0.07467269152402878
         ],
         "11": [
            0.7081055045127869,
            0.7061017155647278,
            -0.0640617236495018
         ],
         "12": [
            0.7368528246879578,
            0.6955103278160095,
            -0.05535123124718666
         ],
         "13": [
            0.7886506915092468,
            0.7916407585144043,
            -0.06671446561813354
         ],
         "14": [
            0.686821699142456,
            0.76898592710495,
            -0.07597926259040833
         ],
         "15": [
            0.7098483443260193,
            0.7633819580078125,
            -0.05273808166384697
         ],
         "16": [
            0.7423285245895386,
            0.7548788189888,
            -0.038088615983724594
         ],
         "17": [
            0.778134286403656,
            0.8596540093421936,
            -0.07601885497570038
         ],
         "18": [
            0.6916032433509827,
            0.8208333253860474,
            -0.07847362756729126
         ],
         "19": [
            0.7058579921722412,
            0.8144963979721069,
            -0.06089427322149277
         ],
         "20": [
            0.736259937286377,
            0.8191190361976624,
            -0.048303648829460144
         ]
      }
   ]
}