{
   "h": [
      {
         "0": [
            0.8336310982704163,
            0.7755110859870911,
            0
         ],
         "1": [
            0.8107702136039734,
            0.6728687286376953,
            0.0003032840322703123
         ],
         "2": [
            0.759283185005188,
            0.6207877397537231,
            -0.013543798588216305
         ],
         "3": [
            0.7101908922195435,
            0.6222184300422668,
            -0.02544119767844677
         ],
         "4": [
            0.6779080033302307,
            0.6503476500511169,
            -0.036948662251234055
         ],
         "5": [
            0.7526098489761353,
            0.597900927066803,
            -0.05819587782025337
         ],
         "6": [
            0.6728746891021729,
            0.5673361420631409,
            -0.07590766251087189
         ],
         "7": [
            0.6275231838226318,
            0.5500164031982422,
            -0.08020563423633575
         ],
         "8": [
            0.5910054445266724,
            0.5456029772758484,
            -0.08228529244661331
         ],
         "9": [
            0.7425876259803772,
            0.6699428558349609,
            -0.06699977070093155
         ],
         "10": [
            0.6537345051765442,
            0.6284987330436707,
            -0.08221597224473953
         ],
         "11": [
            0.6030893921852112,
            0.6066508293151855,
            -0.07854189723730087
         ],
         "12": [
            0.563152551651001,
            0.5991899967193604,
            -0.07736342400312424
         ],
         "13": [
            0.731232762336731,
            0.7394856214523315,
            -0.07147105038166046
         ],
         "14": [
            0.6615335941314697,
            0.702944278717041,
            -0.07251088321208954
         ],
         "15": [
            0.6825177073478699,
            0.6960658431053162,
            -0.04901070147752762
         ],
         "16": [
            0.7069078087806702,
            0.7025988698005676,
            -0.036463405936956406
         ],
         "17": [
            0.7230406999588013,
            0.7997465133666992,
            -0.0771554559469223
         ],
         "18": [
            0.6763983368873596,
            0.7514335513114929,
            -0.07306545227766037
         ],
         "19": [
            0.6928160190582275,
            0.7411117553710938,
            -0.05587358400225639
         ],
         "20": [
            0.7122592926025391,
            0.7491828799247742,
            -0.0451979860663414
         ]
      }
   ]
}