{
   "m": [
      {
         "0": [
            0.7599169015884399,
            0.6890542507171631,
            0
         ],
         "1": [
            0.7173870205879211,
            0.6223113536834717,
            0.006016714498400688
         ],
         "2": [
            0.712090253829956,
            0.5311732292175293,
            0.004997448064386845
         ],
         "3": [
            0.7389827966690063,
            0.4681122601032257,
            -0.00203282805159688
         ],
         "4": [
            0.7691787481307983,
            0.43050533533096313,
            -0.0067469351924955845
         ],
         "5": [
            0.7181664109230042,
            0.4646991789340973,
            0.013189611956477165
         ],
         "6": [
            0.6939982175827026,
            0.4009685218334198,
            -0.0019301407737657428
         ],
         "7": [
            0.6857247352600098,
            0.4609391987323761,
            -0.004297653678804636
         ],
         "8": [
            0.693860650062561,
            0.5135729908943176,
            -0.003185207722708583
         ],
         "9": [
            0.7493677735328674,
            0.45629021525382996,
            -0.002544362796470523
         ],
         "10": [
            0.7234162092208862,
            0.38409850001335144,
            -0.016734223812818527
         ],
         "11": [
            0.7090320587158203,
            0.45538094639778137,
            -0.014847822487354279
         ],
         "12": [
            0.7154338359832764,
            0.5137730836868286,
            -0.009302707388997078
         ],
         "13": [
            0.7794287204742432,
            0.46935534477233887,
            -0.022043539211153984
         ],
         "14": [
            0.7574180364608765,
            0.3852435350418091,
            -0.03596337139606476
         ],
         "15": [
            0.7416752576828003,
            0.4618925452232361,
            -0.02867637388408184
         ],
         "16": [
            0.7473201751708984,
            0.5234976410865784,
            -0.020613523200154305
         ],
         "17": [
            0.8073689937591553,
            0.4960315525531769,
            -0.04277876392006874
         ],
         "18": [
            0.7771233320236206,
            0.47032448649406433,
            -0.04834669828414917
         ],
         "19": [
            0.7643551230430603,
            0.530137836933136,
            -0.04201811924576759
         ],
         "20": [
            0.7719908356666565,
            0.5772799849510193,
            -0.03523315116763115
         ]
      }
   ]
}