{
   "m": [
      {
         "0": [
            0.7969293594360352,
            0.6761009693145752,
            0
         ],
         "1": [
            0.7399169206619263,
            0.6175263524055481,
            -0.0016072518192231655
         ],
         "2": [
            0.7162944078445435,
            0.5094392895698547,
            -0.00196925550699234
         ],
         "3": [
            0.738280177116394,
            0.4214308261871338,
            -0.007208002731204033
         ],
         "4": [
            0.7712491154670715,
            0.3799983859062195,
            -0.009036351926624775
         ],
         "5": [
            0.7044597864151001,
            0.4387003183364868,
            0.00893095787614584
         ],
         "6": [
            0.6837889552116394,
            0.35404014587402344,
            -0.012262310832738876
         ],
         "7": [
            0.6947472095489502,
            0.4289301335811615,
            -0.013728656806051731
         ],
         "8": [
            0.7097325325012207,
            0.4873126149177551,
            -0.010227757506072521
         ],
         "9": [
            0.7444972395896912,
            0.41705042123794556,
            -0.0035100639797747135
         ],
         "10": [
            0.7203500866889954,
            0.3278077244758606,
            -0.02736566588282585
         ],
         "11": [
            0.728481113910675,
            0.4284294843673706,
            -0.02067546546459198
         ],
         "12": [
            0.7391389608383179,
            0.4823530614376068,
            -0.007707476615905762
         ],
         "13": [
            0.782174825668335,
            0.42215657234191895,
            -0.021683579310774803
         ],
         "14": [
            0.76312655210495,
            0.31791776418685913,
            -0.04772953316569328
         ],
         "15": [
            0.7642275094985962,
            0.41789326071739197,
            -0.03526560217142105
         ],
         "16": [
            0.7711543440818787,
            0.4778769612312317,
            -0.0188975241035223
         ],
         "17": [
            0.8177211284637451,
            0.44562187790870667,
            -0.041717518121004105
         ],
         "18": [
            0.7995447516441345,
            0.40118247270584106,
            -0.05623433366417885
         ],
         "19": [
            0.7940243482589722,
            0.47104984521865845,
            -0.04827941209077835
         ],
         "20": [
            0.7957653999328613,
            0.514225423336029,
            -0.036347027868032455
         ]
      }
   ]
}