{
   "m-DGS": [
      {
         "0": [
            0.7687051892280579,
            0.34489428997039795,
            0
         ],
         "1": [
            0.7249388694763184,
            0.4278075695037842,
            -0.004773812368512154
         ],
         "2": [
            0.7258471250534058,
            0.5360182523727417,
            -0.021820662543177605
         ],
         "3": [
            0.7556765079498291,
            0.6165075898170471,
            -0.032652877271175385
         ],
         "4": [
            0.7798108458518982,
            0.6745177507400513,
            -0.04332885891199112
         ],
         "5": [
            0.7184526920318604,
            0.5543124675750732,
            -0.08756040036678314
         ],
         "6": [
            0.74395751953125,
            0.6972281336784363,
            -0.11026639491319656
         ],
         "7": [
            0.7607651352882385,
            0.7803712487220764,
            -0.11387713253498077
         ],
         "8": [
            0.7750990986824036,
            0.8441044092178345,
            -0.11387713253498077
         ],
         "9": [
            0.7626484036445618,
            0.5375785231590271,
            -0.09047676622867584
         ],
         "10": [
            0.7883185148239136,
            0.6991249918937683,
            -0.12241791933774948
         ],
         "11": [
            0.8021847009658813,
            0.797744631767273,
            -0.12366778403520584
         ],
         "12": [
            0.8132076859474182,
            0.8692865967750549,
            -0.12207072228193283
         ],
         "13": [
            0.8026280999183655,
            0.5232953429222107,
            -0.08603278547525406
         ],
         "14": [
            0.8214163184165955,
            0.6756793856620789,
            -0.10582240670919418
         ],
         "15": [
            0.8245209455490112,
            0.7675298452377319,
            -0.09811487048864365
         ],
         "16": [
            0.828251302242279,
            0.8290174007415771,
            -0.09255988895893097
         ],
         "17": [
            0.8339695930480957,
            0.5134924054145813,
            -0.07957511395215988
         ],
         "18": [
            0.8270086646080017,
            0.620734453201294,
            -0.08214429765939713
         ],
         "19": [
            0.8129802346229553,
            0.6578124165534973,
            -0.0713120773434639
         ],
         "20": [
            0.8033128976821899,
            0.6686993837356567,
            -0.0652710422873497
         ]
      }
   ]
}