{
   "m-DGS": [
      {
         "0": [
            0.792922854423523,
            0.3382555842399597,
            0
         ],
         "1": [
            0.7328373193740845,
            0.3906612992286682,
            -0.02798197977244854
         ],
         "2": [
            0.7103941440582275,
            0.5097127556800842,
            -0.058509357273578644
         ],
         "3": [
            0.7272133827209473,
            0.6162217259407043,
            -0.07754756510257721
         ],
         "4": [
            0.7483474612236023,
            0.6854655742645264,
            -0.09567918628454208
         ],
         "5": [
            0.7030508518218994,
            0.49682557582855225,
            -0.12671217322349548
         ],
         "6": [
            0.7069819569587708,
            0.6601977348327637,
            -0.1626267284154892
         ],
         "7": [
            0.7131851315498352,
            0.7603974342346191,
            -0.17197148501873016
         ],
         "8": [
            0.7223892211914062,
            0.8374289274215698,
            -0.17476096749305725
         ],
         "9": [
            0.7550651431083679,
            0.4988919198513031,
            -0.12259767204523087
         ],
         "10": [
            0.7570725679397583,
            0.6804267764091492,
            -0.16569514572620392
         ],
         "11": [
            0.755856454372406,
            0.7923665642738342,
            -0.16932149231433868
         ],
         "12": [
            0.7574777007102966,
            0.8767564296722412,
            -0.16932149231433868
         ],
         "13": [
            0.8014099597930908,
            0.5119744539260864,
            -0.11213712394237518
         ],
         "14": [
            0.7989071011543274,
            0.6844907999038696,
            -0.1424029916524887
         ],
         "15": [
            0.7859920859336853,
            0.7804628014564514,
            -0.13570824265480042
         ],
         "16": [
            0.7793310284614563,
            0.8482905626296997,
            -0.1306174397468567
         ],
         "17": [
            0.8361175060272217,
            0.5326349139213562,
            -0.10111866891384125
         ],
         "18": [
            0.8098382949829102,
            0.653526246547699,
            -0.1133226528763771
         ],
         "19": [
            0.7866379022598267,
            0.7012919187545776,
            -0.10530290007591248
         ],
         "20": [
            0.772757887840271,
            0.7293781042098999,
            -0.10104893893003464
         ]
      }
   ]
}