{
   "n": [
      {
         "0": [
            0.786956787109375,
            0.8434875011444092,
            0
         ],
         "1": [
            0.7477132081985474,
            0.7922048568725586,
            -0.020560478791594505
         ],
         "2": [
            0.7377399802207947,
            0.6769675612449646,
            -0.02636824920773506
         ],
         "3": [
            0.7721726894378662,
            0.5865482687950134,
            -0.032256461679935455
         ],
         "4": [
            0.8025820851325989,
            0.5301199555397034,
            -0.033881355077028275
         ],
         "5": [
            0.735382616519928,
            0.6135571002960205,
            0.0012015732936561108
         ],
         "6": [
            0.7223002910614014,
            0.5301283001899719,
            -0.01896776631474495
         ],
         "7": [
            0.7307377457618713,
            0.5893528461456299,
            -0.02229798398911953
         ],
         "8": [
            0.739753782749176,
            0.6534424424171448,
            -0.020270895212888718
         ],
         "9": [
            0.7744686603546143,
            0.613184928894043,
            0.0007551309536211193
         ],
         "10": [
            0.7656924724578857,
            0.5177866816520691,
            -0.022925416007637978
         ],
         "11": [
            0.7634285092353821,
            0.5818182826042175,
            -0.025435147807002068
         ],
         "12": [
            0.7621030807495117,
            0.640352725982666,
            -0.01965954899787903
         ],
         "13": [
            0.810032069683075,
            0.6296116709709167,
            -0.006161708850413561
         ],
         "14": [
            0.8042846918106079,
            0.5835287570953369,
            -0.03275519236922264
         ],
         "15": [
            0.7926428318023682,
            0.6782540082931519,
            -0.029618028551340103
         ],
         "16": [
            0.7864367961883545,
            0.7402135729789734,
            -0.0173911415040493
         ],
         "17": [
            0.8437767624855042,
            0.6599655151367188,
            -0.016152363270521164
         ],
         "18": [
            0.833490252494812,
            0.623501718044281,
            -0.034717924892902374
         ],
         "19": [
            0.8209991455078125,
            0.6896829009056091,
            -0.03365612030029297
         ],
         "20": [
            0.8143875598907471,
            0.7386546730995178,
            -0.024662921205163002
         ]
      }
   ]
}