{
   "n-DGS": [
      {
         "0": [
            0.787469744682312,
            0.33273088932037354,
            0
         ],
         "1": [
            0.7317594885826111,
            0.37970757484436035,
            0.0012585105141624808
         ],
         "2": [
            0.7111210227012634,
            0.47521260380744934,
            -0.0037387327756732702
         ],
         "3": [
            0.7240686416625977,
            0.5568993091583252,
            -0.006531217601150274
         ],
         "4": [
            0.7451589107513428,
            0.605434238910675,
            -0.009134451858699322
         ],
         "5": [
            0.702569842338562,
            0.5042878985404968,
            -0.03731163218617439
         ],
         "6": [
            0.6942739486694336,
            0.6327654719352722,
            -0.04552086070179939
         ],
         "7": [
            0.6926905512809753,
            0.704738438129425,
            -0.044376954436302185
         ],
         "8": [
            0.6948445439338684,
            0.7614948749542236,
            -0.04313210770487785
         ],
         "9": [
            0.7412290573120117,
            0.5205141305923462,
            -0.04225735738873482
         ],
         "10": [
            0.7319462299346924,
            0.6630539298057556,
            -0.046530190855264664
         ],
         "11": [
            0.7257127165794373,
            0.7458277940750122,
            -0.04064242169260979
         ],
         "12": [
            0.7236518263816833,
            0.806830883026123,
            -0.038960207253694534
         ],
         "13": [
            0.7784111499786377,
            0.5274485349655151,
            -0.04414144158363342
         ],
         "14": [
            0.7631730437278748,
            0.6229686737060547,
            -0.03798452019691467
         ],
         "15": [
            0.7552303075790405,
            0.5854753255844116,
            -0.020304391160607338
         ],
         "16": [
            0.7550739049911499,
            0.5488050580024719,
            -0.012086747214198112
         ],
         "17": [
            0.8099193572998047,
            0.5283075571060181,
            -0.04737129807472229
         ],
         "18": [
            0.7899736762046814,
            0.583206832408905,
            -0.04054148867726326
         ],
         "19": [
            0.7814666032791138,
            0.5527939796447754,
            -0.0294893067330122
         ],
         "20": [
            0.7816769480705261,
            0.5237181782722473,
            -0.023164162412285805
         ]
      }
   ]
}