{
   "n-DGS": [
      {
         "0": [
            0.8345834612846375,
            0.3056674003601074,
            0
         ],
         "1": [
            0.7729525566101074,
            0.36254650354385376,
            -0.010974843986332417
         ],
         "2": [
            0.7527787685394287,
            0.48229295015335083,
            -0.027320154011249542
         ],
         "3": [
            0.76964271068573,
            0.5885677933692932,
            -0.03757457435131073
         ],
         "4": [
            0.7912750840187073,
            0.6615613698959351,
            -0.04681851342320442
         ],
         "5": [
            0.7513241171836853,
            0.48615744709968567,
            -0.07784373313188553
         ],
         "6": [
            0.7480548620223999,
            0.6473388671875,
            -0.09416098147630692
         ],
         "7": [
            0.7504715323448181,
            0.737517237663269,
            -0.0925891324877739
         ],
         "8": [
            0.7600776553153992,
            0.8053616881370544,
            -0.090493343770504
         ],
         "9": [
            0.801250696182251,
            0.5008630156517029,
            -0.07978983223438263
         ],
         "10": [
            0.7980892062187195,
            0.6871566772460938,
            -0.09752921015024185
         ],
         "11": [
            0.7973130941390991,
            0.7949668169021606,
            -0.09116698801517487
         ],
         "12": [
            0.8049349784851074,
            0.871684730052948,
            -0.08727479726076126
         ],
         "13": [
            0.8464955687522888,
            0.5115472674369812,
            -0.07660870999097824
         ],
         "14": [
            0.8291303515434265,
            0.6519126892089844,
            -0.0803137794137001
         ],
         "15": [
            0.8122242093086243,
            0.6167394518852234,
            -0.05572563409805298
         ],
         "16": [
            0.8109601140022278,
            0.5750851035118103,
            -0.04165388271212578
         ],
         "17": [
            0.8821723461151123,
            0.5180977582931519,
            -0.07492459565401077
         ],
         "18": [
            0.8546800017356873,
            0.6101709008216858,
            -0.07395154237747192
         ],
         "19": [
            0.8387694358825684,
            0.5833957195281982,
            -0.058045972138643265
         ],
         "20": [
            0.8388795256614685,
            0.5501325130462646,
            -0.047342464327812195
         ]
      }
   ]
}