{
   "q": [
      {
         "0": [
            0.8317725658416748,
            0.43269044160842896,
            0
         ],
         "1": [
            0.757059633731842,
            0.4256919026374817,
            -0.0013801148161292076
         ],
         "2": [
            0.6782251596450806,
            0.4865717887878418,
            -0.01461298018693924
         ],
         "3": [
            0.62890625,
            0.5747727751731873,
            -0.025477614253759384
         ],
         "4": [
            0.5964291095733643,
            0.6442920565605164,
            -0.035052597522735596
         ],
         "5": [
            0.6912206411361694,
            0.42643529176712036,
            -0.05396132916212082
         ],
         "6": [
            0.6483135223388672,
            0.5592107772827148,
            -0.0660228356719017
         ],
         "7": [
            0.6306905746459961,
            0.6401182413101196,
            -0.06279406696557999
         ],
         "8": [
            0.6164516806602478,
            0.7038151025772095,
            -0.06078999862074852
         ],
         "9": [
            0.7303373217582703,
            0.46022260189056396,
            -0.06405588239431381
         ],
         "10": [
            0.6831141114234924,
            0.5985003113746643,
            -0.07845547050237656
         ],
         "11": [
            0.6921706795692444,
            0.568132758140564,
            -0.06323941051959991
         ],
         "12": [
            0.7023358941078186,
            0.5233390927314758,
            -0.05232838913798332
         ],
         "13": [
            0.7657756805419922,
            0.501255214214325,
            -0.07062476873397827
         ],
         "14": [
            0.7144546508789062,
            0.6233787536621094,
            -0.07993996143341064
         ],
         "15": [
            0.726111114025116,
            0.5817961096763611,
            -0.054963357746601105
         ],
         "16": [
            0.7388938069343567,
            0.5366864800453186,
            -0.03922773525118828
         ],
         "17": [
            0.7965890765190125,
            0.5416774153709412,
            -0.07697097212076187
         ],
         "18": [
            0.7449712753295898,
            0.6337385177612305,
            -0.08216669410467148
         ],
         "19": [
            0.750847578048706,
            0.6027777791023254,
            -0.06479813158512115
         ],
         "20": [
            0.7654401063919067,
            0.5644234418869019,
            -0.051771704107522964
         ]
      }
   ]
}