{
   "s": [
      {
         "0": [
            0.7653459906578064,
            0.6456389427185059,
            0
         ],
         "1": [
            0.7168483734130859,
            0.6118021011352539,
            -0.02204623445868492
         ],
         "2": [
            0.6847680807113647,
            0.5146863460540771,
            -0.03074992075562477
         ],
         "3": [
            0.7026105523109436,
            0.42266133427619934,
            -0.038445159792900085
         ],
         "4": [
            0.7355313897132874,
            0.3888779580593109,
            -0.0408964641392231
         ],
         "5": [
            0.6867181658744812,
            0.43279945850372314,
            -0.007920199073851109
         ],
         "6": [
            0.6787410974502563,
            0.3627333641052246,
            -0.024187248200178146
         ],
         "7": [
            0.6828824281692505,
            0.44474002718925476,
            -0.023054683580994606
         ],
         "8": [
            0.688245952129364,
            0.4583117365837097,
            -0.0203086007386446
         ],
         "9": [
            0.725059986114502,
            0.425203412771225,
            -0.0059692393988370895
         ],
         "10": [
            0.7152561545372009,
            0.3683086037635803,
            -0.0250095222145319
         ],
         "11": [
            0.7164716124534607,
            0.4637642204761505,
            -0.016647158190608025
         ],
         "12": [
            0.7228170037269592,
            0.457409143447876,
            -0.004646620247513056
         ],
         "13": [
            0.7578049898147583,
            0.4357975125312805,
            -0.0094639016315341
         ],
         "14": [
            0.7540209293365479,
            0.3998994827270508,
            -0.02774008922278881
         ],
         "15": [
            0.7475776076316833,
            0.4890928864479065,
            -0.017996925860643387
         ],
         "16": [
            0.7548962831497192,
            0.4829065501689911,
            -0.005003456026315689
         ],
         "17": [
            0.7890097498893738,
            0.4504644572734833,
            -0.01583264209330082
         ],
         "18": [
            0.7791285514831543,
            0.42784368991851807,
            -0.022884022444486618
         ],
         "19": [
            0.7736404538154602,
            0.4857785701751709,
            -0.01669370010495186
         ],
         "20": [
            0.783720076084137,
            0.4848431348800659,
            -0.007450882811099291
         ]
      }
   ]
}