{
   "s": [
      {
         "0": [
            0.7732559442520142,
            0.7464514970779419,
            0
         ],
         "1": [
            0.7263579368591309,
            0.6928676962852478,
            -0.015387888997793198
         ],
         "2": [
            0.7033498883247375,
            0.5917282700538635,
            -0.021419469267129898
         ],
         "3": [
            0.7228785157203674,
            0.5037115812301636,
            -0.028672078624367714
         ],
         "4": [
            0.7573044896125793,
            0.4770881235599518,
            -0.03083462081849575
         ],
         "5": [
            0.722754955291748,
            0.5334018468856812,
            0.003032340668141842
         ],
         "6": [
            0.7070388197898865,
            0.4617321789264679,
            -0.014299261383712292
         ],
         "7": [
            0.7076307535171509,
            0.5369755029678345,
            -0.015049530193209648
         ],
         "8": [
            0.7201105952262878,
            0.5626144409179688,
            -0.01259276457130909
         ],
         "9": [
            0.7558580040931702,
            0.5347722768783569,
            0.0006312013138085604
         ],
         "10": [
            0.7389878034591675,
            0.47156113386154175,
            -0.01805061101913452
         ],
         "11": [
            0.7344908118247986,
            0.5592498779296875,
            -0.01321063470095396
         ],
         "12": [
            0.7478838562965393,
            0.5683639645576477,
            -0.003620787523686886
         ],
         "13": [
            0.7836177945137024,
            0.5500152707099915,
            -0.007539477199316025
         ],
         "14": [
            0.7714876532554626,
            0.5025871992111206,
            -0.026980293914675713
         ],
         "15": [
            0.7602746486663818,
            0.5865716934204102,
            -0.01881559193134308
         ],
         "16": [
            0.7747256755828857,
            0.6011500358581543,
            -0.0065538277849555016
         ],
         "17": [
            0.8129004836082458,
            0.5705918669700623,
            -0.01816830039024353
         ],
         "18": [
            0.7912557721138,
            0.5287191867828369,
            -0.026774337515234947
         ],
         "19": [
            0.7821879386901855,
            0.5843092203140259,
            -0.020904578268527985
         ],
         "20": [
            0.7963114976882935,
            0.6027077436447144,
            -0.011621827259659767
         ]
      }
   ]
}