{
   "sch": [
      {
         "0": [
            0.7713843584060669,
            0.8003050088882446,
            0
         ],
         "1": [
            0.7098262310028076,
            0.7743474245071411,
            -0.011876307427883148
         ],
         "2": [
            0.6550473570823669,
            0.720287561416626,
            -0.02420426346361637
         ],
         "3": [
            0.6118074059486389,
            0.6775132417678833,
            -0.039560314267873764
         ],
         "4": [
            0.5717669129371643,
            0.6614766716957092,
            -0.05579913780093193
         ],
         "5": [
            0.6804842352867126,
            0.5563719272613525,
            -0.009002177976071835
         ],
         "6": [
            0.6426426768302917,
            0.4650443494319916,
            -0.02701680175960064
         ],
         "7": [
            0.6191338300704956,
            0.40902140736579895,
            -0.04023779183626175
         ],
         "8": [
            0.5998428463935852,
            0.3601204752922058,
            -0.05005088075995445
         ],
         "9": [
            0.716969907283783,
            0.5240737795829773,
            -0.022192373871803284
         ],
         "10": [
            0.693029522895813,
            0.409553587436676,
            -0.03721995651721954
         ],
         "11": [
            0.6775856614112854,
            0.33949220180511475,
            -0.0500919446349144
         ],
         "12": [
            0.6657422184944153,
            0.27973392605781555,
            -0.06130104139447212
         ],
         "13": [
            0.7560173869132996,
            0.5226372480392456,
            -0.03886231407523155
         ],
         "14": [
            0.7506375908851624,
            0.4067692756652832,
            -0.05871432647109032
         ],
         "15": [
            0.7432321310043335,
            0.33644914627075195,
            -0.07361873239278793
         ],
         "16": [
            0.7348418235778809,
            0.2779121994972229,
            -0.0840887725353241
         ],
         "17": [
            0.7968594431877136,
            0.546845018863678,
            -0.057482555508613586
         ],
         "18": [
            0.8172326683998108,
            0.46201980113983154,
            -0.07554850727319717
         ],
         "19": [
            0.8297225832939148,
            0.4032687544822693,
            -0.08507418632507324
         ],
         "20": [
            0.8377473950386047,
            0.35007530450820923,
            -0.09188997000455856
         ]
      }
   ]
}