{
   "v": [
      {
         "0": [
            0.7627764940261841,
            0.7648055553436279,
            0
         ],
         "1": [
            0.7356053590774536,
            0.7140573263168335,
            -0.03481299430131912
         ],
         "2": [
            0.7387588620185852,
            0.6284101009368896,
            -0.05027644336223602
         ],
         "3": [
            0.787943422794342,
            0.5745800137519836,
            -0.06262291222810745
         ],
         "4": [
            0.829329788684845,
            0.5347650647163391,
            -0.07169048488140106
         ],
         "5": [
            0.7489873766899109,
            0.4770437479019165,
            -0.021211639046669006
         ],
         "6": [
            0.7354000210762024,
            0.36994871497154236,
            -0.04311143979430199
         ],
         "7": [
            0.728259801864624,
            0.2912491261959076,
            -0.05396014451980591
         ],
         "8": [
            0.7266983985900879,
            0.22577333450317383,
            -0.060801297426223755
         ],
         "9": [
            0.7860393524169922,
            0.4866228401660919,
            -0.019066186621785164
         ],
         "10": [
            0.8093152642250061,
            0.35540080070495605,
            -0.04118863120675087
         ],
         "11": [
            0.8251237273216248,
            0.2735574245452881,
            -0.0497501976788044
         ],
         "12": [
            0.8401381969451904,
            0.20639193058013916,
            -0.05396014451980591
         ],
         "13": [
            0.8133804202079773,
            0.5313734412193298,
            -0.023397570475935936
         ],
         "14": [
            0.8391692042350769,
            0.49962276220321655,
            -0.05051932483911514
         ],
         "15": [
            0.8165486454963684,
            0.5708641409873962,
            -0.048090510070323944
         ],
         "16": [
            0.8008992075920105,
            0.6123476624488831,
            -0.037990693002939224
         ],
         "17": [
            0.8311293125152588,
            0.596928596496582,
            -0.033011626452207565
         ],
         "18": [
            0.8515205979347229,
            0.5748631358146667,
            -0.05626751482486725
         ],
         "19": [
            0.8271299600601196,
            0.6271294355392456,
            -0.05764384567737579
         ],
         "20": [
            0.8049660325050354,
            0.6629540920257568,
            -0.05112652853131294
         ]
      }
   ]
}