{
   "v": [
      {
         "0": [
            0.7558811902999878,
            0.7244994044303894,
            0
         ],
         "1": [
            0.7284308075904846,
            0.6763579249382019,
            -0.024277573451399803
         ],
         "2": [
            0.7248203754425049,
            0.5960569977760315,
            -0.034718189388513565
         ],
         "3": [
            0.7605109810829163,
            0.5383862257003784,
            -0.04431420564651489
         ],
         "4": [
            0.7907674908638,
            0.4942430853843689,
            -0.05085531622171402
         ],
         "5": [
            0.734824001789093,
            0.46647295355796814,
            -0.004483534023165703
         ],
         "6": [
            0.7211224436759949,
            0.3750045895576477,
            -0.02009054645895958
         ],
         "7": [
            0.7138350605964661,
            0.31068140268325806,
            -0.028051290661096573
         ],
         "8": [
            0.711631715297699,
            0.2557361125946045,
            -0.0332985520362854
         ],
         "9": [
            0.7661802172660828,
            0.472644567489624,
            -0.0058627380058169365
         ],
         "10": [
            0.7820264101028442,
            0.36030828952789307,
            -0.020827317610383034
         ],
         "11": [
            0.7949818968772888,
            0.2905675768852234,
            -0.027404367923736572
         ],
         "12": [
            0.807309627532959,
            0.23530197143554688,
            -0.030926503241062164
         ],
         "13": [
            0.7910934090614319,
            0.511078417301178,
            -0.013324812985956669
         ],
         "14": [
            0.8083844184875488,
            0.4751132130622864,
            -0.03257974982261658
         ],
         "15": [
            0.7897673845291138,
            0.5355137586593628,
            -0.030243638902902603
         ],
         "16": [
            0.7769953608512878,
            0.5740332007408142,
            -0.022175075486302376
         ],
         "17": [
            0.8083330988883972,
            0.5677060484886169,
            -0.02519404888153076
         ],
         "18": [
            0.8208948373794556,
            0.5383819341659546,
            -0.041295234113931656
         ],
         "19": [
            0.7986159920692444,
            0.5817787647247314,
            -0.04165463522076607
         ],
         "20": [
            0.7808160781860352,
            0.6158432364463806,
            -0.03613782301545143
         ]
      }
   ]
}