{
   "x": [
      {
         "0": [
            0.78276526927948,
            0.79517662525177,
            0
         ],
         "1": [
            0.7357854247093201,
            0.7523359656333923,
            -0.01278404239565134
         ],
         "2": [
            0.7033922076225281,
            0.6417405605316162,
            -0.030474886298179626
         ],
         "3": [
            0.7113312482833862,
            0.5493934154510498,
            -0.05239328369498253
         ],
         "4": [
            0.7436778545379639,
            0.4947682023048401,
            -0.06906019151210785
         ],
         "5": [
            0.7216303944587708,
            0.5011558532714844,
            -0.006701231002807617
         ],
         "6": [
            0.7105910778045654,
            0.39315351843833923,
            -0.04055207967758179
         ],
         "7": [
            0.6991463303565979,
            0.3729666471481323,
            -0.05389371141791344
         ],
         "8": [
            0.6933254599571228,
            0.37004053592681885,
            -0.0600576251745224
         ],
         "9": [
            0.7651845812797546,
            0.5015113353729248,
            -0.02047879993915558
         ],
         "10": [
            0.7385902404785156,
            0.487268328666687,
            -0.0562862865626812
         ],
         "11": [
            0.7327421307563782,
            0.5968257784843445,
            -0.050690099596977234
         ],
         "12": [
            0.7448704838752747,
            0.5925800800323486,
            -0.03905165195465088
         ],
         "13": [
            0.8004156351089478,
            0.5273680686950684,
            -0.04156588390469551
         ],
         "14": [
            0.7730359435081482,
            0.5360690355300903,
            -0.07469692826271057
         ],
         "15": [
            0.762165367603302,
            0.6295140385627747,
            -0.06245020404458046
         ],
         "16": [
            0.7771710753440857,
            0.6272033452987671,
            -0.04712151736021042
         ],
         "17": [
            0.833017110824585,
            0.5644826292991638,
            -0.0661809891462326
         ],
         "18": [
            0.8000956177711487,
            0.5839083790779114,
            -0.0812663584947586
         ],
         "19": [
            0.7906148433685303,
            0.6498633623123169,
            -0.07388588041067123
         ],
         "20": [
            0.8063585162162781,
            0.6487876772880554,
            -0.06435614824295044
         ]
      }
   ]
}