{
   "x": [
      {
         "0": [
            0.8195202946662903,
            0.7126730680465698,
            0
         ],
         "1": [
            0.7743683457374573,
            0.6838525533676147,
            -0.011437727138400078
         ],
         "2": [
            0.7427195310592651,
            0.6007415056228638,
            -0.03015981800854206
         ],
         "3": [
            0.7503212094306946,
            0.5279117226600647,
            -0.05148346722126007
         ],
         "4": [
            0.7817786931991577,
            0.4853361248970032,
            -0.06659989058971405
         ],
         "5": [
            0.7615549564361572,
            0.4468916952610016,
            -0.011227777227759361
         ],
         "6": [
            0.7534909248352051,
            0.35127267241477966,
            -0.04020091891288757
         ],
         "7": [
            0.7477089762687683,
            0.3367837071418762,
            -0.050168994814157486
         ],
         "8": [
            0.745232343673706,
            0.3546800911426544,
            -0.05407589301466942
         ],
         "9": [
            0.8067113161087036,
            0.44167035818099976,
            -0.023295355960726738
         ],
         "10": [
            0.7801433801651001,
            0.46141311526298523,
            -0.05053412541747093
         ],
         "11": [
            0.7743805646896362,
            0.5556221604347229,
            -0.04319499433040619
         ],
         "12": [
            0.7822200059890747,
            0.5570956468582153,
            -0.03339122235774994
         ],
         "13": [
            0.8413267135620117,
            0.46909862756729126,
            -0.041259799152612686
         ],
         "14": [
            0.8131347894668579,
            0.5213033556938171,
            -0.06313114613294601
         ],
         "15": [
            0.8033397793769836,
            0.5907797813415527,
            -0.052469320595264435
         ],
         "16": [
            0.8124340176582336,
            0.5815790891647339,
            -0.042209137231111526
         ],
         "17": [
            0.8705325722694397,
            0.5104758739471436,
            -0.06258345395326614
         ],
         "18": [
            0.8385486006736755,
            0.5721533298492432,
            -0.06857158988714218
         ],
         "19": [
            0.827733039855957,
            0.622187614440918,
            -0.06214528903365135
         ],
         "20": [
            0.8358539342880249,
            0.6144199967384338,
            -0.05637621507048607
         ]
      }
   ]
}