{
   "y": [
      {
         "0": [
            0.714289665222168,
            0.7296751737594604,
            0
         ],
         "1": [
            0.6808794736862183,
            0.6349840760231018,
            -0.00643070787191391
         ],
         "2": [
            0.6726721525192261,
            0.5333490967750549,
            -0.014704132452607155
         ],
         "3": [
            0.6716417074203491,
            0.45664915442466736,
            -0.027678368613123894
         ],
         "4": [
            0.6606807708740234,
            0.4053265154361725,
            -0.03630905598402023
         ],
         "5": [
            0.7466296553611755,
            0.496234655380249,
            -0.005617467686533928
         ],
         "6": [
            0.7652745246887207,
            0.45732980966567993,
            -0.026945041492581367
         ],
         "7": [
            0.7481175661087036,
            0.5313832759857178,
            -0.031476620584726334
         ],
         "8": [
            0.732571542263031,
            0.5962179899215698,
            -0.03149542585015297
         ],
         "9": [
            0.778347909450531,
            0.5397471785545349,
            -0.016424627974629402
         ],
         "10": [
            0.7927084565162659,
            0.5298044681549072,
            -0.04682006314396858
         ],
         "11": [
            0.7609927654266357,
            0.6007429361343384,
            -0.04915166646242142
         ],
         "12": [
            0.7424031496047974,
            0.6458843350410461,
            -0.04351069778203964
         ],
         "13": [
            0.8029569983482361,
            0.5845963954925537,
            -0.030047576874494553
         ],
         "14": [
            0.8286190032958984,
            0.5595858097076416,
            -0.058666110038757324
         ],
         "15": [
            0.7910204529762268,
            0.6118645668029785,
            -0.04990379512310028
         ],
         "16": [
            0.761489748954773,
            0.6521750688552856,
            -0.03743724897503853
         ],
         "17": [
            0.8218271732330322,
            0.6316978335380554,
            -0.04550383985042572
         ],
         "18": [
            0.871393620967865,
            0.6092837452888489,
            -0.0647207498550415
         ],
         "19": [
            0.9086116552352905,
            0.6025906205177307,
            -0.06411904096603394
         ],
         "20": [
            0.9412522912025452,
            0.5894572138786316,
            -0.05859088897705078
         ]
      }
   ]
}