{
   "a": [
      {
         "0": [
            0.30301496386528015,
            0.685234546661377,
            0
         ],
         "1": [
            0.35022762417793274,
            0.6383043527603149,
            -0.017370302230119705
         ],
         "2": [
            0.38055509328842163,
            0.5532559156417847,
            -0.023475177586078644
         ],
         "3": [
            0.359602689743042,
            0.4826182425022125,
            -0.029526852071285248
         ],
         "4": [
            0.32159337401390076,
            0.48272082209587097,
            -0.03133570775389671
         ],
         "5": [
            0.3487916588783264,
            0.4899894595146179,
            -0.0034348240587860346
         ],
         "6": [
            0.3501276969909668,
            0.4220160245895386,
            -0.018061921000480652
         ],
         "7": [
            0.35191667079925537,
            0.4870186746120453,
            -0.018487533554434776
         ],
         "8": [
            0.3473574221134186,
            0.512885570526123,
            -0.01630626991391182
         ],
         "9": [
            0.3154706656932831,
            0.4966326355934143,
            -0.004252797923982143
         ],
         "10": [
            0.31851762533187866,
            0.4360651969909668,
            -0.02118751034140587
         ],
         "11": [
            0.3263470530509949,
            0.5176838040351868,
            -0.016878187656402588
         ],
         "12": [
            0.3219030797481537,
            0.5321215987205505,
            -0.008751653134822845
         ],
         "13": [
            0.2868064343929291,
            0.5127113461494446,
            -0.009922086261212826
         ],
         "14": [
            0.28942185640335083,
            0.4705283045768738,
            -0.02819681540131569
         ],
         "15": [
            0.3024454712867737,
            0.5465815663337708,
            -0.0192988570779562
         ],
         "16": [
            0.29831865429878235,
            0.5662826895713806,
            -0.007754123769700527
         ],
         "17": [
            0.2570655345916748,
            0.5319107174873352,
            -0.01826142705976963
         ],
         "18": [
            0.2634079158306122,
            0.4891816973686218,
            -0.027584994211792946
         ],
         "19": [
            0.27588045597076416,
            0.5363991260528564,
            -0.022238243371248245
         ],
         "20": [
            0.2723238170146942,
            0.5565324425697327,
            -0.013898901641368866
         ]
      }
   ]
}