{
   "a": [
      {
         "0": [
            0.7353535294532776,
            0.7830566763877869,
            0
         ],
         "1": [
            0.6915996074676514,
            0.8575944900512695,
            -0.06337029486894608
         ],
         "2": [
            0.6073590517044067,
            0.7892618775367737,
            -0.08767973631620407
         ],
         "3": [
            0.5809892416000366,
            0.6803743243217468,
            -0.10209965705871582
         ],
         "4": [
            0.6005936861038208,
            0.6039991974830627,
            -0.11298365145921707
         ],
         "5": [
            0.615027904510498,
            0.6961390972137451,
            -0.05585647001862526
         ],
         "6": [
            0.599638044834137,
            0.6231797933578491,
            -0.08558028936386108
         ],
         "7": [
            0.6151260733604431,
            0.6900197267532349,
            -0.08663000911474228
         ],
         "8": [
            0.6231253147125244,
            0.722554087638855,
            -0.0819338783621788
         ],
         "9": [
            0.6583771109580994,
            0.6588773131370544,
            -0.030524926260113716
         ],
         "10": [
            0.6291516423225403,
            0.5787621736526489,
            -0.05635370314121246
         ],
         "11": [
            0.6578152775764465,
            0.6909196376800537,
            -0.041712790727615356
         ],
         "12": [
            0.6629202961921692,
            0.7159438133239746,
            -0.023259714245796204
         ],
         "13": [
            0.6957614421844482,
            0.6368639469146729,
            -0.014696162194013596
         ],
         "14": [
            0.6692212820053101,
            0.5679278373718262,
            -0.04635368660092354
         ],
         "15": [
            0.6919373869895935,
            0.6816447973251343,
            -0.0328729972243309
         ],
         "16": [
            0.6982120275497437,
            0.7204910516738892,
            -0.01332875620573759
         ],
         "17": [
            0.7294963598251343,
            0.6082167625427246,
            -0.0038950354792177677
         ],
         "18": [
            0.7088260054588318,
            0.583238959312439,
            -0.0255525354295969
         ],
         "19": [
            0.7245818376541138,
            0.6577631831169128,
            -0.021740376949310303
         ],
         "20": [
            0.7289679646492004,
            0.6774319410324097,
            -0.009433720260858536
         ]
      }
   ]
}