{
   "b": [
      {
         "0": [
            0.4726809859275818,
            0.8910651803016663,
            0
         ],
         "1": [
            0.41660401225090027,
            0.8173879384994507,
            -0.017601655796170235
         ],
         "2": [
            0.37836089730262756,
            0.7028040885925293,
            -0.023571105673909187
         ],
         "3": [
            0.3767094314098358,
            0.595893144607544,
            -0.03049347549676895
         ],
         "4": [
            0.39855438470840454,
            0.53993821144104,
            -0.037372030317783356
         ],
         "5": [
            0.42823758721351624,
            0.5808143019676208,
            0.003578930627554655
         ],
         "6": [
            0.4254657030105591,
            0.46053528785705566,
            -0.00976470299065113
         ],
         "7": [
            0.4268174469470978,
            0.3885195553302765,
            -0.0205918587744236
         ],
         "8": [
            0.4300803244113922,
            0.31850364804267883,
            -0.028237132355570793
         ],
         "9": [
            0.46252796053886414,
            0.5737735629081726,
            -0.0027697691693902016
         ],
         "10": [
            0.4614480137825012,
            0.4435088038444519,
            -0.013078019954264164
         ],
         "11": [
            0.45912113785743713,
            0.3574623465538025,
            -0.025871260091662407
         ],
         "12": [
            0.45761638879776,
            0.2810063362121582,
            -0.03686818853020668
         ],
         "13": [
            0.49385958909988403,
            0.5901522040367126,
            -0.014282863587141037
         ],
         "14": [
            0.4937281012535095,
            0.4657692015171051,
            -0.028039976954460144
         ],
         "15": [
            0.4892374277114868,
            0.3851402699947357,
            -0.041928526014089584
         ],
         "16": [
            0.4852507412433624,
            0.3165843188762665,
            -0.051830146461725235
         ],
         "17": [
            0.5264155864715576,
            0.6223881840705872,
            -0.029003849253058434
         ],
         "18": [
            0.5254074335098267,
            0.5241526365280151,
            -0.04105227813124657
         ],
         "19": [
            0.5203853845596313,
            0.45773613452911377,
            -0.05051577091217041
         ],
         "20": [
            0.5150378942489624,
            0.3969944715499878,
            -0.0573505163192749
         ]
      }
   ]
}