{
   "i": [
      {
         "0": [
            0.4718949496746063,
            1.1112992763519287,
            0
         ],
         "1": [
            0.40425240993499756,
            1.0728739500045776,
            -0.034033458679914474
         ],
         "2": [
            0.36197125911712646,
            0.9283766746520996,
            -0.05230459198355675
         ],
         "3": [
            0.3941846787929535,
            0.795847475528717,
            -0.07120925188064575
         ],
         "4": [
            0.4759148061275482,
            0.7587994933128357,
            -0.08387993276119232
         ],
         "5": [
            0.369675874710083,
            0.7955875992774963,
            -0.011308586224913597
         ],
         "6": [
            0.35271352529525757,
            0.6832025647163391,
            -0.040672898292541504
         ],
         "7": [
            0.36134639382362366,
            0.7696134448051453,
            -0.047388359904289246
         ],
         "8": [
            0.3720130920410156,
            0.8470230102539062,
            -0.04812325909733772
         ],
         "9": [
            0.4221756160259247,
            0.7580845355987549,
            -0.012056156992912292
         ],
         "10": [
            0.40449899435043335,
            0.6099233031272888,
            -0.03996334224939346
         ],
         "11": [
            0.4097788333892822,
            0.7432493567466736,
            -0.03578201308846474
         ],
         "12": [
            0.4149540066719055,
            0.8026179671287537,
            -0.023871570825576782
         ],
         "13": [
            0.4707637131214142,
            0.7522385716438293,
            -0.021717555820941925
         ],
         "14": [
            0.4616992771625519,
            0.5827712416648865,
            -0.04480354115366936
         ],
         "15": [
            0.4496239721775055,
            0.6662626266479492,
            -0.030637716874480247
         ],
         "16": [
            0.44675397872924805,
            0.7359312176704407,
            -0.015889037400484085
         ],
         "17": [
            0.5224610567092896,
            0.7813553214073181,
            -0.03735317662358284
         ],
         "18": [
            0.5603921413421631,
            0.6512446999549866,
            -0.049947842955589294
         ],
         "19": [
            0.5914829969406128,
            0.5774269104003906,
            -0.045817192643880844
         ],
         "20": [
            0.6200211048126221,
            0.5182227492332458,
            -0.03788534551858902
         ]
      }
   ]
}