{
   "k": [
      {
         "0": [
            0.3873920142650604,
            1.0369735956192017,
            0
         ],
         "1": [
            0.3450923562049866,
            0.8644177913665771,
            0.010645831003785133
         ],
         "2": [
            0.3569187819957733,
            0.6766564846038818,
            -0.005915245972573757
         ],
         "3": [
            0.390697181224823,
            0.5397165417671204,
            -0.03629736602306366
         ],
         "4": [
            0.42595595121383667,
            0.40876176953315735,
            -0.06514829397201538
         ],
         "5": [
            0.45552539825439453,
            0.5746397376060486,
            0.0056694489903748035
         ],
         "6": [
            0.48255810141563416,
            0.38216978311538696,
            -0.035555947571992874
         ],
         "7": [
            0.5012876987457275,
            0.2579978406429291,
            -0.06756597012281418
         ],
         "8": [
            0.5158542394638062,
            0.14850181341171265,
            -0.09019540995359421
         ],
         "9": [
            0.5034725069999695,
            0.6151790022850037,
            -0.03313827142119408
         ],
         "10": [
            0.43731236457824707,
            0.4894857406616211,
            -0.08536005765199661
         ],
         "11": [
            0.3487878739833832,
            0.4903407692909241,
            -0.10463699698448181
         ],
         "12": [
            0.2824651002883911,
            0.5126968026161194,
            -0.11056835949420929
         ],
         "13": [
            0.5383971333503723,
            0.6812344193458557,
            -0.07530253380537033
         ],
         "14": [
            0.4372600317001343,
            0.6051681637763977,
            -0.12127059698104858
         ],
         "15": [
            0.36354324221611023,
            0.7279083728790283,
            -0.11101965606212616
         ],
         "16": [
            0.32512974739074707,
            0.8412964940071106,
            -0.09670702368021011
         ],
         "17": [
            0.5621562004089355,
            0.7658272385597229,
            -0.12146401405334473
         ],
         "18": [
            0.4754241108894348,
            0.6955315470695496,
            -0.14480264484882355
         ],
         "19": [
            0.4161258935928345,
            0.7795106768608093,
            -0.13100576400756836
         ],
         "20": [
            0.3927857279777527,
            0.8722444176673889,
            -0.11688654869794846
         ]
      }
   ]
}