{
   "l": [
      {
         "0": [
            0.6387840509414673,
            0.9513765573501587,
            0
         ],
         "1": [
            0.5762149095535278,
            0.8841966390609741,
            0.0017334835138171911
         ],
         "2": [
            0.518442690372467,
            0.7880100011825562,
            -0.012321941554546356
         ],
         "3": [
            0.4570584297180176,
            0.739146888256073,
            -0.034851543605327606
         ],
         "4": [
            0.4079905152320862,
            0.7328281402587891,
            -0.05478944256901741
         ],
         "5": [
            0.5695016384124756,
            0.6358025074005127,
            0.008758354000747204
         ],
         "6": [
            0.5575787425041199,
            0.5082658529281616,
            -0.01736893691122532
         ],
         "7": [
            0.550860583782196,
            0.4302546977996826,
            -0.03396490961313248
         ],
         "8": [
            0.5480011701583862,
            0.36360815167427063,
            -0.04569575935602188
         ],
         "9": [
            0.6045196652412415,
            0.6394224762916565,
            -0.014379387721419334
         ],
         "10": [
            0.5595594644546509,
            0.6088069677352905,
            -0.04733262583613396
         ],
         "11": [
            0.5656924247741699,
            0.7277306914329529,
            -0.04403616487979889
         ],
         "12": [
            0.5856791138648987,
            0.7629760503768921,
            -0.03394217789173126
         ],
         "13": [
            0.6380070447921753,
            0.6538305878639221,
            -0.04301312193274498
         ],
         "14": [
            0.5932490229606628,
            0.6392239332199097,
            -0.07611413300037384
         ],
         "15": [
            0.5955767631530762,
            0.7472922205924988,
            -0.06388313323259354
         ],
         "16": [
            0.6150106191635132,
            0.7758695483207703,
            -0.048151057213544846
         ],
         "17": [
            0.6729947924613953,
            0.6740639209747314,
            -0.07402258366346359
         ],
         "18": [
            0.6286666393280029,
            0.6550973653793335,
            -0.08975466340780258
         ],
         "19": [
            0.6236089468002319,
            0.7337371110916138,
            -0.07970613986253738
         ],
         "20": [
            0.6393420100212097,
            0.7651285529136658,
            -0.06879371404647827
         ]
      }
   ]
}