{
   "n": [
      {
         "0": [
            0.6655036807060242,
            0.8543313145637512,
            0
         ],
         "1": [
            0.6278653740882874,
            0.862388551235199,
            -0.05712546035647392
         ],
         "2": [
            0.5865840315818787,
            0.8263327479362488,
            -0.10301213711500168
         ],
         "3": [
            0.5715411305427551,
            0.819137454032898,
            -0.14315921068191528
         ],
         "4": [
            0.575934886932373,
            0.817221462726593,
            -0.18054167926311493
         ],
         "5": [
            0.5767903327941895,
            0.6352857947349548,
            -0.10691865533590317
         ],
         "6": [
            0.5649265646934509,
            0.6184234023094177,
            -0.1738104224205017
         ],
         "7": [
            0.5655295848846436,
            0.7095712423324585,
            -0.20446166396141052
         ],
         "8": [
            0.5649117231369019,
            0.7904751896858215,
            -0.2186453640460968
         ],
         "9": [
            0.6284952163696289,
            0.6269060969352722,
            -0.10745956003665924
         ],
         "10": [
            0.6188167929649353,
            0.62834632396698,
            -0.1878739446401596
         ],
         "11": [
            0.6170316338539124,
            0.7763540148735046,
            -0.20614446699619293
         ],
         "12": [
            0.6116630434989929,
            0.8643505573272705,
            -0.20614446699619293
         ],
         "13": [
            0.6795207858085632,
            0.6481163501739502,
            -0.11286859959363937
         ],
         "14": [
            0.6723768711090088,
            0.6755231022834778,
            -0.18811433017253876
         ],
         "15": [
            0.6608523726463318,
            0.8110963702201843,
            -0.18931634724140167
         ],
         "16": [
            0.6505874991416931,
            0.8795181512832642,
            -0.17573365569114685
         ],
         "17": [
            0.7288588881492615,
            0.6866015195846558,
            -0.12248466908931732
         ],
         "18": [
            0.7288641333580017,
            0.709954023361206,
            -0.17332963645458221
         ],
         "19": [
            0.7135611772537231,
            0.8027322292327881,
            -0.17621445655822754
         ],
         "20": [
            0.6979857087135315,
            0.8496541976928711,
            -0.16804079711437225
         ]
      }
   ]
}