{
   "n-DGS": [
      {
         "0": [
            0.6452507376670837,
            0.32710856199264526,
            0
         ],
         "1": [
            0.5852645039558411,
            0.3467857837677002,
            -0.028670266270637512
         ],
         "2": [
            0.5511749386787415,
            0.4335545599460602,
            -0.06568507105112076
         ],
         "3": [
            0.5469905138015747,
            0.5392130613327026,
            -0.09460905194282532
         ],
         "4": [
            0.5574743747711182,
            0.5996519923210144,
            -0.12325111776590347
         ],
         "5": [
            0.5319989919662476,
            0.3457176983356476,
            -0.1486230492591858
         ],
         "6": [
            0.516968309879303,
            0.48822662234306335,
            -0.1904585212469101
         ],
         "7": [
            0.515428364276886,
            0.5737310647964478,
            -0.19970516860485077
         ],
         "8": [
            0.5214114189147949,
            0.6318831443786621,
            -0.2021859735250473
         ],
         "9": [
            0.5797075033187866,
            0.35767608880996704,
            -0.15099109709262848
         ],
         "10": [
            0.5606690049171448,
            0.5571594834327698,
            -0.18425647914409637
         ],
         "11": [
            0.5550087094306946,
            0.6261356472969055,
            -0.1667780578136444
         ],
         "12": [
            0.5547253489494324,
            0.6603467464447021,
            -0.16023774445056915
         ],
         "13": [
            0.6281336545944214,
            0.3814239501953125,
            -0.1456911712884903
         ],
         "14": [
            0.6108192801475525,
            0.5663377046585083,
            -0.16576318442821503
         ],
         "15": [
            0.6089057326316833,
            0.576877236366272,
            -0.14106784760951996
         ],
         "16": [
            0.6124465465545654,
            0.5604943633079529,
            -0.13193395733833313
         ],
         "17": [
            0.6722893118858337,
            0.4144430458545685,
            -0.1417444348335266
         ],
         "18": [
            0.6518232226371765,
            0.5585330128669739,
            -0.1560654640197754
         ],
         "19": [
            0.6435904502868652,
            0.5566293597221375,
            -0.142759308218956
         ],
         "20": [
            0.640105128288269,
            0.528062105178833,
            -0.13565517961978912
         ]
      }
   ]
}