{
   "p": [
      {
         "0": [
            0.3637150228023529,
            0.6535916924476624,
            0
         ],
         "1": [
            0.3418068587779999,
            0.5945278406143188,
            -0.012377621605992317
         ],
         "2": [
            0.32222455739974976,
            0.5039530992507935,
            -0.03542589396238327
         ],
         "3": [
            0.3056056499481201,
            0.4271252751350403,
            -0.05805360525846481
         ],
         "4": [
            0.2964024543762207,
            0.35817092657089233,
            -0.07890012860298157
         ],
         "5": [
            0.3602740466594696,
            0.48345667123794556,
            -0.056800175458192825
         ],
         "6": [
            0.33465659618377686,
            0.468020498752594,
            -0.0880039855837822
         ],
         "7": [
            0.325571209192276,
            0.42259514331817627,
            -0.10634364932775497
         ],
         "8": [
            0.31215357780456543,
            0.38805752992630005,
            -0.11670093983411789
         ],
         "9": [
            0.4072492718696594,
            0.5223007202148438,
            -0.06468358635902405
         ],
         "10": [
            0.337458997964859,
            0.6246073246002197,
            -0.09301771223545074
         ],
         "11": [
            0.2958635687828064,
            0.6657939553260803,
            -0.09255591779947281
         ],
         "12": [
            0.26328033208847046,
            0.689816415309906,
            -0.09235800802707672
         ],
         "13": [
            0.4340883493423462,
            0.5823534727096558,
            -0.0709177553653717
         ],
         "14": [
            0.3599621653556824,
            0.6802665591239929,
            -0.08846577256917953
         ],
         "15": [
            0.31889891624450684,
            0.7050060033798218,
            -0.0751398354768753
         ],
         "16": [
            0.2896547317504883,
            0.7143229842185974,
            -0.06755328923463821
         ],
         "17": [
            0.44758298993110657,
            0.6461544036865234,
            -0.07969176769256592
         ],
         "18": [
            0.3951805531978607,
            0.7063738107681274,
            -0.08437563478946686
         ],
         "19": [
            0.3676503002643585,
            0.7178850173950195,
            -0.07507386058568954
         ],
         "20": [
            0.3498275876045227,
            0.7214550971984863,
            -0.0698622390627861
         ]
      }
   ]
}