{
   "q": [
      {
         "0": [
            0.5274015069007874,
            0.6430856585502625,
            0
         ],
         "1": [
            0.5185533761978149,
            0.6248034238815308,
            -0.019791090860962868
         ],
         "2": [
            0.5101276636123657,
            0.6096310615539551,
            -0.04158662259578705
         ],
         "3": [
            0.5015527606010437,
            0.6114071011543274,
            -0.06083805859088898
         ],
         "4": [
            0.4949069321155548,
            0.6215781569480896,
            -0.07828329503536224
         ],
         "5": [
            0.5305588245391846,
            0.5429151654243469,
            -0.04656468331813812
         ],
         "6": [
            0.523309051990509,
            0.5359165072441101,
            -0.07321712374687195
         ],
         "7": [
            0.5126150846481323,
            0.5400117039680481,
            -0.0882394090294838
         ],
         "8": [
            0.5016693472862244,
            0.5465012192726135,
            -0.09630122035741806
         ],
         "9": [
            0.548675537109375,
            0.5642855763435364,
            -0.047225482761859894
         ],
         "10": [
            0.5263856053352356,
            0.6008114218711853,
            -0.07374576479196548
         ],
         "11": [
            0.5066648125648499,
            0.6228435635566711,
            -0.07872383296489716
         ],
         "12": [
            0.4936448633670807,
            0.6254994869232178,
            -0.08066219091415405
         ],
         "13": [
            0.5599225163459778,
            0.5979630947113037,
            -0.04876736178994179
         ],
         "14": [
            0.5335124731063843,
            0.6435127258300781,
            -0.06907608360052109
         ],
         "15": [
            0.5165141224861145,
            0.6610249280929565,
            -0.06533153355121613
         ],
         "16": [
            0.508197546005249,
            0.660484254360199,
            -0.061410751193761826
         ],
         "17": [
            0.5655590891838074,
            0.6334009170532227,
            -0.05229165405035019
         ],
         "18": [
            0.5447978973388672,
            0.6651207804679871,
            -0.06396586447954178
         ],
         "19": [
            0.5289108753204346,
            0.6782827973365784,
            -0.061498865485191345
         ],
         "20": [
            0.521426796913147,
            0.6769708395004272,
            -0.058723486959934235
         ]
      }
   ]
}