{
   "sch": [
      {
         "0": [
            0.45341062545776367,
            0.7660557627677917,
            0
         ],
         "1": [
            0.43555933237075806,
            0.7200451493263245,
            -0.005590470042079687
         ],
         "2": [
            0.42334651947021484,
            0.6647474765777588,
            -0.010255898348987103
         ],
         "3": [
            0.41284090280532837,
            0.6209219098091125,
            -0.0162284504622221
         ],
         "4": [
            0.40126726031303406,
            0.5916853547096252,
            -0.022321660071611404
         ],
         "5": [
            0.45762956142425537,
            0.6224807500839233,
            -0.0022485051304101944
         ],
         "6": [
            0.4576322138309479,
            0.5636223554611206,
            -0.009391185827553272
         ],
         "7": [
            0.4587332606315613,
            0.5267095565795898,
            -0.014187325723469257
         ],
         "8": [
            0.4612579643726349,
            0.4951077699661255,
            -0.018008152022957802
         ],
         "9": [
            0.4760865271091461,
            0.6284076571464539,
            -0.008305266499519348
         ],
         "10": [
            0.4836731553077698,
            0.5681618452072144,
            -0.014579462818801403
         ],
         "11": [
            0.4893794059753418,
            0.5309091806411743,
            -0.01924489066004753
         ],
         "12": [
            0.4955901503562927,
            0.5001087188720703,
            -0.023427689447999
         ],
         "13": [
            0.49140697717666626,
            0.6476338505744934,
            -0.016178177669644356
         ],
         "14": [
            0.5098937749862671,
            0.6007928252220154,
            -0.02523755468428135
         ],
         "15": [
            0.52181476354599,
            0.5706907510757446,
            -0.03129054605960846
         ],
         "16": [
            0.5309959053993225,
            0.5434854030609131,
            -0.035292357206344604
         ],
         "17": [
            0.5034668445587158,
            0.6775941252708435,
            -0.02509678713977337
         ],
         "18": [
            0.5240597128868103,
            0.6526747941970825,
            -0.03322106599807739
         ],
         "19": [
            0.5376702547073364,
            0.6345720887184143,
            -0.03742397576570511
         ],
         "20": [
            0.5488587617874146,
            0.6157147884368896,
            -0.04031975567340851
         ]
      }
   ]
}