{
   "t": [
      {
         "0": [
            0.3948855996131897,
            0.6943442821502686,
            0
         ],
         "1": [
            0.36859962344169617,
            0.6615918874740601,
            -0.03265842795372009
         ],
         "2": [
            0.379343181848526,
            0.5791049599647522,
            -0.04030107706785202
         ],
         "3": [
            0.41187527775764465,
            0.5313596129417419,
            -0.04313594102859497
         ],
         "4": [
            0.43210136890411377,
            0.5137104392051697,
            -0.043442416936159134
         ],
         "5": [
            0.40907812118530273,
            0.5452595949172974,
            -0.017756225541234016
         ],
         "6": [
            0.42761677503585815,
            0.5041643381118774,
            -0.03463134169578552
         ],
         "7": [
            0.4145345985889435,
            0.530326247215271,
            -0.03846224397420883
         ],
         "8": [
            0.40876805782318115,
            0.5440671443939209,
            -0.0380791537463665
         ],
         "9": [
            0.4238972067832947,
            0.5773366689682007,
            -0.004451028071343899
         ],
         "10": [
            0.43897688388824463,
            0.5482001304626465,
            -0.0231194868683815
         ],
         "11": [
            0.41195571422576904,
            0.5966463088989258,
            -0.021069953218102455
         ],
         "12": [
            0.40879255533218384,
            0.5991935133934021,
            -0.013302803039550781
         ],
         "13": [
            0.4347822666168213,
            0.6063644886016846,
            0.0032466882839798927
         ],
         "14": [
            0.4476909935474396,
            0.5891138315200806,
            -0.01831170544028282
         ],
         "15": [
            0.41783684492111206,
            0.6300081610679626,
            -0.015677962452173233
         ],
         "16": [
            0.4137928783893585,
            0.6361574530601501,
            -0.006569995079189539
         ],
         "17": [
            0.4483775198459625,
            0.6360647082328796,
            0.00805925764143467
         ],
         "18": [
            0.45109859108924866,
            0.6232960224151611,
            -0.006215636618435383
         ],
         "19": [
            0.43211060762405396,
            0.6539260745048523,
            -0.006656189914792776
         ],
         "20": [
            0.4301295876502991,
            0.6592938899993896,
            -0.0007829403621144593
         ]
      }
   ]
}