{
   "v": [
      {
         "0": [
            0.729252815246582,
            0.9238494038581848,
            0
         ],
         "1": [
            0.7056381106376648,
            0.8807675242424011,
            -0.013583337888121605
         ],
         "2": [
            0.6942373514175415,
            0.8162497282028198,
            -0.015545516274869442
         ],
         "3": [
            0.7173508405685425,
            0.7626679539680481,
            -0.016887392848730087
         ],
         "4": [
            0.7408688068389893,
            0.7353581786155701,
            -0.015963269397616386
         ],
         "5": [
            0.6858663558959961,
            0.7527681589126587,
            0.007184104062616825
         ],
         "6": [
            0.664505124092102,
            0.6902056932449341,
            0.0005340606439858675
         ],
         "7": [
            0.6514143347740173,
            0.6490835547447205,
            -0.0016979172360152006
         ],
         "8": [
            0.6421700716018677,
            0.6136261224746704,
            -0.0027644559741020203
         ],
         "9": [
            0.7102290987968445,
            0.7512639164924622,
            0.007551222108304501
         ],
         "10": [
            0.7104163765907288,
            0.6662920713424683,
            0.00277869775891304
         ],
         "11": [
            0.7100111246109009,
            0.6183894872665405,
            0.0018624869408085942
         ],
         "12": [
            0.7118271589279175,
            0.5825052857398987,
            0.002036551246419549
         ],
         "13": [
            0.7322340607643127,
            0.7731197476387024,
            0.0033483621664345264
         ],
         "14": [
            0.7335788607597351,
            0.7421806454658508,
            -0.0060637639835476875
         ],
         "15": [
            0.7243422269821167,
            0.786525309085846,
            -0.004177541006356478
         ],
         "16": [
            0.723059892654419,
            0.8125676512718201,
            0.002166308229789138
         ],
         "17": [
            0.7487390041351318,
            0.807598352432251,
            -0.003440141910687089
         ],
         "18": [
            0.7458987236022949,
            0.7776966094970703,
            -0.011811047792434692
         ],
         "19": [
            0.7359364032745361,
            0.8113974928855896,
            -0.011621158570051193
         ],
         "20": [
            0.7347159385681152,
            0.8372681140899658,
            -0.00694357929751277
         ]
      }
   ]
}