{
   "x": [
      {
         "0": [
            0.49781540036201477,
            0.8175352811813354,
            0
         ],
         "1": [
            0.47584420442581177,
            0.7519254684448242,
            -0.008923829533159733
         ],
         "2": [
            0.4739067852497101,
            0.6625227928161621,
            -0.014638937078416348
         ],
         "3": [
            0.49825018644332886,
            0.6139967441558838,
            -0.02259877324104309
         ],
         "4": [
            0.5273743867874146,
            0.630689263343811,
            -0.02788696624338627
         ],
         "5": [
            0.5035963654518127,
            0.6110419034957886,
            0.005790849681943655
         ],
         "6": [
            0.5144637227058411,
            0.5382274389266968,
            -0.010011766105890274
         ],
         "7": [
            0.5189560651779175,
            0.518000602722168,
            -0.016842352226376534
         ],
         "8": [
            0.523307204246521,
            0.5110180377960205,
            -0.019789420068264008
         ],
         "9": [
            0.5293482542037964,
            0.6354681253433228,
            -0.0001399727916577831
         ],
         "10": [
            0.5308842062950134,
            0.6012941002845764,
            -0.02029895782470703
         ],
         "11": [
            0.5119929909706116,
            0.6580314636230469,
            -0.019789420068264008
         ],
         "12": [
            0.5085543394088745,
            0.683051586151123,
            -0.01316540315747261
         ],
         "13": [
            0.5472117066383362,
            0.6677441000938416,
            -0.010603933595120907
         ],
         "14": [
            0.5454677939414978,
            0.6480511426925659,
            -0.03145374357700348
         ],
         "15": [
            0.5230548977851868,
            0.694307267665863,
            -0.02628949284553528
         ],
         "16": [
            0.5182949304580688,
            0.7150493860244751,
            -0.01619509980082512
         ],
         "17": [
            0.5625192523002625,
            0.7055615186691284,
            -0.023480137810111046
         ],
         "18": [
            0.5555959343910217,
            0.6849879622459412,
            -0.03470378369092941
         ],
         "19": [
            0.5380382537841797,
            0.7161069512367249,
            -0.031150776892900467
         ],
         "20": [
            0.5329508781433105,
            0.732104480266571,
            -0.024044763296842575
         ]
      }
   ]
}