{
   "b": [
      {
         "0": [
            0.5379120111465454,
            0.892254650592804,
            0
         ],
         "1": [
            0.6052566766738892,
            0.8029241561889648,
            -0.05940847843885422
         ],
         "2": [
            0.6308213472366333,
            0.6509026288986206,
            -0.09205740690231323
         ],
         "3": [
            0.6302301287651062,
            0.5141314268112183,
            -0.11973179876804352
         ],
         "4": [
            0.6512463092803955,
            0.39408379793167114,
            -0.14980769157409668
         ],
         "5": [
            0.5650463700294495,
            0.4975390136241913,
            -0.07656203210353851
         ],
         "6": [
            0.5540041327476501,
            0.3258889317512512,
            -0.12522095441818237
         ],
         "7": [
            0.5401277542114258,
            0.21797099709510803,
            -0.15689784288406372
         ],
         "8": [
            0.5227580070495605,
            0.12699425220489502,
            -0.17679597437381744
         ],
         "9": [
            0.5075728893280029,
            0.5066444873809814,
            -0.07713381201028824
         ],
         "10": [
            0.4883371591567993,
            0.3149961829185486,
            -0.12316251546144485
         ],
         "11": [
            0.4735235571861267,
            0.18777114152908325,
            -0.15529684722423553
         ],
         "12": [
            0.4604228138923645,
            0.07794004678726196,
            -0.17816823720932007
         ],
         "13": [
            0.45760729908943176,
            0.5483922362327576,
            -0.08439549058675766
         ],
         "14": [
            0.4327490031719208,
            0.3676382303237915,
            -0.13276851177215576
         ],
         "15": [
            0.4210067391395569,
            0.2514834403991699,
            -0.16581767797470093
         ],
         "16": [
            0.413067102432251,
            0.1463024914264679,
            -0.18663065135478973
         ],
         "17": [
            0.4128391146659851,
            0.616779625415802,
            -0.09663168340921402
         ],
         "18": [
            0.39103928208351135,
            0.4851858913898468,
            -0.13802893459796906
         ],
         "19": [
            0.3834262490272522,
            0.3937973380088806,
            -0.16181518137454987
         ],
         "20": [
            0.3780490756034851,
            0.30744469165802,
            -0.17736773192882538
         ]
      }
   ]
}