{
   "b": [
      {
         "0": [
            0.6622558832168579,
            0.7616897821426392,
            0
         ],
         "1": [
            0.7672062516212463,
            0.7445399761199951,
            -0.034553162753582
         ],
         "2": [
            0.8274006247520447,
            0.6574400067329407,
            -0.04927603900432587
         ],
         "3": [
            0.8560237288475037,
            0.5598340034484863,
            -0.06639627367258072
         ],
         "4": [
            0.8964424133300781,
            0.47213903069496155,
            -0.08854573965072632
         ],
         "5": [
            0.8087392449378967,
            0.47981151938438416,
            -0.0017703284975141287
         ],
         "6": [
            0.8483878374099731,
            0.33945685625076294,
            -0.026683589443564415
         ],
         "7": [
            0.8682663440704346,
            0.25295156240463257,
            -0.05446162447333336
         ],
         "8": [
            0.8843816518783569,
            0.16979855298995972,
            -0.07577722519636154
         ],
         "9": [
            0.7626967430114746,
            0.44439443945884705,
            -0.010410248301923275
         ],
         "10": [
            0.8029813170433044,
            0.29308003187179565,
            -0.03494403511285782
         ],
         "11": [
            0.8302593231201172,
            0.19428086280822754,
            -0.07629838585853577
         ],
         "12": [
            0.8532196283340454,
            0.107145756483078,
            -0.11006980389356613
         ],
         "13": [
            0.7141227126121521,
            0.43542203307151794,
            -0.027126578614115715
         ],
         "14": [
            0.7512474060058594,
            0.2945563793182373,
            -0.06452008336782455
         ],
         "15": [
            0.7819435000419617,
            0.20604878664016724,
            -0.11621954292058945
         ],
         "16": [
            0.803377091884613,
            0.12726381421089172,
            -0.15228407084941864
         ],
         "17": [
            0.6655735969543457,
            0.4353489577770233,
            -0.04625329002737999
         ],
         "18": [
            0.6928905844688416,
            0.331640362739563,
            -0.08458489924669266
         ],
         "19": [
            0.7172878980636597,
            0.26456350088119507,
            -0.12174387276172638
         ],
         "20": [
            0.7347576022148132,
            0.20172622799873352,
            -0.15051212906837463
         ]
      }
   ]
}