{
   "c": [
      {
         "0": [
            0.5933051109313965,
            0.736440122127533,
            0
         ],
         "1": [
            0.6536296606063843,
            0.7942745685577393,
            -0.10933832079172134
         ],
         "2": [
            0.6984820365905762,
            0.7780208587646484,
            -0.18334923684597015
         ],
         "3": [
            0.7157759070396423,
            0.7504253387451172,
            -0.24799838662147522
         ],
         "4": [
            0.7403178811073303,
            0.6963039636611938,
            -0.31882986426353455
         ],
         "5": [
            0.7536254525184631,
            0.5369418859481812,
            -0.13380254805088043
         ],
         "6": [
            0.7735565900802612,
            0.42761939764022827,
            -0.21726354956626892
         ],
         "7": [
            0.7983078360557556,
            0.34914928674697876,
            -0.29039129614830017
         ],
         "8": [
            0.814619243144989,
            0.30643489956855774,
            -0.34126272797584534
         ],
         "9": [
            0.6935873627662659,
            0.47793203592300415,
            -0.12505902349948883
         ],
         "10": [
            0.717662513256073,
            0.35048532485961914,
            -0.22150282561779022
         ],
         "11": [
            0.7431250214576721,
            0.28297895193099976,
            -0.31158772110939026
         ],
         "12": [
            0.7572482228279114,
            0.2626330852508545,
            -0.3723508417606354
         ],
         "13": [
            0.634662926197052,
            0.4557526111602783,
            -0.12656043469905853
         ],
         "14": [
            0.6520746350288391,
            0.3436310887336731,
            -0.21390745043754578
         ],
         "15": [
            0.6832014322280884,
            0.2818823456764221,
            -0.2999296486377716
         ],
         "16": [
            0.6975740194320679,
            0.2639835476875305,
            -0.35504043102264404
         ],
         "17": [
            0.5777416825294495,
            0.4562162756919861,
            -0.13530397415161133
         ],
         "18": [
            0.5906174182891846,
            0.3583735227584839,
            -0.20878496766090393
         ],
         "19": [
            0.6208540201187134,
            0.2993486821651459,
            -0.2746705710887909
         ],
         "20": [
            0.6431378722190857,
            0.26292455196380615,
            -0.32359904050827026
         ]
      }
   ]
}