{
   "d": [
      {
         "0": [
            0.6416904926300049,
            0.8096245527267456,
            0
         ],
         "1": [
            0.7077805995941162,
            0.7691690921783447,
            -0.041092999279499054
         ],
         "2": [
            0.7510825991630554,
            0.6893922090530396,
            -0.06400683522224426
         ],
         "3": [
            0.744886040687561,
            0.5819671750068665,
            -0.08902216702699661
         ],
         "4": [
            0.7088699340820312,
            0.48976531624794006,
            -0.11302473396062851
         ],
         "5": [
            0.7582359313964844,
            0.49381184577941895,
            -0.00955798290669918
         ],
         "6": [
            0.7925876975059509,
            0.3586418926715851,
            -0.038561079651117325
         ],
         "7": [
            0.8162719011306763,
            0.26168859004974365,
            -0.06876683980226517
         ],
         "8": [
            0.8320122361183167,
            0.18747738003730774,
            -0.09033876657485962
         ],
         "9": [
            0.7071930766105652,
            0.4722212255001068,
            -0.014533198438584805
         ],
         "10": [
            0.7198412418365479,
            0.3182627558708191,
            -0.05722130462527275
         ],
         "11": [
            0.7246461510658264,
            0.36769920587539673,
            -0.08203408122062683
         ],
         "12": [
            0.7250728607177734,
            0.4461585283279419,
            -0.08876897394657135
         ],
         "13": [
            0.657380223274231,
            0.47736331820487976,
            -0.02782575786113739
         ],
         "14": [
            0.6641364097595215,
            0.33926182985305786,
            -0.06274087727069855
         ],
         "15": [
            0.6797617673873901,
            0.3826483488082886,
            -0.07246343791484833
         ],
         "16": [
            0.6842523217201233,
            0.464875191450119,
            -0.07155194878578186
         ],
         "17": [
            0.6056869029998779,
            0.5075950026512146,
            -0.04808108136057854
         ],
         "18": [
            0.6124067902565002,
            0.4000145196914673,
            -0.06912130862474442
         ],
         "19": [
            0.633991003036499,
            0.40987056493759155,
            -0.07524854689836502
         ],
         "20": [
            0.6468595266342163,
            0.4628313183784485,
            -0.07550173997879028
         ]
      }
   ]
}