{
   "d": [
      {
         "0": [
            0.5940133333206177,
            0.9732223749160767,
            0
         ],
         "1": [
            0.6405447721481323,
            0.8893592357635498,
            -0.03881503641605377
         ],
         "2": [
            0.6596406698226929,
            0.772173285484314,
            -0.05364914610981941
         ],
         "3": [
            0.6223240494728088,
            0.6655724048614502,
            -0.06981989741325378
         ],
         "4": [
            0.5719875693321228,
            0.6075646877288818,
            -0.08339598774909973
         ],
         "5": [
            0.6573886871337891,
            0.5910374522209167,
            0.008989573456346989
         ],
         "6": [
            0.6657720804214478,
            0.4471031129360199,
            -0.00730566680431366
         ],
         "7": [
            0.6658264994621277,
            0.3521987795829773,
            -0.028148112818598747
         ],
         "8": [
            0.6627318263053894,
            0.28589725494384766,
            -0.04329672083258629
         ],
         "9": [
            0.6061932444572449,
            0.5930078625679016,
            0.009258212521672249
         ],
         "10": [
            0.5939162373542786,
            0.45276838541030884,
            -0.013956115581095219
         ],
         "11": [
            0.581614077091217,
            0.4832163453102112,
            -0.032393913716077805
         ],
         "12": [
            0.5795982480049133,
            0.5469359159469604,
            -0.03800256922841072
         ],
         "13": [
            0.5614540576934814,
            0.6188031435012817,
            0.0008951898198574781
         ],
         "14": [
            0.543310284614563,
            0.49935340881347656,
            -0.018673676997423172
         ],
         "15": [
            0.5407925844192505,
            0.5247468948364258,
            -0.028279153630137444
         ],
         "16": [
            0.5474448204040527,
            0.5946319103240967,
            -0.029065415263175964
         ],
         "17": [
            0.5204822421073914,
            0.6683861017227173,
            -0.014467185363173485
         ],
         "18": [
            0.5056717991828918,
            0.5666911602020264,
            -0.02530447207391262
         ],
         "19": [
            0.5080940127372742,
            0.5607163906097412,
            -0.030480680987238884
         ],
         "20": [
            0.518397331237793,
            0.6020613312721252,
            -0.030795186758041382
         ]
      }
   ]
}