{
   "d": [
      {
         "0": [
            0.46871447563171387,
            0.9077630043029785,
            0
         ],
         "1": [
            0.4869961738586426,
            0.8013324737548828,
            -0.04646442458033562
         ],
         "2": [
            0.4729425311088562,
            0.6787969470024109,
            -0.05938475579023361
         ],
         "3": [
            0.4094015657901764,
            0.6092756390571594,
            -0.07089116424322128
         ],
         "4": [
            0.3529950678348541,
            0.5857453942298889,
            -0.07995977252721786
         ],
         "5": [
            0.45799320936203003,
            0.5354329347610474,
            0.00705742510035634
         ],
         "6": [
            0.4367298483848572,
            0.4037124514579773,
            -0.005960415583103895
         ],
         "7": [
            0.41710513830184937,
            0.3190365135669708,
            -0.023963553830981255
         ],
         "8": [
            0.4024275839328766,
            0.2627274990081787,
            -0.03712765872478485
         ],
         "9": [
            0.4126979410648346,
            0.5692024827003479,
            0.014943700283765793
         ],
         "10": [
            0.3734516203403473,
            0.4552914798259735,
            -0.0021391676273196936
         ],
         "11": [
            0.3571062684059143,
            0.4593892991542816,
            -0.02178172394633293
         ],
         "12": [
            0.3595578372478485,
            0.49900633096694946,
            -0.030643118545413017
         ],
         "13": [
            0.37734875082969666,
            0.6206128001213074,
            0.013639478944242
         ],
         "14": [
            0.3346988558769226,
            0.5290158987045288,
            -0.004497737158089876
         ],
         "15": [
            0.32919570803642273,
            0.5385472178459167,
            -0.01996556483209133
         ],
         "16": [
            0.34404829144477844,
            0.584287166595459,
            -0.02456081472337246
         ],
         "17": [
            0.3504614531993866,
            0.6852043867111206,
            0.0053662024438381195
         ],
         "18": [
            0.3138514459133148,
            0.6068001985549927,
            -0.00777657562866807
         ],
         "19": [
            0.30709898471832275,
            0.5942361950874329,
            -0.018222538754343987
         ],
         "20": [
            0.3190504312515259,
            0.6155123114585876,
            -0.021757345646619797
         ]
      }
   ]
}