{
   "g": [
      {
         "0": [
            0.6257151365280151,
            0.7476973533630371,
            0
         ],
         "1": [
            0.6182830333709717,
            0.6523627042770386,
            -0.0214957557618618
         ],
         "2": [
            0.57327800989151,
            0.5465463995933533,
            -0.04657045751810074
         ],
         "3": [
            0.5280764698982239,
            0.5096611976623535,
            -0.07206491380929947
         ],
         "4": [
            0.4948720335960388,
            0.5590700507164001,
            -0.09252233058214188
         ],
         "5": [
            0.4702019989490509,
            0.5652942061424255,
            -0.03894863277673721
         ],
         "6": [
            0.3923245370388031,
            0.5580864548683167,
            -0.07736704498529434
         ],
         "7": [
            0.34874552488327026,
            0.5555754899978638,
            -0.09667567908763885
         ],
         "8": [
            0.3048645555973053,
            0.558956503868103,
            -0.10895895957946777
         ],
         "9": [
            0.45369523763656616,
            0.6543498635292053,
            -0.05059124529361725
         ],
         "10": [
            0.46690142154693604,
            0.6417116522789001,
            -0.09481992572546005
         ],
         "11": [
            0.5431426763534546,
            0.6414160132408142,
            -0.0862923189997673
         ],
         "12": [
            0.5436670780181885,
            0.6401283740997314,
            -0.07272767275571823
         ],
         "13": [
            0.46132656931877136,
            0.7376742959022522,
            -0.06724879890680313
         ],
         "14": [
            0.4934239685535431,
            0.7271732687950134,
            -0.10171271115541458
         ],
         "15": [
            0.5554711222648621,
            0.7107670903205872,
            -0.0825808197259903
         ],
         "16": [
            0.5502338409423828,
            0.7102084159851074,
            -0.06605581194162369
         ],
         "17": [
            0.4753364324569702,
            0.819297194480896,
            -0.08872246742248535
         ],
         "18": [
            0.5185896158218384,
            0.7968553900718689,
            -0.10250802338123322
         ],
         "19": [
            0.5591132044792175,
            0.7789471745491028,
            -0.09367113560438156
         ],
         "20": [
            0.549505352973938,
            0.7796323895454407,
            -0.08514351397752762
         ]
      }
   ]
}