{
   "h": [
      {
         "0": [
            0.5421078205108643,
            0.8201045393943787,
            0
         ],
         "1": [
            0.5782122611999512,
            0.6692497730255127,
            0.019242875277996063
         ],
         "2": [
            0.647997260093689,
            0.5934231281280518,
            -0.0073479898273944855
         ],
         "3": [
            0.7166848182678223,
            0.5984606742858887,
            -0.040361832827329636
         ],
         "4": [
            0.7600252628326416,
            0.6112943887710571,
            -0.06977985054254532
         ],
         "5": [
            0.6405022740364075,
            0.5013003945350647,
            -0.07202073186635971
         ],
         "6": [
            0.7446808815002441,
            0.4239611327648163,
            -0.11027196049690247
         ],
         "7": [
            0.8038402795791626,
            0.37734824419021606,
            -0.13153424859046936
         ],
         "8": [
            0.8548398613929749,
            0.3380419611930847,
            -0.14779362082481384
         ],
         "9": [
            0.6431500911712646,
            0.5797819495201111,
            -0.10490429401397705
         ],
         "10": [
            0.7616223692893982,
            0.49794289469718933,
            -0.15696556866168976
         ],
         "11": [
            0.8330400586128235,
            0.4388585090637207,
            -0.17155732214450836
         ],
         "12": [
            0.8905251026153564,
            0.38979291915893555,
            -0.1812504231929779
         ],
         "13": [
            0.6485100984573364,
            0.6719956398010254,
            -0.12903279066085815
         ],
         "14": [
            0.7701791524887085,
            0.6649096608161926,
            -0.143520325422287
         ],
         "15": [
            0.7511326670646667,
            0.6898047924041748,
            -0.10589443892240524
         ],
         "16": [
            0.7183507680892944,
            0.6968526840209961,
            -0.08484061807394028
         ],
         "17": [
            0.6594730019569397,
            0.7643409967422485,
            -0.15498526394367218
         ],
         "18": [
            0.751787543296814,
            0.749938428401947,
            -0.14904434978961945
         ],
         "19": [
            0.7304524183273315,
            0.7635379433631897,
            -0.11694248765707016
         ],
         "20": [
            0.6941124200820923,
            0.7598074674606323,
            -0.0974520668387413
         ]
      }
   ]
}