{
   "h": [
      {
         "0": [
            0.4922848343849182,
            0.8451926708221436,
            0
         ],
         "1": [
            0.5310733318328857,
            0.6598299145698547,
            0.014110453426837921
         ],
         "2": [
            0.6020234823226929,
            0.5558422803878784,
            -0.02959294244647026
         ],
         "3": [
            0.6760542988777161,
            0.5465441942214966,
            -0.07581174373626709
         ],
         "4": [
            0.7319847345352173,
            0.5417490601539612,
            -0.11826416850090027
         ],
         "5": [
            0.5936852693557739,
            0.48000064492225647,
            -0.13666559755802155
         ],
         "6": [
            0.7237788438796997,
            0.46234554052352905,
            -0.18304580450057983
         ],
         "7": [
            0.7986311912536621,
            0.4659804701805115,
            -0.1978960931301117
         ],
         "8": [
            0.8615306615829468,
            0.4615829586982727,
            -0.20801149308681488
         ],
         "9": [
            0.5825904607772827,
            0.5922276377677917,
            -0.17034773528575897
         ],
         "10": [
            0.7377603054046631,
            0.5790431499481201,
            -0.2427697330713272
         ],
         "11": [
            0.8303592801094055,
            0.5661912560462952,
            -0.2509481608867645
         ],
         "12": [
            0.9011862874031067,
            0.5618830323219299,
            -0.2518090307712555
         ],
         "13": [
            0.5810934901237488,
            0.7185235619544983,
            -0.18917961418628693
         ],
         "14": [
            0.7325985431671143,
            0.7179556488990784,
            -0.2132844179868698
         ],
         "15": [
            0.7231011390686035,
            0.7218907475471497,
            -0.1605551689863205
         ],
         "16": [
            0.6894903779029846,
            0.7113674283027649,
            -0.12902523577213287
         ],
         "17": [
            0.5920422077178955,
            0.8236593008041382,
            -0.2079038918018341
         ],
         "18": [
            0.709231436252594,
            0.806856095790863,
            -0.19832651317119598
         ],
         "19": [
            0.695263683795929,
            0.7996917963027954,
            -0.1497941017150879
         ],
         "20": [
            0.6560462117195129,
            0.7863531112670898,
            -0.11977071315050125
         ]
      }
   ]
}