{
   "k": [
      {
         "0": [
            0.5302780270576477,
            0.8893085718154907,
            0
         ],
         "1": [
            0.5983371138572693,
            0.7785380482673645,
            -0.022610561922192574
         ],
         "2": [
            0.6385921239852905,
            0.6319385170936584,
            -0.03543177992105484
         ],
         "3": [
            0.6530317664146423,
            0.49146711826324463,
            -0.05195290595293045
         ],
         "4": [
            0.665128767490387,
            0.38699615001678467,
            -0.06721503287553787
         ],
         "5": [
            0.5640645623207092,
            0.5055828094482422,
            0.0025709879118949175
         ],
         "6": [
            0.5193741917610168,
            0.37498968839645386,
            -0.026721572503447533
         ],
         "7": [
            0.48106324672698975,
            0.2986016571521759,
            -0.046325959265232086
         ],
         "8": [
            0.4433900713920593,
            0.2262427806854248,
            -0.059352725744247437
         ],
         "9": [
            0.5157286524772644,
            0.5224478840827942,
            -0.010977684520184994
         ],
         "10": [
            0.4884047210216522,
            0.3705669045448303,
            -0.04686553031206131
         ],
         "11": [
            0.4757000207901001,
            0.26830190420150757,
            -0.07245657593011856
         ],
         "12": [
            0.4595840275287628,
            0.18128681182861328,
            -0.08879784494638443
         ],
         "13": [
            0.4724870026111603,
            0.5759408473968506,
            -0.031526319682598114
         ],
         "14": [
            0.4390149712562561,
            0.48275089263916016,
            -0.0769273042678833
         ],
         "15": [
            0.4714091420173645,
            0.596566915512085,
            -0.0806272029876709
         ],
         "16": [
            0.4996127486228943,
            0.6759966611862183,
            -0.07322738319635391
         ],
         "17": [
            0.43415650725364685,
            0.6470422744750977,
            -0.05616668611764908
         ],
         "18": [
            0.4082881212234497,
            0.5822888016700745,
            -0.09419354796409607
         ],
         "19": [
            0.44337183237075806,
            0.6559643745422363,
            -0.09722540527582169
         ],
         "20": [
            0.47455811500549316,
            0.7081093788146973,
            -0.09054502099752426
         ]
      }
   ]
}