{
   "n": [
      {
         "0": [
            0.5965602993965149,
            0.8124279975891113,
            0
         ],
         "1": [
            0.6518505811691284,
            0.7033971548080444,
            -0.006198310758918524
         ],
         "2": [
            0.6581084728240967,
            0.582103967666626,
            -0.0038110511377453804
         ],
         "3": [
            0.6171693801879883,
            0.4809187054634094,
            -0.0053900680504739285
         ],
         "4": [
            0.5836596488952637,
            0.43092042207717896,
            -0.0028502591885626316
         ],
         "5": [
            0.6588677763938904,
            0.516893744468689,
            0.014088043011724949
         ],
         "6": [
            0.6555207967758179,
            0.41036152839660645,
            -0.004836073610931635
         ],
         "7": [
            0.6376240253448486,
            0.48195356130599976,
            -0.006123374216258526
         ],
         "8": [
            0.6237655878067017,
            0.5603510737419128,
            -0.0016151469899341464
         ],
         "9": [
            0.6120671033859253,
            0.5143105387687683,
            0.0053231604397296906
         ],
         "10": [
            0.6062738299369812,
            0.37652745842933655,
            -0.01629331335425377
         ],
         "11": [
            0.6024845242500305,
            0.45198941230773926,
            -0.019215833395719528
         ],
         "12": [
            0.6015828251838684,
            0.5377315878868103,
            -0.014323555864393711
         ],
         "13": [
            0.5705787539482117,
            0.5383268594741821,
            -0.008762205950915813
         ],
         "14": [
            0.564411997795105,
            0.479034423828125,
            -0.029524940997362137
         ],
         "15": [
            0.5778223872184753,
            0.5801830291748047,
            -0.027405310422182083
         ],
         "16": [
            0.5859653949737549,
            0.6564526557922363,
            -0.017941914498806
         ],
         "17": [
            0.5318401455879211,
            0.5777390599250793,
            -0.025820942595601082
         ],
         "18": [
            0.5396008491516113,
            0.5384371876716614,
            -0.03877423331141472
         ],
         "19": [
            0.5593729615211487,
            0.608366072177887,
            -0.03774653375148773
         ],
         "20": [
            0.5733408331871033,
            0.6684971451759338,
            -0.030210072174668312
         ]
      }
   ]
}