{
   "n": [
      {
         "0": [
            0.4926518201828003,
            0.7427141070365906,
            0
         ],
         "1": [
            0.5368694067001343,
            0.6464979648590088,
            -0.027923021465539932
         ],
         "2": [
            0.538832426071167,
            0.5259068012237549,
            -0.03270488977432251
         ],
         "3": [
            0.49018824100494385,
            0.440790593624115,
            -0.03558553010225296
         ],
         "4": [
            0.45377317070961,
            0.4101598262786865,
            -0.03328101336956024
         ],
         "5": [
            0.5419460535049438,
            0.45989635586738586,
            -0.002436542883515358
         ],
         "6": [
            0.5217939615249634,
            0.37253549695014954,
            -0.02404375746846199
         ],
         "7": [
            0.5060353875160217,
            0.4417816698551178,
            -0.028748808428645134
         ],
         "8": [
            0.4951895773410797,
            0.5200032591819763,
            -0.026463497430086136
         ],
         "9": [
            0.4965687394142151,
            0.46302530169487,
            0.001228473731316626
         ],
         "10": [
            0.47564083337783813,
            0.35109084844589233,
            -0.022372987121343613
         ],
         "11": [
            0.46857336163520813,
            0.40471184253692627,
            -0.029766632243990898
         ],
         "12": [
            0.4686744213104248,
            0.47451263666152954,
            -0.028960052877664566
         ],
         "13": [
            0.458202600479126,
            0.49216514825820923,
            -0.001701979199424386
         ],
         "14": [
            0.4410921037197113,
            0.45780518651008606,
            -0.025292035192251205
         ],
         "15": [
            0.4584876596927643,
            0.5468865633010864,
            -0.02767336741089821
         ],
         "16": [
            0.47381141781806946,
            0.6136840581893921,
            -0.020644599571824074
         ],
         "17": [
            0.4238695204257965,
            0.5352330803871155,
            -0.009006806649267673
         ],
         "18": [
            0.42039769887924194,
            0.514573335647583,
            -0.025637712329626083
         ],
         "19": [
            0.4396778345108032,
            0.5721010565757751,
            -0.02907527983188629
         ],
         "20": [
            0.4583805501461029,
            0.6153558492660522,
            -0.024351025000214577
         ]
      }
   ]
}