{
   "n": [
      {
         "0": [
            0.7016199231147766,
            0.7317858934402466,
            0
         ],
         "1": [
            0.7635829448699951,
            0.6297838687896729,
            0.0029879705980420113
         ],
         "2": [
            0.7736684679985046,
            0.5001909732818604,
            0.0004233178624417633
         ],
         "3": [
            0.7323325872421265,
            0.40573182702064514,
            -0.008742189034819603
         ],
         "4": [
            0.6842884421348572,
            0.34997808933258057,
            -0.013387797400355339
         ],
         "5": [
            0.7401648163795471,
            0.40517812967300415,
            0.01696702651679516
         ],
         "6": [
            0.7696502804756165,
            0.3326426148414612,
            -0.004181047435849905
         ],
         "7": [
            0.782123327255249,
            0.40654003620147705,
            -0.008340978063642979
         ],
         "8": [
            0.7808171510696411,
            0.4811711311340332,
            -0.006699178367853165
         ],
         "9": [
            0.6940792202949524,
            0.40675294399261475,
            0.00012108936061849818
         ],
         "10": [
            0.721127986907959,
            0.2978416085243225,
            -0.025044051930308342
         ],
         "11": [
            0.7452564835548401,
            0.3788498640060425,
            -0.027683602645993233
         ],
         "12": [
            0.7557123303413391,
            0.47140437364578247,
            -0.02251008339226246
         ],
         "13": [
            0.6521443724632263,
            0.43063637614250183,
            -0.02114807441830635
         ],
         "14": [
            0.6943707466125488,
            0.40769410133361816,
            -0.04204275459051132
         ],
         "15": [
            0.7211799621582031,
            0.51784747838974,
            -0.036024581640958786
         ],
         "16": [
            0.7291744947433472,
            0.59711092710495,
            -0.024389443919062614
         ],
         "17": [
            0.6175858974456787,
            0.46986788511276245,
            -0.04535803198814392
         ],
         "18": [
            0.6676797270774841,
            0.46608617901802063,
            -0.05676088482141495
         ],
         "19": [
            0.6975557804107666,
            0.5440431833267212,
            -0.053002167493104935
         ],
         "20": [
            0.709043025970459,
            0.5980531573295593,
            -0.044302210211753845
         ]
      }
   ]
}