{
   "q": [
      {
         "0": [
            0.6375048756599426,
            0.4037852883338928,
            0
         ],
         "1": [
            0.6985718011856079,
            0.4856257438659668,
            -0.07164472341537476
         ],
         "2": [
            0.7020053267478943,
            0.6131461262702942,
            -0.11034790426492691
         ],
         "3": [
            0.680671215057373,
            0.7273080945014954,
            -0.11880248039960861
         ],
         "4": [
            0.6606616973876953,
            0.8079728484153748,
            -0.12500250339508057
         ],
         "5": [
            0.6301211714744568,
            0.558821439743042,
            -0.20240887999534607
         ],
         "6": [
            0.6399839520454407,
            0.7368475794792175,
            -0.2269584685564041
         ],
         "7": [
            0.6555914282798767,
            0.8397557735443115,
            -0.21794022619724274
         ],
         "8": [
            0.6638582348823547,
            0.923395037651062,
            -0.20729373395442963
         ],
         "9": [
            0.5776738524436951,
            0.5587112307548523,
            -0.15731778740882874
         ],
         "10": [
            0.6076275706291199,
            0.7295157313346863,
            -0.15969757735729218
         ],
         "11": [
            0.6357002258300781,
            0.6948673725128174,
            -0.11329134553670883
         ],
         "12": [
            0.6370723247528076,
            0.6458353400230408,
            -0.0846710279583931
         ],
         "13": [
            0.5426161289215088,
            0.562833309173584,
            -0.10778021812438965
         ],
         "14": [
            0.5801554322242737,
            0.7091129422187805,
            -0.10615192353725433
         ],
         "15": [
            0.608107328414917,
            0.6762058138847351,
            -0.07252149283885956
         ],
         "16": [
            0.6085679531097412,
            0.6295253038406372,
            -0.05482950434088707
         ],
         "17": [
            0.5201167464256287,
            0.5789122581481934,
            -0.060434576123952866
         ],
         "18": [
            0.557360053062439,
            0.6804048418998718,
            -0.06713560968637466
         ],
         "19": [
            0.5813578963279724,
            0.6526264548301697,
            -0.05670829862356186
         ],
         "20": [
            0.5787062644958496,
            0.6123892068862915,
            -0.04834765940904617
         ]
      }
   ]
}