{
   "s": [
      {
         "0": [
            0.6030834913253784,
            0.72174471616745,
            0
         ],
         "1": [
            0.6492416858673096,
            0.6975115537643433,
            -0.050063107162714005
         ],
         "2": [
            0.6847469210624695,
            0.5827819108963013,
            -0.06438102573156357
         ],
         "3": [
            0.6554122567176819,
            0.4759572148323059,
            -0.07036611437797546
         ],
         "4": [
            0.6132827997207642,
            0.4448533356189728,
            -0.07069677859544754
         ],
         "5": [
            0.6897992491722107,
            0.5035319328308105,
            -0.03339745104312897
         ],
         "6": [
            0.6827422380447388,
            0.41995769739151,
            -0.06249621883034706
         ],
         "7": [
            0.6738449931144714,
            0.5038180351257324,
            -0.06950636953115463
         ],
         "8": [
            0.6759748458862305,
            0.5397962927818298,
            -0.06917571276426315
         ],
         "9": [
            0.6495171189308167,
            0.4967086613178253,
            -0.015979520976543427
         ],
         "10": [
            0.6414613127708435,
            0.42757993936538696,
            -0.04698789864778519
         ],
         "11": [
            0.634350061416626,
            0.5318443179130554,
            -0.04500389099121094
         ],
         "12": [
            0.636675238609314,
            0.5399071574211121,
            -0.03584439307451248
         ],
         "13": [
            0.6125580072402954,
            0.5006551742553711,
            -0.0067621567286551
         ],
         "14": [
            0.5979577302932739,
            0.44173961877822876,
            -0.03789453208446503
         ],
         "15": [
            0.6012071967124939,
            0.5469011068344116,
            -0.03022303804755211
         ],
         "16": [
            0.6085034608840942,
            0.5618266463279724,
            -0.016500324010849
         ],
         "17": [
            0.5751880407333374,
            0.5049234628677368,
            -0.0025998756755143404
         ],
         "18": [
            0.5675249695777893,
            0.47037193179130554,
            -0.02157607674598694
         ],
         "19": [
            0.5730333924293518,
            0.5407690405845642,
            -0.019492868334054947
         ],
         "20": [
            0.5800290107727051,
            0.5581103563308716,
            -0.010664037428796291
         ]
      }
   ]
}