{
   "s": [
      {
         "0": [
            0.6008931398391724,
            0.6280227899551392,
            0
         ],
         "1": [
            0.6530815958976746,
            0.5752449631690979,
            -0.02759317308664322
         ],
         "2": [
            0.6893105506896973,
            0.4644950032234192,
            -0.03792756795883179
         ],
         "3": [
            0.6645775437355042,
            0.3610389232635498,
            -0.04613941162824631
         ],
         "4": [
            0.6200540065765381,
            0.33984947204589844,
            -0.04829675704240799
         ],
         "5": [
            0.6768953800201416,
            0.3885554075241089,
            -0.01197850052267313
         ],
         "6": [
            0.6878983974456787,
            0.30613577365875244,
            -0.03460455685853958
         ],
         "7": [
            0.6801156997680664,
            0.39484190940856934,
            -0.03792756795883179
         ],
         "8": [
            0.6705477833747864,
            0.42289796471595764,
            -0.036848895251750946
         ],
         "9": [
            0.6336641907691956,
            0.38939568400382996,
            -0.010064723901450634
         ],
         "10": [
            0.64230877161026,
            0.3204619288444519,
            -0.03559623658657074
         ],
         "11": [
            0.6401388645172119,
            0.4236980676651001,
            -0.03288215771317482
         ],
         "12": [
            0.6335991024971008,
            0.4222247898578644,
            -0.02470511384308338
         ],
         "13": [
            0.5967003107070923,
            0.4035383462905884,
            -0.01451860275119543
         ],
         "14": [
            0.5976384878158569,
            0.34923142194747925,
            -0.040850427001714706
         ],
         "15": [
            0.6054145693778992,
            0.4487629532814026,
            -0.03236021846532822
         ],
         "16": [
            0.6010781526565552,
            0.45582088828086853,
            -0.019590111449360847
         ],
         "17": [
            0.5578785538673401,
            0.41736024618148804,
            -0.02239118330180645
         ],
         "18": [
            0.5644093751907349,
            0.375634104013443,
            -0.036152977496385574
         ],
         "19": [
            0.5732603073120117,
            0.44266512989997864,
            -0.031055372208356857
         ],
         "20": [
            0.5687928795814514,
            0.4599393308162689,
            -0.021712662652134895
         ]
      }
   ]
}