{
   "sch": [
      {
         "0": [
            0.5336790084838867,
            0.7671301364898682,
            0
         ],
         "1": [
            0.5850809812545776,
            0.691041111946106,
            -0.02810000628232956
         ],
         "2": [
            0.6189165115356445,
            0.5843961238861084,
            -0.039548978209495544
         ],
         "3": [
            0.6420136094093323,
            0.4934181571006775,
            -0.05046440660953522
         ],
         "4": [
            0.6752330660820007,
            0.43526721000671387,
            -0.061980076134204865
         ],
         "5": [
            0.5516824126243591,
            0.45137542486190796,
            -0.012760604731738567
         ],
         "6": [
            0.5692774057388306,
            0.32816219329833984,
            -0.03081219084560871
         ],
         "7": [
            0.5820807218551636,
            0.2508518099784851,
            -0.044795501977205276
         ],
         "8": [
            0.5904631018638611,
            0.18500149250030518,
            -0.05562200769782066
         ],
         "9": [
            0.5074819922447205,
            0.4498881697654724,
            -0.018107164651155472
         ],
         "10": [
            0.5015605092048645,
            0.31947189569473267,
            -0.03350214660167694
         ],
         "11": [
            0.4982662796974182,
            0.2367655634880066,
            -0.04833023250102997
         ],
         "12": [
            0.49247291684150696,
            0.16869428753852844,
            -0.06109083816409111
         ],
         "13": [
            0.47182029485702515,
            0.48333069682121277,
            -0.029367174953222275
         ],
         "14": [
            0.44132983684539795,
            0.37621891498565674,
            -0.05317659303545952
         ],
         "15": [
            0.4221838116645813,
            0.3098331689834595,
            -0.07207295298576355
         ],
         "16": [
            0.4064447283744812,
            0.2519221901893616,
            -0.08412216603755951
         ],
         "17": [
            0.4422028958797455,
            0.5440617203712463,
            -0.044417571276426315
         ],
         "18": [
            0.3990069627761841,
            0.4912014901638031,
            -0.06896061450242996
         ],
         "19": [
            0.36958205699920654,
            0.4633013904094696,
            -0.08309954404830933
         ],
         "20": [
            0.34454846382141113,
            0.4301843047142029,
            -0.09159179031848907
         ]
      }
   ]
}