{
   "u": [
      {
         "0": [
            0.6871710419654846,
            0.9098803997039795,
            0
         ],
         "1": [
            0.731136679649353,
            0.8289963006973267,
            -0.031873591244220734
         ],
         "2": [
            0.7395713329315186,
            0.7085764408111572,
            -0.04071728140115738
         ],
         "3": [
            0.6890429258346558,
            0.619369626045227,
            -0.04935349524021149
         ],
         "4": [
            0.6395273804664612,
            0.5680556297302246,
            -0.055292513221502304
         ],
         "5": [
            0.7416381239891052,
            0.5388962030410767,
            0.003734578611329198
         ],
         "6": [
            0.7437686920166016,
            0.40525874495506287,
            -0.011074063368141651
         ],
         "7": [
            0.7430354356765747,
            0.3180586099624634,
            -0.021668335422873497
         ],
         "8": [
            0.7406742572784424,
            0.24239322543144226,
            -0.02925419807434082
         ],
         "9": [
            0.6954982876777649,
            0.5368931889533997,
            0.003591938642784953
         ],
         "10": [
            0.6994513869285583,
            0.3842045068740845,
            -0.010250641033053398
         ],
         "11": [
            0.7022971510887146,
            0.2999557554721832,
            -0.022472307085990906
         ],
         "12": [
            0.7036827802658081,
            0.2271815836429596,
            -0.03065466694533825
         ],
         "13": [
            0.6570723056793213,
            0.5706728100776672,
            -0.004097662400454283
         ],
         "14": [
            0.6389765739440918,
            0.4994800090789795,
            -0.02542884834110737
         ],
         "15": [
            0.6558214426040649,
            0.5933154821395874,
            -0.02505279891192913
         ],
         "16": [
            0.6704351902008057,
            0.664223313331604,
            -0.017051981762051582
         ],
         "17": [
            0.6216016411781311,
            0.625076174736023,
            -0.01785595342516899
         ],
         "18": [
            0.6114659905433655,
            0.5737350583076477,
            -0.03789041191339493
         ],
         "19": [
            0.6295429468154907,
            0.6328153014183044,
            -0.03967989608645439
         ],
         "20": [
            0.6474048495292664,
            0.6809484958648682,
            -0.03361120447516441
         ]
      }
   ]
}