{
   "u": [
      {
         "0": [
            0.6456695199012756,
            0.8166117668151855,
            0
         ],
         "1": [
            0.694823682308197,
            0.7382343411445618,
            -0.019951028749346733
         ],
         "2": [
            0.7112473249435425,
            0.6243504881858826,
            -0.03291675075888634
         ],
         "3": [
            0.6743950247764587,
            0.5464536547660828,
            -0.049289338290691376
         ],
         "4": [
            0.6292098164558411,
            0.5112099647521973,
            -0.0639217346906662
         ],
         "5": [
            0.6681808233261108,
            0.4637903571128845,
            -0.0056433966383337975
         ],
         "6": [
            0.6632411479949951,
            0.33175644278526306,
            -0.02644614316523075
         ],
         "7": [
            0.6584442853927612,
            0.24656248092651367,
            -0.039362844079732895
         ],
         "8": [
            0.6524215340614319,
            0.17185920476913452,
            -0.04877462983131409
         ],
         "9": [
            0.6254472136497498,
            0.47941213846206665,
            -0.01764710247516632
         ],
         "10": [
            0.6173038482666016,
            0.31939697265625,
            -0.03855402022600174
         ],
         "11": [
            0.6204617619514465,
            0.2227783203125,
            -0.05127464234828949
         ],
         "12": [
            0.6212264895439148,
            0.1455855667591095,
            -0.059853095561265945
         ],
         "13": [
            0.5909110903739929,
            0.5270613431930542,
            -0.03517165780067444
         ],
         "14": [
            0.5870640873908997,
            0.4394308924674988,
            -0.05892171710729599
         ],
         "15": [
            0.6199814081192017,
            0.515032947063446,
            -0.05382366478443146
         ],
         "16": [
            0.6412258148193359,
            0.5783917307853699,
            -0.04514717310667038
         ],
         "17": [
            0.5619428157806396,
            0.5951994061470032,
            -0.05789230391383171
         ],
         "18": [
            0.5684370994567871,
            0.5360774397850037,
            -0.07666686177253723
         ],
         "19": [
            0.5998682975769043,
            0.5858782529830933,
            -0.0735786184668541
         ],
         "20": [
            0.6221356391906738,
            0.6355597376823425,
            -0.06647075712680817
         ]
      }
   ]
}