{
   "v": [
      {
         "0": [
            0.5745466351509094,
            0.8833984136581421,
            0
         ],
         "1": [
            0.6356583833694458,
            0.8439203500747681,
            -0.0401504747569561
         ],
         "2": [
            0.6712030172348022,
            0.75550776720047,
            -0.05853165313601494
         ],
         "3": [
            0.6403223276138306,
            0.6481856107711792,
            -0.07576567679643631
         ],
         "4": [
            0.6083112955093384,
            0.5702755451202393,
            -0.0904386043548584
         ],
         "5": [
            0.6970258951187134,
            0.5632544755935669,
            -0.021475834771990776
         ],
         "6": [
            0.7509289383888245,
            0.44335609674453735,
            -0.045406047254800797
         ],
         "7": [
            0.7839722633361816,
            0.3581325113773346,
            -0.06109274551272392
         ],
         "8": [
            0.8108078837394714,
            0.2849670946598053,
            -0.07299116253852844
         ],
         "9": [
            0.6450187563896179,
            0.5348722338676453,
            -0.023183230310678482
         ],
         "10": [
            0.676468551158905,
            0.3694247603416443,
            -0.04898090288043022
         ],
         "11": [
            0.6979730129241943,
            0.27322039008140564,
            -0.06626829504966736
         ],
         "12": [
            0.717788577079773,
            0.19615903496742249,
            -0.07779321074485779
         ],
         "13": [
            0.5949603915214539,
            0.5532135963439941,
            -0.03174688667058945
         ],
         "14": [
            0.598382294178009,
            0.47343289852142334,
            -0.06199980154633522
         ],
         "15": [
            0.601943850517273,
            0.582226574420929,
            -0.06119946017861366
         ],
         "16": [
            0.6052371859550476,
            0.6613193154335022,
            -0.053222719579935074
         ],
         "17": [
            0.5467495918273926,
            0.6006929278373718,
            -0.04722015932202339
         ],
         "18": [
            0.5533208250999451,
            0.5473542809486389,
            -0.07395157217979431
         ],
         "19": [
            0.5637903809547424,
            0.6244461536407471,
            -0.07619252800941467
         ],
         "20": [
            0.5733544230461121,
            0.6886032819747925,
            -0.07075020670890808
         ]
      }
   ]
}