{
   "y": [
      {
         "0": [
            0.5868985652923584,
            0.7902697920799255,
            0
         ],
         "1": [
            0.6351137161254883,
            0.7059991955757141,
            -0.023739146068692207
         ],
         "2": [
            0.6781809329986572,
            0.5957252383232117,
            -0.03912211209535599
         ],
         "3": [
            0.697929322719574,
            0.4835728108882904,
            -0.05625227838754654
         ],
         "4": [
            0.722498893737793,
            0.41312000155448914,
            -0.06688741594552994
         ],
         "5": [
            0.6172758936882019,
            0.5024524927139282,
            0.0016985359834507108
         ],
         "6": [
            0.5711981654167175,
            0.4720977544784546,
            -0.027119601145386696
         ],
         "7": [
            0.5875250101089478,
            0.5506001710891724,
            -0.038248512893915176
         ],
         "8": [
            0.6075443029403687,
            0.5867372751235962,
            -0.041135191917419434
         ],
         "9": [
            0.5710018873214722,
            0.5157876014709473,
            -0.0002108332992065698
         ],
         "10": [
            0.5391664505004883,
            0.49524563550949097,
            -0.03803960606455803
         ],
         "11": [
            0.5726283192634583,
            0.6021519303321838,
            -0.04538924619555473
         ],
         "12": [
            0.589752197265625,
            0.6003687977790833,
            -0.040071677416563034
         ],
         "13": [
            0.5343154072761536,
            0.5408603549003601,
            -0.008379918523132801
         ],
         "14": [
            0.49813562631607056,
            0.5169748067855835,
            -0.04159098491072655
         ],
         "15": [
            0.5317680239677429,
            0.6097332239151001,
            -0.03276002034544945
         ],
         "16": [
            0.5559762716293335,
            0.6357763409614563,
            -0.016911767423152924
         ],
         "17": [
            0.5057637691497803,
            0.5757607221603394,
            -0.020035838708281517
         ],
         "18": [
            0.4789983630180359,
            0.5113020539283752,
            -0.03479209169745445
         ],
         "19": [
            0.4534599483013153,
            0.4854986369609833,
            -0.030955849215388298
         ],
         "20": [
            0.4229925572872162,
            0.42735403776168823,
            -0.02172606810927391
         ]
      }
   ]
}