{
   "b_closed": [
      {
         "0": [
            0.7013997435569763,
            0.8354278802871704,
            2.721912721881381e-7
         ],
         "1": [
            0.6599874496459961,
            0.783673107624054,
            -0.01612003706395626
         ],
         "2": [
            0.6431888341903687,
            0.6956548690795898,
            -0.02246176451444626
         ],
         "3": [
            0.6628467440605164,
            0.6157013773918152,
            -0.028378352522850037
         ],
         "4": [
            0.6915696263313293,
            0.572309136390686,
            -0.03372807800769806
         ],
         "5": [
            0.6567052006721497,
            0.5927691459655762,
            -0.0018921114969998598
         ],
         "6": [
            0.6539901494979858,
            0.4947919249534607,
            -0.011080311611294746
         ],
         "7": [
            0.6560262441635132,
            0.43729567527770996,
            -0.021080048754811287
         ],
         "8": [
            0.6602447032928467,
            0.3871791958808899,
            -0.02956521138548851
         ],
         "9": [
            0.6861522197723389,
            0.5839686393737793,
            -0.004289081320166588
         ],
         "10": [
            0.6853266954421997,
            0.47626441717147827,
            -0.010132594965398312
         ],
         "11": [
            0.6874063014984131,
            0.4140869677066803,
            -0.019556617364287376
         ],
         "12": [
            0.6902065277099609,
            0.36141327023506165,
            -0.027652064338326454
         ],
         "13": [
            0.7141242623329163,
            0.5949685573577881,
            -0.00985802337527275
         ],
         "14": [
            0.7154619693756104,
            0.49434319138526917,
            -0.016447750851511955
         ],
         "15": [
            0.7157418131828308,
            0.434358149766922,
            -0.023595483973622322
         ],
         "16": [
            0.7155876159667969,
            0.38187575340270996,
            -0.030149783939123154
         ],
         "17": [
            0.7428334951400757,
            0.6228837370872498,
            -0.017749754711985588
         ],
         "18": [
            0.7448825836181641,
            0.5477110147476196,
            -0.023914340883493423
         ],
         "19": [
            0.7449907064437866,
            0.49934011697769165,
            -0.026447489857673645
         ],
         "20": [
            0.7446789741516113,
            0.4551170766353607,
            -0.029210923239588737
         ]
      }
   ]
}