{
   "a": [
      {
         "0": [
            0.47111499309539795,
            0.8103469610214233,
            0
         ],
         "1": [
            0.39498233795166016,
            0.8245491981506348,
            -0.08131300657987595
         ],
         "2": [
            0.32654857635498047,
            0.7449313998222351,
            -0.1038222536444664
         ],
         "3": [
            0.2911617159843445,
            0.6646900177001953,
            -0.09682973474264145
         ],
         "4": [
            0.3081715404987335,
            0.6362192034721375,
            -0.08084683865308762
         ],
         "5": [
            0.41066616773605347,
            0.5533439517021179,
            -0.1132122129201889
         ],
         "6": [
            0.3157047629356384,
            0.5267743468284607,
            -0.10941626876592636
         ],
         "7": [
            0.32163915038108826,
            0.6076843738555908,
            -0.09043657779693604
         ],
         "8": [
            0.35664889216423035,
            0.6510770916938782,
            -0.07611855864524841
         ],
         "9": [
            0.4382270276546478,
            0.5281912088394165,
            -0.057405248284339905
         ],
         "10": [
            0.3347194790840149,
            0.5180989503860474,
            -0.04758242145180702
         ],
         "11": [
            0.34228986501693726,
            0.6094502210617065,
            -0.02502322755753994
         ],
         "12": [
            0.3743443489074707,
            0.6413334608078003,
            -0.012711399234831333
         ],
         "13": [
            0.4510590732097626,
            0.5206080675125122,
            -0.0020363631192594767
         ],
         "14": [
            0.3553245961666107,
            0.5345984697341919,
            0.004416108597069979
         ],
         "15": [
            0.3599158525466919,
            0.613287091255188,
            0.007113222498446703
         ],
         "16": [
            0.38568115234375,
            0.629260778427124,
            0.0072630625218153
         ],
         "17": [
            0.453488826751709,
            0.5228204727172852,
            0.05084559693932533
         ],
         "18": [
            0.3810275197029114,
            0.5263892412185669,
            0.050579220056533813
         ],
         "19": [
            0.38453108072280884,
            0.5965667963027954,
            0.04568445682525635
         ],
         "20": [
            0.40510842204093933,
            0.6184984445571899,
            0.04358670115470886
         ]
      }
   ]
}