{
   "c": [
      {
         "0": [
            0.6462447643280029,
            0.5174683332443237,
            0
         ],
         "1": [
            0.596967339515686,
            0.4770081639289856,
            0.023692814633250237
         ],
         "2": [
            0.5803841352462769,
            0.44902870059013367,
            0.04912485554814339
         ],
         "3": [
            0.5782573819160461,
            0.41435253620147705,
            0.06963455677032471
         ],
         "4": [
            0.586003839969635,
            0.3957267105579376,
            0.09030834585428238
         ],
         "5": [
            0.6066173315048218,
            0.4245193302631378,
            0.07541009038686752
         ],
         "6": [
            0.6065000295639038,
            0.3859984576702118,
            0.10323766618967056
         ],
         "7": [
            0.6052782535552979,
            0.3653026223182678,
            0.11662641167640686
         ],
         "8": [
            0.6059873104095459,
            0.35433441400527954,
            0.1254209727048874
         ],
         "9": [
            0.6296278834342957,
            0.4138029217720032,
            0.07317864149808884
         ],
         "10": [
            0.6252399682998657,
            0.3816395699977875,
            0.10514096915721893
         ],
         "11": [
            0.6229570508003235,
            0.3603788912296295,
            0.11314795911312103
         ],
         "12": [
            0.6227251887321472,
            0.3522215485572815,
            0.11780776083469391
         ],
         "13": [
            0.650312602519989,
            0.41413766145706177,
            0.0694376602768898
         ],
         "14": [
            0.6459218859672546,
            0.3815889358520508,
            0.09667455404996872
         ],
         "15": [
            0.6425435543060303,
            0.37418505549430847,
            0.1015968844294548
         ],
         "16": [
            0.6426424384117126,
            0.38071295619010925,
            0.10297513753175735
         ],
         "17": [
            0.6711998581886292,
            0.4195014238357544,
            0.06625455617904663
         ],
         "18": [
            0.6673527956008911,
            0.38988766074180603,
            0.08630485087633133
         ],
         "19": [
            0.6650088429450989,
            0.38286784291267395,
            0.09280232340097427
         ],
         "20": [
            0.6655617952346802,
            0.3887956440448761,
            0.09726523607969284
         ]
      }
   ]
}