{
   "e": [
      {
         "0": [
            0.5393953919410706,
            0.695417582988739,
            0
         ],
         "1": [
            0.5856024026870728,
            0.6998790502548218,
            -0.0117876585572958
         ],
         "2": [
            0.6203378438949585,
            0.6833794713020325,
            -0.033539772033691406
         ],
         "3": [
            0.6422558426856995,
            0.6772372126579285,
            -0.05433515086770058
         ],
         "4": [
            0.662015974521637,
            0.6860761642456055,
            -0.07617752254009247
         ],
         "5": [
            0.6057333946228027,
            0.6426301598548889,
            -0.07112308591604233
         ],
         "6": [
            0.631862223148346,
            0.6410690546035767,
            -0.110764279961586
         ],
         "7": [
            0.6487159132957458,
            0.6737143397331238,
            -0.1318484991788864
         ],
         "8": [
            0.6590167284011841,
            0.708396852016449,
            -0.1442679464817047
         ],
         "9": [
            0.5792309045791626,
            0.646949291229248,
            -0.08318152278661728
         ],
         "10": [
            0.6087182760238647,
            0.6796165704727173,
            -0.12643301486968994
         ],
         "11": [
            0.6212061643600464,
            0.7330943942070007,
            -0.138924703001976
         ],
         "12": [
            0.6260824203491211,
            0.7720666527748108,
            -0.1461453139781952
         ],
         "13": [
            0.5518814325332642,
            0.6635143756866455,
            -0.0942290723323822
         ],
         "14": [
            0.5735577344894409,
            0.6951358914375305,
            -0.13581982254981995
         ],
         "15": [
            0.5845191478729248,
            0.7366523742675781,
            -0.14159631729125977
         ],
         "16": [
            0.5896377563476562,
            0.7670153379440308,
            -0.14188514649868011
         ],
         "17": [
            0.5260783433914185,
            0.689445436000824,
            -0.104843370616436
         ],
         "18": [
            0.5326914191246033,
            0.7004464268684387,
            -0.13971896469593048
         ],
         "19": [
            0.5371991991996765,
            0.7185280323028564,
            -0.14643414318561554
         ],
         "20": [
            0.5391564965248108,
            0.7307280898094177,
            -0.1478060483932495
         ]
      }
   ]
}